2023	25257	659.74	0	981.13
2030	25257	692.16	-0.02	137.35
2034	25001	1387.17	-0.07	1765.02
2015	25001	183.8	-35.99	913.08
2016	25001	225.84	-35.98	911.37
2040	25001	509.22	-64.83	755.24
2031	25000	1009.54	0	1902.64
2032	25000	937.55	0	1902.71
2003	25000	332.73	0	1406.7
2004	25000	332.17	0	1085.23
2013	25000	980.8	-32.43	989.13
2014	25000	980.35	-32.52	989.19
2009	25000	329.21	0	450.6
2028	25000	1670.68	11	580.81
2029	25000	1670.79	11	260.54
2008	25000	1658.55	0	1078.19
2005	25000	1584.08	0	1407.29
2042	24999	1405.36	0.71	1192.83
2045	24999	1500.02	0	966.17
2044	24999	772.73	-2.12	1045.69
2043	24999	793.91	-3.45	1033.92
2036	24999	334.4	-1.28	1849.16
2022	25255	1491.36	40	1520.07
1933	25258	812.68	75.08	392.9
1933	25258	1610.9	60.94	503.83
1933	25002	1725.88	20.07	1273.01
1933	24746	696.1	56.98	1510.15
1933	24745	1897.92	39.46	721.31
1933	24745	995.83	21.69	680.79
1933	24744	1842.3	-29.38	600.94
1933	24744	1260.99	0.03	22.69
1933	24744	1089.65	-28.38	600.09
1933	24744	553.74	-30.53	471.07
1933	24743	1754.67	-30.53	674.61
1933	24488	1130.58	28.91	1566.93
1933	24487	1039.77	-16.42	1034.5
1933	24487	1339.04	-40.29	1661.79
1935	23717	1291.96	464.97	1912.53
1935	23976	6.19	163.39	1896.42
1935	24232	1677.53	83.69	1391.26
1934	24233	1805.95	76.52	1549.89
1935	24490	1555.02	16.01	125.68
1935	24490	33.37	0.41	1855.28
1935	24490	1919.72	60.52	1858.33
1933	25254	372.92	100.92	1698.35
1933	24998	738.37	161.54	1579.62
1933	24230	30.12	435.19	1520.71
1933	24485	861.25	362.92	677.08
1933	24485	927.08	193.35	1500.33
1933	24746	1813.52	38.58	1883.61
1933	24746	1881.96	155.53	247.34
1933	25254	285.53	110.72	477.62
1933	25254	759.07	30.29	1233.44
1933	24998	516.73	146.9	546.85
1933	24998	1262.01	42.57	199.82
1933	24742	0.13	189.94	1441.03
1933	24741	1295.2	182.55	731.12
1933	24742	937.89	119.82	1190.4
1934	24485	1689.47	158.54	1672.68
1933	24742	1694.5	114.94	943.28
1933	24742	868.4	151.27	166.02
1933	24485	1322.64	382.36	80.81
1933	24486	638.44	175.53	1453.45
1933	24486	350.56	356.51	570.7
1934	24230	699.14	339.95	1845.06
1933	24486	967.54	287.13	612.91
1933	24743	621.59	46.25	457.74
1933	24487	45.45	43.06	1415.36
1934	24230	1276.57	120.18	1591.32
1933	24488	252.75	-49.45	1539.01
1933	24487	1770.22	-36.56	875.67
1933	24487	411.14	11.27	342.95
1933	24230	789.19	312.42	423.65
1933	24231	123.49	102.59	891.66
1933	24231	890.01	54.89	1504.34
1933	24232	122.34	129.7	932.38
1934	24232	486.33	113.68	1903.17
1934	24232	1143.36	56.38	964.88
1934	24489	1202.4	140.89	1173.17
1933	24490	283.21	66.19	892.81
1933	24746	1014.54	106.37	331.48
1933	24746	1627.7	80.5	990.88
1934	23973	1504.55	490.63	615.16
1935	23974	335.45	541.61	1099.25
1935	23974	1248.96	451.99	1206.67
1935	23974	1246.35	287.91	251.99
1935	23718	1026.02	190.34	416.05
1935	23719	292.14	191.11	392.05
1935	23719	1620.58	182.01	386.53
1935	23720	915.54	163.75	566.03
1935	23721	240.46	70.46	696.94
1935	23721	1374.87	28.79	1710.05
1934	23977	218.66	94.28	111.46
1935	23719	554.12	78.88	1821.32
1935	23975	257.1	338.95	1012.42
1935	23975	1278.47	218.64	758.69
1934	23720	994.1	55.58	1750.38
1934	23976	327.24	207.44	1036.73
1935	23976	1175.95	124.91	786.44
1935	23977	252.41	48.6	1742.35
1934	23974	748.33	405.37	600.75
1942	24229	893.84	231.81	246.69
1935	24231	1158.43	75.97	724.31
1934	23977	757.63	41.58	794.7
1935	23977	1525.42	27.62	1633.93
1939	24233	979.54	8.35	1014.29
1934	24234	910.27	21.09	1276.74
1935	24234	343.1	20.42	424.24
1934	23720	1739.27	39.21	1138.35
1934	23719	974.3	128.93	788.36
1934	23719	1235.2	42.24	1808.41
1934	24742	643.64	49.79	1828.97
1934	24486	1288.76	131.84	1166.97
1934	24231	140.84	-30.59	1624.73
1934	24488	1671.07	-52.17	521.06
1935	24490	1105.27	44.24	1027.82
1934	24490	620.29	54.79	1598.02
1934	24491	108.6	23.15	1125.6
1934	24746	733.95	83.56	867.89
1934	24231	599.65	171.01	250.59
1935	23718	525.35	210.8	954.3
1934	23975	48.56	178.27	273.88
1934	23720	184.68	140.57	747.12
1936	25002	1360.95	25.1	396.15
1937	25258	327	39.4	1865.36
1936	25002	651.82	9.83	319.39
1937	25003	1255.9	50.55	62.67
1936	25003	565.12	3.33	1919.28
1936	25003	1619.94	113.3	1894.58
1937	25260	438.4	208.63	844.77
1936	25260	1695.58	247.97	923.35
1936	25516	706.99	57.03	51.54
1937	25516	496.74	50.86	537.46
1937	25516	1447.37	102.45	499.6
1937	25517	762.42	101.1	555.56
1936	25261	282.18	146.22	1800.1
1937	25261	1161.04	254.46	1194.25
1936	25261	796.85	250.91	292.42
1936	25005	1469.18	405.63	1484.99
1937	25005	376.79	263.2	1435.28
1937	25004	997.68	236.64	894.85
1936	25004	116.96	28.5	694.55
1937	24748	898.81	249.56	1843.83
1937	24747	1759.94	59.82	1181.15
1937	24749	1064.56	305.13	1863.06
1937	24748	1896.18	264.83	1770.42
1937	24749	719.54	251.56	1006.98
1937	24749	1526.71	331.04	251.79
1937	24749	300.9	273.13	243.49
1937	24748	530.63	240.5	370.86
1937	24747	777.43	99.06	914.93
1937	24491	1590.35	137.56	1748.57
1937	24491	1072.88	66.42	1078.86
1937	24492	1187.61	209.17	1120.71
1937	24493	583.07	286.82	1345.42
1936	25261	496.34	292.29	1006.82
1936	25517	200.83	60.07	865.35
1936	25260	964.73	149.59	1235.12
1936	25004	1612.68	243.27	1771.11
1936	25260	237.4	84.08	22.24
1936	25004	1731.03	155.26	792.55
1936	25005	1001.53	330.71	776.02
1936	24749	1565.56	316.03	1289.66
1936	25005	452.46	292.04	408.45
1936	24748	1569.71	215.94	872.36
1936	24748	740.16	232.62	970.02
1936	24492	1700.15	198.63	1610.56
1936	24492	527.25	183.4	1516.3
1936	24491	1834.84	136.05	943.58
1936	24747	702.36	52.71	148.08
1936	25003	509.53	23.55	658.46
1933	25002	1177.43	-3.83	1699.79
1935	25258	555.63	24.62	972.84
1935	24747	769.16	124.68	1740.82
1935	24747	1783.47	253.82	530.37
1935	25004	1315.11	153.25	222.56
1935	24748	1244.36	173.41	1431.69
1935	24749	868.29	348	212.58
1935	24493	1392.84	348.67	1518.7
1935	25261	101.41	278.56	200.11
1935	24747	1786.24	44.28	1896.55
1936	23975	1919.93	209.67	570.06
1936	23720	1157.09	31.78	1122.39
1936	23719	384.38	99.42	1108.43
1936	23974	1583.66	456.05	790.35
1936	23974	1474.46	473.04	1698.92
1936	24231	1561.1	190.82	255.01
1936	23976	1321.83	64.54	1525.73
1934	23977	34.84	74.92	691.4
1934	23977	1392.17	7.98	431.76
1934	23721	1207.81	115.74	518.83
1936	23976	1397.78	127.49	214.77
1936	23717	1677.82	267.19	1038.85
1936	23718	482.97	239.22	283.66
1936	23718	924.02	118.98	1436.39
1936	23718	1790.86	32.1	1496.18
1951	23722	812.71	57.75	735.83
1951	23722	1046.53	88.96	1801.35
1951	23722	1673.46	163.6	401.62
1950	23722	1695.47	127.41	1456.87
1951	23723	1436.52	287.42	311.31
1950	23723	1308.61	271.8	1165.02
1951	23724	377.15	383.91	533.43
1951	23724	1216.66	507.14	414.05
1951	23724	257.41	310.35	1201.35
1951	23725	422.32	821.47	519.42
1950	23724	1809.04	642.78	985.58
1951	23725	1344.14	750.32	1399.99
1951	23725	895.88	688.89	1682.98
1951	23980	1073.82	298.57	129.87
1951	23724	1362.44	367.46	1444.38
1951	23724	259.33	265.02	1860.53
1950	23723	540.55	196.58	1688.3
1951	23978	1428.74	82.94	568.25
1951	23979	160.38	107.22	1146.15
1951	23979	1025.57	199.15	990.6
1951	23979	327.29	218.12	1587.58
1951	23979	1766.1	213.33	609.18
1951	24235	754.68	76.08	131.16
1951	23980	241.66	210.63	1128.94
1950	24235	1425.43	142.86	410.24
1951	24235	1443.52	81.19	1112.33
1951	23980	701.14	196.25	1848.06
1951	23980	0.13	157.64	1852.68
1951	23980	1663.22	500.83	1029.49
1951	23981	1415.71	606.66	526.05
1951	23981	1020.68	500.54	1080.72
1951	23980	1868.85	368.29	1657.37
1951	24236	764.64	148.83	1068.48
1951	24236	1704.21	244.46	648.14
1951	23981	1731.58	445.81	1394.35
1951	24237	1530.88	354.29	312.83
1951	24237	991.11	309.73	869.69
1951	24237	555.25	330.34	1574.92
1951	24237	1414.78	365.72	1859.32
1937	24493	70.6	232.15	915.21
1950	23722	556.49	42.36	1277.99
1950	23724	825.42	361.14	1508.33
1950	23980	1819.47	364.48	224.03
1950	23981	359.42	309.95	1522.12
1950	23981	1219.32	530.51	1625.27
1950	24236	1584.75	229.16	1230.68
1951	24237	1518.65	303.27	1103.26
1937	24492	595.01	253.71	843.91
1950	24493	1592.96	310.47	703.96
1950	24236	882.45	216.17	1593.95
1936	24490	1698.75	-13.9	632.77
1939	25510	107.08	172.87	850.45
1938	25509	1595.3	148.21	1592.12
1939	25510	887.36	58.07	879.96
1939	25510	1544.08	53.04	1363.94
1939	25510	548.05	66.32	1766.45
1939	25766	12.21	47.61	126.42
1939	25765	1324.4	46.03	1258.19
1938	25766	266.28	113.46	1527.96
1939	25766	1110.61	46.12	1136.17
1939	25766	1657.55	52.61	20.03
1938	25766	1691.09	42.07	1496.5
1939	25511	962.71	56.61	1857.3
1938	25511	634.98	38.35	1214.27
1939	25511	1887.79	24.79	1428.09
1939	25767	992.52	43.43	1261.88
1939	25768	209.13	57.77	1584.31
1939	25768	882.01	113.33	322.37
1939	25512	1255.84	29.88	1375.16
1939	25513	360.17	42.36	982.03
1939	25513	90.33	82.08	1707.98
1939	25768	1867.87	43.36	800.18
1939	25768	1248.41	129.13	1528.47
1939	25769	1000.65	64.12	1583.72
1939	25769	792.49	70.61	300.21
1939	25769	1831.31	77.77	1487.2
1939	25514	642.37	36.83	958.29
1938	25765	1849.9	139.06	538.23
1938	25510	511.21	86.69	1156.4
1938	25510	766.81	31.86	198.9
1938	25767	86.53	40.97	608.06
1938	25767	1136.67	77.16	728.32
1938	25511	1288.08	19.87	1327.89
1938	25768	255.13	63.61	197.45
1938	25768	706.13	43.14	789.07
1938	25767	1508.38	76.73	1710.67
1938	25512	653.77	38.12	1455.53
1938	25768	1501.49	90.11	416.59
1938	25769	271.33	53.13	1714.31
1938	25769	668.37	105.31	1120.52
1939	25770	20.97	88.72	875.41
1938	25769	1682.63	82.61	114.39
1939	25513	883.76	40.93	1434.8
1939	25513	1156.07	143.39	800.5
1938	25514	440.23	30.24	1374.02
1938	25513	1862.32	26.16	785.09
1937	25510	1359.13	61.46	481.73
1939	25766	1271.26	106.86	373.69
1939	25511	424.07	68.29	1757.68
1939	25766	580.64	44.3	1125.23
1939	25768	140.59	57.64	703.38
1939	25769	275.56	90.45	388.2
1937	25512	1831.15	21.84	1183.32
1937	25514	186.9	57.81	1684.52
1937	25514	490.32	12.33	912.28
1937	25258	964.53	-0.4	1786.46
1941	24236	703.54	194.59	437.94
1941	23979	1576.99	232.51	128.56
1941	23724	40.71	359.84	347.44
1941	23723	295.69	207.95	390.97
1941	23978	1725.36	146.15	173.15
1937	25260	540.8	453.12	1526.94
1970	26284	963.19	107.26	1480.83
1950	25772	894.03	85.22	986.52
1950	25773	735.39	353.58	1394.13
1950	26027	1361.06	303.6	348.74
1950	26028	972.65	99.12	516.31
1950	25772	40.24	245.05	1012.28
1950	25771	772.88	455.89	1131.48
1950	26029	1339.87	352.43	841.23
1950	25773	1303.93	350.58	220.4
1942	25253	809.3	106.53	1392.06
1942	25509	291.28	160.5	136.02
1942	25508	1599.55	164.49	699.84
1943	25508	696.26	253.2	748.03
1942	25251	1879.46	481.19	1833.87
1943	25251	1614.69	588.24	955.7
1943	25253	431.13	217.48	579.31
1942	24996	1048.94	585.56	1635.57
1942	25252	250.05	740.28	176.58
1943	25251	612.23	821.56	407.82
1943	24995	1364.69	705.66	1253.34
1942	24995	546.43	876.2	1390.06
1943	24996	445.17	635.43	632.01
1943	24997	179.6	228.73	1002.54
1942	24997	740.11	167.43	1295.93
1943	24740	233.37	742.07	1759.19
1943	24994	1463.75	703.87	462.22
1943	24739	534.83	836.66	1103.17
1943	24740	596.28	550.26	384.05
1942	24484	1101.24	262.77	1011.08
1943	24483	1668.13	666.68	373.89
1943	24228	288.75	1156.56	1601.44
1943	24483	785.02	836.33	64.15
1943	24227	151.01	949.68	1419.87
1943	24226	1878	1030.35	101.82
1943	24226	485.52	885.14	997.13
1943	23971	1393.89	906.83	789.39
1943	23972	854.73	512.86	985.61
1943	23973	11.12	340.27	1470.59
1949	23971	93.55	1210.75	4.31
1943	23970	675.28	1045.93	1349.79
1943	24482	497.43	971.57	251.34
1942	24997	76.92	329.72	1759.95
1942	25252	1116.82	544.8	525.92
1942	25508	308.99	382.57	359.56
1942	25251	1114.69	687.63	965.16
1942	24995	1369.72	676.8	1915.2
1942	24996	266.67	652.95	1278.82
1942	24995	179.88	829.36	838.4
1942	24739	1431.29	729.34	1311.01
1942	24740	576.47	738.59	1067.15
1942	24996	1249.03	368.32	888.45
1942	24484	1287.05	370.51	1875.17
1942	24739	1845.78	686.89	639.44
1943	24484	0.5	794.91	1649.65
1942	24484	606.96	495.69	514.46
1942	24227	1482.5	965.85	1515.29
1943	23973	519.79	289.11	1672.28
1942	24229	233.12	326.7	637.98
1942	23972	1390.09	538.81	548.58
1942	23972	249.94	670.5	872.45
1943	23716	1350.56	588.11	1499.94
1935	23717	1251.44	306.29	1183.56
1947	25251	85.74	1014.98	38.67
1946	24995	1833.44	626.48	840.32
1946	24996	1580.2	423.66	1369.21
1946	24739	915.29	748.35	1680.98
1947	24224	1117.12	655.97	1211.33
1947	24225	78.53	576.33	1651.56
1947	24481	901.07	717.57	580.41
1947	24481	1445.73	778.64	1598.6
1946	24738	1433.17	696.57	1454.86
1946	24738	744.46	701.47	947.93
1947	24737	1867.94	718.86	867.2
1946	24738	1643.67	1056.66	624.85
1947	24482	524.3	891.04	1899.95
1947	24482	1168.8	1183.77	991.88
1946	24483	137.94	1270.39	1859.84
1946	24483	1269.39	1120.05	1580.79
1946	24483	711.35	1120.69	865.74
1946	24482	1841.01	1164.45	460.78
1947	23967	1864	971.42	1455.47
1947	23968	969.99	924.08	1760.3
1947	24225	38.93	916.35	405.12
1947	24225	1617.14	741.87	1862.69
1947	23969	591.7	922.66	1301.93
1947	23969	1719.05	1019.75	938.56
1947	23970	902.01	1074.99	506.98
1947	23714	885.63	1277.45	1617.08
1947	24226	1150.04	1067.18	340.8
1946	24227	173.28	1006.98	827.1
1947	24226	569.95	841.34	1499.58
1947	23971	867.37	987.55	1236.13
1948	23716	940.14	509.36	956.07
1947	23971	526.49	1087.9	651.11
1947	23969	1730.72	1087.96	1710.2
1947	23969	934.12	1156.03	1885.44
1947	24992	1573.97	247.14	493.17
1947	24736	751.26	452.74	1676.34
1947	24735	1919.25	650.58	458.7
1947	24479	1436.82	829.66	832.74
1946	24224	499.8	866.2	553.39
1946	24223	1421.27	880.84	1386.68
1946	24479	1103.81	846.45	481.68
1946	24736	533.17	552.27	819.05
1946	24737	1795.84	712.09	223.68
1946	24481	1393.12	806.54	973.72
1946	24482	707.75	1027.37	843
1946	24226	1340.56	1014.1	1919.65
1946	24738	742.98	689.15	1557.34
1946	24995	66.44	695.47	302.42
1946	24484	279.79	492.27	999.86
1946	24227	761.63	909.54	1340.05
1946	23971	329.44	1055.34	1646.52
1946	23970	1398.85	1038.45	1352.2
1946	23970	1640.01	1154.82	424.2
1946	23715	101.34	1244.24	1167.8
1946	23972	1057.09	536.1	362.35
1942	23717	222.45	381.43	1267.88
1945	23716	1165.05	549.29	133.8
1952	24221	1019.59	530.43	792.2
1953	24478	592.14	580.14	513.87
1947	23964	1569.46	553.29	832.82
1947	23708	1092.01	932.57	673.93
1947	23453	20.06	792.39	647.9
1947	23454	701.52	917.54	1249.79
1949	23710	940.67	1021.57	1169.32
1947	23197	1881.61	814.06	1514.38
1953	24736	1096.29	475.57	1315.37
1952	24480	0.61	696.44	1707.94
1952	24479	1249.86	878.14	30.49
1952	24224	527.11	861.48	908.71
1952	24223	1104.97	947.82	264.34
1952	23968	1752.65	944.99	1532.41
1947	23969	1255.85	965.11	1142.01
1953	24224	90.76	885.74	141.78
1952	23967	1021.63	1059.7	1390.34
1953	23967	1245.07	1106.14	1588.8
1952	24222	874.81	695.35	943.67
1953	24222	507.01	563.61	1450.09
1953	24221	52.9	355.31	748.09
1953	23965	552.72	648.47	1166.72
1953	23964	1188.85	316.41	1833
1953	23709	591.33	657.77	1556.24
1953	23710	2.73	854.5	1492.41
1953	23966	1088.91	788.39	646.91
1953	23965	1806.49	674.91	693.76
1953	23966	1221.92	919.54	1562.18
1953	23453	129.52	759.35	1453.5
1953	23452	774.61	1078.89	1310.03
1953	23453	1697.06	882.03	1662.8
1953	23454	1405.92	1148.53	1888.51
1953	23454	527.54	989.15	245.65
1953	23453	1002.2	704.3	173.85
1953	23452	705.54	1065.47	399.84
1944	23196	1559.7	945.92	781.64
1953	23197	1089.36	758.5	945.64
1944	23454	1271.73	1119.75	524.66
1944	23199	833.16	1241.93	523.12
1949	23200	210.53	1411.31	889.15
1953	23200	1380.25	1447.56	974.45
1949	23201	323.97	1364.92	868.19
1948	23202	818.81	1247.24	1071.07
1948	23203	1082.46	935.15	1665.73
1953	24734	1213.48	211.2	330.76
1953	24478	838.79	516.68	1076.49
1952	24477	1247.11	468.77	183.32
1953	24221	1657.81	534.39	1480.54
1952	23965	1268.31	768.44	1768.73
1952	24221	39.27	329.19	1246.18
1952	23964	862.27	409.63	1049.04
1952	23965	723.96	631.49	439.97
1952	23966	551.31	783.59	1136.42
1952	23967	127.11	856.03	1134.32
1952	23710	1038.44	1111.65	1871.66
1952	23710	368.05	888.26	403.51
1952	23709	1470.03	806.61	1237.85
1952	23709	88.19	747.88	692.73
1952	24222	751.45	890.28	291.93
1952	23968	677.92	936.41	1217.5
1952	24225	772.08	713.37	1535.63
1952	24225	1875.17	789.48	1376.76
1949	24221	1814.73	755.98	686.5
1949	23965	1721.15	765.3	1297.87
1953	23965	934.65	634.17	972.41
1949	23708	803.55	775.59	1532.78
1949	23708	1549.12	859.48	30.26
1949	23453	1903.79	867.29	670.85
1949	23453	978.99	669.3	880.35
1949	23196	1592.44	931.57	1401.47
1949	23452	1373.5	903.96	956.68
1944	23197	461.1	737.72	1504.91
1949	23197	545.88	899.65	654.85
1949	23198	419.92	901.01	576.38
1949	23198	904.55	1015.12	1498.75
1949	23199	43.19	1108.59	519.98
1948	23201	988.51	1336.99	1003.84
1945	23201	1664.44	1284.56	733.74
1949	23458	682.05	1280.14	628.5
1949	23459	405.66	1061.17	268.23
1948	23204	496.98	652.95	1531.68
1948	23460	1132.31	600.48	1345.32
1949	24222	1669.83	1017.38	297.58
1949	23966	513.33	825.54	129.67
1949	23708	1576.65	761.11	1207.83
1953	24221	475.88	493.11	139.39
1949	24220	1198.01	228.5	705.03
1949	23453	1031.92	676.86	1414.96
1949	23455	566.25	981.62	1658.31
1945	23711	1731.63	996.92	320.99
1949	23712	778.05	1414.3	711.4
1949	23713	186.76	1402.54	532.43
1949	23457	1062.89	1428.62	1645.75
1949	23714	548.6	1303.47	0.93
1949	23712	1434.03	1401.21	672.06
1949	23455	1303.78	1403.28	1442.72
1948	23709	289.48	732.6	121.87
1948	23964	1130.76	591.95	322.43
1948	24220	1817.39	378.31	33.25
1953	24221	1725.9	791.6	220.3
1948	24222	1593.14	688.53	1209.74
1949	24477	1801.04	604.09	630.02
1949	24221	698.57	422.76	1711.48
1948	24223	480.81	833.98	1005.04
1948	24224	1759.48	782.85	1013.99
1946	24481	1571.8	772.28	477.97
1948	24738	1009.52	971.12	376
1948	24739	138.43	697.04	1560.89
1949	23454	614.13	837.56	1821.54
1948	23453	247.79	788.9	52.85
1949	23196	724.69	1179.26	1663.85
1948	23198	573.25	980.68	1181
1944	23199	483.02	1192.14	907.47
1944	23199	1599.67	1344.28	851.56
1948	23203	431.31	1019.14	1444.95
1948	23458	1675.96	1199.69	1779.78
1948	23714	496.37	1280.42	1179.13
1945	23966	1472.05	856.62	1075.06
1945	23966	821.15	890.91	1759.12
1953	23964	1615.17	446.05	1386.53
1944	23709	906.11	684.06	940.16
1948	23452	1411.25	882.14	17.92
1944	23197	1114.37	958.68	1538.46
1945	23456	966.39	1404.64	1000.46
1949	23457	306.13	1402.78	1367.19
1949	23457	194.61	1406.57	1716.95
1945	23457	1662.38	1397.29	1718.12
1945	23458	710.2	1375.66	65.7
1949	23202	1717.99	1129.2	1054.84
1945	23458	1648.79	1116.1	548.76
1945	23458	1292.09	1259.51	1324.66
1945	23715	340.89	1309.41	531.82
1945	23459	535.22	1339.78	1489.63
1949	23203	991.54	765.27	885.9
1945	23204	908.14	749.27	1821.27
1948	23715	811.04	1346.27	109.38
1944	23202	123.72	1283.32	1155.94
1945	23203	1859.92	666.43	1337.7
1948	23460	903.32	609.04	441.41
1944	23197	1642.48	769.75	927.39
1945	23711	1096.23	1065.03	143.71
1949	23456	1612.92	1407.76	1053.2
1945	23712	264.22	1403.28	588.2
1948	23714	851.21	1267.45	891.69
1945	24228	1730.24	449.87	0.79
1944	24226	1553.99	1018.1	590.89
1952	24478	1157.82	356.08	1601.81
1949	24734	0.29	298	422.56
1949	24992	955.67	247.53	368.72
1955	24736	1540.61	397.47	1839.72
1955	24993	402.5	251.93	816.63
1955	24992	1627.81	198.89	1229.42
1955	24992	1544.81	126.79	1687.25
1955	24992	825.28	164.62	1313.02
1955	24734	1032.92	254.45	1090.24
1955	24734	566.17	182.56	436.45
1955	24733	1631.38	102.06	743.3
2056	25761	513.16	89.61	1281.35
1956	25244	374.47	74.26	1913.78
1956	25757	307.49	-6.46	132.14
1956	25758	1191.58	68.86	90.56
1956	26014	361.07	59.66	70.47
2097	26014	800.28	45.81	1398.97
1956	26015	929.85	58.34	929.51
1956	26017	529.81	74.62	998.7
1956	25244	1574.52	78.22	899.31
1955	25244	1866.49	60.4	1910.23
1956	25501	404.86	36.33	781.13
1956	25501	1464.72	52.17	1119.97
1956	25757	1002.77	-27.64	1034.19
1956	25245	1160.72	54.95	1919.81
1956	25502	677.19	47.76	780.2
1956	25503	559.75	91.91	1403.59
1956	25503	1476.65	96.91	1735.04
1956	25759	1655.24	58.44	576.67
1956	25760	892.25	107.15	1060.8
1956	25759	467.8	77.05	1837.11
1956	25761	1098.27	63.28	1919.88
1955	25244	652.37	73.71	1027.56
1955	25244	1052.8	59.45	1471.2
1955	25245	602.26	68.92	1321.37
1955	25501	962.11	40.2	430.06
1956	25501	727.73	10.78	1534.23
2097	26014	1840.56	84.69	1248.96
1955	26014	688.17	61.32	646.01
1955	25758	109.02	-15.51	1289.69
1956	25758	1479.5	4.23	1639.01
1955	25760	1716.43	98.22	1044.45
1955	25759	951.51	66.5	78.89
1955	25503	1486.04	92.18	955.31
1955	25503	700.74	88.35	565.66
1955	25502	1493.96	59.37	824.71
1955	25502	201.66	63.27	412.22
1955	25502	753.88	45.99	1440.37
1956	26017	397.78	84.16	27.56
1958	26013	115.08	-66.42	736.86
2097	26269	1170.7	-15.99	329.53
2097	26270	1237.9	-120.71	807.26
1960	26528	420.86	-56.63	350.05
1960	26784	1682.92	-42.53	81.61
1960	26529	950.38	-12.13	1890.63
1960	26017	811.08	19.79	1892.3
1960	26529	1135.39	-34.94	261.77
1958	26528	1465.67	-89.54	1140.48
2097	26015	1357.31	42.45	1395.34
2097	26015	345.39	76.25	1763.13
1960	26013	1354.8	29.84	1232.68
1958	25757	795.2	-24.22	1760.24
2097	26271	74.99	-88.36	1152.87
2097	26270	42.42	6.71	618.66
1960	26013	1919.37	91.65	760.79
1958	26528	435.86	-92.24	1058.4
1958	26529	388.73	-81.58	313.08
1960	26272	1237.68	-24.77	575.46
2097	26271	1844.85	20.8	597.72
1960	26015	1890.59	50.67	949.21
2097	26015	915.99	19.49	1879.53
2097	26271	500.81	-23	548.23
2098	26270	1652.55	20.62	354.81
2097	26271	1285.95	-46.75	1286.64
1958	26015	465.71	65.63	797.22
2098	26013	1617.42	-15.66	1870.44
2097	26270	657.15	-61.24	195.25
1958	26269	635.38	-7.47	11.85
1960	26013	5.01	-6.87	1219.24
1958	25757	211.12	-24.75	1446.52
1956	26013	606.81	-65.65	388.84
1956	26272	791.34	12.97	149.7
1956	26273	638.61	-63.5	1524.57
1960	26529	134.99	-9.23	1060.29
1960	26529	1337.22	5.35	969.26
1960	26272	888.13	14.17	1904.67
2098	26268	1427.79	1.61	1443.78
2098	26781	449.87	8.83	456.87
2098	26781	879.05	147.4	1642.97
2098	27037	1528.22	19.48	14.52
2098	27038	1081.41	18.69	5.99
2098	26783	581.94	-26.56	1794.32
2098	26784	272.62	-103.01	1573.96
2098	26784	707.22	-0.83	503.57
2098	26527	1182.52	-107.24	1567.15
2098	26271	1020.08	-62.73	1850.99
2098	26270	536.08	-156.16	1889.88
2098	26269	989.36	-5.04	1423.59
2098	26269	492.52	-30.64	857.83
2098	26524	1675.5	2.7	430.37
2098	26525	986.43	-4.14	99.94
2098	26525	440.85	10.31	1297.65
2098	26525	1432.68	-69.06	889.96
2098	26526	724.53	-104.85	700.36
2098	26525	1304.14	-17.54	1904.75
2098	26524	1410.26	179.1	1717.53
2098	26781	1472.46	63.61	878.46
2098	26782	432.73	51.69	1002.27
2098	26782	1894.78	-81.1	937.83
2098	26782	607.22	-89.02	213.63
2098	26783	265.28	-90.37	66.87
2098	26527	40.03	-139	272.5
2098	26525	1918.34	-107.41	161.14
2097	26269	324.19	8.66	1677.76
2098	26525	652.93	4.14	606.39
2097	26524	1625.21	-1.73	1101.46
2097	26525	656.74	-0.11	1871.35
2097	26781	874.76	96.69	928.77
2097	26782	454.21	96.14	1886.28
2097	26782	1232.58	-23.57	1041.9
2098	26782	1376.87	-57.23	152.47
2097	26783	85.58	-17.02	1576.97
2097	26783	464.31	-113.19	478.79
1960	26527	1836.59	-87.04	1451.12
2097	26527	746.25	-82.5	1033.66
2098	26526	1247.76	-188.31	123.2
2097	26269	1877.65	-115.61	1440.16
2097	26781	1844.82	34.38	413.33
2097	26527	1472.53	-72.48	395.17
2097	26526	1136.78	-97.39	970.2
2098	26527	116.03	-85.5	1452.58
1968	26524	620.62	0	63.45
1968	26524	362.19	9.55	1404.75
1968	26523	1593.54	-5.36	1764.85
1968	26523	344.06	24.7	1799.47
1962	26778	1248.78	3.32	156.94
1968	26778	502.02	-7.37	1266.42
1962	27034	540.14	-16.09	554.61
1962	27034	544.38	-22.44	1633.23
1968	27290	369.41	-21.57	406.24
1967	26785	752.17	-67.61	706.74
1968	26784	1136.08	-45.53	1676.6
1967	27039	1557.32	-87.37	419.07
1967	26785	483.15	-30.53	1508.31
1968	27041	1038.27	-45.27	295.41
1967	27041	907.19	-10.83	1163.13
1968	27041	414.65	-14.72	1773.17
1967	27041	171.38	-6.35	1013.82
1968	27040	1231.14	6.87	567.6
1968	27040	1283.77	-4.29	1425.4
1968	27040	410.31	-41.31	867.19
1967	27040	493.35	-0.75	1906.69
1968	27295	1365.89	-17.04	265.34
1968	27039	1096.41	-78.07	833.29
1968	27038	1912.24	-27.37	982.52
1967	27295	273.97	-30.5	22.73
1968	27294	1146.24	6.67	83.91
1968	27038	499.51	1.23	955.17
1968	27294	167.8	43.06	204.29
1968	27037	894.09	-18.27	1643.91
1968	27037	585.43	-8.76	366.13
1968	27037	99.2	-13.67	1310.65
1968	27293	370.07	-23.1	239.9
1968	27292	1524.25	14.09	583.43
1968	27036	1175.82	-27.16	1289.67
1968	27292	696	-22.28	204.05
1968	27036	1452.28	8.1	506.18
1968	26780	1846.09	-12.34	1128.58
1968	26780	979.19	39.98	494.95
1968	26780	336.61	0.97	231.31
1968	26780	843.08	-5.6	1323.31
1968	26780	43.87	-5.8	779.57
1968	26779	845.89	-12.53	507.17
1968	26779	133.88	11.76	646.69
1968	26778	1619.66	29.67	1695.97
1968	26779	652.12	-11.59	1293.73
1968	27035	1292.86	-15.87	158
1968	27036	131.95	-23.47	434.48
1968	27036	944.34	-16.72	82.87
1968	27036	219.84	-29.43	1428.82
1968	27291	1809.55	-17.78	302.1
1968	27291	1122.56	-16.36	445.75
1968	27035	1093.81	-37.83	1315.69
1968	27290	1340.55	-33.88	15.97
1968	27034	1866.52	-38.22	1032.92
1968	27035	574.84	-21.88	47.29
1967	26778	938.73	-0.56	704.9
1967	26778	950.75	-46.81	1895.08
1967	27034	1804.18	-11.08	373.61
1967	27035	480.97	-15.97	1354.37
1967	27290	1919.93	-20.98	303.17
1967	27035	1453.29	-17.66	1733.79
1967	27036	1591.91	-26.87	1841.45
1967	26779	1316.37	-23.47	1435.82
1967	26780	417.89	-6.15	1054.71
1967	26780	1848.04	-5.33	1709.81
1967	26781	1105.76	83.74	1450.69
1967	27293	1389.85	-28.59	164.58
1967	27038	665.89	-20.94	1787.88
1967	27038	1717.74	-36.1	1626.22
1967	27039	759.23	-45	1452.04
1967	27039	508.79	-69.82	734.43
1967	27040	1844.16	-6.69	1565.75
1967	27040	967	-21.88	976.35
1967	26784	1768.43	-17.72	1567.04
1967	26784	1013.47	-38.88	974.82
1967	26785	149.51	-12.04	532.14
1967	27037	1837.93	-15.75	735.8
1963	26007	460.51	0	1023.06
1963	25751	1201.78	0	1643.49
1966	25751	1294.99	27.71	419.81
2099	25752	1431.48	0	644.22
1963	25753	1249.09	5.94	506.19
1966	25754	1393.38	-8.64	301.8
1963	25499	1253.12	9.6	1825.73
1963	25756	611.43	-58.21	504.48
1963	25756	1569.85	-57.07	1207.32
1963	26007	1609.34	-0.98	1387.39
1966	25752	474.68	0	178.79
1963	26008	981.36	-26.59	1549.19
1963	26009	62.78	-84.58	1282.76
1963	26008	1753	-69.75	477.1
1963	26009	1620.07	-55.37	1607.24
1966	25497	712.06	15.86	1818.26
1963	25753	1363.41	27.43	1377.2
1963	25756	196.8	-29.41	1917.98
1963	26011	1551.52	-21.11	656.68
1963	26012	943.77	-55.14	1027.34
1963	26011	742.26	-25.29	835.79
1963	26010	1402.85	-37.87	664.73
1963	26010	528.29	-81.21	1041.43
1963	26010	598.22	-65.24	1855.09
1963	26011	45.63	-65.74	1334.45
1963	26011	1478.41	-51.99	1402.66
1963	26012	442.91	107.99	1866.24
1963	26268	1456.81	-13.08	568.62
1963	26267	1919.2	0	1449.04
1963	26267	934.04	-4.2	31.07
1963	26267	1290.54	-0.78	555.67
1963	26267	1112.08	7.27	1366.37
1963	26267	262.94	-12.94	1543.1
1963	26523	443.79	-21.62	414.9
1963	26522	995.27	-78.68	699.01
1963	26522	594.87	-95.74	303.8
1963	26266	1224.82	-55.99	1478.18
1963	26266	336.3	-90.46	886.19
1963	26266	1901.64	-12.92	1017.6
1963	26010	1755.33	-38.92	1786.04
1964	26524	511.28	18.17	722.65
1964	26268	1256.71	0	241.87
1964	25756	591	-39.59	1339.67
1964	25756	143.71	-30.66	62.82
1964	25755	110.3	-9.27	113.65
2099	25754	730.28	11.75	627.89
2099	25753	1919.05	-14.18	830.25
1964	25753	1222.7	-2.64	1911.97
1964	25752	1906.36	-0.1	112.66
1964	26008	846.59	1.94	171.35
1966	25751	1330.79	0	1015.97
1963	26007	1093.48	0	420.32
1964	26007	1104.97	0	1120.76
1964	26008	450.4	-12.85	1367.86
1964	26008	1604.71	-71.18	1610.28
1964	26009	664.53	-90.81	774.36
1964	26009	1802.57	-76.5	848.33
1964	26266	1832.95	2.93	440.85
1966	25495	1277.55	2.78	693
1966	25238	1804.02	0.27	683.91
2099	25242	1880.23	76.43	163.12
1966	24987	573.78	60.57	1641.4
1963	24987	481.31	68.95	814.11
2099	24986	627.26	71.04	262.02
1966	24729	1473.78	68.77	1816.96
1963	24728	547.8	85.87	1177.06
1966	24984	284.23	35.45	33
1966	24984	1459.99	5.87	1243.3
2099	25241	871.61	2.57	770.34
1966	25242	132.67	25.81	102.36
2099	24986	39.8	30.92	1023.59
2099	25242	1231.27	16.07	1573.74
1966	25499	538.05	-22.7	220.51
1963	25499	1474.83	-1.96	1017.15
1966	25497	1669.92	4.05	1052.85
1966	25241	756.46	1.31	1379.16
1966	25241	0.23	8.73	1919.98
1963	25496	247.82	9.13	935.35
1966	25240	617.13	0	1539.82
1966	25239	835.27	0.01	429.83
1966	24984	108.06	0	1572.83
1966	25752	1340.42	-3.3	1217.61
1963	25240	444.89	0	1099.65
2099	25239	1752.47	0	234.62
2099	24984	1919.11	19.95	1871.15
2099	24728	1818.02	66.33	1321.92
1963	24729	898.31	77.53	1738.04
2099	24986	1812.95	62.68	484.47
1963	25498	1695.67	-15.57	334.96
2099	25498	428.66	1.71	741.24
1965	25496	1431.37	0	673.72
1965	24984	777.83	0.56	634.98
1965	24728	1226.15	60.63	806.3
1965	25242	133.14	0.11	1118.78
1965	26260	1683.06	183	1522.65
1965	26261	876.89	0	760.96
1965	26262	380.75	73	783.92
1965	26262	876.15	-26.24	1548.73
1965	26263	16.37	5.39	1698.28
1965	26519	392.82	-103.49	372.11
1965	26518	1165.26	27.6	914.3
1965	26778	65.16	47.03	1537.34
1965	27289	1867.83	-31.16	113.83
1965	27033	1382.24	-25.51	1325.79
1962	26777	1268.14	-11.2	1711.4
1965	27033	754.87	-14.51	925.77
1965	27289	992.19	37.97	135.31
1965	27289	1031.88	0.87	942.69
1965	27289	286.95	10.51	1109.33
1965	27288	1889.51	-17.36	87.82
1965	27032	1838.65	-22.41	1073.41
1965	26776	1277.47	2.88	1564.62
1965	27032	1273.29	-20.2	1548.27
1965	27288	1211.74	12.72	570.04
1965	27288	0.4	0	775.54
1965	27032	463.16	-10.5	1545.74
1965	27032	85.09	16	581.13
1965	26776	221.96	-15.37	1033.27
1965	27287	1323.78	0	54.82
1965	27031	1216.64	-2.6	960.67
1965	26775	976.79	-76.37	605.95
1965	26519	50.23	-104.16	1765.22
1965	26518	873.9	-35.62	1628.01
1965	26774	338.68	115.3	622.26
1965	26774	208.52	0.11	1739.9
1962	27031	82.51	0	1002.61
1965	27030	763.51	0	945.19
1962	27029	1695.99	64	1220.78
1965	27029	859.82	99	656.4
1965	27029	1607.96	0	225.61
1965	26773	1439.54	69	1135.13
1965	27029	0.54	276	409.78
1965	26773	165.61	113	975.16
1965	26772	1192.72	136	654.3
1965	26517	1158.89	0	1581.92
1965	26516	752.96	45	685.85
1965	26516	714.68	158	1558.54
1965	26517	566.85	0	1700.16
1965	26773	1049.13	74	1693.96
1962	27288	728.8	4.2	975.69
1962	27033	825.81	-22.93	189.42
1962	27289	533.59	-7.3	461.84
1962	26775	1729.46	-0.19	1824.07
1962	27032	1203.22	44.05	436.72
1962	26776	762.76	-11.73	1257.03
1962	26775	545.97	-91.4	244.2
1962	26774	235.91	23.33	18.95
1962	26518	186.96	12.75	84.97
1962	26773	957.27	39	358.13
1962	26516	1212.27	0	1168.13
1962	26516	1851.47	0	272.48
1962	26261	1324.71	0	1396.34
1962	26262	1474.84	12.54	715.1
1962	27030	487.2	5.8	382.4
1962	27031	946.75	0	1645.64
1963	27033	1283.17	-11.63	743.99
1963	26517	1515.34	18.32	1062.8
1963	26517	1019.47	13.01	465.84
1963	26517	275.96	135	1237.03
1963	26261	443.1	130	1847.99
1963	26516	645.79	51	310.75
1963	26263	523.65	-93.27	1734.82
1963	26519	144.48	-91.85	905.8
1965	27028	454.3	410.29	636.63
1965	27028	1019.27	502.07	1664.46
1962	27028	1174	500.15	876.27
1970	26260	530.96	0	741.82
1969	26260	1393.33	112.18	680.77
1969	26261	1140.99	57	198.3
1970	26006	147.26	0	1590.1
1970	26006	1047.2	103.54	1569.26
1970	26005	168.85	91.75	1421.02
1970	26004	570.66	55.15	1372.17
1970	26006	1311.73	-8.47	573.58
1970	25750	297.76	-25.45	1156.52
1970	25749	1033.82	-0.02	742.75
1970	25748	1611.77	3.87	753.15
1970	25492	898.89	99.86	1522.04
1970	25492	1836.16	0	737.48
1970	25748	484.71	13.2	117.72
1970	25493	226.52	1.89	1770.77
1970	25493	1153.75	105	1487.68
1970	25494	958.73	0.17	1039.86
1970	25493	1780.19	0	565.24
1970	25493	875.75	58.92	55.71
1970	25237	741.52	12.76	908.45
1970	25237	1349.1	8.07	418.41
1970	25238	554.88	17.14	873.33
1970	24982	196.23	0	1810.13
1970	25238	989.86	68.64	1430.79
1970	25494	573.64	0	128.89
1970	25495	290.33	0	928.86
1970	25750	1736.19	55	0.65
1970	25750	1444.31	-9.25	1210.42
1969	26260	369.78	54	1364.85
1969	26004	1865.31	20.12	669.02
1969	26005	1504.61	0	1639.85
1969	26262	166.4	0	217.44
1969	26006	320.29	67.82	189.05
1969	25748	1780.14	6.57	1485.38
1969	25750	344.32	-19.56	580.33
1970	25493	1581.95	48	1047.82
1969	25748	1493.54	8.41	237.04
1969	25748	665.33	0	1389.61
1969	26004	1008.84	9.02	352.39
1969	25237	1068.29	19.17	1413.24
1969	25237	1907.19	7.86	785.23
1969	25494	1340.59	26.52	346.82
1969	25495	644.54	0	1292.48
1970	25239	2.85	5.73	1919.67
1969	25750	1472.35	22.58	674.85
1969	25750	1258.81	-13.69	1762.96
1969	26005	1501.42	-10.7	537.58
1967	26005	320.59	25.7	925.01
1967	25749	88.84	2.47	1110.54
1967	25493	907.5	0	714.51
1967	25494	419.02	0	791.06
1967	25750	657.23	-13.98	128.11
1969	25749	1154.74	-12.82	1606.21
1977	24725	1414.32	8.55	506.8
1977	24726	434.57	59.62	545.54
1977	24726	1215.16	0	932.17
1977	24725	1128.96	2.51	1092.74
2100	24981	832.29	49.46	1.08
2100	24980	1916.63	0.75	1480.91
1977	24980	1124.7	74.62	1767.42
2100	25235	1732.35	8.77	80.05
1977	25236	760.36	33.62	790.88
2100	25236	496.25	85.96	1471.26
1977	25235	663.66	0.93	1891.96
2100	25491	347.49	70.7	747.94
1977	25491	626.52	44.88	1385.06
1977	25491	1475.89	0.96	1108.23
2100	25491	1781.09	73.96	140.39
1977	24725	1789.97	37.5	1866.68
1977	24980	414.74	-103.54	983.94
2100	25490	1790.09	71.61	1185.92
2100	25491	1781.13	100	573.54
1977	25235	1582.97	18.46	1378.9
2100	25235	1276.19	31.84	818.07
2100	24980	111.93	25.32	1489.75
2100	24980	1556.64	-8.38	633.02
1977	24981	520.62	5.82	1105.39
1977	24981	1011.24	14.23	715.23
1977	24981	1467.9	0.94	451.19
1979	23960	511.26	114.31	1073.8
1979	23960	1374.96	101.16	1166.82
2101	23960	1053.47	0.02	1834.97
1979	24216	318.62	0.63	753.23
1979	24215	1386.88	15.37	89.35
1979	24216	341.53	0	1526.38
1979	24472	619.05	51	230.27
2101	24471	1702.71	0	0.62
1979	24214	1211.33	0	918.65
2101	24214	769.71	79	1208.69
2101	24470	805.61	0	490.55
2101	24469	1294.61	127	1106.65
2101	24470	1000.81	0	1914.41
2101	24470	1674.47	0	1478.07
2101	24727	259.71	0	863.27
1979	24727	807.05	0	174.31
2101	24471	937.19	0	892.45
2101	24471	1832.84	0	632.17
2101	24471	1450.09	0	291.52
1977	24470	228.57	62	701.07
1977	24470	1253.43	0	1420.65
1977	24471	0.74	0	1275.27
1977	24471	898.91	58	1566.1
2102	25490	1319.22	50.07	1131.29
1978	25490	249.53	142.12	924.78
2102	25490	149.73	252.5	1830.3
1978	25489	1087.15	241.82	1291.37
2102	25489	61.94	298.43	1379.06
1978	25488	1576.67	369.65	1019.44
2102	25488	891.29	444.46	392.13
1978	25488	141.62	425.25	582.64
1978	25487	1642	500.92	1056.91
1978	25231	1597.12	503.63	1368.2
1978	25232	872.63	457.02	1322.85
1978	25231	1151.17	523.6	1650.65
1978	25231	322.18	635.46	1560.1
1978	25231	1221.81	559.93	700.07
1978	25232	1701.97	460.81	840.97
1978	25233	1327.62	412.51	1020.7
2102	25233	1781.63	318.67	1428.07
2102	25234	418.5	211.86	1813.64
1978	24977	644.33	492.98	1917.01
1978	24977	1331.44	577.21	1416.74
1978	24978	104.58	660.6	1090.7
1978	24978	587.06	707.76	816.82
1978	24721	1343.56	796.63	1113
1978	24721	1418.58	850.64	576.06
1978	24721	743.16	849.4	1416.01
1978	24721	328.94	892.43	1895.08
1978	24976	1561.05	936.73	20.35
1978	24976	743.21	858.48	149.36
1978	24976	438.97	707.37	1315.37
1978	24975	1380.87	610.87	1730.44
1978	24975	1192.89	761.16	725.75
1978	24719	1106.93	807.06	1915.19
1978	24719	1122.76	847.25	1187.79
1978	24719	1238.35	866.25	531.7
1978	24463	1473.55	971.08	1726.95
1978	24720	10.68	950.04	109.79
1978	24464	82.68	974.82	1450.8
1978	25234	34.5	682.65	365.92
1978	24978	1191.84	1021.01	1612.96
1981	24463	351.36	1093.51	1543.43
1981	24463	389.26	1102.44	1137.59
1981	24463	977.41	1045.94	1361.49
1981	24463	1086.58	1085.36	565.59
1981	24463	1602.69	1034.11	896.42
1981	24463	1731.71	1068.39	30.44
1981	24208	7.28	1107.6	1159.7
1981	24208	317.99	1102.3	488.76
1981	24207	1731.58	1069.52	236.94
1981	23952	155.5	1168.89	1363.18
1981	23952	256.83	1241.77	652.83
1981	23696	15.48	1121.82	1686.56
1981	24464	343.79	1046.78	512.82
1981	24464	872.02	949.51	1213.42
1981	24464	846.67	971.11	1889.8
1981	24720	1478.72	986.8	267.95
1981	24721	16.51	1008.29	781.38
1981	24721	296.16	1075.84	1364.04
1981	24721	655.29	961.64	65.7
1981	24465	34.88	1009.96	1357.6
1981	24464	1816.53	1044.92	619.1
1981	24465	1062.8	1019.8	1351.17
1981	24465	1693.51	952.95	1748.56
1981	24466	648.71	919.02	1902.08
1981	24722	254.53	955.25	825.35
2103	24722	486.63	848.96	1706.82
1981	24978	997.01	746.41	286.62
2103	24978	1649.17	963.46	916.55
2103	24978	1910.49	869.43	231.23
2103	24722	1498.19	834.36	1461.81
1981	24722	1086.91	862.46	957.53
2103	24722	1319.11	944.72	219.14
1981	24466	1072.13	1012.38	1322.98
1981	24208	520.26	1108.92	1107.28
2103	24207	1840.96	1096.02	648.97
2103	24208	239.03	1054.47	1760.46
2103	24463	805.74	1165.29	946.84
2103	24464	1388.68	1005.95	1527.01
2103	24465	564.07	1027.78	1466.74
2103	24721	123.83	982.91	237.59
2103	24721	824.18	923.5	729.46
2103	24721	1289.99	916.33	93.35
2103	24722	171.56	973.87	311.95
2103	24722	1579.97	884.26	887.95
2103	24978	575.43	778.81	309.91
2104	23960	958.63	30.04	533.77
2104	23704	821.61	118.51	1815.56
2105	23704	538.48	138.97	1181.93
2104	23703	1919.39	301.77	691.67
2104	23703	1443.83	284.43	198.71
2105	23447	680.32	312.57	1830.59
2105	23446	1886.31	421.26	1791.48
2104	23446	1083.35	613.29	1897.05
2105	23703	617.32	374.04	497.79
2104	23703	365.61	441.49	991.7
2104	23703	153.21	484.02	1570.59
2105	23958	1703.64	520.42	74.27
2105	23958	1169.49	581.37	254.92
2104	23958	662.26	709.92	380.72
2104	23957	1919.7	918.2	879.16
2104	23957	1222.14	942.9	1203.58
2105	23447	768.56	386.09	1188.4
2105	23447	527.01	491.99	574.74
2105	23447	272.88	567.9	38.98
2104	23191	61.1	702.11	1268.01
2105	23190	1672.46	765.13	856.06
2107	23190	1168.31	778.26	1112.03
2107	23190	751.06	892.04	734.63
1984	23189	1727.79	867.6	207.52
2107	23188	899.14	767.03	1057.72
2107	23187	796.48	689.58	259.51
1984	23187	24.56	617.35	646.04
1984	23186	1373.42	578.61	1010.98
2107	23186	884.85	514.94	1438.33
1984	23441	1576.53	332.96	314.2
2107	23185	943.66	266.22	1689.37
1984	23184	1778.37	143.02	1183.85
2106	23698	323.38	1058.72	202.77
2106	23697	1775.07	1090	862.61
1980	23697	1734.82	1090	1554.07
1980	23953	1919.4	1100	414.28
1980	23953	1108.55	1100	1207.35
2106	23953	1674.28	1100	974.42
2106	23954	1284.24	1100	1908.37
1980	23954	634.52	1100	1745.28
2106	23953	1769.53	1117.9	1567.68
2106	23953	716.16	1100	1857.48
2106	24209	695.86	1100	486.83
2106	24210	299.36	1100	309.34
1980	24210	984.75	1123	618.42
1980	24210	1661.8	1155	981.09
1980	24211	388.57	1100	573.6
1980	23957	618.98	955.86	1704.5
1980	24213	454.52	1084.09	291.6
1980	24212	1505.9	1073.75	122.62
1980	24212	740.39	1099.45	765.84
1980	24212	118.25	1100	1074.88
1980	24211	1535.04	1094.14	1703.61
1980	24211	872.95	1098.54	1371.29
1980	24211	492.67	1100	1062.96
1980	24211	1323.33	1100	900.18
1980	24467	1917.98	1099.54	504.9
1980	24468	723.65	1100	340.89
1980	24212	1254.66	1097.74	1802.94
1980	24212	1844.65	1094.04	1332.38
1980	24213	699.65	1080.51	1028.3
1980	24724	1283.06	1097.79	699.01
1980	24724	1211.27	1072.94	254.28
1980	24468	1190.84	1073.8	1491.3
1980	24468	1245.65	1069.79	735.29
1980	24469	132.78	1148.77	317.25
1980	24213	747.01	1131.14	1704.72
1980	24213	1400.71	1131.06	770.41
1980	24213	1886.44	1089.39	158.79
1980	24213	1369.81	989.68	44.65
1980	23958	318.73	943.36	1504.27
1980	23958	908.47	956.49	1082.72
2106	24209	1693.01	1122.97	172.05
2106	24211	937.18	1100	487.39
2106	23956	1114.28	957.41	1290.39
2106	24212	1510.42	1096.78	1504.69
2106	23957	1737.7	983.68	1534.03
1981	23699	1106	754.39	466.45
1980	23443	1101.7	289.75	1612.33
1981	23443	1178.16	292.71	746.57
1981	23444	0.85	250.47	485.44
1980	23444	984.83	668.03	767.26
1981	23444	1473.83	295.85	513.16
1980	23444	610.12	625.38	1357.92
1981	23700	947.43	825.53	1152.66
1981	23445	208.65	552.58	859.33
1981	23701	132.33	830.12	17.36
1980	23700	1619.15	386.93	806.21
1981	23700	1451.01	277.89	1411
1980	23701	321.61	295.15	1201.11
1981	23701	261.98	611.12	645.82
1981	23701	1060.35	423.68	367.34
1980	23445	791.19	363.54	1703
1981	23445	1287.61	294.85	1269.39
1981	23445	1026.13	285.97	1010.86
1980	23445	1387.25	919.57	1919.18
2106	23444	507.82	290.08	597.3
1981	23443	1822.28	232.4	1469
1980	23699	1324.41	699.16	0.81
1981	23699	948.68	329.58	25.77
1980	23700	290.41	362.97	690.46
1981	23701	1486.92	477.11	981.65
1980	23444	1409.62	629.26	1402.35
2109	23696	1263.35	61.73	1015.64
2109	23696	1000.34	85.99	331.4
2109	23440	419.15	138.46	1919.5
2109	23440	830.8	57.98	1097.84
2109	23439	1803.09	23.6	780.32
2109	23695	1563.63	100.69	98.58
2109	23184	499.54	37.02	1877.71
2109	23183	1644.75	-22.98	116.68
2109	23184	179.53	-1.11	1116.88
2109	23183	1380.76	8.34	667.5
2109	23439	1645.59	12	118.51
2109	23435	1675.2	95.38	1442.12
2109	23435	608.82	103.38	1767.29
2109	23434	1601.04	56.71	1786.26
2109	23690	1316.37	26.58	295.59
2109	23435	412.89	50.73	798.07
2109	23435	1441.61	49.44	548.72
2109	23178	1243.06	0.23	1455.4
2109	23434	1694.54	-9.82	344.47
2109	23179	471.2	18.9	1479.54
2109	23179	760.3	-25.76	714.64
2109	23179	1419.01	39.71	1407.57
2109	23179	1732.37	-106.72	263.14
2109	23439	1163.25	88.04	512.17
2109	23435	4.76	50.67	1165.75
2109	23435	1048.86	84.57	1057.84
2109	23435	809.63	21.07	278.11
2109	23179	39.29	32.58	1132.69
2109	23179	1548.19	-77.58	1005.44
2109	23439	1274.79	156.72	1154.01
2109	23183	1181.74	-4.33	1919.47
2109	23184	1043	177.22	1261.3
2109	23440	870.79	101.37	520.92
2109	23440	1223.37	112.77	1574.92
2109	23434	128.82	101.34	705.7
2109	23178	566.1	8.1	1919.65
2109	23691	1098.59	90.95	635.53
1985	23691	1646.92	124.44	896.71
1985	23691	316.07	26.89	898.09
1985	23690	1522.73	9.07	1270.26
1985	23946	1452.87	24.38	678.41
1985	23946	525.68	158.22	1371.26
1987	24201	1430.34	80.89	1074.18
1985	24202	390.2	102.36	708.1
1987	23947	162.11	57.39	1411.06
1985	23947	758.22	67.67	550.23
1987	23691	571.01	19.14	1766.98
1985	23691	1525.6	28.15	1853.21
1987	24203	1077.46	102.89	218.42
1985	24203	163.51	-5	614.56
1987	24203	1343.57	87	1392.07
1987	24202	1475	55.63	1174.19
1987	24202	438.6	87.07	1374.16
1987	24201	474.34	63.27	1370.78
1987	24457	1427.17	67.96	131.2
1987	24457	904.77	22.58	1289.19
1990	24713	955.98	41.3	336.9
1987	24457	1630.66	47.29	1247.05
1990	24458	495.3	83	885.07
1987	24458	1292.97	82	467.12
1987	24459	415.83	130.26	410.73
1987	24459	117.21	96.27	1055.45
1987	24458	1397.62	-5	1582.01
1990	24714	549	48	104.4
1987	24713	1712.3	32	957.25
1990	24714	1590.04	-5	700.06
1990	24714	704.15	128	1578.81
1987	24715	517.95	140.84	1051.61
1987	24715	1045.9	276.4	1796.34
1987	24971	405.35	453.05	541.72
1987	24714	1508.38	316.46	1733.55
1987	24713	1796.82	81	1858.79
1987	24713	631.03	-5	1812.85
1987	24969	1747.42	-1.6	783.19
1990	24969	759.71	0	721.79
1990	24968	1556.04	80.71	261.66
1990	24968	1051.62	100	811.56
1990	25224	394.68	70	568.61
1990	25225	1265.64	103	740.03
1990	25224	1300.49	92	675.53
1990	24968	1769.74	0	1893.7
1987	25225	1558.81	0.17	262.65
1987	25226	43.71	53.66	1077.13
1994	24969	78.24	0	1098.02
1987	24714	46.44	43.11	287.6
1994	24968	866.16	31.01	1668.87
1987	24968	219.18	0	950.6
1987	25225	474.04	134	809.87
1987	24969	1599.22	37.97	1448.94
1990	24969	1310.53	0	351.3
1987	24715	281.08	146.47	283.63
1987	24714	834.93	40	684.07
1987	24457	1098.84	-36.87	685.48
1987	24457	651.07	-10.09	313.44
1987	24458	397.76	62	159.57
1987	24203	392.54	104	1769.66
1985	24203	789.94	136	879.92
1985	24202	1263.04	69.04	601.49
1987	24201	1633.31	87.09	365.74
1987	23945	1767.67	88.81	1686.32
1985	23946	1099.98	90.43	1590.05
1987	23946	811.4	24.98	655.15
1985	23947	1270.96	55.93	1147.69
1985	23947	551.22	86.12	1878.1
1985	23947	29.62	59.85	0.68
1985	23691	1175.39	60.39	1307.72
1994	25223	1470	125	988.7
1994	25223	1722.73	2.98	116.38
1990	24968	178.38	0.04	1583.59
1994	24967	1229.25	84	1383.65
1990	25223	637.35	152.37	917.01
1990	24967	604.95	83	1089.86
1994	24967	1092.41	0	549.23
2124	24711	572.31	78	1919.59
1990	24710	1431.4	130	1448.81
1994	24710	1354.92	-109.95	229.08
1994	24453	1827.41	-121.75	1367.29
1994	24709	631.88	199.17	959.54
1990	24709	1603.35	127.48	1263.25
1994	24709	943.85	54.69	1887.39
1994	24965	1835.45	55.77	214.37
1990	24965	850.39	98.46	823.8
1994	24965	1251.52	104.62	1875.31
1994	25221	1919.81	114	688.45
1994	25222	1035.6	106	883.63
1994	25223	364.25	144.88	517.23
1994	25222	1068.24	0	120.6
1990	24966	210.19	64.32	1775.8
1994	24966	721.16	-1.62	991.93
1994	24966	1459.96	-0.21	747.13
1990	24966	663.89	-6.62	160.12
1990	24966	1186.57	110	1391.81
1994	24967	453.97	103	1628.47
1994	24711	996.65	76.23	1577.64
2124	24712	127.55	15.28	1876.24
2124	24712	508.87	67.7	1079.83
2124	24712	1807.73	38.63	979.52
2124	24712	1072.28	3.17	630.93
2124	24200	1853.9	-55.07	1780.42
2124	23945	1074.08	27.23	1142.82
2124	23945	1811.18	33.79	610.65
2124	23690	226.64	41.37	1626.16
1990	23689	1612.88	68.55	65.86
1990	23434	245.07	67.93	1174.88
1990	23433	1007.07	112.53	1333.19
1990	23177	609.79	133.84	706.52
1990	23177	159.16	120.95	1368.69
1990	23177	578.62	32.72	41.54
2124	22920	1265.65	89.58	1918.26
1990	22920	471.63	29.81	1567.74
1990	22919	1064.96	90.46	1189.67
1990	22919	1828.41	10.72	1851.12
1994	23174	1919.54	80.75	384.04
1994	23174	1043.28	134.03	1024.64
1994	23174	579.41	194.02	1802.83
2124	23430	81.57	297.84	651.83
2124	23429	1505.54	250.94	1449.4
2124	23685	1571.02	100.11	1800.51
2124	23941	1808.67	10.78	888.47
2124	23941	1613.63	-47.72	1869
2124	24197	1590.51	56.26	1733.8
2124	23941	1395.21	11.09	1114.41
1994	23174	1237.69	70.06	464.89
1994	22918	1065.82	76.82	1545.33
1990	23176	826.8	76.8	369.13
1990	23176	1596.51	143.85	501.67
1987	23433	1612.94	58.75	1232.79
2124	23690	42.94	41.99	995
2124	23945	1638.63	36.92	118.71
2124	24201	1012.87	4.35	667.26
2124	24712	1575.44	-14.57	401.26
1991	24197	1119.73	70.24	480.52
1991	24197	402.71	215.81	996.96
2110	24196	1726.12	458.12	1632.01
1991	24452	1203.05	551.42	171.42
1991	24196	560.29	811.74	1290.56
1991	23427	412.34	1300.94	1538.52
2110	23427	508.66	1376.44	310.8
2110	23172	882.68	1283.33	747.13
2110	23173	1105.54	688	571.37
1991	23174	235.89	273.6	1042.03
1991	23683	1591.27	1154.96	1044.09
2110	23684	453.86	1027.29	815.19
1991	23684	278.22	1037.56	1485.36
1991	23684	1085.18	941.61	992.8
1991	23684	1802.23	791.51	798.99
2110	23685	459.74	342.7	628.13
1991	23940	1450.26	863.32	242.42
1991	23940	836.82	836.22	554.69
2113	23682	1416.06	1468	1690.96
2114	23682	779.89	1468	1289.45
2113	23681	1689.51	1003	1709.07
2114	23938	725.36	1046	17.58
2114	23938	580.04	1283	942.19
2114	23937	765.8	1442	240.4
2114	23937	610.38	1386	1172.53
2113	24193	731.66	1468	58.91
2114	23937	1512.47	1468	1688.22
2114	23938	425.21	1468	1670.92
2114	24194	1102.23	1468	237.13
2114	24194	1077.63	1468	1417.39
2114	24194	463.27	1514	1449.23
2113	24194	337.75	1468	671.72
2114	24193	1173.36	1468	535.78
2114	24193	514.52	1468	822.71
2117	24192	884.6	1468	244.71
2114	24192	1644.5	1468	1008.14
2114	24448	1206.39	1468	30.56
2114	24448	262.23	1547	95.07
2113	24192	287.91	1468	1183.83
2113	24447	1201.67	1531	365.68
2114	24191	1581.14	1468	1629.1
2114	24191	733.93	1468	1792.23
2113	24447	215.68	1468	0.57
2114	24190	1834.18	1468	573.08
2114	24190	1364.57	1393	1107.38
2113	24190	738.66	1468	1508.67
2113	24190	677.58	1468	577.99
2114	24190	52.26	1468	119.29
2113	24189	1287.26	1468	667.94
2113	24189	1462.45	1455	1283.65
1995	24189	241.99	1526	1355.56
1995	24189	497.54	1468	634.58
2114	23933	299.47	1468	1412.01
2113	23933	1524.34	1468	1616.8
1995	24189	169.16	1468	0.35
1995	24188	1576.89	1468	863.92
1995	24188	666.19	1473.75	711.96
1995	24188	1269.31	1468	19.69
1995	23932	623.5	1519.92	1786.98
2117	23932	108.3	1770.86	1480.75
2114	23932	1392.24	1499.27	676.17
2114	23932	1604.58	1468	217.34
1995	23933	287.8	1468	596.67
2113	23933	1421.91	1468	773.3
2113	23934	327.59	1468	1046.97
2114	23934	800.1	1429	748.59
2113	23934	1161.51	1468	1443.19
2114	23934	1663.13	1468	891.98
2113	23935	378.51	1468	553.52
2113	23935	848.89	1468	1065.77
2113	23935	97.29	1468	1595.53
2114	24191	812.41	1468	361.58
2114	24191	1817.32	1468	376.47
2114	23936	1857.64	1468	1549.25
1995	23931	1205.93	1977.13	1357.9
1995	23931	468.15	1964.02	1371.36
1995	23931	505.95	2000	617.48
1995	23931	1714.87	1950.94	559.76
1995	23932	477.32	1734.68	247.48
1995	23676	339.22	1833.68	1572.21
1995	23676	1316.88	1468	1140.87
1995	23676	536.38	1605.36	903.35
1995	23675	1579.48	1962.85	1755.43
1995	23674	1867.88	2000	1479.56
2114	23675	708.22	2000	1264.71
2117	23675	489.59	2000	433.54
1995	23675	1222.51	1989.82	847.21
1995	23676	832.35	1678	343.24
1995	23420	232.29	1806.53	1706.8
1995	23675	1307.69	1871.52	146.86
1995	23419	798.94	2000	1095.2
1995	23419	1721.96	1904	852.88
1995	23163	902.95	2000	1873.13
2117	23163	1652.59	1873.94	326.87
2117	22906	1549.92	2000	1175.8
2117	22907	427.91	2000	1639.69
1995	23163	408.82	2000	757.91
2117	23163	1221.44	2000	826.29
2117	22906	1670.87	2000	121.96
1995	22907	912.23	2000	875.29
2117	22651	699.99	2000	1890.13
2117	22650	655.29	2000	1260.47
2117	22650	1213.55	2000	253.44
2117	22651	1.81	2000	1164.73
1996	22651	950.12	2000	813.95
2117	22394	1919.86	2000	1919.93
2118	22395	272.02	2000	840.8
2117	22395	827.98	2000	1431.91
2118	22395	189.96	2000	226.04
1996	22139	387.6	2000	1370.72
2118	22138	964.81	2000	862.36
2118	22138	1660.15	2000	147.77
2118	22139	634.71	2000	208.48
1996	22139	1434.02	2000	462.17
2118	22140	172.24	2000	180.65
2118	22140	967.58	1999.74	1174.02
2118	22141	0.28	1989.1	251.58
2118	22140	1860.31	1976.31	1188.55
1996	22141	1330.31	1925.14	1098.74
1996	22141	1135.25	2000	317.32
1996	22142	483.81	1598.47	1124.76
1996	22142	0.18	1808.39	366.21
1996	22142	1315.44	1468	396.12
1996	22143	631.27	1468	1358.65
2118	22143	771.17	1468	242.32
1996	22144	1292.51	1468	1220.51
2118	22144	1268.57	1468	240.26
1996	22145	960.87	1468	456.38
1996	22145	613.82	1468	1264.86
1996	22145	97.6	1468	636.78
1996	22144	395.9	1468	815.34
1996	22143	1410.14	1468	415.77
1996	22143	8.42	1468	643.94
2118	22142	728.67	1557.79	0.2
1996	22142	1485.63	1502.38	1753.5
2118	22141	789.69	2000	1165.05
1996	22140	775.12	2000	278.06
2118	22138	1749.73	2000	1139.34
2118	22139	781.4	2000	1766.99
2118	22394	1919.16	2000	1250.96
2111	22145	1769.16	1468	544.74
2111	22146	1394.25	1483.65	1095.86
2111	22403	898.89	1474.69	495.73
2111	22146	1205.02	1479.37	1800.18
2112	22401	1826.54	1468	838.52
2111	22403	1154.35	1488.84	1244.03
2112	22659	157.7	1495.63	1161.45
2112	22659	382.05	1463.34	1864.84
2112	22914	340.58	1468	1488.98
2112	23170	25.32	1468	478.61
2112	23169	1645.53	1468	1373.45
2114	23681	1919.16	1248	647.04
2114	23682	1475.6	1468	747.73
2068	26521	120.42	-106.96	0.62
2069	26265	120.79	-106.91	1831.87
2070	26265	965.58	-105.45	268.08
2066	26521	1715.15	-106.7	40.76
2093	23686	1072.69	13.43	420.76
2092	23686	1072.95	13.43	523.55
2090	23431	1088.89	13.29	377.61
2091	23431	1190.54	13.24	377.83
2079	23432	950.04	13.65	1270.31
2088	23688	1253.97	13.65	532.02
2089	23688	1253.69	13.57	432.43
2084	24200	375.39	-16.18	659.1
2072	23687	501.58	243.58	766.27
2074	23687	832.16	243.86	1093.64
2073	23687	578.13	243.81	188.5
2077	23687	1515.55	243.99	904.55
2083	23687	1134.28	243.75	610.79
2011	24993	362.3	72.48	1761.33
2119	24734	330.34	61.89	1606.66
2120	25244	919.72	69.37	366.88
1933	24489	796.49	-25.97	1504.08
1933	24489	1671.43	6.59	571.23
1933	24489	655.54	-28.6	705.15
1933	24490	1477.1	53.04	1439.57
1933	24488	1903.47	-53.8	1827.82
1933	24742	1869.4	23.59	174.75
1936	25261	1562.67	357.76	388.64
1933	24998	999.58	57.04	907.01
1943	24483	126.45	1036.08	1145.85
1947	24226	0.83	1207.24	337.49
1947	24992	200.38	201.05	538.1
1966	25496	1889.78	0	1186.39
1958	25757	279.72	-5.84	746.1
1958	25758	1015.18	43.05	1118.22
1958	26017	461.8	26.42	1501.96
1958	26273	1099.81	11.26	889.73
1958	26273	74.01	-23.48	496.33
1958	26016	511.21	45.91	1384.4
1958	26272	583.89	-43.68	1011.72
1958	26529	821.81	-47.94	1084.09
1958	26271	1849.16	-7.96	1780.06
1958	26271	1307.92	-18.04	532.62
1958	26528	1088.97	-57.59	607.48
1958	25757	1583.45	-7.89	1841.82
1983	24724	148.07	-305.33	1867.17
1983	24723	1755.64	-296.36	1229.06
2108	24723	1420.78	-229.31	450.91
1983	24467	1101.51	-198.27	1578.93
2108	24467	665.92	-223.91	906.98
1983	24466	1909.3	-156.1	354
2108	24210	920.79	-91.66	1911.78
2108	24209	1898.95	-21.78	1636.98
1983	24209	880.06	-58.23	1451.06
2108	24208	1792.34	-76.26	1186.23
1983	24208	1445.67	-47.03	369.4
2108	23952	1143.55	-30.81	1425.81
2108	23952	1224.31	0.54	543.09
1990	24969	849.16	142	1354.57
2118	22139	1909.43	1421.34	1758.06
2118	22396	209.43	1152.93	921.45
2118	22396	1031.22	978.14	708.08
2118	22396	867.82	881	1713.05
2118	22397	211.47	857.04	929.5
2118	22397	1088.46	981.91	1091.28
2118	22397	494.84	938.47	1801.08
2118	22652	1636.27	1023.12	1148.22
2118	22652	790.02	1144.4	1454.33
2118	22908	234.26	1677.2	1292.97
2118	22398	1007.39	1511.06	1088.19
2020	25255	1600.31	0	400.38
2035	25255	334.99	-0.28	34.18
2046	24999	647.53	15.92	367.55
2039	24999	1386.09	16.74	543.73
2018	25001	850.02	0	1433.16
2059	26265	393.06	-106.62	1560.31
2065	26265	446.66	-106.68	1560.82
2064	26265	457.67	-103.37	468.52
2076	23431	1540.88	249.81	1873.05
2078	23687	1574.02	243.81	840.16
2075	23431	859.33	243.81	1874.06
2087	23943	1091.56	145.32	1607.77
2086	23943	1199.22	145.01	1607.86
1981	24465	1906.69	1035.23	873.19
1981	23699	851.56	223.62	1407.88
1980	23699	1919.81	218.99	1487.91
1984	23185	1910.39	389.17	1312.29
2102	24976	1303.98	597.84	1887.54
2177	24758	953.42	3.66	1227.63
2181	24758	1424.28	9.93	1376.74
2179	24758	1247.88	-27.55	1073.61
2180	24758	1137.6	-27.34	887.91
2178	24758	982.68	17.85	557.08
1978	25232	169.63	375.5	526.36
1980	23698	999.91	765.58	106.4
2067	26265	1715.52	-106.7	1863.1
2010	25000	1760.32	11	480.22
2027	25000	1760.84	11	357.51
1933	25254	805.78	15.66	332.99
1949	23455	1231.96	1372.06	283.87
1949	23711	1318.05	1375.99	1255.83
1949	23712	471.78	1387.56	1395.21
1949	23713	191.32	1376.13	1395.53
1949	23713	780.31	1375.36	761.21
1945	23457	512.86	1376.53	556.68
1949	23456	1161.66	1542.3	112.17
1949	23456	193.63	1381.42	702.52
1949	23457	1606.44	1382.22	714.63
1953	23713	1597.1	1398.41	1474.34
2062	26521	599.57	-106.25	637.79
2055	26265	1415.07	-106.71	1651.69
2054	26265	559.19	-104.28	737.88
2053	26265	597.25	-106.46	1134.97
2063	26265	358.28	-103.26	468.01
2058	26265	1260.35	-105.81	696.9
2057	26265	1260.35	-105.81	696.84
2052	26265	1196.42	-106.01	901.38
2051	26265	1197.69	-106.67	1217.7
2105	23448	560.85	298.34	1919.24
2104	23448	271.2	432.95	983.05
2105	23447	1696.1	580.14	177.07
2104	23191	1424.61	683.98	1372.69
2105	23191	973.86	908.9	683.17
2104	23191	593.27	967.2	161.65
2105	22934	1835.33	982.32	1866.86
2104	22934	1009.36	956.88	1819.91
2105	22933	1918.9	872.15	1842.69
2104	23189	925.23	768.56	32.21
2105	23188	1787.89	742.3	4.39
2104	22932	899.22	728.07	1918.47
1984	22931	1818.32	644.85	1919.59
1984	22931	135.95	715.27	1792.39
1980	23956	942.47	767.15	810.8
1981	24467	0.63	1095.52	1583.03
1978	25233	143.31	325.4	1864.54
1978	25489	1492.23	256.59	480.52
2109	22927	1014.79	-123.45	785.06
2109	22923	1722.2	-114.35	735.57
1987	24971	1248.4	502.94	792.94
1990	23177	1630.42	-65	200.1
1990	23174	213.13	262.05	38.33
1991	23173	1558.84	287.96	1497.93
2110	22916	1395.79	1352.01	1485.07
1991	22917	10.9	1349.57	550.4
1991	22917	721.16	1193.31	991.61
1991	23171	792.84	1500.76	836.95
1991	23939	326.94	1191.79	573.87
1991	23939	549.49	1289.59	1702.46
1991	24195	1178.15	1253.01	788.3
2110	24451	1662.58	1049.42	74.32
1991	24451	1178.25	1445.71	1398.93
1991	24707	438.67	1455.09	345.91
1991	24451	58.14	1554.69	1255.35
1991	24450	1101.99	1531.59	372.31
2112	21889	1383.53	1353.7	1050
1996	21888	1806.49	1413.8	1051.71
1996	21888	819.35	1371.89	445.58
2118	21887	1792.8	1378.55	598.98
1996	21887	1124.43	1376.04	120.41
2118	21887	1185.74	1245.16	1208.37
1996	21887	243.46	1410.1	1060.54
1996	21886	1111.22	1417.65	813.59
2118	21886	580.82	1598.47	281.04
1996	21885	1863.15	1672.88	986.95
1996	21885	1063.36	1865.36	682.41
2118	21885	219.4	1862.61	746.85
1996	21884	656.82	2041.07	1053.99
2118	21884	938.84	2054.05	459.55
1996	21884	1583.07	1950.2	1169.41
1995	23164	75.18	1931.87	1444.51
2102	25487	182.05	528.88	666.79
1978	25487	730.04	444.41	1349.06
1978	25744	1315.84	300.9	272.24
2017	25253	142.88	225.84	822.11
2038	25000	1037.3	-0.44	30.21
2037	25000	930.07	-0.41	30.66
1979	24470	521.32	3.54	853.56
1979	24471	1434.22	0	711.05
2101	24214	633.32	0	1712.58
1979	24214	288.25	40.38	1752.99
2101	24215	509.78	1.58	541.27
1979	24215	1691.33	0	1409.47
2101	24215	1019.13	8.2	382.02
1979	23960	459.39	4.99	1567.35
2101	24215	1832.16	8.83	147.77
1979	24215	1896.8	3.71	702.9
1979	24472	146.23	9.78	179.34
2101	24472	241.88	47.78	788.95
1979	24470	700.12	47.44	1457.44
1977	24214	763.84	15.57	1377.7
1977	24215	322.58	0.79	436.84
1977	24216	1080.92	46.07	1035.73
1977	24216	81.18	0.36	890.69
1977	23960	175.68	6.97	1751.54
1977	24471	1784.6	5.36	170.11
2124	23429	1529.63	316.48	698.49
2124	23685	1494.5	176.9	79.83
2124	23685	1700.3	78.28	1204.99
2124	23941	1886.84	-70.07	1475.19
2124	24197	1831.02	-81.35	1307.98
2124	24712	771.98	-2.06	1917.83
2124	24712	1178.89	0.68	1006.15
2124	24712	1795.93	12.21	1462.54
2124	24713	416.92	4.07	1017.82
2124	24201	146.34	-34.2	1318.75
2124	23945	937.26	49.63	1608.4
2124	23945	1017.67	43.43	653.92
2124	23945	1637.91	24.26	1099.87
2124	23689	1483.31	45.65	1525.75
2124	23689	1529.52	38.07	817.58
2124	23690	884.64	29.65	1766.16
2124	23690	607.58	26.18	1006.41
2124	23689	883.36	1.88	144.23
2124	24197	1809.3	-60.95	323.96
2124	23429	1866.62	250.49	1012.16
2112	22659	866.19	1486.04	1550.5
2111	22659	380.3	1463.37	708.51
2112	22658	1891.36	1484.37	1503.9
2112	22658	834.25	1444.87	285.52
2111	22403	491.66	1486.29	22.95
2112	22403	8.23	1454.23	574.75
2111	22402	377.5	1413.98	692.17
2112	22402	702.84	1430.8	45.13
2112	22146	1835.87	1398.99	1079.07
2112	22147	1264.66	1454.02	492.33
2112	21890	1542.02	1463.37	1144.76
2112	21890	494.62	1286.62	1721.7
2112	22146	1016.49	1342.04	310.17
2111	21889	1301.66	1300.85	1649.35
2111	21889	739.29	1430.24	859.38
2111	21889	494.86	1296.98	1582.43
2061	26521	1402.05	-79.75	1258.65
2085	23688	328.88	20	1553.96
1979	23960	1029.63	5.82	1406.52
2101	24216	848.65	61.26	628.5
1979	24471	1796.94	45.1	1147.94
2101	24470	274.03	44.09	270.46
1979	24470	722.06	0	136.76
2101	24469	1840.11	0.32	1501.76
1979	24727	526.29	29.78	431.55
1979	24470	1916.83	0	908.55
2101	24470	1087.3	-0.22	658.65
1979	24216	1265.34	36.79	184.71
2101	23960	1314.08	37.96	1656.03
2101	23960	1095.5	23.8	803.54
2111	22914	325.76	1374.93	1837.54
2112	22914	971.67	1404.47	1712.68
2111	22914	1240.75	1456.25	1133.32
2112	22914	898.62	1444.09	420.87
2111	22915	663.87	1406.17	1085.02
2111	22915	683.12	1359.39	590.53
2111	22915	731.52	1453	60.26
2111	22402	370.45	1431.27	1609.57
2111	22403	470.95	1490.04	550.19
2112	21890	1890.39	1411.04	1816.49
2111	21891	187.17	1468.22	1088.92
2111	21890	1181.78	1377.69	1335.36
2112	21890	724.51	1309.52	1893.71
2112	21890	533.65	1504.11	855.4
2112	22145	1546.87	1226.76	196.05
2111	21889	955.95	1340.5	1673.04
2112	21889	1604.82	1424.11	751.11
2111	21889	43.64	1243.91	1814.49
2111	22146	542.35	1394.64	1523.68
2112	22401	1662.35	1409.71	1145.58
2111	22145	1571.56	1398.4	1666.96
2112	22145	1143.81	1330.91	1309.17
2112	22145	932.5	1281.5	36.09
2111	22146	1619.14	1428.86	309.85
2111	22146	1058.3	1361.89	744.06
2124	24457	247.17	-122.33	859.6
2124	24457	216.9	-82.29	279.02
2124	24456	1397.55	-215.55	1837.08
2124	24712	503.24	8.3	1526.66
2124	24201	675.92	6.73	948.12
2124	24201	94.68	23.15	101.53
2124	23689	1235.96	51.86	1840.43
2124	23690	424.14	45.6	1306.32
1990	23689	1841.33	37.55	1656.34
1990	23945	1364.88	31.48	776.41
1990	23945	563.98	21.09	1901.92
1990	24456	1645.9	-224.89	1668.42
1990	24712	1719.25	-6.54	979.18
1990	24712	736.4	-5.47	1349.03
2060	26521	937.29	-93.95	1791.27
1945	23456	284.32	1512	1742.33
1949	23712	774.52	1548.4	181.35
1945	23456	1262.12	1554.17	1741.13
1949	23456	785.75	1556.86	1355.82
2071	26521	637.74	-96.25	1489.99
2124	23689	1708.29	37.18	326.83
2124	23689	953.15	12.38	610.77
2124	23433	805.13	34.27	1308.42
2124	23434	94.53	58.87	1754.02
2124	23690	1070.39	22.53	582.06
2124	23690	728.36	39.75	1452.76
2124	23946	538.21	25	322.43
2124	23946	253.95	30.22	1380.36
2124	23945	1557.06	19.26	1569.22
2124	24201	1044.88	20.72	181.63
2124	24200	1692.52	-36.25	1279.28
2124	24201	536.36	-45.3	1854.28
2124	24457	79.21	-116.48	555.89
2124	24457	503.55	-142.78	1155.31
2124	24713	411.39	-37.01	89.38
2124	24712	1854.5	-22.78	631.44
2124	24712	811.8	2.66	865.48
2124	24712	1475.28	26.72	1236.9
2124	24712	7.09	36.26	1433.79
1956	25760	1480.98	107.75	1446.8
1934	24232	1583.03	17.5	1808.78
1934	24487	1829.11	-47.71	123.21
1934	24231	439.26	-23.95	1894.83
1934	24486	193.71	161.34	1072.54
1934	24741	1919.32	148.55	902.42
1934	24486	1902.37	5.96	928.31
1934	24489	1178.84	-20.05	361.44
1979	24471	226.5	67.24	1236.57
1979	24470	1015.29	36.16	1101.9
1979	24469	1745.8	70.24	826.12
2101	24470	404.32	24.95	1091.86
2101	24726	1506.44	-60.4	15.65
1979	24470	1556.71	0	696.53
2101	24214	769.24	0	1494.54
1979	24214	849.59	20.79	996.42
2101	24214	1568.55	0	863.98
1979	24215	282.07	0	748.52
1979	24215	821.22	5.01	491.29
2101	24215	1389.26	0	1121.53
1979	24215	1379.36	11.75	361.58
1979	24215	1871.8	0	1595.19
1979	24215	1383.34	0	1506.38
2101	24471	1075.66	1.01	583.97
1979	24471	1159.06	42.15	1588.12
1979	24471	65.86	-45.75	1824.58
2101	24727	174.97	27.49	567.81
2101	24726	1124.99	-40.47	252.64
1979	24470	1227.48	7.74	1708.69
1979	24216	666.79	39.39	1597.07
2101	24216	87.97	1.31	1124.36
1979	24216	262.76	3.39	390.22
1979	23960	259.78	2.6	1860.61
2101	23959	1146.85	46.48	1879.33
2101	23960	700.03	-15.47	1831.16
1979	23960	242.45	44.5	1200.11
2101	24215	1010.9	2.11	1038.31
1979	24470	1406.81	32.68	1226.64
2033	25001	1387.87	0	1872.21
1968	26783	1467.73	67.07	1139.42
1979	24980	1691.74	50.13	1032.15
1979	24981	302.48	21.16	617.95
1979	24726	333.47	17.29	923.88
1979	24726	282.21	12.44	12.96
2101	24470	883.89	65.06	1308.33
1979	24726	856.98	1.95	124.75
2101	24726	1690.36	36.74	697.75
1979	24727	718.46	25.38	327.7
1979	24470	1867.81	-6.94	1262.4
1979	24471	973.51	0	1084.14
2101	24471	554.53	-16.34	1517.99
1979	24471	966.98	28.38	1775
2101	24471	1421.68	53.18	1615.78
1979	24471	1648.62	3.32	503.89
1979	24215	1663.51	0	1659.9
2101	24215	1137.74	-23.22	568.51
2101	24214	1871.28	0.05	655.56
1979	24214	919.01	18.7	1666.97
1979	24470	289.82	42.49	35.62
2101	24470	432.96	21.9	549.9
1979	24470	693.35	1.25	664.82
2101	24216	1009.26	51.25	1139.64
1979	24216	837.3	0	54.99
2101	24216	1359.25	33.1	701.56
2101	24215	1815.47	-30.42	380.77
1979	24215	1401.26	0	868.81
1979	24215	1267.9	0	1199.31
2101	24216	770.05	39.4	1782.2
1979	24472	37.5	9.23	324.14
1979	24472	454.42	42.92	497.31
2101	24471	1424	0	873.34
1978	25231	425.03	733.91	365.27
1979	23960	661.81	11.29	1159.44
1990	23175	1560.72	43.29	425.92
2124	23429	1768.92	299.59	438.26
2124	23429	1363.51	304.77	1051.66
2124	23429	1756.19	226.72	1284.73
2124	23429	1297.99	225.96	1685.72
2124	23429	887.79	288.21	1621.25
2124	23429	1721.34	193.45	1632.64
2124	23685	1225.59	141.53	671.62
2124	23685	952.15	188.53	449.84
2124	23685	1672.8	74.27	636.02
2124	23941	1428.16	21.84	77.92
2124	23941	1396.94	-30.17	506.4
2124	23941	1497.54	-62.3	815.25
2124	23941	1839.52	-53.61	1143.86
2124	23941	1391.06	-74.13	1646.37
2124	24197	1258.2	-11.17	244.03
2124	24197	1447.62	-82.94	762.7
2124	24197	1845.01	-50.72	733.76
2124	24197	1498.54	-80.69	1113.11
2124	24197	1552.97	-77.4	1415.1
2124	24453	1454.64	-87.11	81.71
2124	24453	1104.91	-92.46	360.09
2124	24453	1329.55	-104.31	498.74
2124	24712	491.36	7.58	1735.9
2124	24711	1865.16	10.32	1605.23
2124	24712	885.32	0.64	1060.81
2124	24712	1216.09	26.81	1218.88
2124	24712	1463.79	-0.51	824.13
2124	24713	78.59	17.06	1163.94
2124	24457	188.65	-144.65	1573.34
2124	24456	1599.07	-252.6	1590.54
2124	24457	11.8	-173.12	1249.88
2124	24713	569.09	-27.85	223.8
2124	24457	494.84	-100.72	546.71
2124	24456	1558.65	-143.28	458.91
2124	24201	829.81	2	1163.22
2124	24201	746.31	8.66	445.84
2124	24201	797.85	25.36	31.7
2124	23945	106.52	14.27	1696.21
2124	23945	919.51	40.78	1337.12
2124	23945	1005.75	36.95	365.47
2124	23689	985.7	43.57	1894.19
2124	23945	715.05	42.31	364.98
2124	23946	222.39	28.62	460.87
2124	23690	532.85	23.57	1864.02
2124	23689	1361.23	2.2	536.11
2124	23689	1213.26	5.44	67.86
2124	23690	29.07	27.48	523.1
2124	23433	802.82	10.66	1685.34
2124	23433	1238.86	73.58	1473.95
2124	23690	843.73	26.6	307.68
2124	23690	504.86	44.75	405.1
2124	23434	578.53	40.47	1697.7
2124	23434	443.34	66.89	1382.65
2124	23433	1879.12	48.11	918.45
2124	23433	1665.35	63.98	1295.3
2124	23433	1754.57	29.27	632.47
2124	23434	374.32	28.45	641.03
2110	24195	1761.83	1028.55	1218.18
2110	24451	1406.38	1213.03	590.65
2110	22917	956.09	1004.15	1572.53
2110	23171	512.6	1394.07	1513.54
2110	22915	1238.23	1375.17	1913.53
2110	23171	1825.6	1407.04	493.17
1996	22908	886.59	1364.36	408.11
1996	22652	1098.91	929.58	591.59
1996	22398	35.22	1175.09	977.04
1996	21885	941.17	1871.71	1506.47
1996	21886	1759.82	1366.23	193.88
1996	21888	447.43	1173.59	1649.83
2111	23426	280.31	877.28	1869.26
2112	23426	182.23	916.96	1578.33
2111	23425	1796.48	925.41	1565.2
2112	23425	1797.43	964.54	1284.6
2111	23426	87.21	952.62	1283.08
2112	23426	49.42	995.35	967.77
2112	23425	1776.73	1019.28	685.81
2111	23425	1755.16	1070.19	303.8
2112	23425	1527.64	1081.98	279.95
2111	23425	1760.56	1107.66	85.2
2111	23425	1452.97	1105.64	40.3
2112	23169	1470.2	1139.27	1685.78
2112	23169	1782.8	1163.3	1592.34
2112	23169	1822.52	1201.51	1326.47
2112	23169	1575.16	1230.25	1022.77
2111	23169	1890.81	1229.94	1082.43
2112	23170	77.14	1272.5	789.2
2111	23170	292.16	1278.37	847.34
2112	23170	355	1302.43	728.66
2111	23170	604.21	1342.21	483.01
2112	23170	39.42	1328.69	236.38
2111	23170	640.68	1343.03	93.44
2112	22914	683.2	1404.99	1619.39
2112	22914	915.62	1411.64	1411.37
2111	22914	1123.57	1448.58	1386.8
2112	22914	951.14	1428.94	849.47
2111	22914	1166.1	1448.95	798.28
2111	22914	1743.61	1497.46	965.2
2112	22914	1412.93	1477.44	636.98
2112	22914	1170.29	1452.1	60.66
2111	22914	1380.78	1465.58	155.8
2112	22914	1558.7	1485.52	283.31
2111	22915	92.42	1491.78	852.24
2112	22915	329.27	1490.19	1060.44
2112	22915	939.93	1335.08	832.01
2111	22915	527.74	1384.8	664.9
2112	22915	473.14	1428.97	456.36
2111	22915	935.4	1381.96	505.92
2112	22915	1344.3	1385.09	511.25
2111	22915	1308.3	1410.39	238.98
2112	22915	891.96	1419.52	204.46
2111	22915	457.38	1463.2	175.55
2112	22659	802.73	1465.47	1726.56
2112	22658	1820.68	1515.13	1780.46
2111	22658	1590.45	1491.16	1721.47
2112	22658	1318.91	1470.92	1702.72
2111	22658	1221.51	1479.5	1327.56
2112	22658	1375.76	1450.81	1112.18
2111	22658	1751.5	1436.24	1048.84
2111	22659	451.45	1477.68	1588.97
2112	22659	6.22	1458.33	746.46
2111	22659	190.37	1455.39	519.43
2112	22658	1576.55	1408.91	675.76
2111	22658	1272.13	1436.23	731.19
2112	22658	649.76	1492.37	602.34
2112	22658	1387.33	1391.33	293.48
2112	22403	457.4	1464.63	1620.1
2111	22403	540.49	1487.89	1191.25
2111	22402	1866.41	1441.99	1214.16
2112	22402	1657.06	1399.87	1842.57
2111	22402	1257.7	1391.95	1492.66
2112	22402	816.37	1407.36	1819.38
2112	22402	881.84	1407.26	1298.8
2111	22402	1330.32	1411.07	1175.17
2112	22402	1630.22	1448.71	969.67
2111	22403	1151.09	1453.17	746.14
2112	22403	1189.01	1501.05	232.22
2111	22403	1301.58	1497.15	40.18
2112	22147	898.1	1480.17	1731.24
2112	22402	1346.82	1401.9	450.3
2111	22402	1130	1365.32	704.52
2112	22402	162.38	1333.2	505.59
2111	22401	1613.81	1438.44	630.34
2112	22402	89.54	1401.56	1060.28
2111	22146	881.27	1398.91	1768.27
2111	22146	1073.23	1393.6	1395.1
2112	22146	1497.06	1456.97	1907.31
2111	22147	698.85	1478.76	1455.74
2111	22147	445.38	1443.67	1187.22
2112	22147	43.15	1404.27	1241.76
2111	22146	1616.2	1424.91	1196.85
2112	22146	407.34	1363.55	1175.05
2111	22145	1222.77	1407.11	1793.81
2112	22145	1386.87	1334.05	987.69
2111	22145	1744.81	1341.86	803.97
2112	22146	206.18	1325.52	793.07
2111	22146	15.89	1229.78	320.26
2112	22146	545.88	1262.41	302.25
2111	22146	810.52	1296.79	466.79
2112	22146	1699.42	1410.32	859.01
2112	22147	373.33	1456.14	775.21
2111	22147	739	1446.49	694.75
2112	22147	1032.88	1419.41	559.45
2111	22147	1030.24	1434.71	216.25
2112	22147	1200.28	1473.82	17.93
2112	22147	799.24	1441.87	371.29
2111	21891	712.15	1478.77	1575.63
2112	21891	307.25	1466.98	1297.18
2111	21891	28.17	1417.04	1538.97
2112	21890	1629.76	1419.32	1423.13
2111	21890	1190.66	1468.96	642.21
2112	21890	996.3	1452.77	799.33
2111	21890	803.91	1347.11	1195.62
2112	21890	1137.13	1353.35	1773.96
2111	22146	1262.9	1392.26	305.45
2112	22147	25.48	1421.37	295.63
2112	21890	322.49	1228.47	1875.23
2111	22146	899.39	1324.97	91.12
2112	21890	279.15	1373.18	1011.4
2112	21890	392.65	1466.14	613.45
2112	21889	1854.57	1350.85	1041.08
2112	21889	1070.6	1395.71	829.83
2111	21889	1262.49	1485.06	235.31
2111	21889	1617.59	1319.13	1322.66
2112	21889	1435.42	1296.35	1465.47
2112	21889	655.26	1372.76	1086.44
2111	21889	293.06	1244.43	1823.57
2112	21889	263.6	1322.05	1227.72
2000	23421	61.26	587.99	1187.62
2000	23421	1219.11	564.77	995.49
2000	23422	337.99	504.75	1881.75
2000	23678	1030.9	567.13	809.47
2000	23679	174.12	511.18	1245.74
2000	23679	1004.25	488.58	875.46
2000	23422	1474.8	323.03	1611.22
2000	23422	1876.46	462.34	723.74
2000	23679	833.53	315.26	57.5
2000	23422	252.15	470.73	483.94
2000	23421	509.91	444.96	292.56
2000	23420	1474.75	598.39	242.42
2000	23164	1795.55	458.56	1371.64
2000	23678	1792.52	314.71	559.16
2000	23678	1340.07	565.38	1375.34
2000	23679	1897.21	541.78	901.67
2000	23421	1531.11	563.48	177.28
2000	23422	1097.1	383.15	767.17
2000	23423	344.93	818.26	1398.06
2127	23165	385.18	355.51	850.29
2127	23165	1469.96	426.72	1017.14
2127	23166	692.9	535.48	1458.59
2127	23166	1738.5	532.49	965.36
2127	23167	476.41	534.28	147.04
2127	22910	1375.9	541.88	1912.16
2127	22911	1102.53	537.32	1236.41
2127	22911	1066.97	526	284.43
2127	22655	1039.04	563.96	1235.03
2127	22655	1061.5	545.93	227.77
2127	22655	250.14	419.86	850.65
2127	22654	1165.16	332.51	1141.73
2127	22654	1744.81	533.56	1907.05
2127	22910	1518.42	558.51	811.84
2127	22910	741.44	574.18	20.55
2127	22654	328.42	734.83	1041.37
2127	22910	131.85	598.16	670.58
2127	22909	1146.37	567.22	800.29
2127	22910	66.41	597.7	1528.59
2127	22909	802.13	361.39	1562.83
2127	23165	1282.01	353.38	258.89
2127	23166	1061.07	538.14	861.41
2126	23680	161.31	388.43	171.66
2126	23680	1657.99	580.02	847.23
2126	23425	368.69	535.74	1848.5
2126	23424	1398.24	412.36	1115.47
2126	23424	431.43	452.45	376.53
2126	23423	1581.88	452.82	934.48
2126	23168	778.1	497.52	1450.73
2126	23425	897.62	533.11	1169.34
2126	23169	482.77	460.18	1824.07
2126	23168	1582.26	488.68	1131.54
2126	23169	348.32	454.98	161.34
2126	22913	402.78	451.72	1253.37
2126	22913	1229.3	500.85	1193.95
2126	23680	894.74	353.4	538.98
2126	22912	972.16	531.41	1610.04
2127	23422	1580.82	409.4	1102.78
2000	23424	636.72	407.65	559.49
2125	22912	619.49	538.42	1590.2
2125	22912	1229.09	492.03	950.43
2125	22912	326.53	506.38	697.78
2125	22656	97.24	513.71	1760.02
2125	22399	1813.08	573.21	1868.19
2125	22655	1319.84	544.46	141.33
2125	22656	421.28	514.01	512.16
2125	22656	965.08	484.16	1197.4
2125	22656	1543.85	449.52	1818.19
2125	22657	15.69	468.71	1125.23
2125	22913	33.73	443.61	519.82
2125	22913	609.14	438.35	147.31
2125	22913	1355.2	466.83	358.96
2125	22657	699.42	472.54	1130.73
2125	23166	1881.46	534.33	267.38
1956	25245	906.03	75.48	697.34
1935	24232	1486.15	6.6	197.46
1935	24232	716.3	93.22	360.77
1969	25237	1854.49	-19.21	1627.31
1970	26004	1332.76	53.25	1711.57
1978	25490	1130.55	118.14	329.11
1978	25233	728.08	321.94	1546.72
2124	23429	1301.7	272.12	1253.18
2124	23429	1782.13	273.85	607
2124	23430	338.08	246	720.36
1936	25003	1192.15	41.86	1166.93
1956	25759	1555.37	43	1453.44
1963	26523	566.86	-88.25	1114.85
1963	26268	280.96	31.98	659.14
1963	25754	414.18	-14.07	701
1965	25754	1107.83	2.78	456.13
1963	24987	355.74	67.9	1880.54
1965	24986	1197.28	68.54	294.95
1963	24986	329.56	67.13	541.45
1965	24730	19.7	68.58	1876.28
1963	24986	39.56	26.55	1399.17
1965	25242	980.51	-7.6	1396.92
1963	25498	163.44	2.83	821.53
1965	25497	1258.67	3.04	1447.52
1963	25241	1027.14	0.82	1034.46
1965	24729	66.14	65.24	1366.82
1963	24984	1672.65	17.53	1479.66
1965	25241	336.2	15.19	236.3
1963	25241	388.03	11.75	1574.53
1965	25497	209.35	6.19	1446.89
1963	25752	1417.25	8.71	820.34
1965	25752	792.98	0	286.94
1963	25752	63.04	0	322.78
1965	24984	53.26	0	1778.05
1963	25239	1184.66	0.01	398.99
1965	25239	373.24	-0.01	588
1963	25751	1432.32	0	762.71
1965	26772	1779.77	8.3	48.61
1965	26516	1518.88	-14.21	651.95
1965	27028	1390.36	318.87	524.33
2102	25489	1764.21	104.49	1263.25
1978	25489	580.33	250.6	710.79
2102	25488	1531.54	244.6	363.7
1978	25487	1125.51	466.9	512.82
2102	25232	1023.47	510.05	671.46
1978	25488	824.79	382.21	1598.92
1996	22398	1431.19	1483.87	612.14
2000	23421	1905.01	372.39	1203.05
2127	22911	334.46	606.74	532.01
2126	22912	1656.13	491.34	1797.78
2019	25255	588.05	0	299.92
2021	25255	1027	0	569.79
1941	26027	207.07	433.39	1056.83
1940	26027	186.14	433.68	476.18
1941	25771	168.48	433.68	1816.82
1940	25771	151.56	433.33	1239.46
1941	25770	1739.01	433.17	1513.54
1940	25771	186.26	432.74	663.5
1941	25771	175.3	432.74	45.86
1940	25515	781.46	331.3	1730.11
1941	25771	777.7	331.23	356.92
1940	25771	794.36	331.23	960.01
1941	25771	767.06	331.23	1577.89
1940	26027	766.74	331.12	280.02
1941	26027	750.68	332.8	792.5
1940	26027	739.57	333.5	1245.39
1941	26027	1395.22	247.07	1115.59
1940	26027	1368.22	244.29	545.76
1941	25771	1355.73	240.2	1870.26
1940	25771	1348.07	240.13	1272.87
1941	25771	1355.97	240.13	663.14
1940	25515	1363.63	240.13	1622.93
1941	25516	56.15	147.03	1590.32
1940	25772	54.47	147.04	787.73
1941	25772	25.78	145.62	1335.13
1940	25772	3.65	146.83	1889.83
1941	26027	1904.39	145.23	623.69
1940	26028	50.89	144.21	1133.89
1941	26028	933.7	50.11	875.93
1940	25772	950.32	50.27	1731.25
1940	25772	930.67	49.51	157.66
1940	25516	1842.19	136.48	1811.66
1941	25772	1816.4	137.31	619.12
1940	25772	1825.59	137.37	1222.09
1941	25772	1802.81	137.37	1919.34
1940	26028	1796.57	137.37	570.6
1941	26028	1773.05	137.31	1083.91
1940	26029	547.73	236.1	1116.67
1941	26029	573.03	236.11	454.09
1940	25773	571.69	236.12	1728.34
1941	25773	558.52	236.12	1060.66
1940	25773	544.46	236.12	389.15
1941	25517	532.96	236.01	1696.29
1940	25517	1255.56	322.31	1849.19
1941	25773	1231.29	322.33	596.26
1940	25773	1241.69	322.33	1253.22
1941	25773	1203.57	322.33	1882.48
1940	26029	1188.83	322.26	560.56
1941	26029	1217.83	319.52	1092.29
1940	26029	1728.99	424.96	1124.57
1941	26029	1760.18	424.96	544.85
1940	26029	1725.33	424.97	69.28
1941	25773	1687.55	422.87	1508.15
1940	25773	1698.54	422.9	1090.52
1941	25774	79.03	424.45	1317.81
1940	25773	1736.79	424.98	641.14
1941	25517	1711.64	420.14	1886.35
1941	26284	678.24	11.98	605.35
1941	26284	1285.86	12.84	568.59
1940	25771	1358.05	240.13	172.37
1941	25772	24.84	147.03	231.87
1940	25772	933.24	49.56	877.75
1941	26028	951.96	50.1	427.61
1950	25771	1334.68	240.14	956.1
1950	25771	193.22	432.74	353.57
1950	25771	119.62	433.68	1555.39
1950	26027	190.67	433.68	766.63
1950	25771	769.93	331.3	1919.4
1950	26028	36.68	145.53	310.39
1950	25772	1807.66	137.37	235.64
1950	25772	1811.6	137.37	1571.73
1950	26029	570.34	236.1	773.94
1950	25773	533.79	236.12	644.36
1950	25773	1224.79	322.34	924.85
1950	25773	1194.65	322.33	1580.04
1950	25773	1817.78	423.48	1273.49
1950	25773	1746.78	418.75	305.24
1949	23456	572.87	1558.83	1348.16
1949	23456	334.25	1555.19	1352
1949	23456	1001.72	1556.98	1346.26
1949	23456	1222.57	1550.96	1344.57
1945	23456	331.87	1555.55	1545.67
1945	23456	85.88	1552.56	1607.15
1945	23456	89.29	1552.02	1826.39
1945	23712	320.98	1559.07	5.11
1945	23712	350.31	1552.14	179.08
1949	23712	540.98	1553.06	203.78
1949	23712	667.69	1556.05	160.55
1949	23712	923.39	1551.12	163.01
1949	23712	1106.84	1554.31	150.99
1949	23712	1253.91	1552.61	136.99
1945	23456	1266.63	1551.59	1858.02
1945	23456	1475.34	1551.4	1863.9
1945	23456	1491.71	1552.33	1604.38
1945	23456	1249.96	1556.53	1560.29
1966	25499	1866.86	45.04	465.1
1966	25499	1655.74	-32.74	1779.87
1966	25756	1080.6	-57.25	1123.93
1966	26012	126.83	-45	42.32
1960	25757	251	-11.3	360.9
1960	25757	510.89	-58.14	1197.89
1960	25758	1163.45	86.87	467.29
1960	25758	828.1	22.39	1263.87
1960	25759	1037.29	37.14	1681.61
1964	26267	431.77	-128.79	506.78
1964	26266	1219.95	-91.11	417.37
1964	26268	864.18	-41.22	1062.24
1960	25757	1545.78	192.35	395.47
1966	25499	623.95	-5.91	1856.74
1966	25498	1066.53	-10.32	481.48
2000	23423	540.75	533	169.92
2125	23168	68.05	546.3	405.01
1971	-32767	605.84	-9.98	202.72
3667	-32767	619.73	-9.98	194.16
1971	-32767	1294.51	-9.98	209.59
3667	-32767	1275.97	-9.98	215.16
1972	-32767	-788.6	0	267.54
1972	-32767	-193.56	0	302.4
1972	-32767	-809.54	0	-242.09
1972	-32767	-233.59	-6.56	-254.39
3668	-32767	-786	0	256.51
3668	-32767	-811.56	0	-253.76
3668	-32767	-225.23	-2.6	-266.19
3668	-32767	-187.02	0	298.93
1972	-32767	2143.01	-4.7	250.16
1972	-32767	2692.56	0	258.07
1972	-32767	2687.4	0	-274.2
1972	-32767	2135.67	0	-274.86
3668	-32767	2135.89	-3.77	244.46
3668	-32767	2131.93	0	-287.59
3668	-32767	2692.76	0	-298.09
3668	-32767	2696.1	0	237.99
1972	-32767	438.1	140	324.78
1972	-32767	739.29	142.52	325.98
1972	-32767	730.15	140	23.45
1972	-32767	442.68	142.52	33.53
3668	-32767	442.33	143.35	324.59
3668	-32767	745.95	142.52	325.94
3668	-32767	738.63	142.52	27.18
3668	-32767	447.73	142.52	41.81
1972	-32767	1148.86	143.32	336.1
1972	-32767	1436.22	142.52	346.11
1972	-32767	1437.69	142.52	81.07
1972	-32767	1146.85	142.52	75.82
3668	-32767	1150.93	143.27	340.28
3668	-32767	1449.84	142.52	349.78
3668	-32767	1448.12	142.52	77.67
3668	-32767	1140.38	142.52	74.42
1973	-32767	-774.25	145	232.51
1973	-32767	-224.3	145	240.47
1973	-32767	-238.13	145	-246.6
1973	-32767	-779.54	145	-242.35
3669	-32767	-774.65	145	236.25
3669	-32767	-223.81	145	249.03
3669	-32767	-783.01	145	-238.79
3669	-32767	-227.52	145	-252.01
1973	-32767	2139.87	140	214.1
1973	-32767	2687.66	145	236.37
1973	-32767	2706.17	145	-280.85
1973	-32767	2144.18	145	-289.78
3669	-32767	2143.76	140	212.13
3669	-32767	2695.54	145	236.34
3669	-32767	2718.12	145	-265.19
3669	-32767	2136.47	145	-277.95
1973	-32767	490.33	284.97	335.47
1973	-32767	744.38	284.97	338.92
1973	-32767	466.68	284.97	58.1
1973	-32767	752.98	284.97	61.29
3669	-32767	443.68	284.96	350.69
3669	-32767	760.26	284.97	351.31
3669	-32767	771.82	284.97	49.13
3669	-32767	447.81	284.96	49.67
1973	-32767	1131.88	284.97	358.02
1973	-32767	1444.79	284.97	354.92
1973	-32767	1448.12	284.97	50.28
1973	-32767	1141.6	284.97	57.88
3669	-32767	1145.61	284.97	351.07
3669	-32767	1460.43	284.97	358.31
3669	-32767	1454	284.97	63.13
3669	-32767	1146.23	284.97	68.91
1974	-32767	-530.45	280	9.34
3670	-32767	-513.55	280	-2.68
1974	-32767	2389.33	284.9	32.21
3670	-32767	2402.55	284.9	17.17
1975	-32767	610.81	420	186.19
3671	-32767	613.22	420	214.63
1975	-32767	1302.86	420	206.15
3671	-32767	1309.58	420	219.33
1976	-32767	-527.47	420	38.14
3672	-32767	-514.59	420	27.53
1976	-32767	2187.48	425.04	213.56
1976	-32767	2668.38	425.04	211.79
1976	-32767	2672.61	425.04	-251.29
1976	-32767	2181.88	425.04	-247.47
3672	-32767	2191.8	425.04	198.05
3672	-32767	2681.75	425.04	202.85
3672	-32767	2683.75	425.04	-264.77
3672	-32767	2168.49	425.04	-256.25
1954	23712	532.82	1390.6	938.17
1954	23455	1254.82	1386.23	1578.66
1954	23456	400.92	1387.23	690.95
1954	23457	466.7	1384.57	1636.89
1982	23701	101.45	232.87	1202.48
1982	23445	65.77	209.76	788.22
1982	23444	187.66	219.31	722.35
1982	23699	1909.22	226.59	1038.2
2002	23422	1762.51	456.24	982.75
2002	23424	527.29	194.26	589.58
2002	22912	694.28	537.77	1672.36
2002	23166	1880.8	534.36	267.65
1971	-32767	1374.45	-9.98	-1929.66
3667	-32767	1360.56	-9.98	-1921.1
1971	-32767	685.78	-9.98	-1936.53
3667	-32767	704.32	-9.98	-1942.1
1972	-32767	2768.89	0	-1994.48
1972	-32767	2190.85	0	-2029.34
1972	-32767	2789.83	0	-1484.85
1972	-32767	2213.88	-6.56	-1472.55
3668	-32767	2766.29	0	-1983.45
3668	-32767	2791.85	0	-1473.18
3668	-32767	2205.52	-2.6	-1460.75
3668	-32767	2190.31	0	-2025.87
1972	-32767	-162.72	-4.7	-1977.1
1972	-32767	-712.27	0	-1985.01
1972	-32767	-707.11	0	-1452.74
1972	-32767	-155.38	0	-1452.08
3668	-32767	-155.6	-3.77	-1971.4
3668	-32767	-151.64	0	-1439.35
3668	-32767	-712.47	0	-1428.85
3668	-32767	-715.81	0	-1964.93
1972	-32767	1542.19	140	-2051.72
1972	-32767	1241	142.52	-2052.92
1972	-32767	1250.14	140	-1750.39
1972	-32767	1537.61	142.52	-1760.47
3668	-32767	1537.96	143.35	-2051.53
3668	-32767	1234.34	142.52	-2052.88
3668	-32767	1241.66	142.52	-1754.12
3668	-32767	1532.56	142.52	-1768.75
1972	-32767	831.43	143.32	-2063.04
1972	-32767	544.07	142.52	-2073.05
1972	-32767	542.6	142.52	-1808.01
1972	-32767	833.44	142.52	-1802.76
3668	-32767	829.36	143.27	-2067.22
3668	-32767	530.45	142.52	-2076.72
3668	-32767	532.17	142.52	-1804.61
3668	-32767	839.91	142.52	-1801.36
1973	-32767	2754.54	145	-1959.45
1973	-32767	2204.59	145	-1967.41
1973	-32767	2218.42	145	-1480.34
1973	-32767	2759.83	145	-1484.59
3669	-32767	2754.94	145	-1963.19
3669	-32767	2204.1	145	-1975.97
3669	-32767	2763.3	145	-1488.15
3669	-32767	2207.81	145	-1474.93
1973	-32767	-159.58	140	-1941.04
1973	-32767	-707.37	145	-1963.31
1973	-32767	-725.88	145	-1446.09
1973	-32767	-163.89	145	-1437.16
3669	-32767	-163.47	140	-1939.07
3669	-32767	-715.25	145	-1963.28
3669	-32767	-737.83	145	-1461.75
3669	-32767	-156.18	145	-1448.99
1973	-32767	1489.96	284.97	-2062.41
1973	-32767	1235.91	284.97	-2065.86
1973	-32767	1513.61	284.97	-1785.04
1973	-32767	1227.31	284.97	-1788.23
3669	-32767	1536.61	284.96	-2077.63
3669	-32767	1220.03	284.97	-2078.25
3669	-32767	1208.47	284.97	-1776.07
3669	-32767	1532.48	284.96	-1776.61
1973	-32767	848.41	284.97	-2084.96
1973	-32767	535.5	284.97	-2081.86
1973	-32767	532.17	284.97	-1777.22
1973	-32767	838.69	284.97	-1784.82
3669	-32767	834.68	284.97	-2078.01
3669	-32767	519.86	284.97	-2085.25
3669	-32767	526.29	284.97	-1790.07
3669	-32767	834.06	284.97	-1795.85
1974	-32767	2510.74	280	-1736.28
3670	-32767	2493.84	280	-1724.26
1974	-32767	-409.04	284.9	-1759.15
3670	-32767	-422.26	284.9	-1744.11
1975	-32767	1369.48	420	-1913.13
3671	-32767	1367.07	420	-1941.57
1975	-32767	677.43	420	-1933.09
3671	-32767	670.71	420	-1946.27
1976	-32767	2507.76	420	-1765.08
3672	-32767	2494.88	420	-1745.47
1976	-32767	-207.19	425.04	-1940.5
1976	-32767	-688.09	425.04	-1938.73
1976	-32767	-692.32	425.04	-1475.65
1976	-32767	-201.59	425.04	-1479.47
3672	-32767	-211.51	425.04	-1924.99
3672	-32767	-701.46	425.04	-1929.79
3672	-32767	-703.46	425.04	-1462.17
3672	-32767	-188.2	425.04	-1470.69
1979	24469	1744.29	6.47	1504.04
2101	24470	614.64	6.33	950.58
1979	24726	1219.69	-30.89	100.17
2101	24471	221.85	-45.68	1787.85
1979	24470	1299.93	-1.18	824.82
2101	24214	688.63	0	1621.81
1979	24215	1169.07	9.21	440.59
2101	24471	1494.17	0	828.07
1979	24216	435.32	30.08	1588.4
2101	24216	176.14	-18.67	249.77
1979	23960	713.21	-17.27	1527.51
2124	23433	1608.12	74.37	1706.89
2124	23690	457.38	35.98	679.66
2124	23689	1804.4	39.35	1822.31
2124	23946	64.81	29.47	988.08
2124	24201	902.3	15.53	183.78
2124	24201	623.45	-7.4	1278.49
2124	24457	450.59	-81.89	273.13
2124	24457	152.98	-153.03	1356.61
2124	24712	1520.99	6.27	971.95
2124	24712	643.39	11.4	1256.63
2124	24197	1531.87	-76.79	994.35
2124	24197	1406.96	-38.71	221.16
2124	23941	1588.36	-78.78	1291.78
2124	23685	1410.37	118.22	517.32
2124	23429	1430.56	246.01	1516.87
2124	23429	1780.28	279.22	776.02
2124	23685	1457.31	41.33	1887.97
2111	23426	16.84	949.6	1235.1
2112	23425	1726.54	1052.98	412.79
2111	23169	1695.07	1152.96	1564.81
2112	23169	1910.4	1275.37	793.53
2111	23170	365.14	1336.12	150.46
2112	22914	795.35	1406.6	1532.57
2111	22914	1038.61	1431.73	896.35
2112	22914	1334.67	1459.67	260.5
2111	22915	723.51	1341.06	754.42
2112	22659	573.64	1458.79	1903.57
2111	22659	65.5	1483.55	1362.96
2112	22658	1361.14	1452.62	1317.41
2111	22658	1463.8	1403.57	611.98
2112	22659	209.31	1459.17	595.64
2111	22658	1073.36	1404.9	20.91
2112	22402	1041.53	1384.14	1133.05
2111	22402	938.94	1358.44	199.72
2112	22402	265.4	1322.6	474.04
2111	22146	1098.5	1386.33	1190.84
2112	22146	1026.37	1341.34	424.63
2111	22147	565.85	1465.43	822.33
2112	22147	349.5	1428.38	1484.58
2111	21891	636.25	1477.33	1839.37
2112	21890	1736.1	1410.12	1576.82
2111	21890	393.81	1455.42	796.65
2112	22146	180.35	1209.29	64.15
2111	21889	1256.41	1378.82	730.91
2112	21889	467.08	1283.68	1711.27
2111	22146	348.29	1357.62	1118.59
1954	23965	60.96	645.3	94.49
1954	24478	16.37	527.27	231.51
1954	24223	1359.33	906.13	304.92
1954	23970	1508.24	1051.97	1679.7
1954	23202	1709.13	1027.5	1603.99
1954	23198	1281.72	1002.67	814.4
1954	23453	854.73	701.3	406.29
1982	24721	1258.45	827.5	723.54
1982	24467	132.52	-168.01	411.48
1982	24212	835.65	1109.79	1289.69
1982	23447	977.37	278.26	1768.52
1982	23188	923.97	723.48	170.43
1982	23953	1209.36	1071.76	1589.88
1982	24468	1215.86	1035.36	1710.4
2002	23931	1418.61	1793.99	573.73
2002	22139	982.9	1864.17	1082.73
2002	22141	828.11	1770.59	208.22
2002	22146	996.61	1330.66	484.92
2002	23937	1113.96	1277.18	1228.19
2002	24191	1283.78	1397.57	784.22
2002	23421	615.84	843.01	688.46
2109	23180	681.05	-95.99	1209.22
2109	23436	741.69	-10.25	355.04
2109	23180	1447.72	-39.29	1846.41
2109	23692	676.49	-1.29	313.46
2109	24204	211.64	95.43	48.36
2109	22924	672.86	-281.18	1462.61
1995	23930	1275.63	1981.91	513.6
1995	23930	251.25	2051.03	1138.01
1995	23929	863.11	2093.61	500.14
3805	26756	173.06	-31.32	1108.56
3803	26755	845.08	-4.46	1370.87
3808	26497	776.6	101.78	1451.2
3826	23436	1189.4	-22.49	1324.57
3827	23180	1644.16	-32.06	752.79
3824	23439	323.36	17.89	1747.85
3825	23183	275.92	-25.64	888.49
2041	24999	901.51	16.19	621.18
3863	24438	138.37	2509.15	931.93
3865	24437	1576.72	2473.1	1259.91
3863	24437	1282.31	2414.34	1714.55
3865	24693	1047.7	2343.02	166.03
3863	24693	732.92	2274.73	457.22
3865	24693	391.65	2234.91	847.03
3863	24693	87.94	2226.28	1292.88
3865	24692	1710.07	2223.94	1741.05
3865	24948	1210.27	2243.56	84.65
3863	24181	1748.4	2530.69	1832.98
3865	24181	1423.13	2668.7	1325.33
3863	24181	1199.21	2772.03	804.49
3864	23925	1471.14	2619.12	1060.42
3864	23925	1370.76	2535.48	456.63
3864	23669	1098.39	2427.01	1684.02
3864	23669	960.62	2225.5	939.22
3864	23413	1057.92	2094.83	1868.21
3864	23413	1689.15	2092.36	1615.82
3864	23413	889.42	2089.82	489.33
3864	23414	436.66	2094.87	1312.48
3864	23413	1562.96	2092.15	854.42
3863	23913	623.3	2330.9	1016.28
3865	23913	560.13	2336.47	939.48
3863	23913	130.4	2363.96	454.6
3865	23913	58.98	2364.85	386.47
3863	23657	80.65	2362.83	1746.4
3865	23657	108.58	2372.86	1613.97
3863	23657	1112.25	2300.64	1842.41
3865	23657	1046.49	2300.65	1814.72
3863	23657	747.06	2306.48	1260.28
3865	23657	733.19	2307.47	1170.31
3863	23657	489.51	2311.33	498.38
3865	23657	468.8	2313.32	408.49
3863	23657	1470.64	2275.39	571.04
3865	23657	1529.12	2261.15	500.25
3863	23401	391.78	2279.91	1648.53
3865	23401	970.89	2251.14	1776.27
3863	22133	1853.51	2525.9	1649.25
3863	22133	1438.17	2680.04	1215.38
3863	22133	1154.87	2775.87	728.28
3863	22133	766.52	2921.4	44.95
3865	22133	537.52	2962.83	143.69
3863	21877	4.89	3197.88	1517.16
3865	21877	63.93	3165.19	1579.87
3863	21876	1302.71	3330.71	1427.8
3865	21876	1131.62	3375.71	1602.5
3863	21876	1096.29	3433.78	904.01
3865	21876	527.03	3407.72	1060.17
3863	21876	452.18	3489.21	1561.46
3865	21876	475.61	3489.58	1603.05
3863	21875	1152.63	3494.08	1663.31
3865	21875	1199.06	3487.36	1749.73
3863	22131	805.29	3529.55	157.67
3865	22131	707.36	3525.52	194.12
3863	22390	211.45	2501.45	883.84
3863	22389	1609.68	2479.94	1285.73
3863	22389	1204.03	2414.58	1752.24
3863	22645	938.25	2349.17	326.97
3863	22645	641.73	2315.47	728.78
3863	22645	375.73	2299.67	1137.5
3865	22645	755.3	2319.39	730.15
3865	22389	1219.32	2410.24	1841.32
3864	23157	1560.01	2083.41	1776.89
3864	23157	1338.85	2070.04	1096.88
3864	23158	195.42	2092.81	1108.19
3864	23158	385.36	2092.82	1150.83
3864	23157	1197.41	2077.68	298.95
3864	22901	831.34	2063.14	1672.15
3864	22901	245.37	2074.03	1238.75
3864	22901	882.29	2096.24	1469.72
5871	26181	1890.61	-34.68	1094.7
5871	26441	1654.1	-84.37	1125.79
5871	25414	1249.93	-3.65	1906.13
5871	25416	258	0	1910.41
5871	25157	1844.07	196.47	1447.81
5871	25161	930.72	-4.39	1614
5871	25929	515.92	-11.14	382.89
5871	25674	385.69	0	1294.15
5871	25926	586.84	0	936.75
5901	24185	615.54	2134.74	27.1
5906	23925	1300.88	2835.98	1839.27
5903	23411	971.28	2555.62	55.95
5908	23155	739.47	2505.31	782.83
5907	22125	616.32	2584.93	698.74
5904	23918	770.06	3814.88	384.18
5909	23914	1167.5	2815.08	370.85
5902	22137	851.51	2064.43	1033.44
5910	24438	1120.72	2552.81	313.19
5911	22134	919.97	2545.55	1902.6
5872	24180	954.29	5787.75	1824.5
5877	22388	877.01	5791.01	83.4
5873	24427	1087.49	5613.74	340.93
5878	22379	846	5925.33	227.11
5874	23920	89.84	4777.66	178.74
5876	23149	1420.62	4385.53	2.78
5875	23409	1895.2	4707.95	146.02
2126	23681	84.97	576.68	470.69
2126	23425	643.43	567.81	1522
2126	23425	784.38	466.76	523.63
2126	23169	664.79	529.65	1042.87
2126	23168	1199.64	380.19	1363.09
2126	23424	1750.25	359.38	1474.2
2126	23423	1509.38	381.87	1659.61
2126	23680	499.53	348.87	396.78
2126	23680	1215.77	462.53	794.61
2126	23169	87.91	363.38	1599.32
2126	23168	1691.67	471.7	518.8
2126	22913	526.18	480.6	1715.7
2126	22913	1263.85	477	787.64
2126	23424	89.22	461.62	160.13
2126	23169	779.34	479.42	352.7
2127	22912	192.86	501.31	274.8
2127	22656	666.44	500.39	852.18
2127	22655	1441.71	543.38	169.02
2127	22655	622.11	510.28	1033.08
2127	22655	1059.83	548.25	1736.27
2127	22911	1109.4	534.95	729.67
2127	22910	1793.05	579.11	396
2127	22654	1413.11	384.5	1489.23
2127	22654	475.86	729.92	1495.84
2127	22910	16.44	758.87	269.82
2127	22909	1456.97	431.7	1087.02
2127	23165	1690.1	439.48	51.5
2127	23165	781.29	336.24	534.63
2127	23165	162.52	409.63	1062.82
2127	23165	1827.71	543.21	1556.42
2127	23166	469.69	538.29	1838.68
2127	23166	1863.63	523.89	1364.46
2127	23167	1203.36	537.23	145.09
2127	23165	281.53	387.47	374.77
2127	22910	792.42	480.21	1875.51
2125	22657	1097.2	517.81	913.39
2125	22657	1549.83	500.23	1514.03
2125	22657	78.79	448.52	1409.29
2125	23168	40.62	533	579.23
2125	22913	698.3	450.67	608.38
2000	23679	1418	552.68	953.98
2000	23423	1191.31	397.39	1816.62
2000	23679	617.87	601.74	1483.23
2000	23679	339.13	356.1	315.17
2000	23678	613.69	581.06	882.69
2000	23678	323.66	573.45	193.69
2000	23423	698.71	533	617.39
2000	23421	1412.84	562.18	1489.7
2000	23422	665.68	419.57	646.57
2000	23420	1492.01	632.61	910.1
2000	23164	1651.37	480.39	1418.62
2000	23678	1187.56	300.5	28.36
1996	21887	1827.48	1246.16	1429.17
1996	22143	1382.38	1395.29	1185.25
1996	21887	511.07	1419.28	75.17
1996	21886	1663.61	1337.98	1655.75
1996	22142	1221.36	1410.99	1164.28
1996	22142	324.97	1792.79	1714.63
1996	21885	242.92	1883.51	1509.55
1996	22142	21.58	1667.78	774.18
1996	21885	1891.59	1600.66	1550.27
2118	21884	984.28	1982.01	1474
2118	21884	1571.24	1956.81	530.93
2118	21885	712.57	1849.91	721.49
2118	22140	652.78	1920.7	520.61
2118	22138	1442.69	1920.49	722.75
2118	22395	794.5	1957.14	763.36
2118	22139	1009.34	1919.45	554.22
2118	22139	1666.56	1905.43	1064.66
2118	22140	1873.41	1897.45	733.82
2118	21886	893.31	1440.5	1400
2118	22142	880.15	1585.06	1571.35
5871	26443	762.5	-38.93	832.4
5871	26186	1049.7	0	664.7
5871	26187	1879.52	0	882.88
5871	25931	1476.85	-2.56	500.86
5852	27984	1386.86	416.46	668.06
5865	26182	1746.17	-8.68	1461.31
5867	25669	292.72	-28.25	954.63
5869	24901	1861.26	854	1185.63
5869	24901	1831.07	854	719.5
5869	24901	1818.72	854	171.98
5869	24901	1315.82	853.86	158.16
5869	24901	795.73	853.94	161.51
5869	24645	654.74	857.1	1503.72
5869	24645	1154.16	854.56	1483.63
5869	24645	1714.11	857.44	1520.48
5869	24646	374.11	854	1801
5869	24646	908.68	854	1790.85
5869	24646	1450.04	854	1834.72
5869	24902	1903.01	854	1242.02
5869	24902	1871.01	854	765.82
5869	24903	16.41	854.04	247.71
5869	24646	868	854.15	1419.44
5869	24647	39.39	854.14	1595.39
5869	24903	714.33	854	321.42
5869	24647	989.04	853.92	1750.15
5869	24646	1898.55	851.45	1132.79
5869	24647	613.22	853.59	1350.87
5869	24647	1100.53	850.05	1123.55
5869	24647	512.65	849.98	807.6
5869	24647	937.49	850.87	498.5
5869	24647	527.74	850.43	203.01
5869	24391	1022.31	849.06	1795.3
5869	24391	529.43	849.19	1396.66
5869	24391	1003.16	849	1074.13
5869	24391	563	849	795.25
5869	24645	1908.51	857.03	1028.37
5869	24645	1422.42	857.51	1028.31
5869	24645	1046.83	856.69	1035.11
5869	24645	506.3	856.54	1035.7
5869	24645	612.57	856.55	472.57
5869	24645	1105.47	856.61	452.45
5869	24389	1136.29	857.1	1861.22
5869	24389	653.52	857.11	1753.93
5869	24389	595.31	857.08	1228.54
5869	24389	1205.48	856.93	1288.9
5869	24389	1159.51	856.93	743.51
5869	24389	663.31	856.97	740.16
5869	24902	849.37	854	410.74
5869	24646	118.12	1129.81	201.86
5869	24646	1749.2	1129.8	231.76
5869	24390	142.61	1129.81	701.63
5869	24390	1749.75	1129.79	659.27
5864	26443	733.5	-95.48	1686.85
5868	24904	1136.85	-229.1	349.14
5868	24904	1502.42	-192.35	823.73
5868	24905	388.68	-153.95	958.59
5868	24905	944.57	-166.3	604.91
5868	24905	719.19	-242.05	47.36
5868	24649	1310.72	-248.51	1500.49
5868	24905	1579.13	-200.2	205.23
5868	24650	126.89	-250.74	1531.36
5868	24906	321.17	-216.97	193.31
5868	24650	734.1	-247.57	1687.52
5868	24906	711.27	-246.61	572.93
5868	24906	103.16	-211.67	703.61
5868	24906	179.99	-231.83	1372.4
5868	24906	621.66	-244.06	1232.97
5868	24905	1566.34	-103	1914.67
5868	25162	251.32	-247.13	74.33
5868	25162	715.99	-250.75	219.49
5868	25161	1760.4	-185.09	527.8
5868	25161	1814.55	-152.2	1173.48
5868	25162	415.59	-247.29	695.91
5868	25162	524.78	-208.53	1513.12
5868	25162	840.19	-243.4	1029.27
5868	25162	1272.11	-207.41	1465.58
5868	25162	1307.15	-248.92	660.76
5868	25162	1615.63	-231.91	1089.27
5868	25163	112.83	-247.55	623.1
5868	25163	1590.99	-204.55	789.6
5868	25164	15.42	-242.76	326.25
5868	25164	851.08	-233.09	1281.46
5868	25164	785.08	-158.16	1721.96
5868	25164	1353.21	-216.57	1607.08
5868	25164	1856.12	-248.55	1241.9
5868	25165	347.39	-220.7	1621.74
5868	25421	237.01	-137.59	229.28
5868	25420	1712.24	-173	39.06
5870	24904	1077.72	-230.06	352.1
5870	24904	1546.42	-198.44	812.69
5870	24905	343.42	-145.42	1008.66
5870	24905	683.51	-242.56	105.64
5870	24905	901.73	-180.21	579.18
5870	24905	1628.18	-199.71	234.17
5870	24649	1309.64	-248.39	1544.23
5870	24650	56.89	-250.88	1488.14
5870	24650	802.02	-249.74	1658.23
5870	24906	308.19	-218.24	133.58
5870	24905	1626.12	-147.02	1887.98
5870	24906	236.65	-234.2	1385.2
5870	24906	143.5	-218.22	734.85
5870	24906	750.75	-246.74	611.49
5870	24906	676.97	-244.59	1226.72
5870	25162	322.81	-249.01	66.12
5870	25161	1814.11	-197.1	546.75
5870	25162	344.49	-244.77	726.65
5870	25161	1745.74	-133.34	1179.87
5870	25162	459.49	-197.33	1598.74
5870	25162	803.11	-242.16	1097.86
5870	25162	1273.84	-248.94	615.94
5870	25162	758.23	-250.81	236.76
5870	25163	93.64	-245.52	669.33
5870	25162	1313.54	-199.66	1548.04
5870	25162	1617.33	-219.38	1161.48
5870	25163	1522.62	-203.34	805.07
5870	25163	1892.23	-240.33	389.9
5870	25164	843.91	-162.5	1767.73
5870	25164	892.21	-239.5	1251.72
5870	25164	1394.41	-211.36	1663.7
5870	25421	281.27	-124.38	278.74
5870	25420	1755.47	-167.71	84.42
5870	25165	384.72	-213.22	1666.11
5870	25164	1805.73	-243.67	1306.12
3864	24692	480.03	2262.08	1551.55
3864	24691	1811.87	2279.3	1437.54
3864	24948	408.39	2267.74	294.2
3864	24947	1671.26	2342.65	285.88
3864	24948	14.1	2409.13	814.19
3864	24948	615.72	2334.34	977
3864	24948	8.33	2434.96	1443.11
3864	24947	1493.39	2406.04	1082.58
3864	24947	1150.5	2323.65	465
3864	24691	1114.73	2245.27	1660.62
3864	24947	952.84	2329.83	1255.61
3864	24947	450.9	2385.13	1650.61
3864	24947	53.14	2392.82	1022.12
3864	24947	641.58	2320.11	667.36
3864	24947	520.92	2239.87	26.72
3864	24691	490.37	2196.63	1330.45
3864	25203	501.95	2587.91	350.18
3864	24947	507.38	2331.21	1153.25
3864	24691	1395.34	2251.22	1415.49
3864	24947	1422.9	2277.05	34.35
3864	24947	25.48	2267.01	463.35
3864	24690	1819.25	2129.82	1700.26
3864	24691	79.32	2050.69	944.96
3864	24690	1599.15	1990.47	560.1
3864	24690	1458.11	2038.1	1156.24
3864	24434	1276.57	2031.75	1910.84
3864	24946	1403.07	2205.89	342.52
3864	24946	1396.36	2304.38	914.89
3864	24946	1483.66	2390.84	1359.15
3864	24946	1041.07	2385.41	1640.72
3864	24946	1036.85	2281.03	1180.07
3864	21873	1566.24	2165.96	692.39
3864	22900	1850.31	2102.74	525.91
3864	22901	792.06	2121.37	595.06
3864	21874	1284.76	2209.16	702.72
3864	21618	1058.24	2193.93	1797.95
3864	21874	8.61	2138.45	127.78
3864	21618	1190.26	2094.22	942.46
3864	21618	575.5	2146.04	1772.62
3864	21874	91.36	2263.42	1383.06
3864	21874	502.02	2200.25	767.2
3864	21619	0.58	2092.81	930.11
3864	21619	341.61	2092.8	1636.61
3864	21619	739.38	2092.1	1098.86
3864	21619	1871.82	2092.07	1029.56
3864	21620	593.32	2092.81	932.98
3864	21620	1151.1	2092.23	719.05
3864	21620	1826.74	2093.95	384.23
3864	21618	1890.22	2108.94	1441.73
3864	21619	1116.48	2091.98	1309.94
3864	21620	1514.36	2092.37	620.02
1996	21888	1018.42	1293.79	1287.92
7569	26753	131.41	113.1	1404.95
7565	23712	411.03	1383.32	1515.89
7566	23445	1132.42	192.99	833.72
9252	25000	977.28	-32.62	727.63
9251	25000	1612.97	0	1193
7524	25163	958.05	-155.04	98.97
7505	27728	1835.89	743.89	1588.89
7510	27728	1681.53	742.08	1483.9
7548	26237	158.16	393.61	614.88
7549	25469	183.18	256.87	437.25
7528	25945	1323.33	26.93	999.61
7527	26457	1330.52	26.27	908.75
7529	24934	1503.91	626.55	70.9
7546	26232	1489.76	185.39	1842.94
7545	27000	1195.11	598.15	1826.79
7539	27500	1828.24	180	184.42
7540	27500	1827.94	180	35.46
7542	27244	75.92	180	218.68
7541	27243	1862.65	180	218.23
7543	27499	116.52	180	190.25
7544	27499	116.52	180	60.07
7530	27499	1762.61	180	809.78
7531	27499	1298.11	180	358.28
7532	27243	1426.07	180	1851
7533	27243	1644.81	180	1460.36
7537	27244	563.43	180	1131.66
7535	27244	837.14	180	1823.25
7536	27244	669.69	180	1823.29
7538	27500	405.87	180	1282.93
7534	27500	686.56	180	246.67
7518	27471	1145.46	80	556.9
7517	27471	1375.22	80	557.55
7519	26957	1311.34	78.96	1548.86
7515	26959	29.46	80	1675.27
7516	26959	124.36	80	1775.11
7507	27216	1734.83	283.74	880.71
7522	26704	652.34	-27.6	1690.06
7521	26704	798.08	-27.6	1804.39
7502	26960	1522.87	-27.59	67.4
7525	26704	77.74	-143.96	250.19
7511	27214	807.88	98.19	994.69
7513	26702	591.77	83.86	479.33
7512	26702	1116.2	83.87	1007.45
7514	26702	1140.54	83.87	1638.69
7509	26958	635.79	83.87	1213.05
7504	27214	1091.91	79.99	154.23
7547	25975	1368.73	324.81	1335.88
14913	26981	548.97	181.39	402.56
14912	25955	708.93	180	469.99
14912	25954	648.55	180	530.52
14913	26981	1334.47	212.45	211.96
14902	27211	272.6	24.54	925.12
14902	27211	419.42	24.14	691.79
14902	27211	167.95	24.67	710.18
9273	26265	1354.42	-104.74	448.95
9274	24199	1145.56	267.67	585.75
10364	27500	138.79	180	910.38
7567	23411	377.15	2628.78	104.86
14924	25689	1107.9	-14.37	1504.5
14926	26716	193.81	83.03	69.78
14926	26713	1888.51	-0.51	552.88
14924	26458	723.88	0	561.33
14924	26458	659.22	3.17	1137.89
14924	26458	291.21	0.01	1585.61
14924	26458	188.19	0	343.52
14926	26714	1351.82	23.36	112.81
14926	26459	418.3	55.04	1894.34
14926	26715	1216.87	72.54	233.81
14926	26458	1836.59	15.38	1274.54
14926	26459	579.15	111.53	875.79
14926	26458	1689.54	3.69	219.99
14926	26202	1062.37	0	1657.19
14926	26201	1275.13	-0.56	1698.43
14926	26201	451.63	-13.02	1668.22
14926	26201	877.97	0.34	809.53
14926	26202	52.64	-1.52	762.51
14926	26459	1418.42	12.88	1286.94
14926	26459	1594.48	13.5	424.52
14926	26203	774.11	43.68	1912.51
14926	26203	143	1.9	1227.25
14926	26202	1038.42	3.89	379.19
14926	26203	479.83	-33.52	142.98
14926	25946	1450.81	0.59	1419.64
14924	25945	1145.72	-0.03	1649.3
14924	26201	1702.12	-2.06	21.02
14924	25946	600.26	0	483.73
14924	25945	1888.95	-15.88	71.81
14926	25946	1871.79	1.29	539.59
14926	25947	899.66	6.53	1086.56
14926	26203	1597.09	2.22	223.69
14926	26203	1426.68	6.36	1135.37
14924	26713	1843.32	-1.47	575.3
14924	26714	1372.46	18.67	146.89
14924	26459	464.64	57.6	1884.24
14924	26716	225.01	86.75	77.6
14924	26459	1639.28	12.27	455.63
14924	26459	1465.01	13.64	1284.12
14924	26203	1462.2	6.36	1123.38
14924	26203	1638.37	2.42	241.1
14924	25947	935.02	2.6	1099.01
14924	26203	506.67	-33.57	164.74
14924	25946	1845.31	1.29	521.73
14924	25946	1459.58	1.36	1457.93
14924	26202	1059.13	8.45	396.21
14924	26203	93.13	1.9	1233.19
14924	26459	813.21	42.56	4.87
14924	26459	598.81	110.44	889.97
14924	26458	1850.38	26.54	1232.86
14924	26202	1088.86	0	1636.59
14924	26458	1724.56	3.33	201.56
14924	26201	901.49	0.63	844.74
14924	26202	82.36	-1.38	756.61
14924	26459	1626.34	52.52	1783.22
14924	26459	887.35	13.94	1538.19
14924	26458	1834.72	9.99	1796.32
14924	26458	1254.53	11.79	1507.54
14924	26458	835.79	0.3	1670.91
14924	26459	101.43	68.87	680.44
14924	26459	1018.8	88.33	531.17
14925	26203	1368.37	16.16	1770.35
14924	26203	737.13	4.37	1365.17
14924	26203	246.55	9.87	1839
14924	26202	1577.45	0	1539.45
14925	26203	1007.54	29.59	548.88
14924	25947	1096.81	1.08	1808.14
14924	25947	199.07	0.97	1151.8
14924	25947	48.93	0.2	1661.05
14924	26202	679.93	-2.7	795.26
14924	26201	1481.24	-4.3	1186.61
14924	26458	1218.48	1.51	1046.77
14926	26460	293.23	24.37	950.81
14926	25945	354.4	-17.75	1833.15
14924	26460	316.05	23.82	970.51
14924	25945	341.31	-16.47	1864.94
14924	26201	488.32	-12.93	1658.33
14925	26459	1791.4	12.64	906.64
14925	26204	88.61	8.71	1317.35
14925	26203	1885.5	3.2	753.18
14925	25947	1343.67	8.2	1236.39
14924	25946	938.75	0	1696.39
14924	26202	336.06	201.51	110.92
14924	26201	1266.43	-2.2	347.72
14924	26201	745.45	-1.89	1301.11
14924	26201	827.79	-3.92	247.79
14924	25689	1734.4	1.3	1408.76
14924	25946	1236.19	-4.07	222.24
14926	26713	505.04	8.66	827.08
14926	26969	1117.64	-26.35	118.79
14926	26969	1849.04	-18.36	1113.96
14926	26970	1125.72	-14.1	1711.77
14926	27227	431.71	-10.37	192.87
14926	27227	1609.29	-15.99	460.06
14926	27228	174.04	-18.36	1395.76
14926	27228	1253.71	-12.82	1558.11
14926	27229	711.36	-14.56	1600.1
14926	27230	1220.76	-6.49	1619
14926	26970	356.11	-9.96	135.03
14926	27231	890.58	-10.99	1817.01
14926	27231	168.8	-3.43	1485.98
14908	27231	920.8	-9.51	1822.74
14908	27231	180.24	-3.71	1509.44
14924	27231	911.8	-10.92	1796.42
14924	27231	153.51	-4.44	1515.39
14924	27230	1197.83	-6.85	1633.84
14924	27229	737.29	-12.65	1584.58
14924	27228	1266.92	-7.92	1520.26
14924	27228	190.26	-16.67	1388.38
14924	27227	1642.58	-14.77	471.19
14924	27227	458.12	-7.68	183.18
14924	26970	1138.12	-14.61	1716.37
14924	26969	1866.39	-21.94	1124.55
14924	26969	1154.9	-26.21	149.07
14924	26970	363.21	-10.09	154.88
14924	26713	508.95	8.92	800.96
14924	27230	1656.36	-4.36	1536.44
14924	27228	1911.04	-17.67	1533.82
14924	27227	1780.14	-19.89	967.89
14924	26969	1674.5	-20.99	1842.66
14924	26969	1737.06	-24.01	497.51
14924	26713	1134.23	3.71	553.93
14924	26713	1575.43	-1.23	1169.75
14926	25689	148.4	-21.59	1028.96
14924	25689	133.99	-20	1008.33
14927	27231	1284.09	45.92	973.44
14927	27230	443.46	0	958.81
14927	27229	1398.3	2.84	725.77
14927	27229	94.14	0	720.4
14927	26973	694.58	0	1822.15
14927	26972	1581.46	0	1851.58
14927	26972	536.92	6.55	1792.2
14927	26971	1611.05	102.94	1311.43
14927	26972	386.47	0	850.84
14927	26971	812.1	5.18	1180.67
14927	26971	1261.58	0	259.23
14925	27231	1328.14	51.7	986.53
14925	27230	443.46	0	935.26
14925	27229	1421.49	1.89	729.09
14925	26973	718.13	0	1845.7
14925	27229	91.19	0	735.12
14925	26972	1607.95	0	1857.47
14925	26972	560.29	6.22	1805.9
14925	26972	415.93	2.64	847.75
14925	26971	1642.52	105.95	1333.41
14925	26971	811.92	3.38	1156.42
14925	26971	1232.15	0	271
14927	26970	1795.26	0	341.65
14927	26715	210.75	4.39	1087.11
14927	26714	1191.87	-3.88	1317.21
14927	26970	1112.4	2.85	835.79
14925	26715	225.71	4.15	1111.14
14925	26714	1209.15	-3.91	1322.63
14925	26970	1780.55	0	341.65
14925	26970	1110.04	2.38	847.35
14925	27229	1889.5	-1.31	1212.03
14925	27230	955.6	0	1126.58
14925	27229	912.39	-0.16	1047.13
14925	27229	947.71	0	378.97
14925	27229	185.38	0	190.6
14925	26971	1911.87	35.22	1836.36
14925	26971	1342.53	72.31	1840.93
14925	27227	1060.21	46.93	95.69
14925	26971	968.87	72.11	1628.24
14925	26971	1346.93	0.25	803.73
14925	26971	1838.47	0	641.87
14925	26971	431.33	-2.04	754.09
14925	26971	284.29	-11.15	1547.94
14925	26970	1603.59	-7.69	1296.49
14925	26970	595.52	-23.59	1808.17
14925	26970	572.74	-8.94	783.68
14925	26970	409.85	-16.45	1412.05
14927	27228	981.02	0	655.65
14925	27228	975.14	0	673.31
14925	27228	1528.48	0	723.34
14925	27228	836.93	1.24	1220.55
14925	27228	459.99	-0.5	570.36
14927	26972	1176.23	8.33	1146.27
14925	26972	1157.62	0.01	1177.56
14925	26972	1142.91	0	1863.36
14925	26972	713.33	1.6	1339.34
14927	26715	1230.76	62.89	1246.71
14925	26715	1212.31	40.22	1274.61
14925	26715	996.68	0	1755.39
14925	26971	472.81	0.27	26.68
14925	26715	564.01	0	1358.04
14925	26970	1247.63	-2.37	250.7
14925	26714	1683.49	0.69	1619.95
14925	26714	844.67	0.82	1711.25
14925	26714	509.49	9.25	956.78
14925	26713	1897.72	-13.89	1420.2
14925	26714	606.14	-0.25	383.82
14925	26714	76.09	-1.23	89.48
14925	26714	1489.63	2.96	754.29
14925	26715	191.19	14.75	570.65
14925	26715	966.83	164.15	598.51
14924	26458	1169.46	1.25	306.33
14926	25433	1451.91	-29.86	1212.83
14926	25434	1487.79	-23.54	466.37
14926	25435	953.56	-6.13	580.89
14926	25180	474.27	-22.4	1329.49
14926	24925	1133.82	-23.67	1765.75
14927	25181	878.9	1.68	1162.13
14927	25180	1739.53	1.86	1349.68
14927	25180	823.25	-9.82	1527.37
14927	25436	142.52	-8.11	861.48
14927	25435	1397.89	0.41	1439.68
14927	25691	1412.11	0.07	203.88
14927	25435	307.51	0.16	693.81
14927	25434	1201.29	-2.53	791.61
14927	25689	1123.09	-20.18	208.62
14927	25689	928.79	-9.08	827.79
14927	25690	761.5	126.24	723.14
14927	25434	1234.4	143.73	1661.28
14927	25434	371.67	123.41	1742.23
14927	25690	619.44	0.99	1726.53
14927	25947	1079.52	1.37	257.8
14927	25691	488.09	1.22	1750.27
14927	25691	1249.48	14.24	1167.45
14927	25691	279.39	4.39	923.22
14927	25691	328.67	2.7	108.74
14927	25690	1472.09	0.09	1496.15
14925	25690	638.28	0.05	1721.83
14925	25689	949.82	-8.1	832.16
14925	25689	1142.81	-19.76	208.57
14925	25434	347.47	123.31	1733.28
14925	25690	759.67	125.83	734.41
14925	25434	1220.32	143.83	1668.77
14925	25691	326.45	0.97	134.89
14925	25691	305.19	4.52	925.48
14925	25690	1462.59	0.08	1484.27
14925	25691	466.57	1.22	1754.98
14925	25947	1107.16	1.42	253.38
14925	25691	1261.07	14.18	1186.84
14925	25691	1406.86	0.06	191.35
14925	25435	1423.29	0.24	1428.04
14925	25436	159.79	-1.1	888.66
14925	25180	833.07	-10.81	1504.88
14925	25180	1719.46	-1.22	1347.62
14925	25181	884.81	0.18	1138.12
14925	25435	327.59	0.25	701.69
14925	25434	1184.63	-3.48	781.89
14925	25690	1898.26	-11.19	1915.72
14925	25947	748.47	5.97	519.49
14926	25946	1129.38	26.06	948.52
14926	25946	848.14	1.49	150.79
14926	25690	191.49	-2.38	1629.84
14926	25689	1372.83	1.2	1763.04
14927	25689	1845.45	105.44	726.02
14925	25689	1865.1	113.86	715.57
14927	25690	1575.6	147.66	502.68
14925	25690	1560.31	147.51	493.14
14927	25435	11.59	-1.89	1311.38
14927	25435	739.89	6.21	1416.91
14925	25435	748.12	3.93	1392.66
14927	25434	290.14	3.54	972.22
14925	25434	290.19	5.01	1000.75
14927	25433	1530.71	-25.84	1443.3
14925	25433	1549.48	-24.76	1453.56
14926	25689	545.6	-23.35	1363.96
14926	25689	479.49	-22.55	517.47
14926	25689	1407.72	-18.11	556.71
14926	25434	678.08	-6.94	505.35
14926	25434	1666.72	-1.87	939.91
14926	25435	653.9	1.17	884.2
14926	25435	1634.89	-16.36	559.06
14926	25181	262.97	-10.97	768.46
14925	25690	366.28	116.5	339.07
14925	25690	947.65	51.09	1236.13
14925	25690	345.38	131.62	1021.12
14925	25434	1764.59	144.1	1849.1
14925	25435	370.63	-0.15	1598.39
14925	25435	920.37	-4.61	1881.92
14926	25435	1427.07	-5.6	858.33
14926	25436	945.78	0.01	244.11
14926	25180	1276.01	-2.43	1417.61
14925	25689	1753.75	123.72	15.66
14926	25689	1415.93	-3.8	1150.08
14925	25691	1050.03	1.73	1670.59
14925	25691	715.29	2.51	1249.95
14925	25690	1722.87	10.18	1091.87
14925	25690	1257.09	145.6	933.07
14925	25434	818.01	134.5	1364.34
14927	25181	1446.04	-4.08	308.31
14925	25181	1463.4	-4.53	265.86
14924	27231	753.03	11.7	1215.12
14924	27231	1513.19	71.23	1649.39
14928	27231	532.57	146.49	264.35
14930	26973	652.8	159.32	673.17
14930	26717	850.21	216.27	1352.42
14930	26716	1593.08	352.14	1831.59
14930	26716	671.91	524.72	1389.98
14930	26716	1829.17	381.56	752.07
14930	26973	1663.6	138.37	1159.48
14930	26974	428.13	176.38	1798.36
14930	26975	67.72	180	1129.38
14930	26974	1199.13	180	111.16
14930	26718	811.66	189.97	965.68
14930	26462	1202.73	222.09	1623.41
14930	26717	1428.83	185.35	647.55
14930	26973	1802.8	77.96	48.81
14930	27230	1820.06	177.7	185.36
14930	26975	1580.51	180	1349.23
14930	27232	525.67	209.77	254.76
14930	27232	875.6	178.25	1580.74
14930	27232	1795.5	180	645.02
14930	26976	1627.94	180	1423.12
14930	26977	323.74	180	860.91
14930	26977	1016.81	180	399.85
14930	26976	689.89	180	1134.85
14930	26975	1682.04	180	487.25
14928	27232	901.14	178.66	1588.12
14928	27232	1798.98	180	617.73
14928	27232	552.13	208.98	264.94
14928	26976	1644.67	180	1444.5
14928	26976	712.86	180	1134.72
14928	26975	1571.17	180	1328.8
14928	26975	91.63	180	1148.14
14928	27230	1857.69	177.8	182.15
14928	26975	1700.33	180	514.4
14930	27231	1321.67	146.35	197.75
14928	27231	1310.35	142.43	218.44
14928	26974	463.99	176.88	1787.53
14928	26974	1224.88	180	99.16
14928	26973	1675.93	142.06	1140.41
14928	26973	1824.78	83.62	51.37
14928	26973	644.11	161.28	697.04
14928	26717	871.12	215.12	1359.38
14928	26717	1382.44	181.89	652.66
14928	26716	1861.04	379.68	782.63
14928	26716	706.3	523.07	1386
14928	26716	1617.8	341.41	1868.93
14928	26718	831.45	186.98	975.6
14928	26462	1219.78	218.15	1636.84
14930	26974	814.41	173.29	971.04
14928	26974	820.25	174.57	999.52
14930	26974	1328.16	176.76	1576.59
14928	26974	1319.64	177.8	1602.17
14928	27232	124.17	172.19	846.16
14928	26976	62.68	191.1	1846.17
14928	26976	145.64	180	951.24
14928	26975	851.22	193.25	1538.5
14928	26974	1899.17	178.39	1670.89
14928	27230	1079.15	151.24	134.54
14928	26974	1415.09	180	818.74
14928	26974	302.09	180	1034.46
14928	26973	1295.26	144.44	693.03
14928	26972	1908.22	198.22	381.93
14928	26717	242.51	318.84	1390.58
14928	26716	1280.69	496.76	1166.22
14928	26717	663.79	220.28	757.22
14928	26717	1618.71	180	1313.13
14928	26718	1435.31	180	1450.74
14928	26718	648.63	180	1720.93
14928	26976	1018.26	208.61	1710.03
14928	26977	362.4	180	862.65
14928	26977	1013.97	180	428.13
14930	26973	934.15	146.03	12.74
14930	26973	1283.75	1.45	1646.19
14928	26975	1194.58	314.64	232.48
14928	26719	1100.69	353.88	1753.3
14928	26719	1140.84	343.83	1212.48
14930	26718	1777.83	194.83	1206.97
14928	26718	1794.15	199.33	1225.22
14928	26719	378.74	218.75	1153.38
14928	26719	780.97	260.58	988.63
14930	26719	1360.84	298.35	752.08
14930	26719	1601.77	312.36	588.27
14930	26719	1895.44	329	220.93
14930	26464	214.55	354.36	1750.26
14928	26719	1385.67	290.9	734.73
14928	26719	1620.5	316.01	567.09
14928	26720	95.84	363.54	36.07
14930	26464	569.8	380.02	1434.86
14928	26464	586.66	383.8	1451.49
14930	26720	1397.42	379.76	247.01
14928	26720	1396.49	380.26	267.23
14930	26464	1825.42	309.64	1185.48
14928	26464	1864.62	303.85	1155.84
14930	26464	1059.4	487.78	1626
14930	26464	1134.87	329.82	1206.41
14928	26464	1414.65	413.78	1482.82
14930	26465	860.92	183.4	794.82
14928	26465	845.5	183.73	823.12
14928	26977	175.1	175.95	1317.23
14930	26465	440.42	337.39	1127.45
14930	26463	1079.81	366.61	314.79
14928	26463	1071.61	364.17	286.29
14930	26463	1671.85	446.74	125.95
14928	26718	411.96	248.21	489.39
14930	26462	1666.01	180	731.4
14928	26462	1658.11	180	753.21
14930	26462	1360.57	188.05	1143.26
14930	26463	474.78	186.07	469.68
14928	26463	479.16	185.01	502.26
14930	26463	800.59	293.35	405.13
14930	26463	46.28	180	468.56
14930	26716	994.04	128.6	14.67
14930	26460	925.67	210.22	1130.78
14930	26460	945.27	167.61	319.82
14930	26204	1128.41	180.89	1343.75
14930	26204	889.03	218.47	519.63
14930	25948	572.14	182.44	1433.04
14930	25948	87.74	110.28	247.84
14930	25948	655.81	177.98	620.2
14930	25948	1409.74	158.93	312.92
14930	25948	1334.98	152.24	1160.05
14930	25949	211.79	173.46	1237.83
14930	25948	1299.51	152.95	1859.55
14930	26204	1582.04	145.67	700.17
14930	26205	172.11	154.48	255.52
14930	26460	1894.97	172.49	1427.22
14930	26461	634.75	182.5	1858.88
14930	26461	1593.39	190.14	1578.75
14930	26461	823.46	205.08	955.94
14930	26460	1749.32	238.42	622.05
14930	26204	1770.09	168.13	1672.1
14930	26461	636.72	186.83	162.53
14930	26461	1528.16	180	332.65
14930	26462	475.48	267.92	1180.03
14930	26462	847.59	180	305.19
14930	26206	320.03	238.85	1624.58
14930	26206	1410.12	183.53	1473.05
14930	26206	1786.37	195.39	756.59
14930	26206	716.58	182.64	729.86
14930	25950	1323.84	180	1840.11
14930	25950	1109.95	116.14	1032.93
14930	25950	37.04	180	1782.1
14930	26205	1224.1	180	1485.05
14930	26205	548.38	176.01	1062.23
14930	26205	1794.64	117.34	659.08
14930	26205	996.95	179.9	425.92
14930	25949	1076.98	177.16	1523.1
14928	26461	1597.68	188.04	1608.76
14928	26461	652.81	181.19	1861.78
14928	26460	1914.17	171.06	1447.95
14928	26716	976.91	126.63	31.69
14928	26460	956.47	212.1	1153.31
14928	26460	981.17	169.84	323.53
14928	26460	1746.22	251.75	596.15
14928	26461	652.77	196.69	120.58
14928	26461	1499.18	180	318.71
14928	26461	840.95	196.48	971.67
14928	26462	511.31	280.1	1192.82
14928	26462	865.47	180.18	324.53
14928	26206	334.43	233.46	1654.71
14928	26206	1377.26	181.85	1473.89
14928	26206	1840.79	211.25	747.75
14928	26206	743.47	181.05	728.43
14928	25950	1350.31	180	1849.17
14928	25950	1138.51	124.79	1051.27
14928	25950	64.2	180	1748.06
14928	26205	1839.43	127.73	666.01
14928	26205	1028.41	178.41	403.77
14928	25949	1108.12	179.1	1539.62
14928	25949	162.08	172.89	1209.58
14928	25948	1361.02	152.07	1156.54
14928	25948	1310.09	152.94	1878.81
14928	26204	1608.27	146.07	724.93
14928	26204	935.02	209.46	509.98
14928	25948	586.85	180.14	1420.11
14928	25948	634.26	179.77	632.57
14928	25948	98.67	110.21	232.21
14928	25948	1441.69	164.21	282.45
14928	26205	166.61	155.46	281.88
14928	26204	1148.47	176.25	1359.33
14928	26204	1793.94	168.74	1687.58
14928	26205	1252.83	179.92	1476.94
14928	26205	569.82	176.23	1074.92
14928	26716	1762.11	184.94	66.42
14928	26460	1469.9	173.65	1159.24
14928	26204	1400.58	163.38	1890.12
14928	26204	1134.21	184.62	885.46
14928	26205	16.14	171.52	1136.03
14928	26204	1656.22	146.18	225.8
14928	25948	1023.4	147.82	1470.76
14928	25948	445.95	193.78	1028.71
14928	25948	1144.48	207.12	703.85
14928	25948	1832.48	193.09	785.26
14928	25949	602.68	172.59	1730.93
14928	26205	1460.15	160.23	91.81
14928	26206	1250.52	180	534.81
14928	26206	291.17	195.45	1076.15
14928	26206	845.94	180	1389.52
14928	26205	1751.48	158.1	1752.18
14928	26205	1087.35	176.87	929.88
14928	26205	748.36	180	1561.41
14928	26461	142.97	175.43	204.11
14928	26461	354.65	238.57	764.32
14928	26461	1061.49	180	1523.82
14928	26462	680.26	346.3	1646.02
14928	26461	1062.73	180	465.85
14930	25950	711.47	176.06	1685.16
14930	26206	684.17	180	52.57
14930	26718	336.22	282.54	84.87
14930	26461	1581.59	208.31	1006.2
14930	26462	175.08	179.88	642.79
14930	26462	1003.55	218.57	900.21
14928	26717	1750.96	194.23	124.18
14930	26462	1550.17	180	156.01
14930	25692	723.38	140.14	1418.16
14928	25692	689.33	139.88	1399.27
14930	25949	1066.77	162.2	305.56
14930	25693	178.84	180	1196.53
14930	25693	1525.62	180	655.84
14930	25692	670.79	130.7	372.23
14930	25692	1711.77	190.81	229.17
14930	25436	1145.26	138.25	1337.45
14930	25437	526.55	254.93	1326.24
14930	25437	553.29	176.19	273.65
14930	25437	1647.3	183.78	820.33
14930	25438	824.46	180	1764.65
14930	25694	1500.2	182.38	830.29
14928	25949	1087.86	160.66	323.45
14928	25693	226.29	180	1204.52
14928	25692	699.43	130.8	396.85
14928	25436	1166.2	138.5	1348.8
14928	25692	1719.65	195.11	192.14
14928	25437	539.01	180.83	311.4
14928	25437	551.75	244.49	1353.14
14928	25437	1684.97	187.03	818.74
14928	25438	870.32	180	1782.08
14928	25694	1500.81	182.56	859.94
14928	25693	1557.74	180	658.53
14930	25695	537.53	180.36	340.47
14930	25695	1327.79	183.85	1097.27
14930	25695	1836.39	180	281.56
14930	25696	703.25	194.2	1140.91
14930	25696	1025.65	180	30.91
14930	25696	1727.04	180	764.85
14930	25441	320.99	180	1474.8
14928	25695	555.23	180.44	356.58
14928	25695	1349.59	183.92	1097.1
14928	25695	1862.42	180	295.42
14928	25696	725.07	194.42	1128.67
14928	25696	1050.06	180	52.85
14928	25696	1734.87	180	784.72
14928	25441	347.05	180	1469
14928	25693	1130.7	160.84	1472.36
14928	25692	1322.83	179.07	894.75
14928	25692	1174.46	175.77	99.48
14928	25437	13.15	166.6	994.4
14928	25692	1491.29	173.19	1538.45
14928	25692	99.83	137.53	1478.63
14930	25438	819.95	180	844.12
14928	25438	831.53	180	824.81
14930	25437	1885.9	185.68	1739.42
14928	25693	449.68	182.99	51.84
14928	25437	1105.41	180	1188.89
14930	25181	1738.91	164.74	1771.92
14928	25181	1703.99	165.46	1784.61
14928	25694	294.1	231.1	300.32
14928	25694	1305.26	201.04	285.16
14930	25695	67.85	180.88	489.13
14928	25438	334.95	180	1240.58
14928	25693	1531.06	180	196.1
14930	25438	336.22	118.62	432.85
14930	25693	753.08	175.26	339.65
14928	25693	760.9	175.97	320.58
14928	25437	1281.18	179.86	253.11
14930	25693	871.74	180	1021.19
14928	25695	654.09	188.37	989.05
14928	25695	1240.65	180	476.63
14928	25696	65.37	180.21	955.38
14928	25696	603.6	180	473.09
14928	25696	1176.5	165.77	730.13
14928	25696	1776.12	180	12.35
14928	25697	439.81	180	386.33
14928	25949	618.19	173.09	642.74
14928	25693	379.8	170	1913.53
14928	25948	724.32	105.16	37.77
14928	25950	1291.17	146.31	712.67
14931	27233	162.07	242.84	1687.06
14931	27489	1116.98	60.86	159.73
14931	27234	135.05	170.71	1658.05
14931	27234	1211.59	180	1327.48
14931	27234	1373.29	180	368.21
14931	27234	165.67	219.9	526.85
14931	27233	1194.16	192.01	1177.69
14931	27233	1041.74	276.31	96.4
14931	26978	15.27	171.66	1362.47
14931	26978	1134.21	181.51	1218.85
14931	26978	556.11	180	501.63
14931	26978	1594.78	222.31	254.46
14929	27233	185.28	241.28	1692.98
14929	27233	1201.98	192.97	1161.9
14929	27233	1062.29	274.84	77.54
14929	26978	27.1	178.4	1343.68
14929	26978	549.39	180.48	535.24
14929	26978	1575.03	221.97	270.27
14929	26978	1150.61	183.1	1239.02
14929	27234	1382.77	180	384.21
14929	27234	172.65	227.67	545.95
14929	27234	1186.82	180	1351.88
14929	27234	149.98	174.03	1700.01
14929	27489	1141.54	61.16	161.3
14928	27232	1125.16	191.04	817.83
14929	27233	777.61	171.9	1575.72
14929	27232	1614.81	180	1376.82
14929	27233	689.18	184.08	697.89
14929	27233	1666.36	159.26	23.2
14929	26978	565.2	180	1067.17
14929	26978	1117.84	221.6	575.4
14929	26978	18.75	180	668.07
14929	26977	1272.76	180	1253.42
14929	27234	646.02	180	1245.06
14929	27234	922.09	180	768.59
14929	26978	972.9	180	1896.27
14929	27233	1848.29	181.51	1046.22
14931	27489	1757.7	89.73	230.92
14931	27233	287.84	194.39	18.32
14931	27488	1505.36	141.44	210.5
14935	26727	1274.15	180	771.19
14935	26471	1487.87	280.35	1757.38
14935	26471	898.69	180	1102.55
14935	26727	661.54	180	31.51
14935	26727	498.42	180	804.67
14935	26726	1759.61	180	314.62
14935	26471	42.98	180	1302.71
14935	26470	1192.58	146.67	1595.19
14935	26726	1644.89	180	1108.87
14935	26726	1018.37	230.51	616.92
14935	26726	390.24	146.99	38.33
14935	26726	358.36	184.14	1216.1
14935	26725	1608.74	241.04	566.67
14935	26469	1289.21	149.47	1477.13
14935	26470	315.25	178.16	976.79
14935	26725	800.27	255.23	1069.38
14935	26725	503.66	255.79	155.84
14935	26724	1552.07	216.46	870.99
14935	26469	344.75	198.57	932.9
14935	26468	1215.19	266.45	1616.76
14935	26468	1266.32	124.82	455.55
14935	26468	215.66	259.76	981.35
14934	26727	1299.06	180	771.7
14934	26471	1516.89	279.42	1755.12
14934	26727	692.61	180	16.82
14934	26727	520	180	839.36
14934	26471	909.3	180	1131.47
14934	26471	51.73	180	1312.2
14934	26726	1735.76	180	316.26
14934	26726	1656.43	180	1097.72
14934	26726	1048.91	211.09	622.66
14934	26470	1210.54	148.8	1579.25
14934	26726	405.77	149.39	56.29
14934	26470	346.22	178.69	965.61
14934	26469	1308.3	145.97	1477.36
14934	26469	374.88	198.52	929.09
14934	26468	1290.38	123.41	461.42
14934	26468	234.64	256.4	956.99
14934	26468	1234.65	266.28	1637.23
14934	26725	517.31	254.88	175.42
14934	26724	1561.91	217.78	862.9
14934	26725	813.77	256.6	1072.7
14934	26726	384.29	183.3	1232.19
14934	26725	1634.75	242.16	565.23
14934	26727	1647.16	179.99	1481.14
14934	26727	906.97	180	1218.55
14934	26727	238.17	180	1290.63
14934	26727	1809.85	181.12	418.53
14935	26727	1036.99	180	361.36
14934	26471	1690.13	180	1140.38
14934	26471	1036.13	180	1612.9
14935	26471	530.24	262.21	1453.98
14934	26471	97.94	180	1877.83
14935	26726	1283.24	158.5	218.17
14934	26726	385.23	177.65	604.72
14934	26470	13.79	111.26	1505.28
14935	26725	1167.57	247.98	200.08
14934	26725	243.92	247.38	775.83
14934	26724	1783.5	256.55	196.41
14935	26469	707.89	237.15	1444.48
14934	26468	1617.71	189.44	1091.65
14934	26468	850.07	219.84	998.32
14934	26724	976.17	227.92	329.23
14934	26468	503.63	297.7	1629.95
14934	26469	1007.98	174.21	644.96
14934	26470	1155.37	117.88	928.69
14934	26470	695.33	174.44	1458.8
14934	26469	1596.98	122.13	860
14934	26469	110.32	269.8	1552.77
14935	26470	1411.16	128.95	807.14
14935	26471	368.51	201.96	664.59
14935	26212	273.97	171.39	1791.08
14935	26212	622.48	180	777.78
14935	26212	1545.23	180	1338.17
14935	26212	1293.79	193.17	9.8
14935	26211	1442.62	108.37	1215.07
14934	26212	296.15	175.35	1817.4
14934	26211	1417.83	107.46	1228.42
14934	26212	657.28	180	794.7
14934	26212	1514.7	180	1310.26
14934	26212	1310.9	193.69	28.39
14934	26469	157.92	171.81	262.14
14934	26213	183.23	201.59	1629.88
14934	26213	636.87	180	1911.44
14934	26212	1010.63	180	1757.07
14934	26212	847.62	180	1328.28
14934	26468	604.51	165.49	424.65
14934	26724	416.01	254.53	272.02
14934	26467	1693.38	307.89	1358.34
14934	26467	1795.02	232.34	523.06
14934	26724	1621.99	180.47	1638.51
14934	26725	398.79	184.42	1442.39
14934	26725	1352.36	268.62	1058.39
14934	26725	1748.29	215.28	1161.33
14934	26726	1026.93	178.82	1283.82
14934	26212	117.3	145.39	1143.23
14934	26212	1309.68	180	647.23
14935	26215	1744.26	219.65	1326.07
14935	26215	1595.31	180.28	469.6
14935	25959	1016.35	186.69	1717.19
14935	26215	814.73	180	1069.07
14935	26215	232.83	222.85	381.14
14935	26214	1491.24	188.54	1027.97
14935	26214	1036.2	257.74	118.75
14935	26214	530.81	218.1	898.16
14935	26213	1484.24	180	978.18
14935	25958	37.1	256.36	1808.11
14935	26213	1096.19	220.02	192.46
14935	25957	1257.91	280.03	1131
14935	25957	462.09	255.41	1502.64
14935	25958	272.63	180	1016.08
14934	26215	1752.17	215.3	1358.83
14934	26215	1614.05	181.4	487.45
14934	26215	855.72	180	1057.96
14934	25959	1024.85	184.25	1752.96
14934	26215	217.32	222.71	399.4
14934	26214	1511.43	188.51	1023.17
14934	26214	554.85	221.9	903.09
14934	26214	1014.12	253.79	126.63
14934	25958	62.79	251.98	1829.74
14934	25958	273.54	180	1060.55
14934	25957	1275.77	282.11	1150.37
14934	25957	483.15	254.06	1526.54
14934	26213	1125.77	225.23	184.83
14934	26213	1505.31	180	971.66
14913	26981	1079.37	212.37	733.68
14934	26215	1363.21	197.23	990.08
14934	26215	938.19	180	471.54
14934	26215	211.57	180.88	1019.54
14934	26214	1547.38	238.24	442.75
14934	26214	1069.49	291.52	718.39
14934	26214	472.41	165.23	354.64
14934	26213	1707.96	200.72	446.34
14934	25958	564.02	180	1617.78
14934	25957	1759.12	254.23	1335.6
14934	25957	978.09	262.18	1622.72
14934	26214	92.35	187.79	1293
14934	26214	982.71	207.07	1307.64
14934	26213	966.92	180	772.69
14934	26213	480.51	192.29	205.47
14935	26471	1167.47	180.83	469.61
14935	26215	1129.27	196.34	1705.14
14935	26470	1717.38	180	16.77
14935	26470	552.51	180	400.58
14935	26469	1414.86	180	46.5
14935	26213	83.26	180	952.86
14934	25957	696.61	224.65	847.87
14934	25959	1833.09	180.69	1606.89
14933	25959	1518.4	216.4	550.98
14933	25959	142.29	226.11	1265.64
14933	25958	1344.06	180.41	643.39
14933	25959	624.13	180	338.15
14933	25703	1618.05	211.6	1495.28
14933	25703	827.26	180	1417.77
14933	25703	1265.76	180	750.46
14933	25702	1825.63	180	1799.49
14933	25703	179.65	181.71	930.09
14933	25702	1454.08	190.3	401.35
14933	25702	1210.71	180	1230.42
14933	25957	1603.24	197.57	67.43
14933	25958	660.95	180	125.27
14933	25702	217.2	227.01	1209.13
14933	25957	545.68	214.81	527
14933	25701	749.08	184.53	1582.55
14933	25701	589.93	190.73	626.1
14933	25701	1440.86	180	1072.69
14933	25702	694.23	180.21	507.57
14933	25701	1685.34	180	200.1
14933	25445	867.73	180	1699.73
14933	25445	1590.81	224.16	1208.75
14933	25446	573.3	180	1620.97
14933	25445	781.78	180	912.71
14933	25446	323.03	182.66	580.24
14933	25445	1436.73	180	289.54
14933	25445	619.67	180	44.3
14933	25190	269.76	180	1745.62
14933	25189	1368.85	180	1401.78
14933	25190	178.1	180.69	713.58
14933	25189	1367.94	180	598.4
14933	25189	643.3	183.26	1054.92
14933	25189	661.05	180	166.41
14933	25190	950.5	186.49	19.74
14933	24934	172.51	186.27	1908.23
14933	24933	1453.18	203.62	1378.45
14933	24934	575.32	378.35	968.57
14932	25959	1539.57	218.04	561.07
14932	25959	125.11	225.31	1250.96
14932	25959	634.42	180	331.38
14932	25958	1353.49	181	617.53
14932	25958	672.25	180	171.01
14932	25957	1630.08	199.97	91.12
14932	25957	563.11	212.95	535.93
14932	25701	776.71	183.08	1574.98
14932	25701	614.26	187.68	639.09
14932	25445	896.45	180	1686.44
14932	25445	792.74	180	929.7
14932	25445	647.29	180	41.44
14932	25189	664.24	183.45	1081.48
14932	25189	686.62	180	162.69
14932	24933	1462.27	203.22	1409.28
14932	24934	594.39	383.15	968.09
14932	25190	925.5	186.32	51.04
14932	24934	162.34	186.08	1885.89
14932	25189	1336.18	180	600.98
14932	25190	177.41	180	689.57
14932	25189	1386.14	180	1411.76
14932	25445	1427	180	313.29
14932	25190	290.03	180	1770.12
14932	25446	342.88	181.66	590.4
14932	25445	1549.08	223.73	1209.07
14932	25446	552.01	180	1645.09
14932	25701	1687.8	180	191.02
14932	25702	714.85	180.06	524.42
14932	25702	1438.9	186.9	419.37
14932	25701	1468.41	180	1054.3
14932	25702	237.38	228.3	1216.65
14932	25702	1184.89	180	1219.56
14932	25702	1843.77	180	1819.21
14932	25703	213.53	181.57	933.35
14932	25703	846.63	180	1448.54
14932	25703	1595.94	213.89	1503.42
14932	25703	1286.4	180	774.14
14932	25958	1673.63	213.84	1717.46
14932	25959	452.02	191.35	1761.78
14932	25958	1107.15	185.22	1228.12
14932	25958	704.64	180	692.55
14932	25957	1674.01	258.59	646.75
14932	25957	1038.93	180	162.3
14932	25701	933.15	180	1067.9
14932	25701	1713.96	186.25	1555.6
14932	25701	1219.6	180	569.99
14932	25445	1373.81	180	1722.19
14932	25445	1143.9	208.68	1168.56
14932	25445	981.02	180	402.67
14932	25189	931.24	180	1601.41
14932	25189	1697.99	180	1803.1
14932	25189	1158.39	180	985.16
14932	25189	813.87	180	545.48
14932	25189	1581.52	182.77	21.47
14932	25190	576.39	180	397.67
14932	24934	552.55	232.66	1553.21
14932	24934	80	278.44	1129.18
14932	25189	1894.73	180	1334.51
14932	25445	1680.17	248.08	737.23
14932	25446	119.08	180	1316.93
14932	25702	194.03	180	120.73
14932	25702	19.03	211.29	690.38
14932	25702	715.67	201.76	1022.49
14932	25702	1585.09	183.3	913.15
14932	25702	1116.27	180	729.68
14932	25703	338.57	208.7	1461.43
14932	25958	1898.28	192.72	549.54
14932	25959	1190.43	181.37	119.64
14932	25703	1241.82	180.06	1202.12
14932	25959	953.32	180	873.81
14932	25702	1225.81	180	1805.31
14933	24677	1301.7	206.39	1215.62
14932	24677	1321.58	204.78	1239.32
14933	24678	1772.4	536.64	695.41
14933	24678	1432.93	390.2	668.2
14933	24678	1171.73	435.26	977.96
14933	24678	795.88	321.77	780.13
14932	24678	524.07	396.77	1119.16
14932	24677	759.3	192.6	1393.98
14932	24677	1060.79	251.26	1860.56
14932	24677	1852.84	215.72	948.18
14931	26979	45.22	191.66	1613.12
14929	26979	58.76	192.32	1594.42
14931	26979	328.91	261.7	829.59
14929	26979	302.82	259.27	818.19
14931	26979	960.31	250.29	1414.97
14929	26979	942.98	248.86	1423.79
14931	26979	1307.79	250.31	573.93
14929	26979	1284.66	250	559.48
14931	26979	1820.28	237.45	1255.7
14929	26979	1820.29	237.21	1273.13
14931	26980	299.83	187.33	514.82
14929	26980	285.08	187.62	538.42
14929	26978	1814.5	248.66	1098.19
14929	26979	513.39	266.63	1354.96
14929	26979	1441.7	271.57	1623.24
14929	26979	1771.46	261.73	765.35
14929	26979	1234.89	280.93	1019.85
14929	26979	318.61	208.75	235.76
14929	26979	890.89	251.03	335.91
14929	26980	546.88	185.89	1673.35
14931	26722	688.43	180	990.81
14929	26722	682.51	180	961.23
14931	26722	1453.81	197.56	430.32
14929	26722	1471.52	198.22	445
14931	26723	495.16	286.18	395.29
14931	26723	1411.85	244.38	748.66
14931	26723	1759.61	303.42	38.05
14931	26467	1051.27	302.69	1395.5
14931	26467	49.84	456.86	1274.75
14931	26466	829.07	188.62	1467.68
14931	26466	1396.01	288.87	602.24
14929	26723	528.24	297.6	400.99
14929	26723	1386.77	246.78	735.11
14929	26723	1782.92	303.95	60.15
14929	26467	1074.73	301.62	1394.43
14929	26467	84.27	443.24	1277.4
14929	26466	832.84	190.09	1448.83
14929	26466	1409.57	292.27	619.12
14931	26211	299.85	220.79	1860.18
14929	26211	314.25	217.98	1846.11
14931	26210	766.73	192.59	1635.73
14931	26210	1623.56	195.75	827.6
14931	26211	736.36	180	163.65
14931	25954	834.72	180	1902.62
14931	25954	1718.87	180	1428.72
14931	25954	1710.64	180	605.22
14929	26210	790.57	196.26	1628.15
14929	26210	1651.38	192.39	817.32
14929	26211	757.16	180	170.67
14929	25954	869.83	180	1891.65
14929	25954	1747.58	180	1434.71
14929	25954	1688.22	180	600.18
14931	25955	1860.33	180	1865.03
14929	25955	1891.76	180	1865.03
14931	25956	712.7	180.25	999.54
14929	25956	733.68	180	1017.01
14931	25955	1508.07	180	806.54
14929	25955	1532.51	180	830.99
14931	25955	699.9	180	517.92
14931	25954	672.33	180	580.18
14931	25698	1727.32	180	1636.84
14929	25698	1704.6	180	1632.29
14931	25698	1747.04	180	970.47
14929	25698	1742.5	180	1002.29
14931	25698	1024.16	180	1471.32
14929	25698	1051.17	180	1474.69
14931	25699	364.56	180	1343.83
14929	25699	366.4	180	1358.51
14931	25698	669.49	182.4	944.06
14929	25698	675.71	181.82	959.15
14931	25698	1177.22	180	674.83
14929	25698	1192.56	180	656.93
14929	26722	369.09	180	1441.63
14929	26722	1325.32	180	1035.38
14929	26723	781.91	212.81	1087.33
14929	26723	88.84	182.15	1172.1
14929	26723	40.03	473.91	45.49
14929	26466	1463.69	317.24	1741.85
14929	26722	757.03	180	280.35
14929	26467	581.21	492.86	1715.27
14929	26467	1032.34	246.25	793.64
14931	26467	434.13	345.32	688.01
14929	26211	875.56	175.33	1644.38
14931	26211	458.36	180	853.61
14929	26210	1320.76	260.49	1362.52
14929	26466	895.52	210.46	392.62
14929	26466	1166.51	276.26	1076.72
14931	26721	1670.69	180	1497.12
14929	26721	1645.12	180	1492.01
14931	26721	1619.69	179.99	473.42
14929	26721	1619.69	179.99	450.41
14931	26465	1663.72	180	1360.89
14929	26465	1653.5	180	1378.79
14929	26465	1683.02	179.97	1863.85
14929	26466	317.33	181.76	1055.09
14931	26465	1395.21	180	24.14
14929	26465	1374.75	180	13.91
14931	26210	371.84	180	745.97
14929	26210	371.84	180	763.87
14929	26465	1453.01	180	616.2
14929	26210	106.74	179.46	1571.06
14929	26210	1062.82	200.77	547.69
14929	26211	202.44	180	89.58
14929	26210	1411.69	180	122.82
14931	26212	623.18	180	95.91
14931	25956	134.68	180	1247.56
14931	25955	1313.91	180.28	1511.57
14931	26211	1411.3	187.57	472.41
14931	25954	1724.29	180	1034.43
14931	25954	1220.52	180	848.06
14931	25955	576.76	180	1242.91
14929	25955	588.54	180	1260.16
14929	25955	1332.46	180	1527.8
14929	25956	133.15	180	1225.17
14931	25954	886.97	180	1451.26
14929	25698	1159.81	190.78	1070.94
14929	25699	69.65	180	1374.06
14929	25954	903.96	180	0.24
14931	25955	463.77	180	304.1
14931	25699	1442.98	180.33	1815.17
14929	25699	1442.98	180.57	1832.07
14929	25955	1132.6	180	469.28
14931	25956	234.17	197.01	376.42
14929	25956	220.8	204.82	346.45
14931	25956	1415.38	226.07	1271.32
14929	25956	1441.96	230.67	1289.77
14931	25699	1107.96	180	1251.59
14929	25699	1097.12	180	1227.21
14931	25699	257.61	181.71	418.66
14929	25699	246.69	183.83	396.99
14929	25698	471.31	180	344.29
14930	26207	1232.46	463.73	845.65
14928	26207	1234.43	464.66	826.69
14930	26208	466.38	571.14	787.67
14928	26208	484.34	571.18	805.58
14930	26208	1666.15	344.53	1120.28
14928	26208	1650.88	346.77	1109.64
14930	26209	497.29	278.99	744.18
14928	26209	520.89	278.44	739.81
14928	26207	391.84	329.07	785.72
14928	26207	749.27	421.67	763.06
14928	26207	1811.93	569.76	779.66
14928	26208	877.7	591.34	1188.09
14928	26208	1154.98	506.22	1048.81
14928	26209	131.89	306.93	988.26
14931	25953	1533.9	180	1778.82
14931	25953	1444.75	180	793.31
14931	25697	1322.5	180	1646.99
14931	25698	208.48	180	1797.54
14931	25697	1041.94	180	689.87
14931	25697	1765.97	178.7	346.81
14929	25953	1548.32	180	1808.18
14929	25953	1464.76	180	798.31
14929	25698	220.34	180	1803.71
14929	25697	1331.5	180	1676.4
14929	25697	1065.6	180	708.55
14929	25697	1793.74	176.2	349.06
14929	26209	1015.2	180	255.87
14929	26210	229.67	180	183.66
14929	25954	129.03	179.72	1180.08
14929	25953	1146.97	180	1381.54
14929	25953	1713.49	179.97	187.24
14929	25698	303.28	180	1218.46
14929	25697	1597.92	180	866.47
14929	25441	1146.42	180	1873.24
14931	26724	594.59	200.29	800.9
14929	26724	594.68	197.72	827.37
14931	26723	1298.94	286.14	261.86
14931	26724	25.6	186.15	1203.59
14931	26724	805.92	175.16	1531.07
14931	26723	1607.09	171.63	1810.39
14929	25441	1445.25	180	1249.88
14931	25184	168.4	-182.43	1789.06
14929	25184	189.51	-178.33	1804.52
14931	25183	1182.35	-147	1496.06
14929	25183	1158.91	-146.7	1503.26
14931	25184	823.42	-175.21	1228.55
14929	25184	806.37	-175.19	1224.28
14931	25184	812.37	-162.19	525.38
14929	25184	822.22	-161.94	515.5
14931	24928	62.72	-146.65	1847.89
14929	24928	47.39	-146.65	1849.28
14931	24927	1437.78	-146.35	1308.39
14929	24927	1418.12	-146.28	1327.19
14931	25439	264.18	-92.49	67.07
14929	25439	244.14	-93.08	71.18
14931	24926	1553.89	-101.65	1816.03
14929	24926	1537.67	-101.57	1820.45
14931	25182	1385.49	11.41	1407.72
14929	25182	1371.58	7.75	1386.21
14931	25183	365.4	-168.71	1262.02
14929	25183	339.23	-168.79	1275.88
14931	25184	1660.01	-175.52	1080.65
14929	25184	1670.82	-175.52	1091.47
14931	24927	882.72	-187.19	1726.67
14929	24927	868.73	-186.94	1726.66
14930	24927	291.89	-173	1764.61
14928	24927	271.2	-171.55	1785.08
14930	24926	1338.63	-109.17	1494.33
14928	24926	1321.36	-109.18	1486.93
14930	24926	589.77	-39.41	1765.56
14928	24926	592.1	-39.41	1749.22
14930	24928	142.96	-146.96	1377.05
14928	24928	139.15	-146.95	1394.82
14930	25184	1227.64	-174.9	921.22
14928	25184	1234.12	-174.92	936.78
14930	25184	315.04	-172.44	1326.6
14928	25184	312.42	-173.04	1344.75
14930	25183	1699.47	-170.36	1462.62
14928	25183	1717.56	-170.29	1465.2
14930	25183	640.72	-169.37	1694.16
14928	25183	640.72	-169.35	1707.06
14930	25182	1706.95	-136.69	1897.23
14928	25182	1687.95	-137.69	1896.1
14930	25182	952.97	8.06	1481.64
14928	25182	953.13	10.96	1462.3
14930	25438	429.89	19.67	120.92
14928	25438	421.62	18	96.45
14930	25183	221.1	-160.36	386.13
14928	25183	204.1	-159.78	395.02
14928	25183	250.44	-99.58	1730.12
14928	24927	1744.38	-146.64	1668.71
14928	24927	641.9	-149.07	1793.72
14928	25182	470.74	-11.51	1565.68
14928	25182	925.54	-95.53	925.16
14930	25182	107.97	175.12	848.3
14928	25182	94.51	173.68	826.01
14928	24926	1068.02	-51.52	1860.22
14928	25184	828.44	-173.53	853.58
14928	25183	816.84	-171.73	1192.24
14929	25182	1678.14	-86.5	1287.25
14929	25182	1888.04	-103.42	73.33
14929	25182	1501.59	-169.22	649.46
14929	25183	302.38	-176.75	788.11
14928	25184	97.64	-195.51	1557.14
14929	25184	456.23	-157.08	326.58
14929	25184	1645.01	-185.55	661.18
14930	25183	1278.01	-174.12	613.23
14928	25183	1254.8	-176.44	646.63
14929	25183	1658.07	-168.06	848.2
14929	25183	1017.29	-174.16	427.46
14931	25185	257.97	-117.93	581.05
14929	25185	274.39	-112	595.59
14931	25185	1049.09	34.13	912.46
14929	25185	1025.52	30.77	933.86
14931	25185	1405.04	155.67	1624.22
14929	25185	1389.38	154.36	1624.4
14929	25185	719.81	-10.42	651.14
14929	25185	1296.05	93.46	1277.93
14929	25441	1481.75	180	81.6
14932	25186	86.09	180	216.4
14933	24930	485.47	180	1466.68
14932	24930	514.89	181.57	654.34
14933	24930	1299.78	180	820.29
14932	24930	1123.89	180	1423.33
14933	25186	784.48	180	115.56
14932	25186	454.11	208.65	851.39
14932	25186	1251.51	180	666.79
14933	25186	861.99	180	1381.79
14932	25186	337.53	180	1652.1
14932	25442	860.27	180	240.94
14933	25442	240.48	180	571.77
14932	24931	146.78	327.37	1617.73
14933	24931	297.98	321.19	1042.92
14932	24931	426.56	310.27	276.62
14932	24675	1051.57	298.63	1827.78
14933	24931	1678.6	302.47	62.43
14933	24931	1109.32	309.74	532.65
14932	24931	900.24	351.16	1099.89
14932	24931	1577.32	352.13	943.85
14933	24931	1242.9	180	1830.42
14932	24931	1224.88	180	1832.42
14933	25187	1512.86	180	668.4
14932	25187	1494.85	180	670.4
14933	25187	889.29	180	606.74
14932	25187	897.15	180	633.99
14933	25187	1268.2	180	1197.69
14932	25187	1257.2	180	1184.24
14933	25188	4.49	180	1315.53
14932	25187	1904.86	180	1310.62
14933	25187	1637.04	180.03	1696.22
14932	25187	1661.86	180.01	1685.88
14933	25187	873.58	180	1762.69
14932	25187	850.83	180	1770.96
14933	25187	217.46	180	793.69
14932	25187	230.73	180	826.86
14933	25187	191.58	180	1532.78
14932	25187	218.56	180	1515.61
14933	25186	1388.84	180	1238.06
14932	25186	1391.29	180	1265.03
14933	25442	1514.25	182.17	157.62
14932	25442	1501.97	181.13	174.93
14933	25443	367.35	196.74	504.01
14932	25443	369.62	198.7	527.9
14933	25443	1300	180	592.3
14932	25443	1300	180	634.83
14933	25442	1777.98	193.07	1168.99
14932	25442	1778	190.01	1190.05
14933	25188	171.62	296.09	150.25
14932	25188	184.85	295.65	168.86
14933	24932	273.08	306.34	1439.65
14932	24932	288.94	305.78	1415.96
14933	24932	1089.94	180	1473.59
14932	24932	1065.16	180	1492.87
14933	25188	1649.29	143.71	220.25
14932	25188	1638.14	143.9	248.09
14933	25188	952.51	161.67	563.51
14932	25188	922.15	164.08	582.6
14933	25188	1619.2	106.07	1100.13
14932	25188	1605.07	106.27	1128.34
14933	25188	769.69	180	1432.72
14932	25188	758.68	180	1463.01
14933	25444	1591.99	176.03	193.43
14932	25444	1572.72	177.26	195.99
14933	25444	725.29	180	554.3
14932	25444	744.57	180.04	537.77
14933	25444	146.08	266.97	1194.36
14932	25444	111.18	264.16	1197.58
14933	25444	1101.94	163.74	1342.19
14932	25444	1068.58	161.36	1364.71
14933	25700	1519	225.11	198.54
14932	25700	1489.34	222.41	193.2
14933	25700	882.74	213.11	784.24
14932	25700	863.49	216.24	797.49
14933	25700	243.25	203.93	269.21
14932	25700	254.18	204.5	269.16
14933	24933	6.86	179.94	1072.04
14932	24933	23.39	179.87	1094.08
14933	24932	1300.67	180	481.29
14932	24932	1325.45	180	467.53
14933	24932	469.18	180	702.54
14932	24932	449.91	180	713.55
14933	25188	1356.61	130.39	657.4
14932	25188	459.82	180	999.78
14932	25188	1310.22	172.8	1668.72
14932	25444	1302.03	193.87	726.81
14932	25444	1063.16	184.36	1913.11
14932	25700	1444.28	184.63	779.28
14932	25700	382.25	233.82	832.02
14932	25443	1644.52	144.75	1757.2
14932	25444	436.18	152.63	1599.5
14933	25444	151.12	263.55	680.22
14932	25188	157.93	180	1691.03
14933	25187	814.42	180	1111.61
14932	25188	699.97	180	96.74
14933	24932	971.05	197.34	923.11
14933	24932	1516.19	171.35	1666.59
14933	24932	1889.42	180	436.75
14932	24676	1741.75	213.34	1537.19
14932	24932	832.13	180	204.23
14932	25956	1744.37	226.31	208.6
14933	25956	1706.61	224.23	213.99
14933	25700	1017.1	180	1611.08
14932	25700	1828.9	223.34	1350.52
14933	25445	95.04	249.82	1774.92
14932	25444	1729.73	240.25	1312.43
14933	25445	75.41	218.86	730.31
14932	25189	222.59	157.72	1577.73
14933	25189	103.69	148.73	696.21
14932	24933	208.11	161.42	1745.33
14932	25699	1564.66	184.45	750.02
14933	25700	79.11	180	1530.07
14933	25699	1041.3	179.95	219.74
14932	25443	1311	233.34	1157.51
14933	25443	714.91	179.69	1436.13
14933	25442	1855.63	259.2	652.18
14932	25443	831.69	181.15	317.41
14932	25187	1179.63	180	447.25
14932	25699	1057	179.98	259.64
14932	25443	724.92	177.94	1480.03
14933	25186	1817.05	180	1178.32
14932	25443	125.3	184.44	50.15
14933	25186	1656.97	241.47	1672.48
14932	25442	1223.67	180	876.45
14932	25698	1434.35	180	105.07
14933	25442	1114.55	180	1616.74
14933	25442	445.38	180	1289.77
14932	25442	442.63	180	1311.8
14932	25444	732.87	180	128.29
14932	25956	1050.2	180	437.55
14932	25701	71.56	261.88	443.25
14935	26981	1351.88	212.41	216.85
14934	26981	1314.3	211.18	217.01
14935	26981	564.65	181.82	426.99
14934	26981	526.5	182.15	420.21
14935	26981	1188.44	215.38	1072.87
14934	26981	1171.27	215.31	1077.79
14935	26980	1797.02	215.66	1060.38
14934	26980	1787.23	216.31	1084.8
14935	26980	1350.53	180	387.76
14934	26980	1355.5	180	430.04
14935	26980	910.18	181.89	1248.27
14934	26980	885.29	180	1236.23
14935	26980	1461.21	216.76	1826.5
14934	26980	1451.4	216.77	1855.93
14935	26980	605.49	198.34	1868.81
14934	26980	627.96	205.68	1892.64
14935	27236	1098.37	191.34	658.06
14934	27236	1078.57	189.86	668.14
14935	27236	1053.76	221.44	1410.65
14934	27236	1068.45	222.44	1434.96
14935	26981	776.25	246.94	1671.3
14934	26981	795.62	246.53	1664.08
14935	27237	330.71	218.92	218.37
14934	27237	347.86	218.92	225.72
14935	27237	1059.67	217.8	478.66
14934	27237	1089.09	217.86	478.66
14935	27237	583.46	218.78	980.95
14934	27237	558.96	218.78	973.59
14935	27237	1451.09	218.59	1324.72
14935	27237	1463.34	218.56	1302.67
14934	27237	1431.48	218.65	1310
14935	27237	1730.43	218.1	736.27
14934	27237	1730.43	218.14	753.43
14935	27237	1658.71	220.76	56.95
14934	27237	1680.83	219.58	76.65
14935	26981	1784.99	245.05	1434.22
14934	26981	1792.25	245.3	1417.22
14935	27236	1658.63	295.11	1917.19
14934	27236	1668.01	295.92	1895.32
14935	27237	538.9	380.22	1917.8
14934	27493	549.04	380.11	26.68
14935	27238	121.77	295.02	1797.67
14934	27238	140.4	295.96	1771.07
14935	27238	729.66	217	1793.77
14934	27238	741.77	217.11	1771.54
14935	27238	717.56	219.34	1094.4
14934	27238	697.39	219.15	1078.27
14935	27238	672	217.53	536.66
14934	27238	638.35	216.83	521.25
14935	26982	753.45	206.91	1252.11
14934	26982	777.69	204.25	1225.75
14935	26982	69.77	187.63	715.5
14934	26982	61.61	186.76	703.27
14935	26982	717.48	180	596.65
14934	26982	727.75	180	590.48
14935	26982	1480.96	180	1288.22
14934	26982	1499.45	180	1267.67
14935	26982	1495.34	180	697.37
14934	26982	1528.22	180	682.99
14935	26983	269.31	180	1381.2
14934	26983	283.69	180	1385.31
14935	26983	1025.93	180	1495.09
14934	26983	1034.15	180	1468.38
14935	26982	1230.42	180	65.73
14935	26982	1242.75	180	82.17
14934	26982	1230.42	180	88.33
14935	26983	241.22	180	762.46
14934	26983	255.6	180	783.01
14935	26983	76.49	180	70.39
14934	26983	49.77	180	72.44
14935	26983	989.31	180	776.99
14934	26983	995.47	180	793.43
14935	26983	780.04	180	114.23
14934	26983	788.26	180	149.17
14935	26983	1735.49	180	1185.82
14934	26983	1725.22	180	1196.1
14935	26983	1601.75	180	349.03
14934	26983	1620.25	180	363.42
14934	27236	808.03	205.23	545.06
14934	27236	898.19	197.07	1078.06
14934	27236	1629.75	213.65	1149.93
14934	26980	1798.41	217.73	1814.56
14934	26980	1373.03	181.16	974.18
14934	26980	753.18	180	800.05
14934	26981	394.8	213.06	891.72
14935	26980	1901.23	155.24	274.96
14935	26725	1006.63	202.68	1746.27
14935	27237	124.44	295.39	1773.62
14935	27238	448.49	216.03	1454.61
14935	27237	1101.78	218.69	956.62
14935	27237	1530.02	217.88	443.1
14935	27237	750.62	218	177.33
14934	26981	1345.24	252.56	1590.67
14935	27236	1845.74	290.69	575.51
14935	27237	991.8	400.99	1836.31
14935	26982	478.71	217.24	1805.56
14935	26982	414.49	192.73	713.8
14935	26982	3.2	236.4	129.31
14934	26982	1156.01	180	541.56
14935	26982	1163.76	180	1139.92
14934	26982	1865.21	180	1073.43
14935	26982	1867.88	180	461
14934	26983	680.79	180	1012.23
14935	26983	553.94	180	498.48
14934	26983	1286.63	180	1187.7
14934	26983	1251.25	180	207.39
14935	26982	667.62	216.42	38.1
14934	26726	1610.4	180.76	1732.4
14935	26981	1706.85	208.43	908.11
14935	27237	1911.79	216.84	1198.64
14934	26980	820.55	182.32	50.1
14939	26729	67.55	180.38	1173.78
14939	26729	84.65	180.1	1173.82
14940	26729	79.85	180	1188.28
14939	26729	111.58	204.09	641.8
14939	26729	126.16	203.61	633.51
14940	26729	132.39	202.71	654.47
14939	26472	1919.95	198.47	1850.25
14939	26472	1905.67	197.76	1836.13
14940	26473	5.97	198.05	1834.08
14939	26473	809.69	199.48	1735.23
14939	26473	813.67	196.92	1767.44
14940	26473	793.4	196.83	1751.23
14939	26729	1571.6	234.15	8.4
14939	26473	1590.49	234.9	1914.46
14940	26473	1562.71	236.02	1914.3
14939	26473	1661.83	270.5	1350.32
14939	26473	1655.03	271.39	1336.67
14940	26473	1670.31	270.24	1336.81
14939	26473	507.59	201.44	1035.51
14939	26473	498.77	200.53	1019.71
14940	26473	519.88	200.33	1028.52
14939	26472	1812.7	180.72	323.97
14939	26472	1801.99	182.04	315.02
14940	26472	1832.3	180.08	316.88
14939	26473	751.91	181.08	314.54
14939	26473	751.91	181.16	332.31
14940	26473	737.69	180.96	323.45
14939	26473	1511.26	221.58	636.33
14939	26473	1499.08	220.02	624.22
14940	26473	1511.27	220.75	624.19
14939	26216	1729.48	220.55	1291.37
14939	26216	1746.59	216.66	1279.24
14940	26216	1744.87	217.04	1296.67
14939	26217	170.9	250.73	703.84
14939	26217	155.64	249.47	695.44
14940	26217	177.23	254.84	693.07
14939	26216	1635.47	207.82	502.04
14939	26216	1636.88	214.39	517.45
14940	26216	1654.49	212.12	507.08
14939	25961	173.39	237.81	1731.91
14939	25961	178.57	242.68	1709.29
14940	25961	192.34	239.72	1724.91
14940	25961	197.48	242.91	1705.84
14939	25961	1278.74	298.81	1519.37
14939	25961	1283.74	298.89	1537.68
14940	25961	1305.29	300.22	1525.91
14940	25961	1290.34	299.88	1500.96
14939	26217	1201.36	208.98	464.3
14939	26217	1208.87	200.29	449.7
14940	26217	1224.36	205.48	459.54
14939	25961	692.45	180	1468.96
14939	25961	710.25	180	1468.96
14940	25961	706.69	180	1488.53
14939	25961	1791.56	254.24	1403.08
14939	25961	1802.02	251.71	1413.58
14940	25961	1786.49	253.38	1420.25
14940	25961	1813.99	251.8	1396.47
14939	25962	443.34	241.88	1569.88
14939	25962	457.9	247.3	1557.06
14940	25962	445.72	248.32	1553.48
14940	25962	429.71	241.03	1568.29
14939	26217	1905.1	278.39	469.87
14939	26217	1911.93	276.5	481.78
14940	26218	7.24	274.16	470.09
14939	26217	450.32	228.9	1224.92
14939	26217	451.98	230.67	1241.99
14940	26217	469.56	225.4	1232.32
14939	26217	1527.54	180	110.8
14939	26217	1543.56	180	119.7
14940	26217	1547.12	180	101.91
14939	25962	851.42	185.77	1685.11
14939	25962	869.15	184.83	1681.64
14940	25962	860.29	185.8	1697.52
14939	26218	1351.76	223.89	341.81
14939	26218	1360.38	224.92	331.33
14940	26218	1382.76	227.22	334.67
14939	26218	457.03	236.14	234.73
14940	26218	465.47	232.52	250.3
14939	26472	1838.41	195.78	951.5
14939	26472	1855.21	192	959.85
14940	26472	1853.45	190.59	944.27
14939	26473	1031.64	254.71	1402.06
14939	26473	1048.25	252.04	1406.78
14940	26473	1042.5	264.75	1389.42
14939	26473	1153.22	281.77	896.42
14939	26473	1163.69	276.17	911.66
14940	26473	1171.08	282.91	899.34
14939	26474	944.49	220.67	1786.74
14939	26474	959	227.44	1770.95
14940	26474	961.08	233.82	1784.48
14939	26474	1746.12	263.7	1914
14939	26730	1766.4	253.48	11.2
14940	26474	1763.28	254.89	1918.99
14940	26730	1750.76	261.74	10.7
14939	26475	265.86	329.75	1729.73
14939	26475	282.9	334.99	1729.02
14940	26475	272.76	336.37	1714.46
14939	26475	1462.56	235.19	1896.24
14939	26475	1450.38	231.21	1877.64
14940	26475	1439.76	220.68	1896.94
14939	26476	732.55	160.11	1611.68
14940	26476	749.73	153.53	1612.22
14940	26476	736.97	171.86	1627.55
14939	26476	1334.61	289.79	1231.65
14939	26476	1355.22	290.92	1226.96
14940	26476	1334.47	295.69	1242.52
14939	26476	1103.02	280.79	657.8
14939	26476	1121.58	276.47	657.77
14940	26476	1105.24	283.5	676.21
14939	26475	896.31	371.67	648.35
14940	26475	905.53	377.48	661.69
14940	26475	911.67	369.06	648.31
14939	26475	936.78	307.6	1208.3
14940	26475	948.25	304.51	1231.26
14940	26475	925.54	299.44	1231.56
14939	26475	186.55	451.23	1132.1
14940	26475	186.41	460.2	1117.09
14940	26475	203.67	450.94	1125.68
14939	26474	1659.33	373.95	878.25
14939	26474	1648.22	373.39	882.7
14940	26474	1648.09	371.49	898.26
14939	26474	479.48	305.47	1148.89
14939	26474	479.86	310.36	1128.54
14940	26474	499.98	305.29	1142.05
14940	26474	500.42	311.74	1119.49
14939	26474	180.03	184.21	236.09
14939	26474	199.13	185.22	248.02
14940	26474	180	184.81	255.21
14939	26217	1586.78	183.54	1663.87
14939	26217	1601.21	185.27	1678.16
14940	26217	1582.11	186.54	1687.67
14939	26219	651.85	345.97	1445.53
14939	26219	654.1	354.12	1431.3
14940	26219	674.26	344.29	1447.95
14940	26219	674.2	353.4	1415.73
14939	26219	407.11	215.19	694.75
14939	26219	423.62	214.03	692.4
14940	26219	414.13	213.61	678.21
14939	26218	1513.55	456.03	1281.1
14939	26218	1526.46	461.15	1291.43
14940	26218	1530.82	466.55	1276.2
14939	26219	65.4	357	1680
14939	26219	60.95	357.43	1695.58
14940	26219	76.53	356.29	1691.18
14939	26219	1279.55	196.57	1388.31
14939	26219	1279.62	197.85	1404.91
14940	26219	1300.88	193.7	1398.01
14939	26220	74.69	69.06	988.54
14940	26220	92.55	66.95	971.14
14939	26219	1838.97	149.72	237.17
14939	26219	1809.93	150.92	239.61
14940	26219	1826.93	151.21	225.06
14940	26219	1848.72	150.53	220.19
14939	26218	710.89	269	1563.23
14940	26218	694.86	275.62	1574.97
14939	26218	715.25	196.04	1112.53
14939	26216	1761.59	267.25	1674.06
14939	26473	565.32	185.9	41.39
14939	26217	131.39	177.1	1043.47
14939	26217	63.17	182.58	307.55
14939	25961	516.23	183.21	1804.26
14939	25961	1012.94	191.86	1259.75
14939	25961	1599.81	182.15	1687.97
14939	26217	1064.17	195.91	73.42
14939	26217	1550.49	186.63	448.41
14939	26218	76.42	196.31	87.69
14939	25962	608.59	183.65	1882.42
14939	26219	946.87	224.38	1173.41
14939	26219	1918	104.21	618.63
14939	26219	246.97	318.44	1269.51
14939	26218	1570.38	372.73	1677.77
14939	26218	103.2	182.85	1760.57
14939	26473	1644.36	205.13	289.57
14939	26473	1343.22	270.27	1206
14939	26473	1150.53	250.35	1785.96
14939	26474	1864.01	310.37	1576.44
14939	26475	571.21	349.14	1195.76
14939	26475	1203.46	187.43	1630.66
14939	26475	118.68	382.06	761.26
14940	26217	527.79	186.82	366.22
14940	26217	252.88	181.08	1556.25
14940	26472	1730.02	180.19	673.39
14940	26473	260.25	201.06	769.52
14940	26729	455.83	191.95	42.53
14940	26729	368.49	180	939.81
14940	26729	105.67	247.02	286.52
14940	26473	800.64	181.71	753.94
14940	26217	1173.75	220.56	884.54
14940	26218	419.28	192.62	752.18
14940	26217	1817.05	175.8	1251.73
14940	26218	1204.74	308.37	1562.13
14940	26218	1784.21	295.6	1002.91
14940	26219	556.21	264.65	967.53
14940	26219	1620.71	174.55	1085.28
14940	26219	883.63	169.35	713.47
14940	26219	1339.34	136.15	741.8
14940	26219	1418.45	153.71	328.51
14940	26219	13.76	228.32	596.23
14940	26219	97.78	184	184.27
14940	26218	1627.8	180	1.43
14940	26218	1176.42	191.94	27.73
14940	26218	872.85	178.54	469.81
14940	26218	1145.98	272.52	1173.87
14940	26218	1559.36	221.26	697.45
14940	26218	1165.36	199.08	776.83
14940	26217	1821.51	202.7	823.42
14940	26217	661.9	195.7	864.15
14940	26217	859.51	188.04	1289.7
14940	26217	1285.8	180	1414.89
14940	26473	261.9	182.74	341.57
14940	26473	1153.77	226.09	416.99
14940	26473	1294.29	180.14	51.24
14940	26217	973.84	234.89	1806.39
14940	26473	268.26	219.37	1484.49
14940	26473	759.06	199.51	1263.32
14940	26729	647.1	180	501.69
14940	26729	991.79	180.82	335.65
14940	26729	1379.87	197.02	379.18
14940	26474	53.51	230.91	898.71
14940	26474	589.87	215.02	590.16
14940	26474	658.93	217.59	100.86
14940	26474	1423.28	305.45	1256.37
14940	26730	1314.7	130.36	131.58
14940	26475	681.03	195.61	1738.67
14940	26475	1402.85	159.7	1154.55
14940	26219	456.18	333.81	1874.42
14940	26219	960.28	253.61	1753.86
14940	26219	1682.28	112.3	1627.7
14940	26220	176.42	15.56	1419.95
14939	26476	962.16	132.54	1167.26
14939	26476	593.3	86.54	659.99
14939	26476	425.38	44.76	1242.24
14939	26731	1070.68	173.77	276.83
14939	26731	361.54	115.2	373.64
14939	26730	1739.15	97.73	574.28
14939	26730	762.39	119.59	366.96
14939	26474	505.3	118.71	1686.45
14939	26730	273.86	147.64	222.15
14939	26474	100.71	188.85	1539.38
14939	26729	1861.92	196.47	235.84
14939	26220	319.66	152.69	169.94
14939	26476	198.45	42.1	109.67
14939	26475	1900.95	81.26	580.65
14939	26475	1621.09	112.06	249.24
14939	26475	1222.62	188.82	368.67
14939	26476	20.17	69.11	1042.18
14939	26476	1189.61	154.86	1720.3
14939	26476	266.31	110.89	1857.88
14939	26475	1823.36	139.05	1593.73
14939	26730	1203.24	105.81	638.89
14939	26474	1212.35	366.03	213.81
14939	26475	4.71	397.74	199.36
14939	26474	1584.66	387.75	479.39
14939	26475	543.52	331.26	642.55
14939	26475	749.13	286.62	311.41
14939	26475	1140.75	200.63	844.49
14939	26474	1244.33	359.27	825.18
14939	26474	946.8	188.39	1421.93
14939	26474	909.25	229.51	1030.06
14942	27503	1856.62	139.87	499.32
14941	27503	1873.44	139.87	499.32
14942	27503	833.11	147.23	448.1
14941	27503	848.46	147.24	456.38
14942	27503	1368.36	140.32	294.98
14941	27503	1370.23	140.17	313.68
14942	27502	1564.81	141.61	1202.7
14941	27502	1553.62	141.61	1191.5
14942	27502	1848.84	139.87	491.31
14941	27502	1852.57	139.87	506.26
14942	27503	617.52	152.09	1298.96
14941	27503	604.53	151.93	1311.98
14942	27503	1670.14	141.67	1283.94
14941	27503	1675.74	141.7	1297
14942	27502	753.04	178.25	1333.09
14941	27502	732.91	176.01	1331.67
14942	27502	429.24	145.62	667.39
14941	27502	406.88	145.57	648.77
14942	27502	892.02	147.26	474.16
14941	27502	886.43	147.27	492.77
14942	27502	1471.78	143.62	235.98
14941	27502	1486.73	142.69	252.85
14942	27503	425.57	145.55	568.35
14941	27503	425.57	145.54	555.31
14942	27757	573.3	180	1478.35
14941	27757	578.24	180	1498.13
14942	27757	45.61	178.84	1225.64
14941	27757	45.59	178.59	1210.81
14942	27757	739.2	180	1043.04
14941	27757	757.33	180	1049.63
14942	27757	455.24	182.44	341.8
14941	27757	468.41	181.71	351.73
14942	27757	222.78	179.53	723.57
14941	27757	234.31	179.84	736.76
14941	27755	127.76	340.58	1129.4
14941	27755	480.94	346.38	1178.9
14942	27754	1551.37	279.88	793.88
14941	27754	1535.84	279.81	789.22
14942	27754	436.81	316.64	931.54
14941	27754	437.6	316.72	909.27
14942	27753	1689.68	302.96	838.67
14941	27753	1699.19	302.97	851.75
14941	27498	629.33	240.32	1533.73
14941	27498	1086.5	237.92	1563.75
14941	27498	840.09	238.2	1878.04
14941	26986	1604.91	179.91	1061.52
14942	26986	917.02	131.21	675.31
14941	26986	933.35	131.66	685.44
14941	26986	921.33	175.21	1526.29
14941	26986	933.25	174.9	1514.36
14942	26986	1848.42	180	1407.08
14942	26987	703.87	244.16	569.69
14941	26987	721.98	244.16	559.34
14942	26731	717.5	236.47	1275.52
14941	26731	717.5	236.36	1298.88
14942	26731	1363.03	235.17	1330.67
14941	26731	1370.82	235.53	1346.24
14942	26732	1680.45	294.5	367.02
14941	26732	1710.88	293.39	367.03
14942	26733	651.59	290.32	35.53
14941	26733	618.48	284.74	43.32
14942	26733	152.93	292.14	80.25
14941	26733	152.94	292.66	105.66
14942	26733	247.07	297.68	1058.1
14941	26733	259.73	297.35	1032.79
14942	26733	401.7	297.55	531.92
14941	26733	421.99	297.53	526.85
14941	26478	496.33	235.74	1494.1
14941	26478	891.22	226.43	1795.54
14941	26734	444.34	243.42	36.93
14942	26734	451.47	243.96	55.53
14942	26478	909.35	225.96	1807.01
14942	26478	477.21	237.28	1500.44
14942	26478	89.64	249.02	1757.13
14941	26478	96.63	248.76	1774.68
14942	26989	510.2	180	1550.83
14941	26989	493.83	180	1556.29
14942	26989	255.51	180	1143.08
14941	26989	259.15	180	1159.45
14942	26989	276.3	186.21	313.34
14941	26989	288.96	185.71	318.76
14942	26989	1065.12	183.57	719.31
14941	26989	1072.37	183.73	710.22
14942	27246	1793.15	180	1147.95
14941	27246	1820.44	180	1140.67
14942	27246	1629.65	180	836.92
14941	27246	1636.93	180	822.37
14942	27247	1902.87	140.98	1132.23
14941	27247	1889.87	141	1137.8
14942	27247	1503.8	141.58	1070.95
14941	27247	1509.36	141.57	1056.1
14942	27247	994.02	147.31	751.96
14941	27247	977.37	147.31	750.11
14942	27247	420.92	145.57	644.27
14941	27247	415.36	145.58	653.53
14942	26991	901.38	142.65	1636.3
14941	26991	918.07	142.66	1625.17
14942	27247	1171.89	145.61	355.54
14941	27247	1186.65	145.16	361.13
14942	27247	1750.98	140.02	629.84
14941	27247	1763.98	140.02	624.26
14942	27248	458.93	140.74	918.46
14941	27248	445.93	140.74	924.03
14942	27248	124.04	140.84	193.51
14941	27248	140.75	140.97	204.64
14942	27248	814.72	140.96	1037.27
14941	27248	797.33	140.92	1029.54
14942	26221	763.17	259.9	1667.79
14941	26221	752.28	259.25	1644.22
14942	26221	300.79	241.31	1390.17
14941	26221	311.81	241.25	1371.81
14937	27755	1575.66	180	858.54
14941	27754	1740.93	336.36	1041.8
14941	27754	130.18	303.44	813.94
14941	27498	860.66	236.49	1451.2
14941	27757	260.43	180	1442.82
14941	27757	599.74	180	615.71
14941	27502	636.44	148.64	879.96
14941	27502	1494.53	139.36	848.27
14941	27503	220.38	183.67	783.12
14941	27503	1492.01	141.22	688.12
14941	27503	1217.59	147.38	1176.28
14941	27503	183.33	159.18	1232.07
14941	27502	1176.86	147.42	1215.71
14941	27502	557.88	144.78	301.17
14941	27246	1445.86	195.91	1128.39
14941	27247	656.56	148.51	841.18
14941	27247	1411.01	141.96	729.09
14941	27248	177.07	140.09	721.39
14941	27247	1740.85	139.87	277.21
14941	27247	1057.91	142.51	42.57
14941	26991	1652.76	139.47	1749.84
14941	27248	495.11	143.01	412.46
14941	27248	356.68	140.87	1258.23
14941	27247	1087.72	181.49	1144.46
14941	27247	380.42	144.86	205.56
14941	26986	1656.2	180	1633.23
14941	26986	1114.49	180	1774.55
14941	26986	665.73	146.73	1174.03
14941	26986	1150.35	126.1	395.59
14941	26986	1326.04	171.53	1031.5
14941	26986	1762.16	259.63	609.79
14941	26731	1049.42	238.74	1459.17
14941	26989	581.72	180	830.16
14941	26989	865.44	180	1395.28
14941	26989	1216.52	196.06	1024.56
14941	26733	65.58	297.81	545.88
14941	26733	857.47	292.57	357.2
14941	26733	598.1	296.4	875.05
14941	26734	128.17	243.77	192.94
14941	26478	856.94	225.59	1414.09
14941	26221	699.67	247.9	1260.5
14941	27754	1149.67	316.91	994.45
14941	27754	865.06	316.7	955.68
14937	27754	1460.49	181.25	203.27
14937	27242	1294.89	176.14	1443.14
14937	27242	765.12	138.07	1589.56
14937	27242	331.54	150.98	1217.74
14938	27242	878.63	154.25	1122.54
14937	27242	186.98	132.97	1866.62
14937	27498	666.13	168.92	230.75
14937	27241	1721.26	164.75	1476.06
14937	27497	1556.79	255.6	109.88
14937	27498	18.09	246.23	486.74
14937	27497	1462.98	247.72	664.83
14937	27497	1858.9	257.27	1014.89
14937	27497	1436.23	252.89	1217.52
14937	27497	930.14	255.59	1006.37
14937	27497	1001.13	244.07	1489.83
14937	27497	937.47	260.26	457.23
14937	27497	495.34	252.34	723.05
14937	27241	923.77	256.5	1835.54
14937	27497	519.25	258.31	188.44
14937	27497	26.61	250.55	466.59
14937	27497	424.16	275.21	1234.97
14937	27497	608.75	231.34	1710.38
14937	27753	1040.32	211.08	77.57
14937	27753	558.68	207.43	313.52
14937	27753	127.54	187.52	97.54
14937	27753	112.03	184.98	604.86
14937	27753	565.59	207.68	794.8
14937	27753	949.6	253.34	543.65
14937	27496	1880.04	237.08	1505.01
14937	27497	1750.77	251.31	1806.19
14937	27241	420.59	331.54	1499.02
14937	27241	876.43	312.85	1169.05
14937	27241	1273.38	313.51	1458.73
14937	27241	1661.91	240.54	874.49
14937	27241	1124.1	309.52	705.57
14937	27241	331.83	307.68	1004.8
14937	27240	1806.58	408.02	1270.14
14937	27241	597.46	259.98	631.13
14937	27240	1795.84	366.02	688.3
14937	27241	103.83	290.38	178.33
14937	27241	932.79	298.21	275.08
14937	27241	540.77	288.39	9.06
14937	26984	1692.98	246.23	1581.85
14937	26985	283.62	271.35	1471.15
14937	27241	1519.61	263.77	283.73
14937	27242	275.03	205.13	658.29
14937	27242	808.9	182.45	551.66
14937	27242	1395.99	189.15	792.84
14937	27242	137.3	202.01	35.41
14937	26985	1074.73	284.27	1624.56
14937	26985	1606.36	204.63	1551.93
14937	26985	1254.02	166.54	1028.73
14937	26985	701.26	299.17	1226.99
14937	26984	1853.91	330.48	1046.41
14937	26985	327.41	259.88	745.93
14937	26985	872.27	187.34	659.51
14937	26985	1806.08	171.01	1006.32
14937	26985	1484.43	221.12	517.29
14937	26984	1797.6	252.75	417.13
14937	26985	493.51	202.23	240.59
14937	27754	298.23	186.86	132.18
14937	27755	1166.19	233.67	1391.94
14937	27756	105.03	185.8	1494.87
14937	27756	852.7	180	1766.52
14937	27756	1103.25	180.87	1198.26
14937	27756	1518.31	180	1653.94
14937	27756	1416.26	205.84	632.81
14937	27501	761.82	180	1628.14
14937	27757	1302.47	206.06	129.89
14937	27757	1499.66	231.29	788.92
14937	27757	1410.3	195.13	1431.71
14937	27501	921.84	180	389.59
14937	27501	1249.53	180	906.55
14937	27501	1300.43	180	1451.08
14937	27501	1839.76	200.48	1763.14
14937	27757	1805.78	237.69	354.25
14937	27758	405.73	200.17	168.64
14937	27501	1819.69	180	1184.28
14937	27758	1026.34	180	229.96
14937	27501	1610.36	182.16	395.73
14937	27245	1390.32	186.93	1556.17
14937	27245	1026.39	251.68	892.64
14937	27245	314.16	180	637.48
14937	26988	988.52	177.94	1443.98
14937	26988	284.12	213.26	1152.74
14937	26987	1044	186.01	1352.13
14937	26987	1539.7	242.86	592.92
14937	26988	869.27	218.43	636.71
14937	26988	1484.76	202.18	937.91
14937	26988	268.74	234.84	180.81
14937	26988	1379.87	318.63	7.24
14937	26732	820.6	288.99	1509.81
14937	26731	217.78	266.58	1687.52
14937	26729	1155.39	259.71	1773.78
14937	26729	1786.12	261.98	1632.94
14937	26986	249.03	226.49	70.47
14937	26730	482.39	260.4	1386.56
14937	26729	1870.99	251.06	931.96
14937	26729	1337.79	283.61	1230.22
14937	26729	749.36	186.46	1369.17
14937	26730	657.14	271.04	910.52
14937	26730	983.7	258.53	1377.74
14937	26730	1640.16	146.4	1827.16
14937	26730	1749.21	118.23	1238.36
14937	26731	403.61	170.53	1001.53
14937	26731	1073.18	237.03	809.12
14937	26731	1682.54	173.01	691.94
14937	26732	185.17	200.65	461.53
14937	26732	738.38	337.81	785.91
14937	26732	221.06	184.33	1176.97
14937	27245	1744.87	180.02	965.23
14937	27245	1259.79	180	190.77
14937	27246	168.87	180	1631.87
14938	27755	1168.42	233.05	1376.98
14938	27754	1463.99	181.25	186.41
14938	26987	1535.79	241.76	621.25
14938	27245	1406.35	181.52	1573.43
14938	27754	307.08	185.99	150.86
14938	27497	1756.67	252.7	1829.32
14938	27753	962.66	258.56	572.52
14938	27753	588.67	207.61	791.94
14938	27753	128.98	186.11	618.23
14938	27753	537.23	206.28	319.8
14938	27753	132	187.81	125.29
14938	27497	581.4	223.88	1710.79
14938	27753	1062.06	211.08	78.07
14938	27497	1010.56	244.07	1507.85
14938	27496	1890.87	232.28	1522.53
14938	27497	445.45	266	1237.52
14938	27497	921.11	254.86	1009.34
14938	27497	501.38	251.47	730.67
14938	27497	24.63	250.68	479.65
14938	27497	1463.37	251.71	1220.98
14938	27497	1460.68	250.42	690.78
14938	27497	961.77	257.83	440.47
14938	27497	531.09	259.39	196.85
14938	27241	949.92	256.35	1835.36
14938	27241	402.17	311.77	1507.97
14938	27497	1886.7	259.27	1016.82
14938	27498	6.2	246.25	512.14
14938	27497	1544.57	256.15	131.34
14938	27241	1253.96	317.05	1474.7
14938	27241	879.31	309.74	1203.17
14938	27240	1787.14	407.7	1304.13
14938	27241	331.86	312.27	1034.87
14938	27240	1801.11	367.22	703.08
14938	27241	1152.35	305.78	720.39
14938	27241	591.85	259.13	652.44
14938	27241	85.17	292.89	187.46
14938	27241	522.03	288.19	26.33
14938	27241	948.39	296.27	286.51
14938	27241	1501.71	262	280.18
14938	26985	1105.06	250.68	1634.74
14938	26985	711.23	295.38	1246.45
14938	26985	308.96	271.26	1477.07
14938	26984	1706.9	246.23	1604.29
14938	26984	1859.43	328.22	1077.64
14938	26985	327.14	260.86	778.62
14938	26985	843.42	186.04	664.42
14938	26985	1250.55	167.46	1047.53
14938	26985	1479.09	213.98	553.67
14938	26985	510.3	202.89	273.39
14938	26984	1812.84	252.82	441.49
14938	26986	653.66	147.16	1181.52
14938	26985	1817.46	170.43	1011.5
14938	26985	1619.34	201.26	1529.3
14938	27242	155.29	199.13	64.38
14938	27242	296.02	203.01	646.48
14938	27242	360.73	147.33	1237.05
14938	27242	218.4	134.22	1885.42
14938	27242	1421.92	188.26	800.42
14938	27242	828.21	181.74	564.66
14938	26729	765.13	191.62	1392.14
14938	26729	1180.22	259.66	1783.19
14938	26729	1351.73	271.63	1254.52
14938	26729	1792.96	262.09	1664.74
14938	26986	238.9	229.15	92.29
14938	26730	468.77	260.42	1395.95
14938	26729	1855.04	266.56	955.49
14938	26730	627.16	278.21	930.49
14938	26730	977.5	258.49	1406.27
14938	26730	1731.51	123.95	1260.07
14938	26730	1641.31	149.06	1848.85
14938	26731	206.42	265.29	1718.49
14938	26731	410.46	198.28	1031.3
14938	26731	1089.12	237.62	816.73
14938	26731	1647.24	171.06	703.38
14938	26732	203.12	182.54	1176.64
14938	26732	171.76	202.06	479.83
14938	26732	723.93	341.67	802.01
14938	26732	804.34	289.28	1529.67
14938	26988	1398.23	320.4	29.51
14938	26988	282.49	235.13	203.21
14938	26988	854.71	216.32	652.66
14938	26988	1515.43	198.59	961.57
14938	27245	310.81	180	654.6
14938	27245	1056.4	224.64	930.57
14938	27245	1284.2	180	212.68
14938	27245	1771.57	180	983.42
14938	27246	191.61	180	1647.96
14938	27501	1620.62	181.17	420.91
14938	27501	1847.84	180	1195.64
14938	27501	1273.05	180	935.68
14938	27501	1313.49	180	1475.82
14938	27501	1854.48	203.39	1786.44
14938	27758	424.26	205.36	190.01
14938	27757	1817.48	237.56	383.3
14938	27757	1333.61	207.9	132.37
14938	27501	772.93	180	1640.48
14938	27757	1515.4	233.48	808.11
14938	27757	1385.49	192.87	1413.7
14938	27756	1398.83	202.4	658.51
14938	27756	1096.51	181.63	1220.78
14938	27756	1509.42	180	1677.28
14938	27756	873.98	180	1798.59
14938	27756	82.48	192	1507.69
14938	27758	1043.97	180	226.21
14937	26731	1694.41	243.71	1785.95
14937	27498	1157.86	175.2	101.92
14937	27498	632.56	308.1	897.55
14938	27498	643.35	308.04	873.29
14942	26991	1027.78	143.47	1218.78
14941	26991	1023.1	143.39	1232.78
14942	27248	904.64	143.81	549.77
14941	27248	904.64	143.85	531.11
14942	26992	479.92	145.41	1826.79
14941	26992	469.01	144.79	1817.49
14942	26992	334.02	145.1	1335.35
14941	26992	315.36	144.84	1332.25
14942	26992	61.64	148.3	755.75
14941	26992	77.14	148.3	757.3
14942	26991	1530.7	257.27	346.56
14941	26991	1521.87	256.5	332.04
14942	26991	1092.56	288.41	100.19
14941	26991	1093.55	293.33	117.23
14942	26991	727.44	272.6	396.3
14941	26991	730.27	272.35	379.14
14942	26735	1059.84	268.51	1539.28
14941	26735	1085.52	267.36	1547.94
14942	26735	623.8	269.95	1796.67
14941	26735	638.15	269.96	1798.1
14942	26735	233.7	262	1267.49
14941	26735	213.47	261.67	1280.46
14942	26734	1597.66	219.28	498.46
14941	26734	1576.68	217.75	495.57
14942	26734	1299.13	189.86	26.44
14941	26734	1288.53	189.33	49.15
14942	26478	1074.56	219.64	1308.51
14942	26478	1065.54	218.21	1293.59
14942	26479	1586.91	241.98	744.05
14941	26479	1595.68	241.89	738.21
14942	26479	1296.4	240.65	1467.43
14941	26479	1281.89	241.84	1471.68
14942	26479	1143.38	241.9	617.85
14941	26479	1152.15	241.93	609.08
14942	26480	75.79	225.5	1550.67
14941	26480	69.88	225.31	1568.43
14942	26736	121.08	180.8	304.42
14941	26736	108.36	181.94	284.28
14942	26735	1684.69	223.88	639.56
14942	26736	67.03	241.93	1321.35
14942	26736	189.86	238.82	1817.56
14941	26735	1692.31	225.13	652.44
14941	26736	83.31	241.6	1329.32
14941	26736	203.71	238.58	1810.12
14942	26223	612.29	180	718.52
14941	26223	604.69	180	706.36
14942	26223	640.61	191.57	1410.91
14941	26223	648.3	193.92	1430.17
14942	26223	115.8	196.14	1567.77
14941	26223	106.54	194.02	1552.94
14942	26222	1272.91	253.14	904.16
14941	26222	1271.19	252.38	923.47
14942	26479	739.21	232.26	870.08
14941	26479	725	230.03	894.1
14942	26735	1125.18	208.97	519.53
14941	26735	1117.9	207.38	508.93
14942	26735	943.44	174.16	8.55
14941	26735	925.07	169.54	34.24
14942	26479	367.11	151.54	1860.95
14941	26479	381.68	151.73	1868.21
14942	26479	118.39	144.14	1340.85
14941	26479	127.5	143.87	1362.78
14942	26991	669.98	277.98	877.62
14941	26991	690.34	277.68	874.24
14942	26990	1905.17	303.61	1182.5
14941	26990	1919.7	299.52	1166.13
14942	26991	169.34	278.31	659.24
14941	26991	162.57	278.75	650.7
14942	26990	1598.49	268.43	128.43
14941	26990	1600.18	268.02	109.7
14942	26990	1405.83	231.78	767.47
14941	26990	1392	233.2	779.55
14942	26990	1417.35	301.05	1344.7
14941	26990	1427.51	301.92	1342.95
14942	26734	638.32	193.81	810.47
14941	26734	620.59	194.17	829.99
14942	26734	903.23	221.61	1364.23
14941	26734	887.36	219.59	1371.6
14942	26734	228.65	191.54	1302.29
14941	26734	239.58	192.88	1302.17
14942	26990	1023.64	249.74	315.61
14941	26990	1023.71	245.39	335.32
14942	26478	1564.23	163.09	995.15
14941	26478	1544.34	163.18	1004.18
14942	26478	396.96	192.21	967.27
14941	26478	380.93	192.21	961.92
14942	26734	151.98	245.08	591.13
14941	26734	172.67	243.7	605.23
14942	26733	1606.39	247.43	258.52
14941	26733	1580.46	247.41	251.61
14942	26477	1522.52	198.9	1256.34
14941	26477	1513.65	198.88	1275.85
14942	26477	1193.96	205.22	1778.26
14941	26477	1183.36	205.28	1794.17
14942	26733	1148.13	287.22	435.95
14941	26733	1163.21	286.1	429.3
14942	26477	828.2	207.67	1344.91
14941	26477	815.83	207.67	1336.08
14942	26477	316.39	225.85	1486.81
14941	26477	312.98	227.36	1511.19
14942	26476	1754.84	190.46	1583.58
14941	26476	1744.15	190.12	1580.05
14942	26477	37.81	185.63	1102.26
14941	26477	19.95	185.8	1123.68
14942	26732	813.91	198.22	227.3
14941	26732	825.99	194.73	213.39
14942	26732	1465.13	305.16	901.46
14941	26732	1476.84	304.95	896.46
14942	26222	1060.7	240.71	1417.92
14941	26222	1021.1	241.35	1417.84
14942	26222	533.02	280.25	724.85
14941	26222	535.8	280.13	741.59
14942	26221	905.86	196.73	1026.27
14942	26221	914.49	199.88	997.56
14942	26221	1483.73	207.8	1394.87
14941	26221	1486.59	207.83	1414.88
14941	27758	1703.5	180	171
14941	27502	1630.66	152.81	1678.74
14941	27759	320.45	180	449.3
14941	27503	435.06	166.94	1859.14
14941	27759	1010.57	180	263.39
14941	27503	1622.11	148.42	1840.88
14941	27759	1783.21	180	601.05
14941	27760	435.44	189.96	233.39
14941	27760	1003.44	182.67	568.66
14941	27504	430.28	202.18	1509.31
14941	27504	1116.68	196.11	1758.11
14941	27760	1634.25	190.47	312.6
14941	27504	1740.97	226.83	1676.89
14941	27504	1343.46	196.63	1079.6
14941	27504	780.89	220.25	922.23
14941	27504	1242.78	173.14	296.19
14941	27504	415.04	140.26	241.27
14941	27247	1716.59	141.85	1891.06
14941	27247	1000.1	147.96	1827.71
14941	27503	415.18	139.87	37.06
14941	27246	1831.27	141.29	1795.27
14941	27247	400.79	162.32	1387.37
14941	27248	889.15	145.32	1731.55
14941	27248	1275.6	148.4	1296.07
14941	26991	1651.54	149.35	729.22
14941	26991	1025.61	207.49	915.34
14941	26991	606.56	269.9	131.56
14941	26991	1827.6	245.15	153.77
14941	26735	968.16	265.01	1187.47
14941	26735	1381.44	215.23	592.42
14941	26735	84.27	255.47	858.71
14941	26479	684.61	156.52	1834.7
14941	26479	1734.67	274.96	1800.58
14941	26479	1026.01	251.69	1333.55
14941	26479	352.78	237.31	1074.05
14941	26734	1335.92	190.98	358.96
14941	26990	1798.66	229.83	511.37
14941	27246	1099.07	145.53	1888.38
14941	27246	798.24	228.74	1380.62
14941	27246	515.3	180	869.32
14941	27246	991.68	213.68	452.37
14941	27246	1586.01	209.36	235.24
14941	27246	443.3	206.49	337.2
14941	27246	27.6	180	202.39
14941	26989	1739.35	189.46	1590
14941	26990	376.42	219.77	1695.94
14941	26990	959.26	217.82	1817.34
14941	26990	894.76	273.96	1182.23
14941	26990	334.62	257.63	1101.42
14941	26989	1822.34	265.16	785.43
14941	26990	687.86	293.57	687.44
14941	26990	264.21	249.13	322.06
14941	26734	676.65	262.89	1825.21
14941	26989	1628.38	211.69	276.15
14941	26989	1008.66	183.4	117.61
14941	26733	417.5	217.89	1715.91
14941	26732	1885.46	298.84	1420.75
14941	26733	1203.17	284.45	1404.39
14941	26733	1829.15	200.02	1567.01
14941	26733	1715.17	303.1	983.94
14941	26732	1272.17	320.42	465.94
14941	26476	1645.54	218.23	757
14941	26220	860.58	40.31	1549.84
14941	26220	631.82	67.76	981.16
14941	26220	933.14	175.61	476.36
14941	26220	1574.13	180	626.31
14941	26220	1195.31	86.39	1053.2
14941	26221	345	180	670.76
14941	26220	1860.73	178.78	1112.54
14941	26220	1518.74	104.58	1562.99
14941	26476	1133.64	146.06	193.22
14941	26476	1835.1	176.32	245.1
14941	26477	338.34	180	643.22
14941	26221	314.63	196.08	1886.87
14941	26477	975.13	180.34	801.5
14941	26477	910.6	184.56	251.04
14941	26221	1397.38	245.96	871.34
14941	26222	46.63	274.45	652.41
14941	26222	136.34	241.4	1312.76
14941	26222	1350.45	230.95	1233.43
14941	26477	1656.09	179.83	18.2
14941	26477	1716.77	180	647.62
14941	26478	441.87	155.15	13.12
14941	26478	402.44	182.16	503.8
14941	26478	985.72	173.76	711.49
14941	26478	1026.23	174.27	61.59
14941	26478	1535.24	186.37	490.35
14941	26222	1606.4	210.36	1801.69
14941	26223	353.56	181.57	1336.16
14941	26223	1223.77	180	677.15
14941	26223	1250.03	214.49	1466.56
14941	26479	1348.9	240.79	200.66
14941	26479	711.34	231.23	379.62
14941	26223	952.61	203.37	1864.17
14941	26479	418.3	210.42	10.22
14941	26479	123.44	216.5	442.23
14942	27760	450.95	191.26	252.02
14942	27760	1282.4	185.96	236.39
14942	27504	1378.56	182.05	1523.29
14942	27504	944.75	180	1349.19
14942	27504	710.97	180	1834.06
14942	27503	1872.34	148.33	1486.87
14942	27759	1411.36	180	306.42
14942	27759	677.74	180	272.08
14942	27503	296.1	175.69	1727.41
14942	27758	1749.87	180	261.91
14942	27502	1276.82	146.95	1549.83
14942	27502	815.31	155.82	1658.49
14942	27503	974.83	160.78	1655.49
14942	27504	1448.68	182.91	709.79
14942	27504	755.12	227.06	554.87
14942	27248	373.38	144.07	1906.64
14942	27248	1230.84	154.64	1892.54
14942	27248	692.22	142.45	1444.05
14942	27247	1653.35	142.24	1631.56
14942	27247	1073.97	189.07	1479.29
14942	27247	574.02	140.92	1815.46
14942	27247	549	150.29	1141
14942	27246	1855.47	156.48	1672.1
14942	27246	1237.66	187.08	1508.59
14942	27246	602.34	163.6	1759.42
14942	27246	1036.43	192.32	925.35
14942	27246	680.53	217.41	450.72
14942	26990	939.32	221.75	1781.79
14942	27246	198.87	180.58	74.87
14942	26989	1617.5	202.93	1395.81
14942	26990	440.24	255.6	1196.4
14942	26990	385.97	249.29	377.35
14942	26989	1713.91	256.58	769
14942	26989	569.41	180	1889.34
14942	26733	641.29	194.25	1809.56
14942	26732	1898.26	258.94	1728.77
14942	26989	1295.62	196.44	142.12
14942	26734	6.66	205.81	1708.88
14942	26733	1355.01	287.06	1319.04
14942	26733	827.53	294.19	1207.55
14942	26734	572.13	220.59	1155.77
14942	26990	1748.06	350.95	1396.74
14942	26991	507.85	274.21	640.32
14942	26734	1753.21	263.47	1683.09
14942	26735	405.62	268.82	1525.38
14942	26992	255.88	148.44	1135.17
14942	27504	164.28	143.72	852.99
14942	27247	68.98	186.92	813.87
14942	26479	1493.72	240.94	229.76
14942	26479	796.46	229.88	406.79
14942	26479	153.95	212.24	494.18
14942	26478	1636.37	185.32	562.74
14942	26478	1041.45	171.3	709.6
14942	26478	1086.21	178.4	89.53
14942	26222	1597.58	210.37	1773.57
14942	26223	360.78	227.6	1864.99
14942	26223	911.26	211.87	1778.9
14942	26223	1217.92	219.09	1513.05
14942	26223	1117.89	180	556.05
14942	26223	428.11	180	810.03
14942	26222	1751.63	228.43	1019.29
14942	26222	1246.3	222.51	1488.21
14942	26222	364.92	155.8	1907.41
14942	26222	236.23	240.78	1298.4
14942	26222	785.1	257.22	875.21
14942	26222	63.23	264.56	699.07
14942	26221	1525.42	243.57	994.74
14942	26477	1594.85	180	5.11
14942	26478	526.4	180.98	580.8
14942	26477	1843.21	180	751.09
14942	26477	1371.84	202.54	1585.04
14942	26477	1034.48	194.09	844.92
14942	26477	1028.75	183.59	273.05
14942	26221	1147.06	213.29	1561.34
14942	26221	680.76	241.79	1266.21
14942	26221	392.06	180	666.3
14942	26221	908.12	204.68	584.65
14942	26220	1885.29	183.83	1149.47
14942	26220	1523.38	109.8	1616.42
14942	26476	1776.14	174.86	250.69
14942	26476	1197.92	154.19	213.43
14942	26476	1797.58	211.02	723.45
14942	26220	1083.14	39.81	1326.36
14942	26220	495.54	113.25	645.3
14942	26220	1308.29	180	467.6
14942	26477	469.26	214.91	1301.33
14942	26732	1741.89	299.38	17.63
14942	26732	1821.42	298.76	916.53
14942	26732	1592.67	307.25	1382.82
14942	26478	1618.6	168.22	1308.69
14942	26479	78.89	175.91	1841
14942	26735	650.42	272.89	598.73
14942	26736	110.83	180	598.44
14942	26736	270.22	236.89	1165.48
14942	26992	423.3	233.33	118.55
14942	26992	691.28	226.78	1671.27
14937	26987	1171.37	270.24	58.16
14937	26731	559.77	280.69	1917.2
14937	26988	266.14	238.64	659.31
14937	26988	814.3	341.31	111.2
14937	26988	1673.81	243.51	462.95
14937	27245	788.81	180.82	450
14937	27245	1537.54	197.45	580.01
14937	27501	1203.95	176.26	35.85
14937	27756	567.66	180.11	1316.69
14937	27756	887.97	187.99	731.57
14937	27755	1601.13	208.53	1325.36
14937	27753	1457.02	185.91	326
14937	26986	479.4	165.57	559.67
14945	26996	965.77	255.22	1316.96
14946	26996	980.18	257.24	1305.25
14945	26996	1432.52	247.56	1004.88
14945	26996	1789.54	242.5	1371.19
14945	26997	102.01	208.35	947.52
14945	26997	389.25	188.98	1370.3
14945	26997	206.79	285.76	1717.46
14945	26996	1213.73	243.64	1777.49
14945	26996	1013.27	268.11	726.4
14945	26996	1728.83	246.28	587.25
14945	26996	1355.19	256.27	401.69
14945	26740	1593.42	248.48	1841.7
14945	26996	801.93	256.61	238.2
14945	26996	478.42	259.69	655.97
14945	26996	329.47	259.75	1133.06
14945	26995	1827.1	244.99	1480.46
14945	26995	1717.51	256.06	919.18
14945	26996	40.23	250.8	483.43
14945	26996	350.04	257.71	71.95
14945	26740	775.71	259.42	1662.27
14945	26740	1256.87	204.52	1397.96
14945	26740	759.36	213.98	1129.15
14945	26740	1316.71	190.97	846.75
14945	26740	838.45	198.51	624.33
14945	26740	1222.23	180.92	269.19
14945	26484	1703.81	180	1813.3
14945	26484	1232.01	209.18	1693.98
14945	26740	790.41	183.45	30.15
14945	26740	434.13	183.06	379.05
14945	26740	401.53	246.91	867.19
14945	26740	356.97	203.5	1389.2
14945	26739	1783.28	275.78	1721.35
14945	26995	1545.21	256.31	258.14
14945	26995	1221.17	262.81	720.66
14945	26995	1337.89	264.14	1247.78
14945	26995	1054.48	244.02	1574.52
14945	26995	807.21	245.27	1131.83
14945	26995	678.34	282.07	625.23
14945	26995	881.39	256.77	201.91
14945	26739	1717.75	244.14	1184.89
14945	26739	1870.14	247.14	664.85
14945	26739	1836.32	155.24	114.02
14945	26484	326.54	206.75	1773.13
14945	26484	784.51	192.15	1421.92
14945	26484	279.35	224.02	1166.33
14945	26483	1817.04	243.6	1518.27
14945	26739	1365.96	256.32	418.93
14945	26739	1256.36	256.48	945.58
14945	26739	1215.77	244.8	1509.63
14945	26739	653.37	261.49	1600.55
14945	26739	764.77	246.51	1083.94
14945	26739	818.02	273	535.45
14945	26483	944	256.65	1812.5
14945	26739	420.81	255.22	141.36
14945	26739	271.59	248.51	743.45
14945	26739	32.02	193.46	1465.81
14945	26995	266.61	254.23	166.17
14945	26995	186.87	248.55	759.52
14945	26994	1777.17	242.49	1408.1
14945	26994	1547.05	255.74	884.72
14945	26994	1670.9	256.85	362.26
14945	26738	1479.83	255.73	1817.34
14945	26738	1439.02	190.5	1242.99
14945	26738	912.08	245.44	1526.95
14945	26994	1116.47	250.14	551.61
14945	26994	1029	262.23	1198.48
14945	26994	1264.97	263.07	1639.73
14945	26994	676.02	268.85	1582.25
14945	26994	369.21	272.22	1164.08
14945	26994	623.22	249.92	763.81
14945	26994	686.4	256.54	175.84
14945	26994	177.84	250.91	411.17
14945	26993	1859.13	250.28	868.14
14945	26993	1912	238.37	1439.2
14945	26993	1441.72	232.29	1275.75
14945	26993	1169.29	242.02	778.14
14945	26993	1457.23	240.99	295.09
14945	26737	1890.54	185.07	1734.66
14945	26738	403.92	182.04	1426.34
14945	26738	908.78	194.52	994.37
14945	26738	1586.1	181.36	696.47
14945	26738	1809.33	239.76	119.8
14945	26483	228.84	200.63	1495.87
14945	26483	736.27	205.91	1242.55
14945	26483	1291.26	232.16	1402.06
14945	26483	1675.78	199.11	984.86
14945	26484	237.71	215.78	624.51
14945	26483	1699.14	194.33	480.07
14945	26483	1138.44	179.99	880.34
14945	26483	551.82	161.15	723.15
14945	26483	89.3	175.41	1025.83
14945	26482	1553.84	180	1378.04
14945	26482	1280.11	213.84	1909.69
14945	26738	1029.49	234.38	427.09
14945	26738	386.16	197.42	674.01
14945	26737	1824.6	180	1076.55
14945	26737	1150.77	195.19	1322.76
14945	26737	1340.65	180	741.69
14945	26737	1749.78	232.03	334.05
14945	26738	564.41	261.36	69.64
14945	26482	108.28	260.38	1717.81
14945	26482	918.48	299.34	1426.54
14945	26482	1185.02	189.56	902.9
14945	26482	1635.13	198.68	614.24
14945	26482	395.44	213.23	1022.97
14945	26481	1702.17	268.32	1260.65
14945	26481	1726.87	211.34	756.38
14945	26481	1150.63	212.02	1014.29
14945	26481	1430.17	275.16	1715.85
14945	26737	1027.15	226.52	287.01
14945	26481	769.7	204.95	1644.5
14945	26481	435.31	180	1122.24
14945	26481	735.19	243.58	501.38
14946	26996	1204.39	244.04	1758.12
14946	26997	175.97	286	1713.4
14946	26996	1802.72	242.46	1396.36
14946	26997	373.33	189.28	1353.17
14946	26997	130.35	201.66	949.24
14946	26996	1452.99	248.11	992.06
14946	26996	1736.9	246.28	611.02
14946	26996	1337.45	256.23	423.09
14946	26996	990.51	267.77	739.87
14946	26996	482.78	258.82	667.74
14946	26996	792.26	256.43	275.93
14946	26740	1559.33	256.23	1865.93
14946	26740	1248.68	204.96	1420.81
14946	26740	780.5	260.52	1679.41
14946	26740	766.69	213.02	1124.67
14946	26740	1302.95	192.3	855.46
14946	26740	853.37	199.88	626.91
14946	26740	1189.05	181.67	270.14
14946	26484	1684.96	180	1812.86
14946	26484	1263.66	207.37	1718.6
14946	26740	820.11	182.78	26.98
14946	26484	807.06	189.51	1407.83
14946	26484	271.39	217.45	625.3
14946	26484	250.18	226.45	1177.08
14946	26483	1828.6	244.23	1531.05
14946	26483	1691.06	201.38	1006.26
14946	26483	1678.26	191.77	488.81
14946	26483	1154.53	179.81	853.74
14946	26483	1280.99	236.44	1423.11
14946	26483	755.1	210.69	1262
14946	26483	550.4	162.85	740.74
14946	26483	934.18	256.75	1832.42
14946	26739	1809.33	155.12	124.97
14946	26739	1393.21	256.24	409.34
14946	26740	404.83	187.7	409.87
14946	26739	1863.67	247.78	677.89
14946	26740	375.42	248.23	885.57
14946	26739	1732.79	243.81	1199.93
14946	26740	352.27	200.56	1428.03
14946	26739	1772.99	276	1729.6
14946	26996	330.58	257.74	74.35
14946	26996	50.56	250.91	488.96
14946	26996	307.54	254.12	1118.7
14946	26995	1856.48	257.34	1453.63
14946	26995	1352.28	266.47	1240.5
14946	26995	825.66	245.31	1123.63
14946	26995	1227.05	266.05	737.49
14946	26995	1530.87	256.31	263.07
14946	26995	868.45	256.74	179.19
14946	26995	657.74	285.15	604.75
14946	26995	287.67	254.17	174.75
14946	26995	162.68	249.6	733.15
14946	26994	1555.78	257.06	858.36
14946	26994	1044.28	261.87	1174.42
14946	26994	625.19	247.18	788.69
14946	26994	350.55	277.34	1171.44
14946	26993	1855.76	244.16	837.76
14946	26994	186.44	251.17	434.94
14946	26994	708.88	256.42	173.67
14946	26738	427.97	182.72	1423
14946	26738	896.21	245.25	1535.18
14946	26738	905.49	192.99	974.67
14946	26738	1436.12	190.32	1230.19
14946	26738	1606.57	184.09	712.64
14946	26739	246.24	249.19	731.57
14946	26739	820.08	273.17	549.75
14946	26739	768.91	246.01	1093.34
14946	26739	1196.26	250.9	1514.72
14946	26739	662.76	261.11	1617.89
14946	26739	1264.48	254.19	959.07
14946	26739	418.21	255.18	166.28
14946	26738	1832.49	247.87	101.2
14946	26483	221.48	215.14	1519.06
14946	26482	1567.67	180.58	1389.56
14946	26483	75.44	175.2	1021.16
14946	26482	1271.4	214.06	1905.46
14946	26738	1035.5	223.2	443.29
14946	26738	1495.19	254.4	1813.11
14946	26994	1652.61	255.4	371.63
14946	26994	1132.67	249.44	560.86
14946	26738	407.27	200.26	667.66
14946	26737	1769.84	239.78	340.88
14946	26738	547.78	261.34	68.41
14946	26482	934.33	300.47	1441.31
14946	26482	125.52	260.4	1705.37
14946	26481	1712.53	273.42	1279.79
14946	26993	1882.19	232.08	1445.37
14946	26993	1427.92	232.83	1265.39
14946	26993	1187.75	242.03	764.5
14946	26993	1435.33	241.02	316.88
14946	26737	1889.3	187.23	1750.1
14946	26737	1811.36	180	1110.45
14946	26737	1164.51	187.65	1298.47
14946	26737	1356.74	180	744.26
14946	26737	1039.76	219.88	299.36
14946	26481	1404.17	287.02	1728.13
14946	26481	787.44	208.2	1652.14
14946	26481	443.32	180	1127.71
14946	26481	702.04	227.24	511.25
14946	26481	1136.28	212.05	1021.7
14946	26481	1708.76	211.46	772.46
14946	26482	372.44	212.79	1020.34
14946	26482	1172.5	199.61	922.65
14946	26482	1649.19	196.5	644.32
14946	26995	1021.39	244.01	1590.42
14946	26994	1756.86	242.49	1419.34
14946	26994	1250.37	263.6	1655.26
14946	26994	646.8	265.53	1590.17
14921	26484	869.64	199.65	805.24
14921	26484	1306.25	193.02	393.86
14946	26484	1437.32	181.65	1128.69
14946	26484	879.98	200.9	783.43
14946	26484	1289.58	193.38	384.6
14945	26484	1441.92	181.42	1143.86
14945	26484	883.47	199.85	799.41
14945	26484	1287.83	193.45	401.12
14921	26484	684.05	265.73	106.59
14946	26484	690.31	265.71	94.07
14944	26480	558.66	180	1865.7
14943	26480	571.68	180	1870.04
14944	26736	661.47	180	578.57
14943	26736	654.96	180	563.39
14944	26736	727.42	217.67	1263.64
14943	26736	716.74	217.52	1263.67
14944	27248	1909.69	199.28	1232.29
14944	27249	559.09	180	1061.92
14944	27249	1134.5	129.82	976.08
14944	27249	1702.93	128.04	1040.64
14944	27250	365.45	136.62	1054.83
14944	27250	999.44	156.71	835.61
14944	27250	539.57	195.13	505.95
14944	27249	1878.42	173.73	351.53
14944	27249	1222.01	228.47	375.33
14944	27249	622.14	180	490.02
14944	27248	1852.81	199.32	632.11
14944	26993	134.93	239.51	1880.09
14944	26993	886.64	194.03	1763.7
14944	26993	438.65	238.5	1174.98
14944	26992	1565.21	205.27	1290.9
14944	27248	1418.55	203.63	50.83
14944	26992	1004.51	221.93	958.24
14944	26992	991.75	221.43	966.83
14944	26992	1725.18	240.59	662.12
14944	26993	509.63	217.96	498.76
14944	26737	711.45	243.37	1854.14
14944	26992	1879.79	205.3	11.17
14944	26992	1143.38	272.46	296.05
14944	26736	1249.03	235.99	1612.89
14944	26736	1773.38	199.93	1254.3
14944	26737	555.34	245.01	1095.14
14944	26737	158.34	180.7	407.99
14944	26736	1400.25	197.92	717.16
14944	26736	1236.45	233.68	37.67
14944	26480	1840.7	206.82	1695.73
14944	26480	1437.48	247.76	1180.99
14944	26480	805.15	210.23	1273.35
14944	26480	445.96	180	865.84
14944	26480	1072.37	199.22	656.74
14944	26480	1840.95	179.18	493.23
14944	27250	1431.94	180	409.27
14944	27250	1569.7	180	1010.53
14944	27250	1155.93	180	1396.03
14944	27250	1820.07	180	1548.02
14944	27251	414.08	180	1190.79
14944	27251	289.77	187.54	533.39
14944	26995	421.32	208.85	1874.5
14944	26995	426.41	208.99	1864.33
14944	27251	1030.13	180	418.17
14944	27251	1005.47	180	1005.4
14944	27251	1786.77	185.89	763.23
14944	27251	1827.94	180	1356.97
14944	27252	678.81	183.81	948.77
14944	27252	447.59	228.23	212.65
14944	27252	1308.69	185.43	644.83
14944	27253	44.92	205.07	495.96
14944	27253	668.2	183.19	427.66
14944	27253	444.19	191.33	941.81
14944	27252	1765.74	176.26	1159.07
14944	27252	1155.95	169.3	1465.73
14944	27252	487.96	180	1553.86
14944	27251	1260.29	180.36	1652.99
14943	27249	321.49	187.28	766.82
14943	27249	893.51	178.61	711.36
14943	27249	1535.12	142.94	695.26
14943	27250	144.23	162.12	730.38
14943	27250	637.35	143.18	827.27
14943	27250	843.7	180	1178.96
14943	27250	1565.26	180	1392.44
14943	27250	1328.82	180	762.78
14943	27251	68.17	180	1080.26
14943	27250	1818.88	180	543.93
14943	27251	682.45	180	802.14
14943	27251	1375.39	180	732.4
14943	27251	1454.26	247.81	1217.53
14943	27252	303.76	180	1110.43
14943	27252	837.55	182.65	1284.38
14943	27252	1338.57	214.81	1091.65
14943	27252	1675.53	180.33	795.08
14943	27253	80.63	185.23	855.88
14943	27253	354.85	181.37	360.97
14943	27252	1639.03	201.78	248.07
14943	27252	872.18	218.1	506.38
14943	27252	337.93	188.06	645.43
14943	27251	1887.28	221.08	293.2
14943	27251	1421.94	185.83	142.03
14943	27251	596.83	199.29	294.86
14943	27251	791.44	180	1504.35
14943	27250	980.96	180	274.05
14943	27250	286.82	180	152.9
14943	27250	1916.61	219.56	68.58
14943	26993	1493.7	186.87	1886.78
14943	27249	863.09	191.24	188.44
14943	26993	456.27	152.32	1636.13
14943	27248	1776.84	204.9	264.14
14943	27248	1433.01	227.89	672.42
14943	26992	1646.93	225.05	1630.09
14943	26993	28.41	182.36	1063.99
14943	26992	1386.25	219.84	919.46
14943	26992	1129.98	213.91	1440.53
14943	26992	670.6	228.64	681.63
14943	26992	1545.68	293.9	235.69
14943	26993	374.21	206.03	166.34
14943	26993	592.61	216.33	868.15
14943	26993	781.22	215.22	1377.25
14943	26737	635.37	180	726.45
14943	26737	84.58	220.96	885.64
14943	26737	216.73	204.75	1470.6
14943	26736	1612.54	181.1	1571.5
14943	26736	1217.87	188.35	1147.49
14943	26736	864.99	260.9	1765.08
14943	26736	947.9	180	843.84
14943	26736	1051.41	180.36	368.1
14943	26480	909.1	198.57	1706.93
14943	26480	421.69	180	1445.79
14943	26480	76.36	236.79	909.27
14943	26480	605.65	127.56	282.23
14943	26480	1397.97	138.48	175.67
14943	26480	1473.97	191.37	810.94
14943	26481	246.26	198.27	96.81
14943	26480	1476.15	251.01	1608.84
14943	26737	257.38	183.69	20.86
14943	26736	1647.23	211.21	231.97
14943	26993	947.08	229.89	264.53
14943	27252	1676.87	183.84	1635.33
14943	27250	131.98	173.42	1390.98
14944	27253	1052.25	198.52	1397.23
14944	27509	1300.65	188.61	150.36
14944	27509	1461.61	242.16	746.52
14944	27510	25.35	232.44	1206.07
14944	27510	536.64	181.82	1721.38
14944	27509	1799.1	241.09	1876.65
14944	27509	1285.57	241.28	1486.04
14944	27509	810.34	220.73	570.49
14944	27509	604.69	183.42	23.62
14944	27509	267.73	216.28	507.28
14944	27509	646.26	212.15	1189.77
14944	27765	1217.21	180.16	258.56
14944	27509	711.19	182.28	1908.41
14944	27765	795.26	291.41	601.62
14944	27765	160.33	217.54	380.8
14944	27509	129.2	234.06	1552.83
14944	27508	1810.27	233.89	959.81
14944	27508	1577.16	242.51	385.59
14944	27508	1168	242.29	992.1
14944	27508	1451.99	259.05	1559.56
14944	27764	1603.48	180	227.77
14944	27764	916.52	179.94	49.74
14944	27508	813.16	222.07	1394.51
14944	27508	297.04	150.69	1752.87
14944	27764	197.02	180	360.05
14944	27763	1534.06	219.53	110.03
14944	27507	1504.96	232.11	1261.01
14944	27508	241.69	276.65	949.78
14944	27508	741.4	219.42	589.71
14944	27508	252.91	213.61	180.34
14944	27507	1617.66	242.29	584.97
14944	27507	1002.87	241.87	723.25
14944	27507	963.38	261.39	1325.08
14944	27763	907.54	188.41	9.41
14944	27507	337.45	150.46	1736.71
14944	27763	224.44	180	434.76
14944	27762	1760.88	199.01	70.22
14944	27506	1811.32	234.27	1374.02
14944	27507	506.2	215.98	1038.98
14944	27507	453.88	231	385.96
14944	27506	1705.25	241.8	713.11
14944	27506	1209.96	241.43	1185.71
14944	27506	1168.93	186.53	1852.2
14944	27762	655.73	180	443.15
14944	27506	489.53	151.73	1757.93
14944	27506	559.25	214.59	1031.88
14944	27506	981.07	234.51	410.08
14944	27506	270.34	229.53	366.23
14944	27505	1692.41	236.05	936.51
14944	27761	1700.48	180	247.29
14944	27761	1114.63	180	561.36
14944	27505	963.8	189.56	1853.62
14944	27761	418.09	180	355.6
14944	27505	501.03	216.66	966.62
14944	27505	1028.39	239.32	558.46
14944	27505	220.39	213.54	156.21
14943	27253	894.96	204.15	1214.08
14943	27253	973.12	185.29	1793.62
14943	27509	1153.62	241.97	528.83
14943	27509	1194.24	241.76	1077.26
14943	27509	1694.47	249.24	1529.81
14943	27510	270.24	188.47	1523.67
14943	27509	1091.18	192.4	1797.48
14943	27509	550.21	186.87	1578.35
14943	27509	493.43	217.65	871.62
14943	27509	216.46	234.11	1207.25
14943	27508	1827.41	244.38	614.84
14943	27508	1179.63	241.99	622.74
14943	27508	1500.2	232.83	1205.8
14943	27765	65.69	195.19	22.12
14943	27765	564.9	264.17	306.23
14943	27764	1214.68	180	45.81
14943	27508	665.25	156.35	1760.55
14943	27763	1904.71	202.82	6.82
14943	27763	1734.05	180	521.63
14943	27507	1301.38	263.85	1643.81
14943	27508	50.44	232.55	1312.35
14943	27508	153.23	209.75	568.28
14943	27507	1249.91	241.82	965.39
14943	27507	1204.35	205.8	232.41
14943	27251	1823.97	182.02	1870.44
14943	27507	624.49	217.65	708.04
14943	27507	176.19	224.32	740.02
14943	27507	673.46	212.75	1544.81
14943	27763	507.54	180	167.97
14943	27506	1516.42	316.7	1664.08
14943	27506	837.33	219.43	1497.07
14943	27762	803.94	180.16	148.26
14943	27762	291.15	195.18	223.88
14943	27761	1318.66	188.9	196.36
14943	27505	509.27	153.28	1810.88
14943	27505	1487.54	235.36	1491.31
14943	27505	1168.03	261.2	1318.63
14943	27505	1324.41	242.06	794.32
14943	27505	544.05	217.8	534.38
14943	27505	145.26	209.3	697.38
14943	27505	190.36	145.38	1291.38
14943	27248	1889.03	161.72	1710.93
14943	27249	541.3	171.18	1594.89
14943	27249	1422.9	155.22	1407.8
14943	27250	687.44	171.88	1866.52
14943	27506	1477.41	187.96	142.86
14943	27506	1312.32	242.04	828.68
14943	27507	158.34	199.18	30.78
14943	27506	591.99	217.44	647.96
14943	27506	138.49	143.62	1402.91
14943	27506	91.64	209.36	735.56
14943	27505	1465.9	240.99	255.74
14943	27505	1031.71	228.57	141.56
14943	27508	634.49	213.17	1021.79
14943	27508	751.86	182.92	106.9
14943	27508	1239.35	182.5	16.33
14943	27509	392.55	218.34	233.62
14943	27765	1176.88	222.3	655.47
14943	27765	1634.46	180	316.01
14943	27510	880.38	204.68	1875.23
14943	26480	868.63	227.48	957.13
14944	26224	110.2	156.43	1559.39
14944	26223	1783.73	186.16	906.15
14944	26224	249.63	180	435.67
14944	26224	594.56	180	978.67
14944	26224	929.62	206.93	407.74
14944	26224	1193.27	180	914.09
14944	26224	949.29	160.59	1376.8
14944	26224	1642.74	160	1468.19
14944	26224	1918.71	201.43	982.81
14944	26224	1598.87	222.56	389.94
14944	26225	338.84	239.25	478.21
14944	26225	630.75	191.42	1022.3
14944	26225	322.94	183.33	1486.85
14944	26225	1012.06	219.01	1659.87
14944	26481	1499.02	236.12	116.06
14944	26482	277.85	236.16	81.51
14944	26225	1789.19	235.09	1485.99
14944	26225	1308.86	247.47	1023.82
14944	26225	966.37	236.81	498.37
14944	25969	1138.43	193.76	1865.11
14944	26225	1621.19	266.59	396.56
14944	26226	91.67	218.34	904.03
14944	26226	505.79	183.54	1405.2
14944	26482	992.36	161.26	68.27
14944	26226	1244.3	179.31	1428.34
14944	26226	869.28	204.3	593.53
14944	26226	386.74	222.38	183.29
14944	26226	1367.43	183.83	100.11
14944	26226	1669.12	180	718.57
14944	26227	50.35	176.15	1245.59
14944	26227	535.76	188.05	878.02
14944	26227	389.95	180	234.36
14944	26227	1025.89	241.41	411.22
14944	26227	1212.92	261.83	1031.97
14944	26227	832.51	197.62	1581.28
14944	26227	280.68	146.62	1786.05
14944	26227	1793.97	265.58	608.37
14943	26224	131.79	154.88	1567.1
14943	26223	1794.11	182.17	881.11
14943	26224	200.25	180	413.92
14943	26224	906.34	207.18	389.23
14943	26224	619.09	180	932.37
14943	26224	1228.74	180	936.18
14943	26224	928.39	153.01	1430.38
14943	26224	1657.38	160.2	1477.29
14943	26225	312.86	183.34	1492.67
14943	26225	11.47	198.94	986.77
14943	26224	1590.51	222.6	418.84
14943	26225	313.03	237.5	473.15
14943	26225	673.39	194.37	1029.54
14943	26225	954.16	235.43	519.23
14943	26225	1624.18	267.47	403.69
14943	25969	1152.92	197.24	1895.11
14943	26225	1323.01	247.43	1040.39
14943	26225	1773.82	237.81	1509.82
14943	26481	1479.21	235.13	106.02
14943	26225	999.49	222.71	1682.46
14943	26482	268.97	236.37	100.69
14943	26226	522.35	183.89	1429.99
14943	26482	998.98	155.95	43.05
14943	26226	1244.95	178.17	1451.33
14943	26226	84.22	216.4	926.06
14943	26226	873.22	203.17	623.41
14943	26226	367.09	226.39	208.57
14943	26226	1347.02	184.64	113.17
14943	26227	377.09	180	246.16
14943	26226	1693.13	180	721.61
14943	26227	527.47	188.39	888.59
14943	26227	41.99	175.44	1261.61
14943	26227	254.47	141.17	1800.5
14943	26227	795.5	198.47	1579.47
14943	26227	1217.55	263.99	1052.5
14943	26227	1045.69	245.54	433.21
14943	26227	1748.29	265.99	626.5
14944	26480	962.16	106.17	153.49
14944	26480	1907.18	181.83	1187.6
14944	27250	335.6	171.91	1767.52
14944	27250	1126.92	177.73	1877.84
14944	27251	451.76	181.86	1754.3
14944	27507	931.93	182.63	126.9
14944	27253	333.64	209.88	1448.94
14944	26483	1078.15	143.66	253.33
14943	26483	1062.52	143.12	253.43
14943	26227	1769.58	170.41	1710.3
14944	26228	600.89	209.49	592
14943	26228	595.8	209.36	569.12
14944	26228	372.48	223.34	1264.04
14943	26228	367.36	221.57	1236.34
14947	27510	1186.33	311.36	686.33
14947	27510	784.78	206.37	143.63
14947	27254	725.57	340.09	1511.12
14947	27254	1310.67	426.38	1813.46
14947	27510	1835.24	627.28	114.51
14947	27255	428.42	720.85	1853.91
14947	27254	1896.16	625.08	1502.83
14947	27254	1449.9	608.61	1162.01
14947	27254	979.79	584.11	831.69
14947	27254	350.99	274.91	1001.3
14947	27254	553.41	364.04	378.59
14947	27254	1501.58	706.19	521.28
14947	27255	51.23	612.23	836.93
14947	27255	451.1	590.76	1100.19
14947	27255	747.66	659.5	1441.32
14947	27255	1176.32	726.85	1745.64
14947	27255	1044.38	648.72	929.56
14947	27255	1436.18	689.5	1275.65
14947	27255	1788.83	756.7	1770.66
14947	27256	168.04	767.93	1282.55
14947	27255	1825.98	692.02	773.88
14947	27255	1371.36	608.84	393.15
14947	27255	756.32	558.18	388.69
14947	27255	188.99	526.91	220.96
14947	26998	1442.6	474.55	1805.4
14947	26998	804.32	421.88	1726.34
14947	26997	1763.48	258.43	1846.88
14947	27256	888.46	858.07	1835.46
14947	27256	1061.32	779.77	1282.21
14947	27256	661.89	782.97	856.6
14947	27256	386.21	594.91	238.79
14947	27000	426.32	596.54	1340.62
14947	27000	757.6	578.1	729.96
14947	27000	12.83	567.75	851.01
14947	26999	1676.56	605.13	1586.79
14947	26999	993.2	536.06	1671.13
14947	26999	1248.55	454.66	1050.69
14947	26999	625.83	499.21	1209.19
14947	26999	150.08	514.07	1580.78
14947	26999	77.4	448.89	856.16
14947	26998	1403.83	473.95	1087.01
14947	26998	617.76	344.83	977.07
14947	26997	1912.82	235.36	1153.42
14947	26997	1346.62	197.53	818.01
14947	26998	254.94	211.56	477.9
14947	26998	1085.92	357.1	521.88
14947	26998	1764.95	374.48	263.91
14947	26999	746.91	446.58	446.65
14947	26999	1467.81	432.44	303.31
14947	27000	342.15	428.3	276.51
14947	26744	739.82	483.04	1669.35
14947	26744	755.04	309.33	1036.93
14947	26744	160.25	488.36	1342.24
14947	26743	1462.91	395.32	1541.15
14947	26743	1804.54	279.44	644.05
14947	26744	592.82	180	248.37
14947	26488	1127.44	180	1546.21
14947	26488	524.7	184.66	1373.71
14947	26488	1032.35	180	817.78
14947	26488	408.36	194.89	448.94
14947	26232	489.61	182.86	1629.42
14947	26232	1015.71	180	988.29
14947	26232	1421.81	180	364.05
14947	26232	516.3	202.16	336.55
14947	26232	79.28	218.9	883.11
14947	26231	1658.14	183.85	1507.34
14947	26487	1565.1	180	284.83
14947	26487	1680.76	180	1041.36
14947	26487	1731.45	167.48	1828.52
14947	26743	1111.59	218.84	277.76
14947	26743	1029.65	302.25	1015.67
14947	26743	702.83	375.19	1725.29
14947	26743	1.3	327.15	1552.15
14947	26743	382.9	269.29	903.63
14947	26742	1437.8	180	863.69
14947	26742	1112.83	190.42	1612.21
14947	26742	356.91	180	1678.48
14947	26742	594.11	199.17	996.95
14947	26741	1623.41	200.33	1084.68
14947	26741	1426.74	266.32	1822.08
14947	26997	909.06	241.22	350.75
14947	26741	550.73	196.95	1533.27
14947	26741	902.11	197.61	632.92
14947	26741	1554.27	202.35	364.65
14947	26742	482.14	180	136.48
14947	26742	1361.53	224.21	19.3
14947	26743	285	200.69	193.88
14947	26487	685.2	180	1390.09
14947	26487	1017.25	183.42	675.24
14947	26487	40.32	219.96	802.64
14947	26486	1651.45	200.76	1318.94
14947	26486	800.82	188.46	1311.96
14947	26485	1857.77	180	1511.75
14947	26485	1081.39	186.46	1744.99
14947	26485	625.09	179.99	1046.19
14947	26485	1361.85	180	843.3
14947	26485	763.06	180.17	398.7
14947	26229	1475.53	202.63	1868.42
14947	26229	687.31	184.68	1438.55
14947	26229	367.09	180.7	630.86
14947	26228	1822.68	180	51.32
14947	26229	782.93	187.82	25.14
14947	26229	1158.79	207	707.66
14947	26229	1652.55	196.54	87.1
14947	26229	1821.91	210.95	701.1
14947	26229	1570.67	197.86	1258.26
14947	26230	236.33	202.8	1610.69
14947	26486	109.61	183.76	361.28
14947	26486	354.64	180	878.6
14947	26486	944.55	172.53	311.45
14947	26486	1272.14	208.15	776.02
14947	26486	1711.11	174.21	66.41
14947	26230	932.79	191.57	1551.45
14947	26230	549.61	194.31	895.43
14947	26230	500.82	180	211.01
14947	26230	1226.85	185.65	419.45
14947	26230	1486.29	201.5	1090.18
14947	26231	279.83	183.29	1405.51
14947	26487	593.88	202.26	152.64
14947	26231	1031.25	178.19	1569.56
14947	26231	759.28	206.27	797.74
14947	26231	42.8	206.31	507.63
14947	26231	1109.14	183.52	210.67
14948	26231	1693.48	183.11	534.94
14948	26232	575.68	232.98	808.86
14948	26232	1001.68	180	423.49
14948	26232	128.19	181.54	1450.8
14948	26488	17.3	168.81	546.39
14948	26488	608.59	180	1003.52
14948	26488	727.4	181.91	1797.79
14948	26744	172.86	210.51	166.19
14948	26487	1890.66	155.57	1413.07
14948	26487	1248.92	180	1479.84
14948	26487	803.84	188.84	1895.42
14948	26743	723.25	207.59	586.53
14948	26743	1396.17	262.12	740.21
14948	26743	1655.53	353.53	1158.34
14948	26744	299.32	267.67	858.84
14948	26744	510.86	447.52	1390.83
14948	26744	305.25	431.55	1756.62
14948	26743	1729.66	390.54	1881.97
14948	27000	416.34	530.11	754.82
14948	27000	39.16	588.9	1283.99
14948	27000	188.28	587.08	1844.99
14948	27255	1846.81	604.35	242
14948	27256	280.66	658.17	779.55
14948	27256	579.96	778.02	1389.13
14948	27255	1737.5	736.33	1411.17
14948	27255	1138.17	684.08	1396.82
14948	27254	1620.55	548.61	1754.51
14948	27510	1102.36	241.84	303.35
14948	27254	1110.97	557.32	1204.22
14948	27254	646.96	387.18	739.19
14948	27254	1130.92	485.89	289.53
14948	26998	373.45	353.12	1588.89
14948	26997	1547.74	191.57	1278.21
14948	26998	685.22	292.93	610.62
14948	26742	760.65	193.14	1916.68
14948	26741	1856.52	199.3	1494.29
14948	26741	1011.55	215.93	1754.17
14948	26741	1215.93	196.79	1302.94
14948	26741	630.75	180	1000.91
14948	26741	1172.52	201	223.34
14948	26485	1534.23	180	1788.12
14948	26485	1135	180	1251.62
14948	26485	1022.91	178.48	9.1
14948	26229	1145.53	181	1412.04
14948	26229	758.2	180	937.54
14948	26229	366.45	196.97	208.04
14948	26229	1189.17	209.67	225.17
14948	26230	138.58	180	371.08
14948	26230	173.85	196.24	1184.44
14948	26230	1046.79	188.91	976.74
14948	26230	859.64	180	507.99
14948	26230	1548.29	247.03	688.15
14948	26230	1694.98	180	1474.03
14948	26231	664.41	201.2	1234.37
14948	26231	548.42	206.24	336.15
14948	26231	1282.24	200.89	1130.27
14948	26487	1293.67	158.19	16.26
14948	26487	609.63	183.46	857.66
14948	26487	94.64	183.35	377.83
14948	26486	1386.53	179.96	389.72
14948	26486	747.74	179.99	773.87
14948	26486	504.33	195.41	57.09
14948	26485	1593.71	167.01	448.85
14948	26485	1858.45	180	1002.15
14948	26486	332.58	180	1568.82
14948	26486	1277.41	186.64	1497.58
14948	26487	3.92	180	1775.94
14948	26487	247.67	196.66	1335.81
14948	26742	1795.24	185.73	515.88
14948	26742	1012.37	226.27	491.38
14948	26742	152.93	193.38	691.75
14948	26741	583.73	202.29	160.77
14948	26485	1110.77	205.82	581.44
14948	26742	25.59	201.98	244.13
14948	26742	1070.57	191.91	1113.05
14948	26742	1624	214.76	1328.73
14948	26743	546.32	335.18	1362.95
14948	26999	1073.65	410.04	126.8
14948	26999	315.23	386.66	117.93
14948	26998	1335.54	320.26	213.3
14948	26998	1587.46	437.47	716.28
14948	26998	901.63	463.5	1284.5
14948	27254	211.66	283.19	402.83
14948	27254	1790.4	613.43	1119.43
14948	27255	487.03	533.15	691.99
14948	27255	1442.86	685.1	799.44
14948	27255	1078.96	539.33	120.7
14948	26999	1323.94	559.5	1432.32
14948	26999	591.01	531.64	1716.98
14948	26999	872.9	482.27	855.59
14948	26999	1552.91	471.23	681.12
14947	27000	837.68	605.04	1115.65
14947	27256	737.82	641.97	525.97
14948	26998	1790.53	477.09	1326.83
14948	26486	1620.65	229.44	930.22
14948	26229	1832.65	202.91	1774.51
14948	26487	1322.7	191.1	833.1
14948	26488	679.01	180	178.43
7495	26959	784.69	83.46	1532.71
7508	26959	1354.66	80	580.24
7523	26446	920.74	82.02	1896.68
7496	26958	1910.98	83.87	1083.46
7499	26958	1794.5	83.87	366.18
7498	26959	699.15	80	253.89
14927	26200	1677.16	-25.98	904.63
14925	26200	1664.1	-28.01	896.22
14927	26200	1797.04	-19.76	1427.07
14925	26200	1784.29	-19.34	1418.49
14924	26201	224.27	-8.47	764.47
14927	26457	279.92	-21.57	1905.32
14925	26713	273.8	-22.49	12.07
14927	26712	1818.52	-22.95	560.98
14925	26712	1804.17	-22.5	571.18
14924	26713	431.43	-7.08	448.62
14927	26712	1919.81	-9.06	1129.43
14925	26712	1913.68	-8.39	1123.24
14927	26713	333.27	-23.25	1635.85
14925	26713	314.75	-22.67	1629.68
14924	26969	487.13	-33.98	92.79
14924	26713	362.9	-6.99	1244.87
14924	26713	858.63	-21.82	1512.9
14924	27231	1432.71	46.31	1752.41
14924	27231	1357.41	51.39	1481.97
14924	27231	886.32	5.28	1286.93
14924	27231	640.04	-2.15	1446.37
14924	27231	2.96	-13.28	1672.82
14924	27230	1674.99	-0.12	1251.27
14925	27230	807.91	2.15	1269.22
14925	25691	356.88	2.18	542.85
14925	25691	1143.44	9.85	651.08
14929	26721	1555.26	180	723.19
7503	26959	1348.9	80	845.88
7520	26957	1313.91	79	1408.13
14944	26224	1478.24	158.55	1399.42
14944	26225	1483.35	269.55	864.38
14944	26226	1068.63	171.32	1561.34
14944	26226	1854.06	180	329.31
14944	26227	548.79	209.43	1242.39
7497	26959	1338.79	84.09	1400.89
5868	25164	375.29	-215.47	923.01
5870	25164	399.06	-225.93	901.95
5870	25164	148.49	-54.64	1350.92
5868	25164	111.51	-67.22	1343.04
14937	26987	1576.64	204.62	1154.04
14944	26228	1027.68	200.25	1189.37
14943	26228	1013.28	200.39	1222.98
19496	26957	1650.2	83.87	1332.48
7526	27471	1349.25	82.7	412.72
14919	26219	1847.05	69.07	1566.44
14919	26219	1276.14	199.94	1433.59
14919	26219	1571.16	142.76	1444.28
14908	27231	466.01	-21.48	1894.87
5865	26183	1864.78	7.79	1327.65
5865	26183	1836.91	7.75	1318.65
5865	26184	370.09	16.9	851.73
5865	26184	351.52	16.2	840.19
5865	26183	867.56	-10.89	635.6
5865	26183	849.15	-11.73	631
5865	26439	248.17	-9.79	367.05
5865	26439	262.35	-9.42	355.25
5865	26184	1551.84	-4.06	1087.4
5865	26184	1560.22	-4.06	1062.58
5865	26183	556.12	-2.83	1234.39
5865	26183	577.73	-3.1	1238.71
5865	26183	124.67	-8.76	513.88
5865	26183	199.67	-8.29	946.32
5865	26183	482.22	-11.11	767.84
5865	26183	220.85	-5.16	1439.36
5865	26183	46.14	1.28	1875.18
5865	26438	1820.42	-4.74	349.54
5865	26438	1559.04	-5.4	102.7
5865	26183	533.98	0	1647.26
5865	26183	853.54	1.01	1603.03
5865	26440	816.21	-0.01	397.71
5865	26440	1483.35	-0.15	385.99
5865	26440	1794.39	0	125.77
5865	26441	115.02	0	121.86
5865	26185	326.17	0.72	1601.56
5865	26185	376.97	1.3	893.3
5865	26185	371.3	0	556.99
5865	26184	1870.59	4.29	419.76
5865	26184	1641.43	3.87	697.39
5865	26184	924.65	16.08	8.85
5865	26184	235.89	9.65	55.03
5865	26183	1894.57	11.76	61.22
5865	26184	107.38	20.37	418.48
5865	26183	1842.74	18.88	789.31
5865	26183	1468.58	7.19	1113.11
5865	26439	1480.23	0.05	29.9
5865	26439	1042.04	-0.36	96.51
5865	26183	1180.3	3.55	1329.06
5865	26183	950.29	-3.69	1138.64
5865	26183	1182.18	6.11	884.8
5865	26182	1817.07	-2.51	1108.92
5865	26439	782.2	-3.91	200.73
5865	26439	648.95	-9.24	637.43
5865	26439	1059.35	-7.6	536.24
5865	26184	1023.59	3.97	1421.31
5865	26184	1191.77	2.34	1734.87
5865	26440	993.85	1.18	115.21
5865	26184	1622.45	0	1686.18
5865	26184	1867.86	0	1595.57
5865	26184	1160	2.9	520.95
5865	26184	794.28	5.39	853.01
5865	26184	1116.41	1.78	1110.19
5865	26440	127.56	-2.57	66.67
5865	26183	1716.19	16.52	376.37
5865	26183	1033.55	2.07	262.46
5865	26440	615.99	3.99	35.09
5865	26184	617.66	7.7	1433.85
5865	26184	100.63	3.58	1655.39
5865	26183	1490.42	1.74	1501.02
5865	26183	1368.79	10.54	206.21
5856	27977	1278.09	-158.9	1749.39
5856	28233	754.75	-98.94	55.77
5856	28233	146.96	0	47.93
5856	28232	1573.98	6.68	408.61
5856	27976	1529.5	15.58	1805.82
5856	28232	1007.73	57.71	79.96
5856	27977	11.52	-1.11	927.57
5856	27977	1224.99	-149.24	236.66
5856	27721	1367.35	-136.49	1588.32
5856	27721	1391.93	-181.98	481.64
5856	27721	807.35	-70.36	1587.11
5856	27977	874.44	-108.24	403.12
5856	27977	361.77	4.91	601.11
5856	27976	1716.4	-0.33	317
5856	27977	342.36	-7.98	76.29
5856	27721	82.33	-1.45	1627.4
5856	27721	255.77	-51.91	752.38
5856	27721	863.49	-121.11	400.64
5856	27465	1224.88	-193.22	1871.71
5856	27465	532.05	-142.82	1778.44
5856	27465	737.39	-161.81	1164.13
5856	27465	47.96	-179.92	1166.88
5856	27464	1499.06	-194.23	881.63
5856	27464	915.23	-215.87	1351.79
5856	27464	1553.21	-164.26	1630.26
5856	27465	370.37	-161.28	686.61
5856	27720	1137.36	-172.89	77.38
5856	27721	91.61	-97.43	204.35
5856	27720	1538.65	-87.95	574.82
5856	27976	1245.83	13.04	449.81
5856	27209	380.41	-184.49	1157.58
5856	27209	440.26	-183.55	636.78
5856	27209	440.7	-163.02	110.8
5856	27208	1891.02	-135.59	607.54
5856	27208	1671.5	-156.21	55.24
5856	27208	1482.79	-164.73	961.51
5856	27208	700.13	-196.45	1078.85
5856	27208	1147.88	-131.24	155.08
5856	26953	340.76	-206.77	119.14
5856	26696	1687.52	-179.66	1829.99
5856	26952	1911.74	-154.39	433.04
5856	26953	392.8	-162.33	957.04
5856	26952	1744.5	-109.15	1080.16
5856	26952	1554.56	-109.59	756.44
5856	26952	1131.95	-143.67	374.81
5856	26952	490.07	-95.19	576.13
5854	27977	690.86	-73.6	724.57
5854	28233	1173.14	-118.86	92.85
5854	28233	601.46	-45.51	251.01
5854	27977	425.17	-21.86	1886.18
5854	28232	1851.34	5.15	298.09
5854	27976	1767.36	16.15	1875.59
5854	27976	1216.51	45.38	1817.96
5854	28232	1254.88	43.11	312.77
5854	27976	1124.17	5.54	900.6
5854	27976	1592.14	17.73	1038.82
5854	27977	220.34	-29.38	977.24
5854	27976	1915.52	-0.26	50.18
5854	27977	958.59	-106.65	12.29
5854	27977	1304.17	-104.21	689.95
5854	27721	1561.67	-164.91	1349.38
5854	27721	1134.09	-163.58	330.62
5854	27721	760.89	-40.53	728.33
5854	27720	1853.63	-47.72	786.05
5854	27720	1635.46	-19.3	1023.23
5854	27721	425.99	-41.11	365.54
5854	27720	1545.57	-165.67	122.28
5854	27465	371.68	-167.99	1369.1
5854	27465	960.67	-158.97	1468.83
5854	27464	1870.58	-174.55	659.19
5854	27464	1343.47	-194.14	1182.01
5854	27465	123.54	-154.08	1745.29
5854	27977	1591.52	-183.74	104.84
5854	27977	842.77	-98.8	1671.48
5856	28232	453.16	30.43	148.31
5856	27975	1773.68	36.68	1917.29
5856	28231	1511.15	-1.48	393.4
5856	27975	1145.42	-41.82	1826.11
5856	28231	519.8	10.09	495.67
5856	27975	352.89	-90.47	1900.41
5856	28230	1260.65	-97.27	295.56
5856	28230	702.29	-134.14	244.96
5856	27974	198.65	-203.77	1777.68
5856	28229	1521.68	-119.73	62.4
5856	27973	1262.06	-196.73	1516.85
5856	27973	1860.05	-218.57	1233.03
5856	27974	736.5	-215.42	1353.07
5856	27974	1741.11	-194.51	814.44
5856	27975	639.41	-170.6	440.36
5856	27975	1379.88	-131.9	539.44
5856	27976	56.51	-114.44	229.97
5856	27976	2.83	-3.07	858.81
5856	27719	1604.46	-147.68	1582.65
5856	27720	647.19	-61.26	1681.73
5856	27720	123.63	-131.32	1262.33
5856	27720	200.24	-145.46	712.78
5856	27974	1637.68	-150.48	1768.12
5854	27209	6.94	-183.62	1176.4
5854	27208	1472.63	-171.57	1403.32
5854	27209	144.5	-173.83	884.43
5854	27209	161.18	-163.31	313.38
5854	27208	1579.57	-136.83	447.97
5854	27208	1079.52	-158.51	667.67
5854	27208	1122.08	-184.32	1292.8
5854	27208	849.97	-173.43	1597.2
5854	27208	733.81	-143.66	225.35
5854	26953	44.76	-135.08	810.6
5854	26953	405.88	-205.26	525.59
5854	26697	710.82	-209.99	1913.92
5854	26952	1556.98	-163.73	238.54
5854	26952	1229.09	-158.78	24.93
5854	26952	1180.85	-107.15	807.03
5854	26952	774.7	-26.32	1111.35
5854	26952	741.91	-150.64	72.92
5854	26697	114.47	-207.89	1755.04
5856	26952	122.69	-84.27	1092.13
5856	26951	1021.54	-138.4	83.93
5856	26951	1447.18	-38.09	1326.89
5856	26951	592.03	-129.33	436.47
5856	26695	52.2	-161.18	1446.25
5856	26950	1697.57	-100.47	65.34
5856	26951	33.62	-5.42	715.15
5856	26951	508.32	-6.75	1257.15
5856	26951	1043.96	-11.75	1875.4
5856	26950	1716.32	0.82	1188.7
5856	27208	110.25	-183.35	990.11
5856	27207	1697.07	-176.86	1451.66
5856	27207	1427.33	-176.28	1692.22
5856	27463	1403.23	-183.72	334.04
5856	27463	1309.07	-185.92	878.79
5856	26694	1331.93	-156.76	1088.23
5856	27207	1366.56	-132.66	949.86
5856	27208	226.58	-179.31	1713.97
5855	28232	98.95	1.95	344
5855	27976	710.46	48.03	1829.72
5855	27976	289.35	5.82	1038.76
5855	27976	488.05	-53.09	213.89
5855	27720	901.66	14.73	1729.28
5855	27720	433.44	-135.73	1221.1
5855	27720	59.96	-147.97	1707.48
5855	27975	1561.29	-132.78	125.4
5855	27975	1112.89	-158.56	127.17
5855	27975	1584.95	-71.26	874.9
5855	27975	955.89	-185.16	567.33
5855	27975	299.43	-166.15	644.72
5855	27975	697.65	-136.49	1495.94
5855	27975	1019.84	-78.97	1562.51
5855	28231	794.25	-70.59	37.93
5855	28231	1115.98	-5.99	383.71
5855	28231	864.1	26.11	673.97
5855	28231	139.8	-37.32	250.18
5855	28230	1730.7	-31.4	500.74
5855	28230	1746.63	-68.11	164.3
5855	28230	984.27	-52.48	495.6
5855	28230	319.99	-69.45	415.32
5855	28229	1906.54	-87.43	194.16
5855	27973	1771.97	-183.77	1654.15
5855	27973	1548.54	-194.73	1358.26
5855	27974	313.05	-208.3	1395.24
5855	27974	413.95	-219.95	996.97
5855	27974	1212.5	-186.24	1602.04
5855	27974	933.45	-180.81	1885.9
5855	27974	526.92	-192.83	1861.94
5855	28229	879.47	-165.72	125.03
5855	27973	798.44	-197.04	1566.27
5855	28232	779.15	30.87	518.03
5855	27975	134.44	-144.81	1683.05
5855	27974	1391.5	-188.62	683.79
5855	27976	205.24	-70.66	570.25
5855	27720	1241.78	-75.09	782.33
5855	27464	794.57	-186.82	1732.39
5855	27464	1000.8	-197	835.95
5855	27208	493.16	-174.02	652.64
5855	27208	87.33	-159.82	505.89
5855	27207	1687.93	-138.67	803.57
5855	27208	295.54	-193.2	1280
5855	27207	1769.16	-177.75	1908.32
5855	27207	1408.93	-153.35	1266.62
5855	26951	1474.86	-47.49	1767.96
5855	26952	69.05	-58.59	1342.84
5855	26951	1747.34	-116.46	885.8
5855	26952	86.33	-139.9	559.73
5855	26952	86.65	-138.36	156.66
5855	26951	1237.81	-138.39	418.37
5855	26951	786.89	-76.68	839.25
5855	26951	297.5	-21.45	926.88
5855	26951	164.17	-0.13	1356.92
5855	26951	174.22	-5.9	344.7
5855	26951	503.43	-96.45	35.7
5855	26695	435.63	-145.38	1488.67
5855	26951	119.38	-88.57	53.57
5855	26694	1710.08	-154.17	1135.9
5855	26695	174.24	-142.73	1039.07
5855	26694	1473.53	-165.15	1574.96
5855	26951	1497.39	-138.42	37.8
5855	27207	1128.05	-91.11	688.87
5858	26694	508.05	-162.07	527.73
5858	26694	25.24	-140.25	782.4
5858	26693	1530.04	-191.4	152.74
5858	26693	1863.43	-20.63	1387.92
5858	26694	839.55	-120.7	1572.94
5858	26950	1143.74	64.94	281.76
5858	26950	1293.43	12.94	860.4
5858	26950	574.4	1.48	795.16
5858	26950	325.18	0	240.94
5858	26949	1690.71	0.22	40.87
5858	26949	1738.24	-9.59	940.93
5858	26950	1236.34	123.77	1773.66
5858	27206	928.07	139.91	376.87
5858	27206	1590.27	103.2	374.78
5858	27206	1346.72	102.26	749.52
5858	27206	759.9	-10.52	909.21
5858	27206	382.02	14.22	344.22
5858	26950	486.75	9.08	1664.8
5858	27205	1757.29	-8.56	122.15
5858	27205	1876.13	-53.9	684.8
5858	27205	1486.2	15.54	1059.93
5858	27205	1773.2	-19.62	1618.87
5858	27205	1356.11	-8.85	1887.28
5858	27461	1799.88	-82.59	251.46
5858	27206	354.62	-69.79	1801.53
5858	27206	292.16	-13.56	1229.32
5858	27206	804.03	-68.96	1356.38
5858	27206	971.22	-135.81	1872.67
5858	27206	1465.8	-112.63	1532.16
5858	27207	216.3	-110.43	1533.8
5858	27206	1836.72	15.05	1024.81
5858	27207	293.32	0.9	559.75
5858	27463	591.51	-132.47	43.98
5858	27463	796.68	-147.74	1815.04
5858	27719	640.93	-184.45	592.46
5858	27461	1531.33	-85.73	1752.16
5855	27719	1870.66	-136	920.23
5858	26693	1375.06	-105.55	826.44
5858	26949	1337.91	0	1447.97
5858	27461	1433.89	-4.91	652.15
5858	27717	1711.57	-162.1	719.52
5858	27718	317.74	-192.43	1329.71
5857	26437	1603.4	-187.86	1801.49
5858	26694	529.37	-153.58	1107.1
5857	26694	130.92	-175.59	251.67
5857	26694	935.67	-160.35	839.27
5857	26694	411.94	-96.7	1463.17
5857	26694	126.85	-52.99	1137.17
5857	26693	1702.21	-179.06	482.34
5857	26693	1241.66	-199.41	409.63
5857	26693	1684.58	-31.27	1036.22
5857	26694	111	-11.71	1787.95
5857	26694	622.39	-40.41	1850.42
5857	26694	1045.39	-156.33	1333.13
5857	26694	1135.86	-72.23	1830.9
5857	26950	744.92	0	364.24
5857	26950	1585.95	65.07	452.12
5857	26950	1038.9	6.21	620.97
5857	26950	111.86	0.23	543.94
5857	26949	1584.3	2.47	353.07
5857	26949	1796.68	-1.63	1257.53
5857	26949	1495.21	-1.42	1008.55
5857	26950	271.39	-9.11	990.39
5857	26950	895.25	12.66	950.7
5857	26951	417.33	-0.07	1541.97
5857	26950	848.72	19.56	1632.13
5857	27206	704.41	112.24	28.65
5857	26950	214.75	11.92	1899.68
5857	27205	1429.31	44.54	325.92
5857	27205	1397	8.84	688.06
5857	27206	321.96	5.94	818.38
5857	27206	657.88	16.12	590.51
5857	27206	1269.23	157.28	318.85
5857	27206	1238.49	42.29	1090.01
5857	27206	513.68	-49.04	1482.26
5857	27205	1871.44	-0.42	1112.12
5857	27205	1415.92	13.39	1471.48
5857	27206	67.98	-64.18	1893.84
5857	27461	1232.1	-4.99	334.59
5857	27461	1757.31	-109.6	677.33
5857	27461	1527.41	-78.12	1029.94
5857	27461	1725.31	-149.54	1435.15
5857	27717	1498.17	-96.54	289.75
5857	27717	1814.22	-155.89	322.46
5857	27717	1889.44	-204.82	1140.67
5857	27719	514.24	-217.66	984.76
5857	27719	371.15	-155.64	268.16
5857	27463	473.64	-175.34	1615.42
5857	27463	743.36	-165.4	1261.88
5857	27463	168.9	-153.64	40.28
5857	27206	1804.19	-96.45	1426.53
5857	27207	226.95	-38.47	1074.03
5857	27207	546.04	-45.89	865.15
5857	27207	565.65	-80.65	1359.62
5857	27206	1855.11	40.64	695.6
5857	27206	1536.86	44.45	989.51
5857	27206	1612.48	13.13	15.44
5858	27463	408.79	-172.4	937.11
5857	27463	437.44	-134.27	491.53
5858	27718	959.41	-168.97	1000.43
5858	27718	1178.23	-168.93	995.77
5858	27718	1432.93	-170.01	992.31
5858	27718	1554.34	-168.67	1005.63
5858	27718	692.18	-167.85	976.63
5858	27718	562.95	-168.38	979.33
5858	27462	795.26	-145.68	338.67
5858	27462	1140.91	-159.07	336.95
5858	27462	1011.9	-158.63	971.64
5858	27462	1063.36	-164.34	1566.37
5858	27718	894.77	-163.09	179.22
5858	27718	1388.07	-171.82	220.92
5858	27718	1156.47	-169.9	620.94
5858	27718	661.91	-167.01	650.94
5858	27718	342.44	-165.66	322.15
5858	27462	570.26	-150.81	1406.74
5858	27462	1563.21	-161.89	1308.18
5858	27462	1537.81	-172.41	791.08
5858	27462	476.66	-139.61	707.82
5858	27718	1645.81	-171.4	601.29
5859	27718	1628.73	-170.99	580.22
5859	27718	1135.83	-169.79	606.62
5859	27718	682.68	-166.93	651.66
5859	27718	369.57	-165.79	322.26
5859	27718	917.02	-163.39	187.53
5859	27718	1401.55	-172.08	240.32
5859	27462	1081.15	-164.35	1584.48
5859	27462	1568.38	-162.21	1328.71
5859	27462	584.26	-150.98	1415.27
5859	27462	993.48	-158.51	985.3
5859	27462	492.95	-139.2	723.1
5859	27462	1540.69	-172.66	812.51
5858	27462	1479.05	-166.15	1760.83
5859	27462	1463.46	-165.06	1766.95
5858	27462	1177.8	-155.87	615.78
5859	27462	1156.2	-155.35	619.32
5855	27718	1373.22	-170.53	542.84
5855	27718	831.17	-171.16	433.02
5855	27718	1186.16	-171.09	27.29
5855	27462	1022.98	-156.66	1296.28
5855	27462	1413.92	-156.15	1123.34
5855	27462	857.73	-144.74	794.3
5855	27462	573.34	-148.9	1120.38
5858	27719	76.17	-211.83	1242.35
5858	27718	1365.29	-190.71	1372.55
5858	27718	826.3	-200.71	1410.18
5857	27718	1693.5	-207.93	1378.86
5857	27718	1132.49	-201.83	1437.87
5857	27718	581.77	-144.99	1469.32
5857	27206	1154.31	-110.93	1534.92
5857	27206	1458.82	-156.14	1880.32
5858	27206	1786.25	-152.43	1821.66
5860	27717	1037.87	-192.43	1521.91
5860	27717	499.64	-180.57	1897.58
5860	27973	37.68	-159.12	333.55
5860	27972	1731.33	-184.84	817.34
5860	27716	1809.4	-29.56	1753.8
5860	27717	221.02	-50.99	1502.18
5860	27717	649.14	-106.64	1150.58
5860	27717	610.2	-61.11	558.11
5860	27717	9.08	3.98	827.1
5860	27716	1896.24	0	168.43
5860	27461	591.42	-16.58	1842.73
5860	27461	149.19	2.34	1452.91
5860	27460	1623.38	0	1186.7
5860	27461	690.38	0	1201.62
5860	27461	310.93	0	886.12
5860	27460	1800.31	0	681.47
5860	27461	315.19	0	425.66
5860	27205	524.11	0	1878.8
5860	27460	1881.32	0	108.02
5860	27204	1841.03	1.54	1560.9
5860	27205	391.94	0	1394.89
5860	27204	1819.55	0.26	1070.82
5860	27205	190.32	29.93	704.3
5860	27205	684.52	14.43	945.75
5860	27205	609.72	16.7	339.66
5860	27205	123.18	27.65	204.07
5860	26949	542.86	-16.38	1863.5
5860	26949	61.58	10.3	1520.87
5860	26949	580.57	-20.85	1270.29
5860	26949	258.33	-29.02	996.48
5860	26949	542.77	3.05	588.01
5860	26949	911.83	4.07	832.57
5860	26949	868.23	5.73	246.18
5860	26949	377.01	-0.72	98.15
5860	26948	1883.46	-0.32	415.75
5860	26692	1866.62	-29.91	1724.49
5860	26693	788.22	-23.46	1618.11
5860	26693	370.68	-66.4	1393.65
5860	26693	107.87	-87.54	937.75
5860	26693	600.32	-115.86	921
5860	26693	60.12	-144.84	433.26
5862	27717	1058.63	-200.49	1753.87
5862	27973	479.95	-193.52	57.42
5862	27973	119.22	-166.21	247.63
5862	27972	1705.61	-154.13	663.45
5862	27716	1780.85	-10.3	1614.66
5862	27717	127.92	-30.13	1384.56
5862	27717	606.38	-97.96	1074.15
5862	27717	50.08	4.67	865.6
5862	27717	586.36	-58.98	639.51
5862	27716	1866.47	0	224.97
5862	27461	621.36	-23.74	1873.48
5862	27461	144.34	0	1516.96
5862	27461	737.93	0	1224.47
5862	27460	1662.16	0	1101.88
5862	27461	271.23	0	899.71
5862	27460	1791.2	0	708.3
5862	27461	331.45	0	448.06
5862	27205	497.05	0	1879.85
5862	27460	1879.38	0	131.91
5862	27205	372.31	0	1428.2
5862	27204	1802.9	6.52	1553.82
5862	27204	1812.95	6.51	1102.59
5862	27205	694.44	15.22	891.3
5862	27205	149.89	23.18	674.46
5862	27205	580.85	18.32	342.69
5862	27205	145.16	27.86	222.24
5862	26949	563.63	-14.56	1901.98
5862	26949	15.59	16.31	1497.77
5862	26949	571.32	-21.95	1289.53
5862	26949	263.97	-28.29	1025.49
5862	26949	524.32	-2.22	611.77
5862	26949	20.04	-0.07	429.05
5862	26949	348.47	-0.13	127.66
5862	26693	17.41	-31.14	1705.44
5862	26693	401.26	-65.49	1386.51
5862	26693	750.3	-20.12	1686.31
5862	26949	849.62	4.68	232.32
5862	26949	907.92	4.61	876.61
5862	26693	36.73	-85.96	989.17
5862	26693	563.29	-116.98	904.9
5862	26693	10.01	-126.01	443.76
5857	26693	1585.21	-4.94	1479.71
5865	26440	1318.65	-0.01	143.46
5865	26185	27.06	-4.07	1159.01
5865	26184	342.63	11.99	1235.69
5861	26697	1402.21	-209.29	630.96
5861	26697	1289.17	-177.96	45.35
5861	26441	1689.34	-152.64	1563.76
5861	26697	783.52	-210	485.6
5861	26697	290.28	-201.76	371.45
5861	26441	662.68	-161.54	1880.46
5861	26441	1118.12	-39.24	1357.03
5861	26441	1552.48	-49.99	992.07
5861	26441	1493.85	-0.96	438.22
5861	26185	1506.52	0	1675.41
5861	26441	993.78	0	690.86
5861	26441	622.95	-2.92	1153.49
5861	26441	208.78	-123.81	1537.91
5861	26696	1725.87	-176.64	184.31
5861	26696	529.35	-142	544.48
5861	26696	1022.46	-158.68	619.22
5861	26696	1282.02	-161.2	239.86
5861	26696	759.58	-150.17	118.49
5861	26440	1146.28	-91.23	1607.8
5861	26440	1635.97	-113.21	1528.62
5861	26440	605.69	-58.98	1467.36
5861	26440	968.88	-15.3	1062.38
5861	26440	1462.82	-21.58	984.75
5861	26440	1911.69	-41.87	981.81
5861	26441	413.49	0	712.7
5861	26441	688.42	0	272.33
5861	26185	1097.16	0	1822.52
5861	26695	1248.02	-145.78	116.86
5861	26439	1509.69	-66.43	1084.53
5861	26439	1044.81	-101.12	1442
5861	26439	530.4	-171.78	1669.04
5861	26439	598.94	-72.08	1110.68
5861	26439	81.61	-107.81	1269.8
5861	26438	1901.88	-207.75	1757.79
5861	26438	1376.97	-163.79	1373.1
5861	26438	1614.87	-39.61	882.05
5861	26438	563.31	-208.63	997.38
5861	26438	1118.7	-166	985.77
5861	26438	1274.05	-65.16	455
5861	26438	790.62	-190.24	551.4
5861	26438	187.19	-204.73	565.54
5861	26182	918.66	-104.16	1901.28
5861	26438	410.18	-162.44	26.43
5861	26437	1687.95	-191.88	102.56
5861	26181	1885.51	-85.98	1490.1
5861	26182	542.46	-45.77	1426.43
5861	26181	1227.06	-124.16	1284.55
5861	26437	396.43	-177.34	243.21
5861	26181	305.63	-202.91	1557.63
5861	26181	308.03	-156.26	916.31
5861	26185	1137.51	0	734.96
5861	26185	1479.03	0	312.25
5861	25929	1501.43	0	1496.02
5861	25929	1017.14	0	1845.94
5861	25929	350.89	0	1812.35
5861	25929	656.02	0	1330.86
5861	25929	12.17	0	1241.28
5861	25928	1364.71	3.23	1515.18
5861	26182	951.68	0	589.39
5861	26182	282.64	0	558.6
5861	26181	954.28	-36.77	347.74
5861	25927	14.26	0.04	1479.23
5861	25926	789.1	0	1852.04
5861	25925	1491.49	0	1748.66
5861	25925	1879.17	0	1122.63
5861	25926	901.31	2.17	758.09
5861	25926	1231.34	0.13	1188.67
5861	25927	836.85	6.39	1449.49
5861	25927	1443	8.16	1388.23
5861	25928	96.92	0	1366.95
5861	25928	695.63	0	1191.33
5861	25928	1166.62	0	797.51
5861	25928	1601.13	0	40.34
5861	25672	1445.81	0	1223.54
5863	25926	825.18	0	1860.44
5863	25925	1534.44	0	1788.75
5863	25926	219.81	0	1470.13
5863	25926	933.02	1.9	753.21
5863	25926	1211.52	0.13	1223.21
5863	25927	0.42	0.02	1521.91
5863	25927	810.14	6.59	1410.06
5863	25927	1442.48	9.04	1346.35
5863	25928	119.57	0	1374.55
5863	25928	657.23	0	1163.47
5863	25928	1186.93	0	729.35
5863	25928	1632.95	0	21.69
5863	25672	1469.98	0	1188.43
5863	25925	186.47	88.16	1895.07
5863	25925	469.13	101.25	1344.09
5863	25925	504.63	100.27	780.63
5863	25925	955.29	98.15	945.79
5863	25925	1374.92	103.31	395.22
5863	25669	1179.53	87.73	1845.37
5863	25669	668.26	61.42	1739.42
5863	25669	194.08	61.59	1779.15
5863	25669	1651.68	77.3	1804.39
5863	25925	1836.5	14.29	443.8
5863	25926	364.73	148.03	86.88
5863	25670	250.04	128.76	1431.76
5863	25670	794.97	137.26	1723.97
5863	25926	1232.72	177.1	166.84
5863	25670	1549.51	174.92	1821.17
5863	25926	1683.26	179.25	472.53
5863	25671	222.9	171.43	1719.78
5863	25927	334.23	175.05	593.71
5863	25927	809.83	156.4	774.03
5863	25927	658.91	168.71	92.89
5863	25927	1151.85	172.33	352.95
5863	25672	459.59	162.66	1588.53
5863	25928	344.42	164.99	60.35
5863	25928	319.86	160.24	576.81
5863	25927	1739.16	166.32	439.5
5863	25927	1396.53	167.32	775.55
5863	25671	1605.66	165.59	1755.97
5863	25671	1748.45	53.05	1317.88
5863	25671	1180.92	109.89	1602.1
5863	25924	1371.88	92.86	931.02
5863	25924	1434.42	97.15	1551.14
5863	25929	1691.84	-3.69	561.69
5863	25929	918.29	0	313.97
5863	25673	1471.93	-7.97	1735.81
5863	25673	1077.82	0	1204.95
5863	25673	619.15	0	1659.63
5863	25673	391.81	0	921.77
5867	25669	784.78	-13.35	345.87
5867	25669	1164.92	-13.32	571.58
5867	25669	1404.04	-13.32	185.43
5867	25413	1123.68	-13.16	1863.08
5867	25413	1831.8	0	1160.59
5867	25414	324.81	0	1471.17
5867	25670	1891.38	4.97	898.52
5867	25671	402.54	34.09	1129.84
5867	25671	1262.94	-1.94	350.98
5867	25415	849.82	0	1649.59
5867	25415	1749.04	7.86	1794.46
5867	25672	383.62	0	254.94
5867	25672	1008.12	0.69	852.85
5867	25672	1519.42	-20.9	236.83
5867	25672	991.57	0	245.03
5867	25416	327.45	0	1662.81
5867	25671	1840.6	-3.83	473.8
5867	25671	674.71	0	664.65
5867	25671	347.61	0	139.3
5867	25670	1094.66	0	605.17
5867	25415	89.91	0.8	1414.98
5867	25414	1715.15	-5.85	1818.98
5867	25671	1246.31	0	1011.58
5867	25672	423.27	0	892.63
5867	25416	1249.29	0	1464.57
5867	25416	816.45	0	1335.71
5867	25416	1804.37	0	1335.71
5867	25416	1338.48	0.12	985.46
5867	25415	1342.83	12.4	1195.95
5867	25414	688.71	2.66	727.65
5867	25414	1303.54	0.11	1245.96
5867	25670	992.6	-0.03	17.33
5867	25670	278.27	0	290.72
5867	25670	94.37	-2.49	757.08
5867	25669	1025.97	34.93	1227.61
5867	25669	1474.57	-7.66	1171.48
5867	25415	367.09	174.07	683.94
5867	25414	1742.91	177.13	491.72
5867	25158	1824.08	181.06	1818.55
5867	25159	621.45	170.82	1902.26
5867	25414	1009.39	178.52	57.19
5867	25415	860.61	161.19	747.37
5867	25415	1029.02	172.28	390.51
5867	25415	1588.48	166.31	554.3
5867	25158	1148.53	222.28	1360.32
5867	25158	443.34	153.64	1795.05
5867	25158	610.88	260.17	1296.64
5867	25668	1796.41	79.8	255.7
5867	25413	211.89	99.1	1781.6
5867	25413	351.36	100.97	1366.88
5867	25413	365.3	101.53	853.46
5867	25413	834.42	95.97	1241.16
5867	25413	856.56	98.56	741.34
5867	25413	1217.03	95.47	215.57
5867	25157	346.57	88.51	1883.23
5867	25157	759.64	88.18	1906.39
5867	25157	1693.02	222.28	1489.05
5867	25157	1265.99	224.34	1437.05
5867	25157	969.98	223.83	1165.14
5867	25157	1506.42	275.42	768.24
5867	25157	1871.73	275.23	1007.82
5867	25158	272.48	291.84	776.92
5869	25157	1506.69	274.63	793.58
5869	25158	312.32	291.61	770.98
5869	25157	1891.95	275.37	1038.97
5869	25157	1728.17	219.37	1488.52
5869	25157	1259.04	224.78	1482.34
5869	25157	940.35	223.82	1202.07
5869	24901	996.69	474.38	1252.2
5869	24901	993.03	473.21	1804.89
5869	24901	575.91	470.79	1533.55
5869	24901	162.8	469.38	1193.81
5869	24901	125.76	463.41	1871.3
5869	24900	1559.4	471.97	1492.95
5869	24900	1113.67	465.28	1840.63
5869	25156	1611.26	462.53	390.97
5869	25157	576.46	464.89	388.15
5869	24900	1625.66	471.88	986.19
5869	25157	1107.75	466.8	341.86
5869	25157	1531.58	474.96	52.28
5869	25158	340.32	474.63	160.28
5869	25158	1495.38	467.63	560.66
5869	25159	21.42	466.51	206.26
5869	25159	628.05	469.77	135.62
5869	24903	678.27	471.45	1182.05
5869	24903	1053.87	471.55	1661.97
5869	24903	1333.14	471.45	1278.87
5869	25159	152.01	287.65	1038.44
5869	25159	878.33	320.93	874.93
5869	25159	1308.76	297.41	432.43
5869	25159	1279.84	267.2	1587.07
5869	25160	44.6	258.59	1747.79
5869	25160	108.75	259.43	1150.8
5869	24903	1846.41	171.15	1770.83
5869	25160	443.89	164.23	509.46
5869	25160	751	166.74	832.9
5869	24904	891.06	43.97	1362.51
5869	24904	869.56	60.98	1907.89
5867	25160	1043.94	56.1	367.69
5869	25160	1395.75	33.85	215.28
5869	25416	245.71	153.73	925.88
5869	25416	356.51	146.37	313.44
5867	25416	742.06	90.24	582.76
5869	25160	828.71	151.33	1917.16
5867	25160	897.27	165.15	1355.06
5869	25416	1228.17	-3.17	266.28
5869	25160	1337.05	11.86	1619.66
5869	25160	1281.69	112.98	1017.5
5869	25160	1568.09	4.57	681.28
5869	25673	499.68	0	101.89
5869	25417	127	0	481.46
5869	25161	222.24	0	1784.46
5869	25161	350.61	0	1059.79
5869	25161	321.62	0	355.83
5869	25161	957.5	-11.36	700.67
5869	25161	805.7	-2.11	1536.18
5869	25417	777.12	0	365.51
5869	25417	1383.35	-12.14	226.23
5869	25417	636.33	0	986.65
5869	25417	1253.33	0	1011.5
5869	25417	1083.55	0	1665.77
5869	25673	1050.43	0	437.3
5869	25673	1629.9	-41.23	161.51
5869	25673	1741.94	-0.11	731.31
5867	25417	1266.08	0	980.51
5867	25417	605.72	0	1020.98
5867	25417	119.91	0	512.04
5867	25417	784.18	0	402.98
5867	25417	1427.85	-14.6	225.56
5867	25161	853.06	-3.14	1526.64
5867	25161	152.96	0	1747.93
5867	25161	304.98	0	1080.36
5867	25161	980.73	-12.14	737.05
5867	25161	281.85	0	323.55
5867	25673	1725.46	-0.02	756.71
5867	25673	1074.73	0	474.39
5867	25673	468.05	0	77.94
5867	25673	1665	-50.39	129.49
5867	25417	1094.75	0	1629.53
14932	25702	417.06	180	1707.18
14932	25446	1109.48	180	1806.53
14932	24933	939.85	181.55	1495.85
14932	24934	285.38	409.23	418.84
14932	24933	1509.68	270.89	741.77
14932	24677	1858.51	312.86	1509.21
14933	24933	423.33	180	68.15
14932	24933	430.33	181.35	26.94
5866	26699	424.27	-132.65	347.16
5864	26698	1726.98	-138.27	63.67
5864	26698	1128.34	-138.03	104.35
5864	26698	519.34	-144.12	194.94
5864	26442	745.29	-146.25	1436.85
5864	26442	1407.84	-136.57	1429.41
5864	26443	48.6	-91.47	1118.63
5864	26442	1565.76	-64.04	825.12
5864	26442	960.25	-44.84	809.67
5864	26442	347.98	-66.82	881.84
5864	26442	567.23	-3.48	182.39
5864	26186	629.5	-0.06	1519.54
5864	26442	1126.03	-0.07	27.11
5864	26442	1715.14	-11.94	128.09
5864	26443	264.61	-4.04	375.51
5864	26443	1340.03	-125.67	1762.59
5864	26443	1903.88	-110.61	1707.5
5864	26443	1180.07	-67.55	1149.45
5864	26443	1714.01	-69.48	1172.68
5864	26444	474.31	-96.92	1290.12
5864	26444	226.61	-32.93	782.53
5864	26443	1507.6	-11.78	601.58
5864	26443	931.38	-18.69	596.36
5864	26444	34.19	0	223.65
5864	26444	636.98	-61.91	392.44
5864	26444	879.03	-59.68	879.98
5864	26443	1305.94	0	89.17
5864	26444	1495.17	-182.26	262.47
5864	26188	1005.63	-88.1	1457.3
5864	26188	275.52	1.44	1146.99
5864	26187	1409.38	0	1171.28
5864	26187	609.4	0.25	1322.95
5864	26186	1881.18	0	1085.08
5864	26186	1160.52	0	719.58
5864	26186	1674.29	0	536.83
5864	26187	416.33	0	640.27
5864	26188	37	3.39	532.97
5864	26188	1697.98	-136.98	1470.19
5864	26188	1351.4	-61.03	826.85
5864	26188	761.49	-5.19	602.65
5864	26188	1792.33	-69.13	455.51
5864	26188	1143.01	-16.83	89.3
5864	26188	390.52	-38.46	49.65
5864	26187	1337.61	18.6	152.12
5864	25931	1550.76	0	1463.77
5864	26187	768.04	0	116.16
5864	26187	282.11	-8.27	44.88
5864	25930	1432.92	0	1822.37
5864	26186	808.81	0	354.08
5864	26186	388.14	0	695.44
5864	25930	793.06	-16.42	713.69
5864	25930	496.78	-70.13	203.36
5864	25930	1042.01	-70.66	96.88
5864	25930	1353.39	-89.45	607
5864	25930	1446.58	-1.45	1132.96
5864	25931	6	0	860.35
5864	25930	1818.81	-47.91	254.49
5864	25674	1538.87	-14.73	1766.98
5864	25674	691.57	-0.02	1490.75
5864	25931	354.26	0	1229.3
5864	25931	550.8	0	653.46
5864	25931	398.69	-6.17	125.52
5864	25931	868.11	1.31	1184.37
5864	25931	1230.08	0	615.53
5864	25675	1275.63	4.41	1873.39
5864	25675	1802.66	-6.79	1870.78
5864	25931	1851.13	3.46	515.49
5864	25932	82.46	0	1094.82
5864	25932	544.51	0	632.77
5864	25932	703.36	2.46	1195.06
5864	25932	1492.74	0	1474.11
5864	25932	1672.24	9.62	504.77
5864	25932	1189.31	0	808.63
5864	25932	1013.95	-18.51	58.42
5864	25676	1567.42	-103.16	1853.69
5864	25933	227.53	-83.65	133.31
5864	25676	1097.35	-73.6	1283.43
5864	25676	461.27	-12.35	1582.08
5864	25675	1891.95	0	1148.3
5864	25676	489.03	0	961.87
5864	25676	1686.61	-89.71	1055.02
5864	25676	1211.01	-36.16	589.22
5864	25676	1826.47	-68.63	433.36
5864	25420	1328.16	-25.54	1813.39
5864	25675	604.54	0.17	1218.64
5864	25674	1880.83	0	1186.99
5864	25675	407.55	0	546.8
5864	25674	1754.2	0	683.98
5864	25674	1117.52	0	736.74
5864	25418	1620.53	0	1847.71
5864	25674	1075.31	0	184.49
5864	25674	530.1	0	589.01
5864	25675	1213.16	-1.6	916.27
5864	25675	1089.95	0	339.26
5864	25419	660.81	0	1837.16
5864	25419	214.09	0	1425.61
5864	25418	1634.82	2.18	1221.26
5864	25418	973.3	0	1320.08
5864	25418	326.08	0	1288.43
5864	25418	554.57	-6.97	754.59
5864	25418	1217.56	-49.2	683.56
5864	25419	12.05	-14.57	542.7
5864	25419	534.18	-0.02	866.32
5864	25419	949.25	0	1165.31
5864	25419	566.07	-13.31	202.16
5864	25419	1030.15	0	514.57
5864	25163	1046.71	-81.76	1777.17
5864	25419	1607.17	-3.03	226.17
5864	25420	411.36	-8.2	532.54
5864	25419	1495.56	0	856.62
5864	25420	967.22	-10.01	736.57
5864	25420	1427.64	-9.2	1187.18
5864	25420	1885.77	-36.8	1599.42
5864	25930	760.49	0	1500.38
5866	25932	1102.83	0	251.66
5866	25675	919.5	-7.16	1585.44
5866	25674	1238.87	-0.33	1302.87
5866	25932	202.64	-4.06	1508.37
5866	25931	317.85	0	589.34
5866	25675	68.11	0	177.22
5866	25418	943.4	0	985.68
5866	25418	1281.09	0	1615.32
5866	25418	1568.4	-29.38	859.56
5866	25419	120.87	0	1059.55
5866	25419	585.19	0	1210.81
5866	25419	542.7	-5.22	546.13
5866	25419	1207.77	-3.62	225.97
5866	25419	1383.66	0	626.9
5866	25420	1580.52	-19.16	1489.56
5866	25676	1604.62	-70.83	703.77
5866	25676	778.51	-5.21	1190.61
5866	25676	128.48	-0.31	1615.93
5866	25675	1584.16	0	740.03
5866	25675	163.08	0	870.18
5866	25420	951.57	-0.14	961.07
5866	25676	1677.17	-123.11	1653.69
5850	27727	1582.73	2.13	582.91
5850	27727	815.98	-0.65	553.8
5850	27727	1272.56	-8.65	979.52
5850	27728	174.08	9.09	478.14
5850	27728	8.49	4.75	996.89
5850	27727	1604.32	47.42	1373.99
5850	27727	58.61	17.72	578.39
5850	27727	298.23	8.06	1117.1
5850	26956	1009.7	-0.65	1465.3
5850	26956	1420.87	1.29	946.48
5850	26956	1466.55	0	1908.97
5850	27212	670.43	0	351.14
5850	27212	1175.08	25.97	753.66
5851	26956	263.2	38.83	1781.98
5850	26956	323.45	-39.62	1079.64
5850	26955	1822.29	32.88	1517.81
5850	27212	256.31	3.94	399.76
5851	27212	539.91	0	804.67
5850	27212	1476.06	9.16	1259.63
5850	27212	934.95	3.34	1339.23
5851	27212	1323.02	12.76	1700.95
5850	27212	828.33	8.75	1873.75
5850	27212	435.38	-2.8	1486.94
5850	27212	128.43	-9.14	1066.8
5851	27211	1715.55	-3.26	661.12
5850	27211	1561.89	-40.37	1136.61
5851	27212	6.39	-20.58	1669.94
5850	27468	383.36	-2.1	92.18
5850	27467	1878.76	-3.92	265.55
5851	27468	360.46	0	581.33
5850	26956	857.16	-84.71	466.16
5850	26956	1365.46	-0.47	65.49
5850	27468	1218.58	0.05	587.85
5850	27468	840.09	0	1002.23
5851	27468	1424.13	0.03	1135.99
5850	27468	262.58	0	1201.26
5850	27467	1637.69	0	946.76
5850	27467	1768.2	0	1498.17
5851	27468	377.13	3.61	1729.28
5850	27468	787.89	0	1511.22
5850	27468	1303.48	0.55	1742.8
5850	27724	887.34	9.77	165.74
5850	27724	455.84	33.18	316.86
5851	27724	807.1	31.69	696.46
5850	27724	1200.24	7.84	494.54
5850	27724	1525.41	2.13	207.94
5851	27724	1748.48	7.98	674.13
5850	27724	1319.84	0.41	987.64
5851	27725	224.02	10.53	416.11
5850	27725	355.72	0	925.71
5850	27724	1833.41	8.64	1169.69
5850	27724	895.05	12.58	1198.59
5851	27724	1244.03	22.48	1596.34
5850	27724	742.84	4	1764.02
5850	27980	1048.95	36.11	185.13
5850	27980	1555.62	50.07	96.11
5850	27724	1829.41	5.09	1675.82
5851	27725	355.72	0	1411.86
5850	27725	803.11	2.88	1166.99
5850	27725	788.39	14.19	587.99
5851	27725	1269.3	0	873.5
5850	27725	1256.4	0.86	315.69
5850	27725	1253.03	0.44	1431.44
5850	27725	799.46	0	1708.78
5850	27725	336.2	0.37	1884.95
5850	27981	45.68	26.84	342.44
5851	27980	1432.15	75.54	627.61
5850	27980	978.76	24.33	630.26
5850	27980	1167.56	63.75	1001.97
5850	27980	1596.74	73.21	988.85
5850	27981	103.39	46.75	749.97
5851	27981	560.72	0	398.62
5850	27981	637.15	11.04	768.11
5850	27981	1048.52	0	520.57
5851	27981	1186.38	0	83.13
5850	27725	1655.63	0	1767.18
5850	27725	1698.05	0	1157.42
5850	27725	1721.91	0	534.41
5851	27726	162.46	0	894.96
5850	27726	350.86	0.86	378.04
5850	27726	690.04	0	741.2
5850	27726	523.01	0	1242.26
5850	27726	183.67	0	1597.51
5851	27982	102.01	4.06	226.29
5850	27981	1525.73	0	443.69
5850	27981	1323.33	-13.13	917.55
5850	27982	590.39	7.11	19.13
5850	27982	504.56	29.02	471.83
5851	27726	911.63	40.57	1553.35
5850	27726	976.58	1.57	1120.32
5851	27726	989.76	0.87	407.24
5850	27726	1327.68	30.06	753.42
5850	27726	1429.96	34.24	1263.11
5850	27726	1368.21	115.09	1742.56
5850	27982	1073.44	100.78	175.08
5851	27982	1496.94	102.76	269.61
5850	27726	1807.89	47.86	1828.07
5850	27727	926.26	35.06	1637.58
5850	27983	1286.87	54.96	164.72
5851	27984	30.46	178.84	232.05
5850	27983	1577.33	137.3	586.27
5851	27983	1029.66	82.56	635.06
5850	27983	817.29	74.75	218.34
5850	27983	534.87	88.28	562.3
5850	27984	176.77	234.9	625.23
5850	27984	553.6	350.56	336.08
5850	27728	374.33	252.25	1732.95
5851	27984	929.31	441.21	216.72
5850	27728	1276.08	549.3	1897.59
5850	27211	1430.95	37.63	57.95
5852	27985	200.14	642.53	272.92
5852	27985	209.83	443.94	1024.79
5852	27984	1577.09	322.97	1489.4
5852	28240	1354.38	251.48	132.55
5852	27984	811.01	233.41	1542.06
5852	28239	1881.22	208.36	198.9
5852	27983	1819.13	175.53	1437.8
5852	27983	1261.11	171.55	1730.56
5852	28239	711.83	177.35	307.49
5852	27983	545.6	115.6	1531.91
5852	28239	96.89	175.76	45.83
5852	28238	1751.99	352.96	636.21
5852	27982	1421.43	231.83	1889.41
5852	27982	1751.01	205.43	1198.15
5852	27982	935.79	150.72	1277.55
5852	28238	804.28	247.24	103.87
5852	28238	1037.09	248.86	672.68
5852	28238	277.43	299.73	582.81
5852	27982	188.34	205.33	1779.67
5852	27982	96.35	29.65	1230.72
5852	27981	1462.59	195.02	1808.69
5852	28237	1576.53	268.66	552.02
5852	28237	760.61	162.13	344.14
5852	27981	743.2	15.05	1595.92
5852	27981	138.15	101.03	1895.73
5852	28237	97.24	138.1	574.22
5852	28236	1534.37	80.14	177.12
5852	28236	1200.98	137.93	684.98
5852	28236	717.78	8.26	85.7
5852	27980	483.8	-67.35	1437.51
5852	28236	57.75	-2.8	79.62
5852	28235	770.84	26.58	123.41
5852	27979	1418.73	10.86	1056.61
5852	27979	1896.82	5.85	438.33
5852	28234	1904.22	-19.69	44.37
5852	28234	1198.08	-138.78	182.23
5852	27978	1378.7	-137.13	1317.92
5852	27978	912.6	-159.53	430.44
5852	27978	1680.9	-79.95	641.15
5852	27979	332.94	-23.2	1239.21
5852	27979	611.01	2	461.57
5852	27722	1685.06	-166.36	1669.2
5852	27722	772.5	-183.29	1469.98
5852	27722	1312.85	-174.45	717
5852	27723	693.06	3.13	1584.58
5852	27723	377.86	-139.89	887.2
5852	27979	1217.61	0.51	120.63
5852	27723	1807.74	0.77	1614.33
5852	27723	1182.48	-73.64	1064.48
5852	27723	1814.25	26.27	898.99
5852	27723	1013.23	-25.27	245.63
5852	27723	270.45	-116.91	85.8
5852	27722	1548.98	-171.06	34.66
5852	27467	15.07	-149.17	1245.69
5852	27467	811.29	-32.11	1408.46
5852	27467	563.16	-79.59	732.36
5852	27467	1109.06	-20.9	350.39
5852	27466	704.9	-168.53	1270.63
5852	27466	1068.81	-179.93	575.95
5852	27210	1524.77	-171.33	1812.06
5852	27211	284.58	-40.79	1477.42
5852	27211	783.59	12.43	814.26
5852	26955	626.98	-54.99	1378.1
5852	27211	345.99	21.28	45.35
5852	26955	1168.37	-120.09	831.77
5852	26955	1716.89	-153.4	311.85
5852	26700	311.74	-145.78	1432.97
5852	26700	1002.81	-44.85	1258.71
5852	26700	495.18	-72.22	911.36
5852	26699	1602.32	-138.57	1131.12
5852	26699	1500.09	-146.67	1841.37
5852	26955	1005.57	-151.48	406.92
5852	26699	861.96	-137.56	1626.29
5852	26699	258.45	-138.61	1892.15
5852	26955	342.63	-152.42	601.25
5852	26954	1801.56	-137.12	1181.56
5852	26954	1610.36	-168.72	450
5852	26698	1572.05	-143.11	1565.53
5852	26698	1155.6	-149.23	1912.76
5852	26954	1076.33	-177.9	822.03
5852	26954	626.1	-176.46	325.07
5852	26698	548.35	-185.71	1540.39
5852	26953	1887.37	-176.51	67.16
5852	26954	182.13	-188.72	732.99
5852	26954	632.99	-165.47	1203.84
5852	26954	298.13	-170.26	1760.13
5852	26954	984.9	-165.92	1813.02
5852	26954	1597.89	-91.27	1808.29
5852	27210	1368.72	22.34	437.94
5852	27210	597.99	-171.58	457.75
5852	27209	1882.29	-178.84	506.35
5852	27210	334.79	-179.13	1072.09
5852	27210	1042.08	-94.42	1098.55
5852	27210	1590.06	27.83	977.95
5852	27466	473.17	-179.84	54.6
5852	27465	1737.83	-162.41	348.07
5853	26700	1046.92	-33.48	1194.78
5853	26700	471.76	-78.4	939.89
5853	26700	340.36	-144.86	1555.11
5853	26699	1590.01	-138.21	1183.05
5853	26699	1526.36	-147.35	1876.49
5853	26699	830.18	-137.56	1670.7
5853	26955	963.76	-153.05	440.62
5853	26699	203.58	-140.08	1911.3
5853	26955	305.85	-135.5	660.58
5853	26698	1613.89	-112.47	1599.4
5853	26698	1079.64	-163.42	1919.7
5853	26698	487.3	-185.64	1584.45
5853	26954	602.54	-212.7	379.62
5853	26954	144.64	-188.74	769.64
5853	26954	1104.7	-173.76	858.96
5853	26954	1823.02	-132.75	1208.73
5853	26955	686.69	-43.12	1465.87
5853	26955	1191.37	-113.21	907.15
5853	27211	319.44	21.9	63.06
5853	26954	1599.32	-83.88	1852.2
5853	26954	988.35	-164.39	1841.06
5853	26954	301.33	-171.7	1797.24
5853	27210	617.08	-168.66	520.89
5853	27210	312.98	-179.01	1141
5853	27210	1011.46	-128.3	1143.51
5853	27210	1408.81	23.2	440.99
5853	27210	1654.78	27.66	988.29
5853	27211	266.73	-54.38	1499.74
5853	27211	796.19	12.13	849.75
5853	27210	1480.09	-171.43	1850.47
5853	27466	507.94	-178.98	93.43
5853	27465	1750.35	-165.73	209.44
5853	27209	1905.36	-179.12	510.93
5853	27466	1129.92	-179.83	634.75
5853	27466	653.68	-165.71	1320.59
5853	27722	1511.81	-172.06	22.18
5853	27722	1338.1	-173.97	749.89
5853	27723	306.64	-111.65	113.03
5853	27723	1019.87	-25.11	212.02
5853	27723	405.98	-134.95	847.23
5853	27723	1140.84	-74.54	984.29
5853	27723	1830.29	26.43	954.45
5853	27723	1840.53	0.7	1637.11
5853	27979	1209.74	0.34	147.44
5853	27979	1878.52	6.03	450.46
5853	27979	1395.33	10.91	1085.06
5853	27979	292.09	-29.72	1221.34
5853	27979	592.23	4.37	529.69
5853	27723	672.08	-7.18	1633.43
5853	27722	1656.91	-166.56	1703.51
5853	27978	1665.69	-81.75	677.91
5853	27978	1304.59	-141.94	1323.66
5853	28234	1868.1	-19.6	60.65
5853	28234	1091.83	-133.26	196.99
5853	28235	829.01	28.12	116.63
5853	28235	1873.06	-1.4	84.66
5853	28236	816.79	11.14	47.15
5853	27980	536.55	-59.77	1444.85
5853	28236	1433.24	44.55	96.61
5853	28237	102.27	138.09	647.42
5853	28237	719.93	137.87	254.22
5853	27981	274.98	123.45	1895.53
5853	27981	813.42	13.73	1557.6
5853	27981	1485.19	228.29	1840.74
5853	27982	177.82	204.23	1842.56
5853	27982	3.04	6.09	1254.7
5853	28238	1070.79	247.88	550.06
5853	28238	830.91	247.25	106.33
5853	27982	1399.16	239.85	1915.9
5853	28238	1734.77	352.95	588.45
5853	28239	141.26	176.73	63.14
5853	27982	1826.57	207.27	1257.02
5853	27983	534.85	113.69	1461.77
5853	27983	1225.85	176.2	1782.28
5853	28240	11.28	205.84	165.28
5853	27983	1886.28	182.87	1404.04
5853	27984	806.1	234.79	1514.05
5853	28240	1370.21	251.29	86.11
5853	27984	1610.97	343.77	1449.86
5853	27985	166.86	442.18	1004.95
5853	27985	139.24	643.45	290.59
5853	26954	1595.15	-160.87	476.75
5853	26954	637.07	-166.18	1244.39
14946	26738	871.65	189.83	887.73
14946	26995	287.18	260.5	114.79
14946	26739	1220.82	256.71	949
14946	26995	1560.33	256.31	301.42
14946	26740	731.92	218.34	1157.11
14946	26483	1643.26	199.94	987.65
14948	26486	857.71	183.47	1906.13
14948	27254	1525.08	688.07	496.66
14948	26999	567.3	477.82	1031.98
14948	27255	1701.48	687.97	867.57
14924	26970	1789.27	-9.02	1795
14927	26971	829.78	0	487.53
14924	27229	1368.27	-4.47	1561.47
14926	26459	1056.98	20.99	1037.45
19495	24424	1661.63	3892.83	582.68
14924	26202	1624.46	0.55	729.48
14924	26203	290.71	4.58	677.67
14926	26202	1789.77	0.23	233.49
14926	26202	1411.83	0.03	32.74
14928	25949	1371.18	149.7	1106.6
14928	25950	694.56	154.32	1545.3
14935	26215	254.76	212.22	403.17
14934	25958	314.23	180	1054.55
14934	26214	552.77	219.01	877.14
14933	25703	805.39	180	1435.8
14933	25702	1210.59	180	1194.65
14932	25701	1679.99	180	234.56
14932	24934	136.96	186.03	1884.33
19497	26959	562.86	83.63	1138.58
14922	26991	1636.73	143.2	1223.69
14922	26991	654.96	142.85	1780.39
14922	26991	1257.58	142.79	1561.11
14942	26991	1617.87	140.63	1404.22
14941	26991	1603.09	140.66	1383.89
14924	26457	797.17	-17.24	1490.22
14924	26457	1647.25	22.67	1608.54
14924	26457	1203.13	0.96	1805.45
14926	26457	1245.95	-2.12	1376.26
14937	27498	1186.1	306.61	813.68
14938	27498	1203.98	310.66	869.55
14937	27498	1526.54	180	1456.82
14938	27498	1486.42	180	1459.92
14937	27245	718.78	180	1415.31
14937	27501	668.72	180	986.75
14937	27756	343.59	180.78	870.98
14937	27755	991.44	192	764.29
14938	27755	1000.37	193.13	795.41
14937	27755	475.16	181.43	524.63
14938	27755	457.28	181.43	502.28
7501	26959	165.07	85.49	173.33
7500	26959	351.01	80.4	228.24
14936	27237	1032.86	217.99	566.43
14936	27237	1116.9	219.16	180.18
14936	25698	1731.71	180	1340.7
14936	25954	1714.07	180	1061.58
14936	25187	1046.77	180	1126.86
14936	25183	934.35	-187.57	768.1
14936	25189	1373.26	180	997.87
14936	26978	646.45	180	1158.42
3861	26959	843.85	83.74	1138
3861	25000	1101.68	-32.28	854.3
3861	23687	1130.4	245.02	370.64
3861	26265	932.34	-106.76	1569.58
14937	27757	108.18	194.13	288.08
14938	27501	334.96	181.28	1908.09
14938	27242	1533.27	202.65	227.82
14937	26989	77.93	180	1619.92
14938	26988	1889.58	180	1563.81
14937	26987	521.27	255.47	996.34
14937	26987	236.6	180	1432.17
5949	24172	1196	2689.43	1131.09
5949	24172	948.67	2825.85	563.72
5949	24172	594.8	2893.81	34.47
3810	27006	1685.52	404	541.23
3810	27006	1703.09	410.95	593.4
3810	27006	1663.14	406.8	594.17
3810	27006	1647.72	407.57	547.9
3810	27006	1687.83	405.02	532.44
3810	25982	1679.93	43.37	1297.83
3810	27012	311.86	-49.92	142.96
3810	26759	498.86	-18.57	1450.27
3804	27017	945.72	-83.04	879.31
3804	27016	16.04	-64.49	708.14
3802	26760	1736.88	-73.39	592.4
3802	26759	968.05	-84.57	1177.98
3802	26761	158.93	-58.84	320.04
3802	26761	277.07	-46.53	725.31
3802	26761	979.83	-6.54	446.15
3802	26761	1065.09	-27.12	948.99
3802	26760	1710.18	-124.2	1346.18
3802	26760	1607.11	-74.01	61.36
3802	26759	535.18	-68.18	908.54
3802	26759	686.65	6.33	1789.09
3802	26759	1479.23	-41.99	1596.97
3802	26759	1421.9	-99.59	691.3
3802	26761	469.14	-100.2	1341.38
3802	26760	1151.57	-112.23	956.38
3802	26760	1016.31	-130.48	499.78
3802	26504	852.72	-71.68	1515.74
3802	26504	263.06	-105.47	1531.23
3802	26760	579.54	-97.31	234.96
3802	26760	587.27	-92.05	979.03
3802	26760	266.88	-110.29	1377.46
3802	26760	208.53	-92.91	655.94
3802	26760	30.34	-94.97	73.84
3802	26503	1573.11	-70.57	1589.52
3802	26759	1212.75	-73.18	10.31
3802	26759	450.7	-68.7	137.68
3804	27017	737.46	-10.69	1366.16
3804	27017	386.22	-75.54	884.42
3804	27017	734.67	-65.82	338.59
3804	27017	1296.14	-2.34	407.73
3804	27016	1779.38	15.18	1428.64
3804	27016	1878.55	-103.15	226.92
3804	26761	1273.94	14.48	1575.7
3804	27016	1426.21	-101.79	705.28
3804	27016	1291.01	-27.68	1200.91
3804	27016	1299.59	-117.46	255.56
3804	27016	283.97	70.83	1407.85
3804	27015	1457.06	-33.57	1203.39
3804	27015	1335.92	-58.77	618.91
3804	27016	39.56	-73.59	68.69
3804	27015	888.86	-28.03	1015.53
3804	27015	612.16	52.99	1499.73
3804	27015	335.97	20.48	475.83
3804	27015	18.55	-59.09	900.43
3804	27014	1759.14	27.19	1439.78
3802	26758	828.35	-47.26	94.76
3804	26758	805.62	-124.62	1697.38
3804	26760	873.97	-78.49	1650.15
3802	27013	1122.4	-132.34	510.4
3804	27013	1467.8	-130.97	153.05
3802	27013	1556.26	-141.28	566.69
3804	27013	972.71	-114.04	109.44
3802	27013	594.28	-94.54	550.32
3804	27013	945.62	-86.06	985.42
3802	27013	1533.11	-91.71	1148.12
3804	27014	123.15	-95.12	853.38
3802	27014	105.72	-146.99	318.47
3804	27014	919.56	-59.31	1049.78
3804	26501	570.5	-70.22	1545.92
3802	26244	1686.56	-168.49	645.48
3804	26244	1312.59	-196.47	665.64
3802	26244	1512.64	-178.88	962.24
3804	26244	1485.9	-195.64	352.99
3802	26244	1917.86	-148.98	392.19
3804	26245	47.49	-122.77	890.61
3804	26245	973.93	-38.09	895.69
3805	26499	1879.84	-34.64	1328.85
3805	26756	3.47	-39.11	236.78
3805	26500	702.19	-28.98	1615.15
3805	26500	624.61	-135.44	836.39
3805	26500	2.13	-111.71	561.05
3805	26499	1303.26	-138.39	807.95
3805	26244	309	-278.82	667.17
3805	26244	657.52	-139.58	1338.93
3805	26244	671.73	-141.91	1905.5
3805	26244	46.28	-232.52	1558.8
3805	26243	1686.4	-334.51	1023.91
3805	26243	1220.8	-295.07	1628.12
3805	26756	1311.63	14.38	633.67
3803	26756	962.56	-79.22	1336.1
3805	26756	1554.99	-58.4	1462.11
3805	26499	155.83	-112.86	894.48
3803	26499	628.36	-46.75	1228.78
3803	26498	1589.47	-110.23	840.75
3803	26498	1234.54	-276.23	174.59
3805	26498	705.63	-158.55	594.63
3805	26498	906.36	-9	1336.37
3803	26498	1363.27	89.32	1756.01
3805	26755	1005.73	-13.13	74.83
3805	27013	260.84	-94.35	12.93
3805	27013	164.11	-38.36	1247.78
3803	27012	1532.44	-97.81	600.07
3805	27010	683.44	203.19	176.04
3805	26754	984.33	201.83	1900.58
3803	27010	1009.56	185.98	367.53
3803	26754	588.51	138.17	1709.23
3805	27010	307.5	153.25	93.23
3803	27010	587.39	303.62	570.79
3805	27010	1272.69	166.86	151.98
3803	27010	1765.8	110.81	784.25
3805	27011	422.19	63.94	1103.08
3803	27011	947.09	-0.76	763.61
3805	27011	376.91	27.92	461.29
3803	27011	969.31	5.43	237.77
3805	26755	115.32	75.23	1889.22
3803	26754	1786.41	95.53	1276.99
3805	26754	1069.54	123.06	1026.73
3803	26754	798.09	101.57	457.49
3803	26755	1192.62	-34.2	682.5
3805	27012	828.26	-87.46	213.9
3805	27012	855.06	-64.45	1207.8
3805	26755	1704.88	-25.64	1785.14
3803	27012	191.19	-50.39	406.04
3803	27012	117.14	-32.71	1043.99
3803	27011	1628.3	46.45	1204.89
3803	27010	886.81	293.64	1227.01
3805	27010	316.15	505.9	1319.46
3803	27009	1772.55	350.42	931.68
3805	27009	1313.81	165.82	438.89
3803	27009	1212.4	388.06	1133.45
3805	26754	116.96	95.63	1109.03
3806	25983	1670.07	-4.92	395.94
3806	25983	1585.65	-18.26	316.4
3806	25983	1581.42	-17.89	506.71
3806	25983	1766.65	7.86	563.38
3806	25983	1812.16	24.95	318.66
3808	26238	1900.35	167.1	249.65
3808	26238	1786.44	162.86	249.86
3808	26238	1842.57	141.7	414.23
3808	26239	151	159.28	282.57
3808	26238	347.36	232.57	824.36
3806	26238	300.13	214.99	1016.64
3808	26238	134.12	284.03	850.55
3806	26238	523.62	152.89	958.6
3808	26238	350.03	248.9	642.05
3808	26494	810.31	84.73	112.44
3806	25982	846.13	78.77	1783.54
3808	25982	1440.65	12.86	1331.57
3806	25983	291.98	61.82	1465.1
3808	25982	1792.59	-3	645.24
3806	25983	860.3	151.98	1783.97
3806	25983	1372.83	115.1	1417.09
3808	25983	803.69	42.89	1114.21
3806	25983	500.66	-2.85	594.41
3808	25983	149.89	-3	169.67
3806	25982	1271.15	-3	243.36
3808	25982	638.56	-2.17	1000.56
3806	25983	794.9	28.71	52.4
3808	25984	128.59	140.74	1453.66
3808	25984	693.92	92.52	1876.13
3806	26240	962.74	146.37	1308.84
3806	26240	1223.22	103.19	1374.28
3808	26240	865.13	145.56	1612.66
3808	26240	640.82	143.83	1171.56
3806	26240	1030.15	87.09	917.07
3806	26497	794.98	117.84	1817.65
3808	26497	383.32	122.2	1445.92
3808	26497	1155.78	95.67	1426.07
3806	26497	768.28	89.86	1059.73
3808	26497	96.87	91.56	548.15
3808	26497	709.89	87.96	313.82
3808	26496	1634.56	141.11	910.56
3808	26241	185.48	70.63	1483.09
3808	26496	1361.51	93.06	220.19
3807	26496	768.04	227.84	556.03
3807	26495	617.63	161.59	534.58
3809	26495	779.52	167.93	559.51
3807	26495	521.67	168.82	670.8
3809	26495	480.94	147.54	321.26
3807	26495	788.31	147.3	170.79
3809	26495	1192.99	182.75	478.93
3809	26752	1360.63	170.38	1139.94
3807	26752	1391.44	140.57	1318.83
3809	26752	1182.57	180.29	1154.17
3807	26752	1378.27	194.54	959.96
3809	26752	1547.27	152.49	1128.39
3809	26753	267.13	152.23	636.64
3807	26496	1652.27	184.74	1877.96
3807	26752	1330.16	194.65	380.59
3807	26753	1022.15	93.45	666.26
3809	26753	975.82	92.87	1178.33
3810	26496	1660.08	93.43	317.32
3809	26496	1081.44	232.09	1550.41
3807	26496	923.83	243.35	1782.57
3809	26752	585.29	221.19	88.59
3807	26752	202.98	216.83	170.73
3809	26751	1803.53	207.55	9.39
3807	26495	1614.41	221.19	1573.25
3809	26495	1757.07	206.52	1114.51
3807	26496	118.77	206.27	735.07
3809	26495	682.74	255.33	1461.74
3807	26494	1848.35	205.26	1322.88
3806	26239	1865.72	206.28	1741.95
3806	26239	1160.07	125.22	1270.76
3806	26239	1832.31	144.92	981.16
3807	27008	750.11	130.19	26.91
3809	26752	189.59	161.9	1518.12
3807	26752	346.46	163.54	1013.58
3809	26751	1637.14	254.16	933.15
3807	26751	1158.23	254.6	564.53
3809	26751	1188.17	331.14	1204.39
3809	26494	1731.49	152.3	610.14
3796	25734	1127.23	-43.35	1706.72
3796	25990	1349.81	-26.92	302.4
3796	25990	1807.83	10.04	302.18
3796	25735	216.1	-4.57	1864.31
3796	25734	1827.21	11.93	1425.9
3798	25734	1608.88	11.96	1429.5
3798	25990	1249.15	-17.78	25.51
3798	25991	113.66	2.33	129.9
3796	25478	1050.72	-3.94	1638.52
3796	25478	409.27	-22.68	1675.15
3796	25734	477.64	-75.31	335.81
3796	25734	913.3	-91.47	357.37
3796	25734	1124.97	-56.73	88.59
3796	25735	29.66	-93.61	635.76
3796	25735	447.62	-144.96	360.19
3796	25479	293.71	-108.61	1760.74
3796	25478	1752.6	-119.21	1760.58
3798	25478	1468.45	-85.98	1426.59
3798	25734	673.52	-80.85	460.22
3798	25478	796.77	9.36	1475.25
3798	25734	1654.83	-96.93	530.67
3798	25735	465.69	-151.44	151.25
3796	25732	307.37	-93.26	478.49
3796	25731	1849.74	-144.25	902.81
3796	25732	236.24	-209.13	1441.79
3796	25732	796.47	-210.82	1414.42
3796	25732	859.2	-156.5	781.04
3796	25731	511.21	-37.36	354.53
3796	25475	503.53	-27.97	1707.66
3796	25475	1156.04	-14.83	1492.32
3796	25731	1418.78	-35.04	87.2
3796	25731	1069.6	-29.48	505.46
3796	25731	1408.04	-111.26	971.18
3796	25731	1608.22	-54.79	470.74
3796	25732	18.64	-58.37	24.86
3796	25731	710.51	-71.13	1325.13
3796	25731	1555.07	-198.02	1756.46
3796	25987	1152.41	-214.17	63.88
3798	25731	551.01	-36.48	455.62
3798	25475	1222.1	-28.39	1679.16
3798	25731	1314.83	-15.93	465.71
3798	25732	66.48	-82.31	566.81
3798	25732	820.41	-197.87	1200.7
3798	25732	1.62	-186.56	1399.49
3796	25474	1024.65	-46.38	812.72
3796	25474	669.63	-87.09	1178.67
3796	25474	1009.26	-104.55	1559.41
3796	25474	1498.82	-72.63	1204.62
3798	25474	1389.64	-53.79	834.83
3798	25474	599.59	-68.29	1201.02
3798	25474	1286.42	-87.13	1564.72
3796	25986	572.95	-74.66	212.97
3796	25986	270.12	-38.71	638.42
3796	25986	590.98	-105.71	990.72
3796	25986	1044.61	-157.55	866.38
3796	25986	1002.9	-140.82	399.1
3798	25986	823.87	-122.86	231.5
3798	25986	943.41	-142.82	964.77
3798	25986	403.12	-103.81	749.73
3796	25985	1861.72	-20.42	1086.94
3796	25985	1799.94	-26.09	372.63
3796	25729	1918.63	-51.52	1736.2
3796	25985	1420.38	-37.06	45.14
3796	25985	990.08	12.69	446.56
3796	25985	994.42	-18.72	1012.83
3796	25729	1145.51	-4.41	1439.21
3798	25985	1531.3	-1.5	1166.05
3798	25985	1180.04	-28.76	329.07
3798	25729	1852.57	-53.71	1789.85
3798	25729	1198.5	-18.16	1560.64
3796	25990	82.22	-147.69	415.37
3796	25734	447.64	-98.46	1371.53
3796	25733	1720.58	-76.08	709.49
3796	25733	1495.97	-207.01	1565.89
3796	25989	589.07	-322.26	168.54
3796	25733	874.8	-150.47	861.78
3796	25732	1887.78	-246.83	1320.05
3796	25732	1667.97	-115.29	286.51
3796	25476	783.73	-126.52	1550.4
3796	25476	1332.05	-57.15	877.63
3796	25476	1023.55	12.82	73.27
3796	25220	200.34	-29.07	1767.25
3796	25476	566.73	-97.46	664.33
3796	25476	108.91	-100.5	1158.03
3796	25475	1598.59	-105.31	404.59
3796	25219	1409.49	-25.12	1452.29
3796	25475	638.96	-64.83	10.71
3796	25475	869.8	-20.07	881.49
3796	25475	231.13	22.48	648.2
3796	25730	1577.47	-4.01	473.29
3796	25730	1695.09	-47.48	1278.04
3796	25986	1895.87	-200.56	110.08
3796	25730	853.12	-63.15	852.05
3796	25730	199.35	-89.25	303.66
3796	25729	1908	-43.68	996.81
3796	25729	1112.24	-59.18	488.19
3796	25473	1578.53	-44.97	1563.52
3796	25473	870.7	-35.14	911.48
3796	25473	500.39	-68.89	1571.11
3798	25990	91.96	-145.04	475.77
3798	25734	485.08	-95.72	1362.42
3798	25733	1749.49	-76.17	703.93
3798	25733	1532.89	-203.46	1579.79
3798	25733	898.71	-162.6	912.79
3798	25989	592.5	-317.19	93.6
3798	25732	1906.37	-234.96	1270.37
3798	25732	1689.25	-103.36	223.65
3798	25476	796.8	-127.19	1552.3
3798	25476	1289.1	-58.05	852.88
3798	25476	957.98	-4.41	96.89
3798	25476	497.21	-100.32	685.89
3798	25476	65.68	-92.23	1166.16
3798	25475	1646.85	-111.02	444.9
3798	25220	168.84	-24.38	1729.57
3798	25219	1366.49	-23.24	1433.56
3798	25475	681.56	-66.27	24.39
3798	25475	848.43	-19.97	889.77
3798	25475	243.85	20.5	692.55
3798	25730	1587.6	-4.75	454.03
3798	25730	1713.78	-42.1	1236.39
3798	25987	35.89	-204.07	111.91
3798	25730	838.86	-70.63	896.63
3798	25730	213.54	-90.62	242.05
3798	25729	1911.97	-47.59	1063.43
3798	25729	1092.42	-58.1	527.32
3798	25473	1691.36	-0.59	1523.94
3798	25473	961.2	-18.33	837.85
3798	25473	414.43	-71.13	1619.51
3796	25472	1488.29	-64.46	833.21
3796	25472	1120.5	-30.34	1543.09
3796	25472	625.09	-13.47	636.29
3796	25472	411.28	-28.45	1535.6
3798	25472	1580.05	-62.14	861.95
3798	25472	1234.3	-20.8	1630.7
3798	25472	330.76	-29.91	1465.48
3798	25472	581.25	13.4	550.28
3796	25991	830.23	-15.01	83.67
3798	25991	739.2	-35.77	389.89
3796	25735	705.74	50.02	1301.81
3798	25735	705.66	45.73	1367.99
3796	25479	997.51	-30.07	1378.38
3798	25479	997.7	-25.93	1441.33
3800	26250	395.16	23.28	1738.29
3801	26250	414.52	32.66	1677.64
3800	25738	192.97	-48.13	1513.28
3801	25738	196.88	-49.56	1532.64
3800	25992	1495.7	4.35	1607.8
3801	25992	1495.59	6.18	1641.97
3800	26250	440.1	33.05	1716.46
3801	26250	344.77	12.21	1699.01
3800	25738	219.81	-41.89	1463.54
3801	25738	155.39	-52.97	1511.13
3800	25992	1529.83	-5.84	1593.87
3801	25992	1477.9	9.92	1622.02
3800	25992	711.11	-20.76	954.3
3801	25992	703.41	-21.17	985.05
3800	25992	1721.52	8.15	395.35
3801	25992	1759.89	2.47	353.65
3800	25736	1839.53	-18.08	1268.46
3801	25736	1847.2	-18.35	1245.42
3800	25736	1762.45	-43.11	142.46
3801	25736	1785.51	-48.33	177.12
3800	25737	1052.4	18.44	96.32
3801	25737	1063.89	24.82	74.31
3800	25737	908.4	-48.62	1020.24
3801	25737	908.26	-51.7	997.3
3800	25993	894.84	-44.43	281.9
3801	25993	906.34	-54.8	310.07
3800	25993	803.52	-2.48	1505.28
3801	25993	818.81	-2.97	1505.33
3800	25993	1794.45	-7.52	936.18
3801	25993	1821.41	-10.14	944.19
3800	26249	665.13	-31.69	750.41
3801	26249	665.13	-31.64	727.29
3800	26249	800.37	-112.34	1764.64
3801	26249	784.75	-111.45	1800.01
3800	25994	1169.47	26.97	1597.62
3801	25994	1169.65	22.55	1559.45
3800	25994	1313.62	-18.69	691.82
3801	25994	1298.25	-18.7	711.02
3800	25738	1387.94	63.74	1163.14
3801	25738	894.74	52.03	493.06
3800	26249	1756.08	-53.03	185.73
3801	26249	1771.15	-47.96	139.73
3800	26250	1079.3	19.11	753.14
3801	26250	1032.29	46.68	776.35
3800	26506	1373.05	10.91	347.79
3801	26506	1376.05	13.07	362.75
3800	26506	510.57	-2.83	922.66
3801	26506	519.89	-1.4	937.7
3800	26248	1500.9	-25.88	913.34
3801	26248	1525.71	-21.98	924.83
3800	25480	688.98	-86.93	1610.68
3801	25480	658.43	-87.28	1610.64
3800	25736	810.19	30.67	807.91
3801	25736	822.95	29.7	846.26
3800	25736	896.17	-69.35	1775.02
3801	25736	905.19	-69.56	1800.31
3800	25214	1147.07	39.04	1105.84
3801	25214	1150.36	31.27	1128.83
3800	25215	964.57	-17.33	1163.23
3801	25215	979.31	-36.95	1206.03
3800	25471	621.7	-28.1	1165.69
3801	25471	621.8	-30.84	1234.94
3800	25470	1255.37	-40.81	1405.64
3801	25470	1190.79	-41.17	1442.58
3800	25214	445.04	-3.36	1811.71
3801	25214	408.49	-2.56	1820.86
3800	25214	1408.73	6.38	1555.61
3801	25214	1399.28	1.42	1573.7
3804	27014	1065.27	-99.09	400.41
3804	26758	160.34	-73.05	1287.48
3802	26759	32.73	-109.7	1415.59
3802	26758	72.49	19.27	307.34
3802	26758	949.36	-50.34	754.11
3802	26502	364.01	-52.02	1352.27
3805	26499	192.81	-1.41	1789.16
3810	26246	1760.02	-39.74	855.46
3802	26246	1761.09	-39.74	875.42
3804	26246	1780.11	-39.74	884.06
3806	25984	527.42	53.48	898.99
3804	27017	184.64	-87.17	860.93
3802	26760	1084.01	-130.1	412.62
3804	26757	438.1	-118.48	1171.54
3802	26757	1264.34	-43.5	1274.28
3802	26757	166.47	-48.24	523.16
3805	26500	1633.25	-39.3	1668.33
3804	26501	1466.77	-37.15	1560.28
3797	26504	428.39	-422.09	152.17
3799	26504	458.32	-403.11	140.1
3797	25989	1836.65	-552.03	1790.79
3799	25989	1847.33	-552.39	1814.86
3797	25726	756.32	-512.46	1132.01
3799	25726	786.89	-511.72	1128.68
3797	25728	646.25	-482.87	842.76
3799	25728	658.66	-491.58	865.36
3797	25985	214.23	-349.14	1486.98
3799	25985	223.93	-342.44	1511.91
3797	25726	1348.96	-479.23	533.1
3799	25726	1389.2	-478.52	532.42
3797	25727	328	-446.2	644.91
3799	25727	358.42	-443.53	641.06
3797	25727	1259.54	-448.61	593.96
3799	25727	1245.45	-446.75	565.84
3797	25727	1906.68	-482.37	773.19
3799	25728	14.97	-486.03	731.09
3797	25728	1420.59	-462.17	1092.42
3799	25728	1427.51	-459.9	1078.15
3797	25728	1169.01	-474.33	1858.67
3799	25728	1186.77	-471.62	1879.52
3797	25984	1602.02	-418.87	536.41
3799	25984	1584.65	-419.49	533.03
3797	25985	1049.33	-321.47	1819.77
3799	25985	1076.43	-324.32	1816.45
3797	26241	1765.01	-428.32	136.03
3799	26241	1806.96	-432.07	136.08
3797	26242	565.01	-484.86	433.19
3799	26242	607.72	-489.52	404.9
3797	26242	661.7	-485.24	1115.38
3799	26242	661.68	-485.84	1104.82
3797	26242	1755.26	-508.17	285.5
3799	26242	1797.86	-505.93	292.66
3797	26243	601.13	-469.01	356.04
3799	26243	618.77	-467	334.72
3797	25987	1312.94	-480.94	1831.56
3799	25987	1327.06	-479.86	1827.92
3797	25988	21.48	-515.49	1276.74
3799	25988	32.25	-516.92	1262.59
3797	25988	682.98	-539.95	797.23
3799	25988	733.08	-539.06	804.25
3797	25988	1902.36	-475.46	922.82
3799	25989	10.98	-479.68	922.96
3797	25989	679.08	-496.2	1318.32
3799	25989	700.44	-498.05	1307.72
3797	26246	273.82	-539.48	900.99
3799	26246	289.11	-539.52	897.94
3797	25990	1065.3	-518.48	1824.19
3799	25990	1086.65	-517.4	1821.08
3797	25991	201.71	-480.67	1337.24
3799	25991	183.76	-483.36	1343.46
3797	26247	1084.39	-440.13	104.97
3799	26247	1102.18	-439.62	104.93
3797	26247	1851.73	-421.73	518.7
3799	26247	1857.66	-421.11	506.83
3797	26247	1728.12	-391.92	1337
3799	26247	1722.47	-390.44	1366.12
3797	26502	866.69	-513.99	264.05
3799	26502	884.89	-512.5	263.91
3797	26502	1447.23	-515.24	670.19
3799	26502	1465.44	-515.66	676.29
3797	26503	283.75	-447.92	920.07
3799	26503	298.64	-447.86	920.07
3797	26503	1035.74	-481.17	647.23
3799	26503	1056.82	-483.98	641.57
3797	26504	1261.93	-287.03	618.72
3799	26504	1290.24	-286.64	624.34
3797	26504	1847.53	-172.53	1166.94
3799	26504	1877.43	-173.05	1161.55
3797	26505	182.04	-196.5	711.04
3799	26505	217.99	-192.23	711.19
3797	26505	626.15	-164.54	1246.21
3799	26505	659.05	-161.65	1246.36
3797	26506	31.05	-58.31	1900.48
3799	26506	38.9	-58.06	1900.47
3797	25726	1056.16	-498.3	860.81
3799	25726	1062.32	-497.7	833.56
3797	25728	1072.79	-480.8	1346.1
3799	25728	1057.76	-480.82	1346.1
3797	26246	445.03	-540.31	274.9
3799	26246	409.9	-540.42	251.49
3797	25989	1302.53	-538.12	1488.18
3799	25989	1301.98	-541.05	1507.72
3797	25990	1628.26	-524.16	1616.97
3799	25990	1667.27	-523.16	1644.06
3797	26502	331.01	-518.89	86.87
3799	26502	292.17	-518.89	86.87
3797	26503	1637.08	-444.58	156.47
3799	26503	1638.13	-436.82	129.68
3805	26755	403.03	1.96	641.47
3796	25987	27.29	-348.7	1094.01
3798	25987	10.6	-347.19	1089.75
3806	26237	1375.04	373.28	634.19
3808	26237	1397.94	372.28	654.3
3800	25469	1499.19	61.97	1323.88
3801	25469	1479.39	63.66	1329.18
3800	25469	1621.17	47.84	424.42
3801	25469	1635.39	45.85	418.94
3800	25471	1627.95	27.97	189.2
3801	25471	1641.92	31.63	176.96
3800	25471	1403.15	-71.66	1371.89
3801	25471	1403.15	-71.64	1399.99
3800	26249	1660.15	5.84	1080.24
3801	26249	1684.41	7.53	1086.94
3806	26497	686.75	87.39	261.63
3806	26497	82.67	92.32	521.4
3806	26496	1660.87	123.55	878.4
3806	26496	1393.16	92.96	195.04
3806	26241	160.71	71.6	1509.88
3808	26239	1860.8	209.27	1699.55
3808	26239	1837.16	149.61	934.01
3808	26239	1116.35	118.15	1242.16
3804	27016	741.94	-88.91	811.62
3802	26502	1642.8	-45.32	1859.73
3802	26758	1733.18	-74.22	676.62
3805	26499	209.46	-339.81	89.2
3802	26757	1141.99	-66.52	445.92
3796	25734	1581.99	-94.87	127.92
3806	26238	1085.6	98.47	1398.52
3808	26238	1209.1	94.6	779.04
3808	25983	1340.67	112.02	1852.56
3802	26501	1108.46	-35.19	749.01
3805	26499	1714.82	-72.84	815.76
3805	26499	619.83	-234.74	459.84
3805	26498	408.37	92.6	1811.58
3803	26755	310.96	39.04	1320.82
3803	26756	719.57	11.71	539.25
3802	27015	1173.25	-32.75	106.69
3802	27014	1014.4	-101.44	408.81
3802	26501	1467.29	-38.28	1513.71
3804	26758	1880.15	-104.9	280
3804	27015	1200.12	-34.84	112.8
3802	26761	140.5	-99.53	1400.99
3805	26498	1762.03	-30.72	1277.78
3803	27012	834.18	-89.07	249.82
14949	-32761	-10.05	-77.6	-1696.3
14949	-32761	698.63	-76.91	-1233.39
14949	-32761	-712.91	-76.82	-1242.24
14949	-32761	-10.07	-77.55	-2117.41
14951	-32761	-1761.59	-0.24	-1408.9
14951	-32761	-2552.25	85.65	-1408.87
14951	-32761	-1620.64	-0.22	-401.05
14951	-32761	-2599.1	86.23	-389.8
14951	-32761	-1668.34	1.5	679.99
14951	-32761	-2611.58	87.06	722.45
14951	-32761	1622.01	-0.24	-355.37
14951	-32761	2599.17	86.78	-342.33
14950	-32761	-2134.22	67.27	511.63
14950	-32761	-2107.71	55.07	-999.82
14950	-32761	-13.45	-77.56	-2048.75
14955	-32761	478.83	-76.89	3105.04
14955	-32761	-640.89	-76.28	3108.32
14954	-32761	-1663.34	2.35	1723.57
14954	-32761	-2633.13	85.89	1680.7
14954	-32761	-1695.52	2.34	2566.21
14954	-32761	-2596.48	85.7	2553.86
14954	-32761	-1686.46	1.79	3394.75
14954	-32761	-2520.55	86.23	3397.3
14953	-32761	1631.27	-0.24	1757.74
14953	-32761	2617.01	87.84	1738.89
14953	-32761	2617.31	87.37	2621.59
14953	-32761	1660.46	-0.24	2628.94
14953	-32761	2532.96	86.75	3478.51
14953	-32761	1679.19	-0.24	3433.29
14952	-32761	-2158.05	75.77	2963.7
14952	-32761	2121.2	54.87	3020.7
14956	-32761	-1760.91	238.54	7339.68
14956	-32761	1728.95	237.14	7347.86
14958	-32762	-6063.23	-47.24	5585.75
14958	-32762	-6984.55	0.02	5582.27
14958	-32762	-5162.71	0.02	5599.23
14958	-32762	-5609.7	0.02	4798.61
14958	-32762	-6474.12	0.02	4763.4
14958	-32762	-5605.94	0.02	6309.09
14958	-32762	-6525.63	0.02	6351.87
14957	-32762	-7664.05	0.02	5585.95
14957	-32762	-4463.81	0.02	5605.34
14957	-32762	-6070.75	0.02	3970.42
14957	-32762	-6054.98	0.02	7165.97
14957	-32762	-4743.42	21.27	4762.27
14957	-32762	-5249.23	21.27	4052.35
14957	-32762	-4748.29	21.39	6476.55
14957	-32762	-5161.59	21.41	7040.8
14957	-32762	-7050.53	21.58	7083.71
14957	-32762	-7419.95	21.4	6480.95
14957	-32762	-7433.28	21.27	4690.81
14957	-32762	-7075.55	21.27	4171.64
14957	-32762	-7949.75	22.93	7382.67
14957	-32762	-7989.13	21.27	3800.7
14957	-32762	-4237.12	21.27	3888.04
14957	-32762	-4110.57	23.04	7423.85
14958	-32762	-1.91	-47.24	5591.55
14957	-32762	6201.06	-47.24	5589.61
14957	-32762	4961.54	21.2	6874.97
14957	-32762	7464.98	21.25	6900.13
14957	-32762	7376.46	21.27	4433.07
14957	-32762	4988.34	21.27	4434.29
14958	-32762	4954.85	21.2	6855.09
14958	-32762	7454.59	21.25	6894.82
14958	-32762	7399.1	21.27	4448.87
14958	-32762	4983.41	21.27	4458.92
14958	-32762	5254.5	-0.15	5605.19
14958	-32762	6170.33	-0.15	6662.45
14958	-32762	7205.5	-0.15	5575.11
14958	-32762	6217.26	-0.15	4559.26
14957	-32762	12127.16	-47.24	5590.01
14957	-32762	11596.9	-0.15	6132.82
14957	-32762	12569.06	-0.15	6167.94
14957	-32762	11570.85	-0.15	5167.37
14957	-32762	12659.31	-0.15	5098.27
14957	-32762	12052.34	-0.15	6679.35
14957	-32762	11001.91	-0.15	5652.14
14957	-32762	12098.65	-0.15	4672.64
14957	-32762	13107.81	-0.15	5678.84
14958	-32762	13076.27	21.18	7115.69
14958	-32762	13553.92	21.26	6597.62
14958	-32762	11101.11	21.2	7110.34
14958	-32762	10666.11	21.2	6582.19
14958	-32762	10595.16	21.27	4779.79
14958	-32762	10990.39	21.27	4205.2
14958	-32762	13037.9	21.27	4239.69
14958	-32762	13545.47	21.27	4667.87
14959	-32762	12121.78	-47.24	-36.23
14961	-32762	12159.07	-47.24	23.94
14961	-32762	13003.09	21.15	968.85
14961	-32762	11200.42	21.2	1048.59
14961	-32762	13120.59	21.27	-886.19
14961	-32762	11091.87	21.27	-858.71
14961	-32762	6205.46	-47.24	-38.6
14961	-32762	7169.08	-0.15	-50.49
14961	-32762	5241.92	-0.15	-31.15
14959	-32762	5044.93	21.2	1170.78
14959	-32762	7367.56	21.22	1219.09
14959	-32762	7373.55	21.27	-1089.28
14959	-32762	5008.25	21.27	-1118.42
14961	-32762	6216.99	-0.15	1141.97
14959	-32762	-50.56	-47.24	-29.67
14961	-32762	-24.31	-47.24	-3.26
14961	-32762	-1016.68	0.02	17.73
14961	-32762	19.01	0.02	1043.86
14961	-32762	6.1	0.02	-1048.91
14961	-32762	1013.45	0.02	-23.94
14961	-32762	635.38	0.02	622.36
14961	-32762	-713.57	0.02	735.45
14961	-32762	-679.83	0.02	-695.24
14961	-32762	674.11	0.02	-699.21
14959	-32762	-1557.91	22.34	1568.97
14959	-32762	1573.27	21.27	-1473.58
14959	-32762	-553.75	0.02	-1736.05
14959	-32762	495.82	0.02	-1737.91
14959	-32762	1739.91	0.02	-393.71
14959	-32762	1711.55	0.02	469.07
14959	-32762	434.92	0.02	1748.49
14959	-32762	-477.81	0.02	1766.1
14959	-32762	-1777.67	0.02	471.75
14959	-32762	-1750.74	0.02	-456.6
14961	-32762	-1073.14	20.07	-1029.47
14961	-32762	-1568.21	22.31	1533.1
14961	-32762	1543.23	21.27	-1411.47
14959	-32762	1653.73	22.45	1657.04
14959	-32762	-1742.92	21.27	-1600.61
14960	-32762	-6059.05	-47.24	-35.37
14961	-32762	-6073.58	-47.24	-27.37
14960	-32762	-7154.88	-0.15	10.41
14960	-32762	-4938.19	-0.15	-38.1
14960	-32762	-6077.19	-0.15	1110
14960	-32762	-6039	-0.15	-1155.37
14961	-32762	-6094.37	-0.15	1102.7
14961	-32762	-6061.34	-0.15	-1185.25
14961	-32762	-7179.11	-0.15	0.48
14961	-32762	-4939.49	-0.15	-56.4
14960	-32762	-7198.39	21.2	1129.8
14960	-32762	-7187.15	21.27	-1083.3
14960	-32762	-4979.42	21.27	-1087.93
14960	-32762	-5002.07	21.2	1114.05
14960	-32762	-6596.07	-0.15	-568.29
14960	-32762	-5532.94	-0.15	-562.53
14960	-32762	-5517.33	-0.15	530.02
14960	-32762	-6606.09	-0.15	544.25
14960	-32762	-12708.68	-0.15	601.07
14960	-32762	-12685.78	-0.15	-626.21
14960	-32762	-11497.51	-0.15	-585.33
14960	-32762	-11500.24	-0.15	582.25
14960	-32762	-12102.4	-0.15	608.08
14960	-32762	-11494.89	-0.15	17.99
14960	-32762	-12673.41	-0.15	-2.2
14960	-32762	-12098.33	-0.15	-611.17
14961	-32762	-10934.92	21.22	1182.47
14961	-32762	-10926.22	21.27	-1177.14
14961	-32762	-13251.05	21.27	-1152.19
14961	-32762	-13245.45	21.2	1193.71
14961	-32762	-12088.57	-47.24	-1.6
14960	-32762	-13229.96	-0.15	11.88
14960	-32762	-12076.08	-0.15	1172.23
14960	-32762	-10932.41	-0.15	12.04
14960	-32762	-12098.76	-0.15	-1155.19
14962	-32762	-12074.2	-47.24	-5823.25
14961	-32762	-12063.9	-47.24	-5819.84
14962	-32762	-13145.48	19.4	-4769.93
14962	-32762	-11013	17.54	-4750.61
14962	-32762	-10985.15	21.27	-6840.05
14962	-32762	-13163.77	19.34	-6799.56
14962	-32762	-12034.24	0.02	-4286.48
14962	-32762	-10571.55	0.02	-5772.37
14962	-32762	-12043.52	0.02	-7302.5
14962	-32762	-13569.42	0.02	-5811.57
14962	-32762	-10074.9	21.69	-4582.41
14962	-32762	-10890.44	22.1	-3782.82
14962	-32762	-13159.84	22.13	-3749.27
14962	-32762	-14094.63	22.19	-4603.12
14962	-32762	-14059.68	21.27	-6931.64
14962	-32762	-13266.71	21.27	-7742.43
14962	-32762	-10077.99	21.27	-6893.68
14962	-32762	-10943.74	21.27	-7793.81
14961	-32762	-13450.64	21.99	-4355.44
14961	-32762	-10704.28	21.84	-4442.29
14961	-32762	-10705.56	21.27	-7120.25
14961	-32762	-13387.23	21.27	-7076.58
14961	-32762	-12034.91	0.02	-4293.52
14961	-32762	-13598.92	0.02	-5819.4
14961	-32762	-12050.75	0.02	-7303.49
14961	-32762	-10575.5	0.02	-5755.58
14961	-32762	-6061.82	-47.24	-5825.36
14962	-32762	-7130.23	-0.15	-5810.87
14962	-32762	-6056.37	-0.15	-4689.56
14962	-32762	-4960.83	-0.15	-5820.5
14962	-32762	-6071.7	-0.15	-6888.96
14962	-32762	-4788.4	21.26	-4509.58
14962	-32762	-4817.88	21.27	-7064.98
14962	-32762	-7350.68	21.27	-7039.31
14962	-32762	-7403.65	21.2	-4487.63
14961	-32762	-5320.35	-0.15	-5019.21
14961	-32762	-6907.65	3.57	-4976.08
14961	-32762	-6883.22	-0.15	-6538.65
14961	-32762	-5328.78	-0.15	-6502.15
14962	-32762	1.85	-47.24	-5829.75
14962	-32762	-1306.03	21.2	-4509.82
14962	-32762	-1314.32	21.27	-7006.88
14962	-32762	1223.33	21.27	-6978.2
14962	-32762	1273.7	21.26	-4511.16
14961	-32762	-985.5	-0.15	-5808.22
14961	-32762	8.25	-0.15	-4884.82
14961	-32762	967.46	-0.15	-5807.64
14961	-32762	23.34	-0.15	-6781.02
14963	-32762	6207.56	-47.24	-5821.96
14963	-32762	4908.44	21.2	-4507.82
14963	-32762	7432.8	21.24	-4497.76
14963	-32762	7409.79	21.27	-7007.63
14963	-32762	4918.87	21.27	-7007.88
14961	-32762	7230.1	-0.15	-5811.83
14961	-32762	6179.41	-0.15	-6889.35
14961	-32762	5176.59	-0.15	-5795.42
14961	-32762	6194.11	-0.15	-4679.08
14963	-32762	12118.83	-47.24	-5824.2
14961	-32762	12130.07	-47.24	-5810.51
14961	-32762	12141.01	0.02	-4435.17
14961	-32762	13445.45	0.02	-5753.91
14961	-32762	12140.29	0.02	-7103.22
14961	-32762	10817.61	0.02	-5838.08
14961	-32762	11371.66	0.02	-5014.71
14961	-32762	12868.71	0.02	-5042.35
14961	-32762	12903.06	0.02	-6530.17
14961	-32762	11411.18	0.02	-6541.38
14963	-32762	10471.47	22.54	-4136.35
14963	-32762	13717.25	22.37	-4146.56
14963	-32762	13696.85	21.27	-7283.76
14963	-32762	10432.44	21.27	-7307.27
14964	-32763	6731.83	670.84	-6429.23
14964	-32763	7248.36	670.84	-3975.16
14964	-32763	3671.33	690.84	-5319.11
14964	-32763	5688.51	670.84	-5947.14
14964	-32763	4765.82	716.51	-5446.61
14964	-32763	6536.89	704.13	-4979.03
14964	-32763	6031.89	713.78	-3450.65
14964	-32763	4327.41	720.2	-4223.05
14964	-32763	5339.89	749.06	-4419.44
14964	-32763	4848.42	690.84	-2854.44
14966	-32763	9548.93	689.35	-6500.61
14966	-32763	10788.95	696.51	-5217.29
14966	-32763	10280.69	689.35	-3055.4
14966	-32763	9567.83	669.72	-5220.61
14966	-32763	10045.37	665.15	-4134.18
14968	-32763	9991.89	666.49	-4157.54
14968	-32763	9579.11	669.03	-5260.55
14970	-32763	10009.86	666.89	-4187.06
14970	-32763	9562.22	668.28	-5284.29
14966	-32763	12922.82	689.53	220.14
14966	-32763	16489.12	689.54	-550.09
14966	-32763	15107.26	689.54	812.92
14966	-32763	14140.34	667.72	-198.21
14966	-32763	15291.88	665.8	-402.26
14968	-32763	14098.83	667.43	-169.02
14968	-32763	15292.85	665.78	-402.9
14970	-32763	14122.1	667.43	-174.86
14970	-32763	15252.03	666.74	-408.78
14971	-32763	15567.81	1623.3	8007.97
14971	-32763	14199.14	1623.02	7563.35
14970	-32763	15561.58	1623.27	7976.28
14970	-32763	14179.81	1623.05	7559.42
14971	-32763	14441.18	1643.5	8952.97
14970	-32763	14473.19	1643.5	8945.52
14971	-32763	15442.89	1145.7	-7480.64
14971	-32763	16731.51	1146.21	-8761.3
14971	-32763	18860.39	1145.7	-8219.63
14971	-32763	17696.64	1121.19	-7865.98
14971	-32763	16636.98	1123.59	-7612.65
14968	-32763	17717.77	1119.95	-7843.07
14968	-32763	16622.46	1123.59	-7593.24
14970	-32763	17687.88	1119.11	-7827.68
14970	-32763	16583.65	1123.47	-7590.49
14971	-32763	14980.1	549.78	-17823
14968	-32763	14991.82	549.78	-17844.38
14970	-32763	15000.39	549.78	-17815.11
14971	-32763	14548.89	529.78	-15664.55
14968	-32763	14558.82	529.78	-15672.73
14970	-32763	14539.36	529.78	-15667.77
14971	-32763	16376.63	549.78	-16425.14
14968	-32763	16405.94	549.78	-16415.58
14970	-32763	16391.49	549.78	-16391.13
14971	-32763	13055.65	529.78	-17489.1
14968	-32763	13042.1	529.78	-17489.09
14970	-32763	13031.92	529.78	-17464.82
14968	-32763	15956.13	622.58	-17277.36
14968	-32763	13857.57	549.78	-17927.54
14968	-32763	14023.94	557.07	-16894.03
14968	-32763	15549.53	549.78	-16091.01
14964	-32763	-2857.72	725.19	-5136.61
14964	-32763	-4225.96	705.19	-7511.75
14964	-32763	-5316.78	725.19	-4223.36
14964	-32763	-4118.27	837.45	-4795.92
14964	-32763	-3593.24	749.57	-6296.13
14964	-32763	-6796.16	725.19	-7107.89
14964	-32763	-6009.07	727.31	-5309.1
14964	-32763	-6387.1	725.19	-6011.2
14964	-32763	-4590.19	784.03	-5593.19
14964	-32763	-5318.09	725.19	-6719.54
19501	17990	615.8	40	1083.84
19499	17990	890.13	67	1337.29
19502	17990	1142.27	40	1158.45
14966	-32763	-6653.31	723.69	-9840.19
14966	-32763	-3173.24	723.7	-10731.21
14966	-32763	-5341.3	723.7	-11243.7
14966	-32763	-5540.04	700.29	-9939.76
14966	-32763	-4252.75	700.67	-10305.23
14968	-32763	-5516.18	700.7	-9946.02
14968	-32763	-4229.05	700.51	-10311.28
14970	-32763	-5527.19	700.63	-9937.94
14970	-32763	-4233.8	700.37	-10316.35
14966	-32763	563.35	724.95	-15401
14966	-32763	93.26	723.88	-13183.19
14966	-32763	-703.64	723.88	-16658.51
14966	-32763	-302.83	701.78	-14374.58
14966	-32763	-649.53	701.35	-15448.36
14968	-32763	-320.34	701.78	-14356.86
14968	-32763	-655.42	701.18	-15471.6
14970	-32763	-308.67	701.78	-14368.68
14970	-32763	-649.59	701.34	-15494.89
14971	-32763	-7605.88	1180.05	-15771.9
14971	-32763	-8954.22	1180.05	-17004.66
14971	-32763	-8390.65	1180.05	-19261.58
14971	-32763	-7637.54	1157.12	-16869.04
14971	-32763	-7974.65	1153.43	-18072.67
14968	-32763	-7637.56	1157.26	-16875.05
14968	-32763	-7980.55	1153.75	-18078.54
14970	-32763	-7637.67	1157.83	-16899.09
14970	-32763	-7986.37	1154.07	-18060.78
14971	-32763	7469.61	1657.03	-14557.22
14971	-32763	7918.31	1658.09	-15965.28
14970	-32763	7451.43	1657.15	-14572.21
14970	-32763	7903.23	1658.19	-15984.93
14971	-32763	8813.59	1677.85	-14837.73
14970	-32763	8806.69	1677.85	-14844.59
14971	-32763	8323.3	1658.91	-14307.27
14971	-32763	8267.59	1677.93	-16752.73
14971	-32763	-15739.52	564.13	-14805.3
14968	-32763	-15746.04	564.13	-14805.27
14970	-32763	-15732.93	564.13	-14792.27
14971	-32763	-17913.1	584.13	-15303.62
14968	-32763	-17900.02	584.13	-15308.06
14970	-32763	-17917.46	584.13	-15312.33
14971	-32763	-17550.34	564.13	-13356.15
14968	-32763	-17537.1	564.13	-13356.23
14970	-32763	-17556.96	564.13	-13356.12
14971	-32763	-16456.81	584.13	-16579.75
14968	-32763	-16431.29	584.13	-16579.89
14970	-32763	-16441.5	584.13	-16579.83
14971	-32763	-18817.12	584.13	-15506.99
14971	-32763	-17032.35	589.91	-14344.14
14971	-32763	-16116.66	584.13	-15771.63
14964	-32763	-4787.01	690.84	3753.63
14964	-32763	-3943.5	719.68	6236.26
14964	-32763	-7159.93	670.84	4830.48
14964	-32763	-6074.45	670.84	6785.14
14964	-32763	-4364.37	743.49	4978.17
14964	-32763	-5985.31	690.84	4384.34
14964	-32763	-6663.85	690.84	5851.67
14964	-32763	-5034.8	690.84	6510.19
14964	-32763	-5479.84	749.68	5490.15
14964	-32763	2962.3	690.84	4873.89
14964	-32763	4138.69	670.84	7216.93
14964	-32763	5451.66	704.31	3911.6
14964	-32763	4246.13	749.68	4485.39
14964	-32763	3580.98	719.68	5973.06
14964	-32763	6141.69	670.84	6024.69
14964	-32763	5777.18	690.84	5093.86
14964	-32763	5079.67	690.84	6643.89
14964	-32763	4841.05	741.66	5623.27
14965	-32763	-9440.3	689.34	7235.7
14965	-32763	-10156.75	689.35	3963.19
14965	-32763	-10821.98	689.35	6133.31
14965	-32763	-9780.8	668.53	5127.39
14965	-32763	-9435.04	669.3	6075.73
14968	-32763	-9444.89	668.99	6072.96
14968	-32763	-9768.24	668.91	5105.16
14967	-32763	-9444.89	668.99	6072.96
14967	-32763	-9774.2	668.86	5099.24
14965	-32763	-12809.5	689.53	656.03
14965	-32763	-16252.68	689.53	1440.09
14965	-32763	-14973.88	689.54	22.55
14965	-32763	-15033.76	667.43	1317.68
14965	-32763	-14003.31	667.43	1009.79
14968	-32763	-15047.42	667.43	1304
14968	-32763	-13996.58	667.43	989.17
14967	-32763	-15061.09	667.43	1310.95
14967	-32763	-13976.17	667.43	975.34
14969	-32763	-15243.73	1145.7	8287.9
14969	-32763	-18747.88	1145.7	9054.03
14969	-32763	-16623.07	1145.71	9759.95
14969	-32763	-16455.74	1123.59	8317.41
14969	-32763	-17623.31	1118.86	8629.17
14968	-32763	-17629.91	1119.29	8615.58
14968	-32763	-16431.37	1123.32	8317.79
14967	-32763	-17650.28	1118.85	8629.32
14967	-32763	-16431.43	1123.32	8304.3
14969	-32763	-14040.57	1623.12	-6714.11
14969	-32763	-15403.77	1623.21	-7190.44
14967	-32763	-14018.34	1623.12	-6714.23
14967	-32763	-15411.15	1623.24	-7197.84
14969	-32763	-14281.67	1643.5	-8123.34
14967	-32763	-14296.38	1643.5	-8130.61
14969	-32763	-13823.19	1624	-7584.46
14969	-32763	-16255.56	1643.49	-7433.04
14969	-32763	-14568.09	529.78	16610.61
14968	-32763	-14568.12	529.78	16597.61
14967	-32763	-14587.56	529.78	16597.71
14969	-32763	-14897.8	549.78	18720.7
14968	-32763	-14891.29	549.78	18720.66
14967	-32763	-14904.31	549.78	18720.74
14969	-32763	-16226.26	549.78	17365.61
14968	-32763	-16239.2	549.78	17359.19
14967	-32763	-16226.25	549.78	17352.63
14969	-32763	-12937.74	529.78	18294.57
14968	-32763	-12937.87	529.78	18281.82
14967	-32763	-12925.07	529.78	18294.5
14969	-32763	-13954.96	549.78	17731.49
14965	-32763	6734.66	689.35	9490.75
14965	-32763	3215.11	689.35	10286.06
14965	-32763	5475.97	689.36	10931.76
14965	-32763	5448.24	667.24	9640.94
14965	-32763	4366.78	667.31	9912.6
14968	-32763	4378.4	667.87	9895.07
14968	-32763	5476.9	667.24	9623.48
14967	-32763	4361.01	667.36	9901.06
14967	-32763	5482.58	667.24	9611.91
14965	-32763	735.9	689.53	16365.63
14965	-32763	35.57	689.53	12965.85
14965	-32763	-667.47	689.54	15045.82
14965	-32763	434.07	669.13	14085.17
14965	-32763	709.16	666.46	15282.68
14968	-32763	424.92	668.83	14074.49
14968	-32763	727.28	666.7	15280.29
14967	-32763	451.89	669.7	14079.68
14967	-32763	705.69	666.44	15280.5
14972	-32763	8072.27	1120.53	17750.97
14972	-32763	7656.94	1122.43	16398.07
14968	-32763	8055.71	1120.05	17766.73
14968	-32763	7651.07	1122.57	16392.17
14967	-32763	8079.52	1120.64	17748.34
14967	-32763	7656.92	1122.43	16374.4
14972	-32763	8452.98	1145.7	18979.75
14972	-32763	7633.97	1145.7	15254.55
14972	-32763	8870.07	1150.58	16696.88
14972	-32763	-7433.21	1622.63	14189.18
14972	-32763	-7861.02	1623.95	15636.13
14967	-32763	-7422.81	1622.7	14173.27
14967	-32763	-7860.96	1624.09	15662.68
14972	-32763	-8745.62	1643.5	14474.9
14967	-32763	-8739.07	1643.5	14474.87
14972	-32763	-8259.09	1624.99	14064.64
14972	-32763	-8003.71	1643.49	16527.01
14972	-32763	15838.52	529.78	14512.4
14968	-32763	15838.52	529.78	14500.73
14967	-32763	15838.52	529.78	14512.4
14972	-32763	18192.49	549.78	15039.14
14968	-32763	18180.9	549.78	15039.2
14967	-32763	18192.47	549.78	15033.32
14972	-32763	17528.81	529.78	13125.98
14968	-32763	17511.48	529.78	13120.29
14967	-32763	17534.57	529.78	13120.17
14972	-32763	16761.88	549.78	16260.46
14968	-32763	16761.84	549.78	16242.89
14967	-32763	16744.41	549.78	16266.42
14972	-32763	17097.58	578.62	14341.69
14972	-32763	16073.52	573.65	15567.53
14972	-32763	16532.24	574.52	13435.05
14972	-32763	15857.58	578.62	16684.3
19500	17990	1404.92	69	1324.96
14978	-32764	13460.8	-27.65	-289.13
14975	-32764	13453.4	-27.44	-294.5
14978	-32764	14762.82	-63.35	20.2
14975	-32764	14757.61	-63.36	14.42
14978	-32764	14771.99	46.71	-1415.62
14975	-32764	14776.86	48.32	-1405.4
14978	-32764	16245.82	-38.96	-1281.28
14975	-32764	16246.08	-38.96	-1291.96
14978	-32764	16321.78	-15.34	438.6
14975	-32764	16332.9	-15.38	433.32
14978	-32764	15673.39	-38.96	-411.02
14978	-32764	14598	47.4	1298.66
14978	-32764	15586.29	-13.36	1112.39
14978	-32764	283.06	-29.3	-13287.75
14975	-32764	260.18	-28.86	-13271.62
14978	-32764	477.26	-63.39	-14487.21
14975	-32764	472.74	-63.39	-14482.75
14978	-32764	-888.74	48.46	-14520.25
14975	-32764	-880.29	49.68	-14520.41
14978	-32764	-806.7	-38.11	-15926.33
14975	-32764	-802.38	-38.31	-15930.37
14978	-32764	755.34	-29.01	-16041.53
14975	-32764	759.61	-28.51	-16049.89
14978	-32764	1841.88	-11.16	-15350.27
14975	-32764	1854.53	-10.88	-15354.28
14978	-32764	1824.76	62.65	-14184.83
14978	-32764	13.28	-39	-15244.87
14978	-32764	107.43	-13.34	-16863.47
14975	-32764	115.65	-12.71	-16871.54
14978	-32764	-13809.93	-34.76	1515.29
14975	-32764	-13803	-34.76	1508.58
14978	-32764	-13800.47	57.37	2964.92
14975	-32764	-13786.7	55.1	2980.45
14978	-32764	-15288.38	-10.95	2813.77
14975	-32764	-15309.2	-11.66	2813.38
14978	-32764	-15377.14	2.16	1150.26
14975	-32764	-15370.6	1.54	1150.51
14978	-32764	-14683.81	20.28	168.53
14975	-32764	-14671.06	19.64	169
14978	-32764	-16258.55	20.27	1550.74
14978	-32764	-269.94	-34.76	14496.66
14975	-32764	-268.82	-34.76	14475.16
14978	-32764	1346.49	65.74	14425.58
14975	-32764	1360.74	63.16	14419.49
14978	-32764	1245.16	-9.07	15939.6
14975	-32764	1230.49	-9.75	15954.43
14978	-32764	-471.16	-10.46	15693.05
14975	-32764	-492.38	-10.46	15684.96
19553	17736	1520.12	39.99	1514.85
19552	17990	353.53	40	597.38
19551	17735	370.66	0	420.91
14977	-32764	4725.85	3.56	5221.04
14975	-32764	4717.16	3.56	5225.31
14977	-32764	6254.65	90.24	4834.98
14975	-32764	6298.68	84.13	4823.8
14977	-32764	6707.66	41	6386.91
14975	-32764	6701.69	40.42	6381
14977	-32764	5366.42	42.85	6800.69
14975	-32764	5372.46	43.42	6794.47
14977	-32764	12604.45	66.77	4952.58
14975	-32764	12614.39	69.33	4947.32
14977	-32764	14463.43	67.1	3842.73
14975	-32764	14469.81	67.9	3849.01
14977	-32764	14268.1	94.51	5301.93
14975	-32764	14267.87	96.38	5305.95
14977	-32764	12928.42	35.51	3393.4
14975	-32764	12928.44	35.21	3379.83
14977	-32764	9334.45	31.56	14130.41
14975	-32764	9334.45	31.62	14125
14977	-32764	9568.58	90.92	12609.84
14975	-32764	9584.78	88.63	12594.38
14977	-32764	8020.74	22.72	13734.01
14975	-32764	8020.7	23.86	13742.48
14977	-32764	7997.47	28.54	12188.82
14975	-32764	7977.35	28.55	12202.22
14977	-32764	15398.09	17.64	11628
14975	-32764	15402	17.63	11620.25
14977	-32764	17130.51	43.13	12099.42
14975	-32764	17130.53	44.91	12082.26
14977	-32764	16648.51	51.56	10826.82
14975	-32764	16648.64	52.94	10804.73
14977	-32764	16148.17	94.01	12751.05
14975	-32764	16164.59	91.93	12774.05
14973	-32764	6375.92	-25.05	-6120.76
14975	-32764	6369.73	-25.05	-6120.77
14973	-32764	7114.91	-18.66	-8300.12
14975	-32764	7121.1	-18.65	-8312.42
14973	-32764	7806.02	16.21	-6817.2
14975	-32764	7830.35	18.63	-6805.74
14973	-32764	5749.83	48.96	-7512.9
14975	-32764	5756.04	49.29	-7525.05
14973	-32764	13560.43	46.27	-10904.6
14975	-32764	13565.66	48.27	-10914.96
14973	-32764	15229.03	42.68	-10606.88
14975	-32764	15229.9	40.39	-10616.54
14973	-32764	14711.07	23.52	-9398.72
14975	-32764	14716.03	24.09	-9398.88
14973	-32764	13515.14	-0.01	-9178.92
14975	-32764	13499.73	0	-9178.95
14973	-32764	5992.9	37.36	-14085.79
14975	-32764	5992.89	38.64	-14096
14973	-32764	6275.82	-0.09	-15516.81
14975	-32764	6290.69	-0.09	-15526.69
14973	-32764	4888.66	12.07	-15811.44
14975	-32764	4898.26	11.41	-15791.71
14973	-32764	4406.03	6.98	-14473.61
14975	-32764	4392.49	6.26	-14464.58
14973	-32764	13703.27	34.49	-17280.38
14975	-32764	13714.85	31.54	-17279.91
14973	-32764	11941.09	20.97	-17058.81
14975	-32764	11924.31	20.34	-17058.69
14973	-32764	11802.96	21.76	-18487.42
14975	-32764	11803.41	23.65	-18514.99
14973	-32764	13327.19	12.29	-18787.8
14975	-32764	13343.95	11.09	-18798.86
14976	-32764	-4165.13	33.24	-5582.83
14975	-32764	-4165.4	34.34	-5595.18
14976	-32764	-5546.87	47.56	-4544.73
14975	-32764	-5559.14	47.78	-4532.54
14976	-32764	-6498.6	-18.86	-5803.93
14975	-32764	-6492.31	-18.84	-5822.55
14976	-32764	-5346.53	36.96	-6834.69
14975	-32764	-5340.32	37.99	-6852.97
14976	-32764	-12215.88	45.31	-4863.84
14975	-32764	-12201.82	44.37	-4877.63
14976	-32764	-13828.74	2.33	-3588.11
14975	-32764	-13819.91	-0.76	-3587.4
14976	-32764	-12339.28	-0.41	-3357.36
14975	-32764	-12334.55	-0.55	-3366.73
14976	-32764	-14081.15	-0.05	-5111.58
14975	-32764	-14081.11	-0.05	-5120.93
14976	-32764	-7308.14	-0.04	-12191.52
14975	-32764	-7317.6	-0.05	-12205.77
14976	-32764	-9057.57	44.6	-12207.71
14975	-32764	-9052.83	44.54	-12226.42
14976	-32764	-8969	-4.21	-13797
14975	-32764	-8978.34	-3.89	-13811.2
14976	-32764	-7474.19	22.49	-13641.14
14975	-32764	-7469.33	21.16	-13650.31
14976	-32764	-15539.56	65.38	-12496.51
14975	-32764	-15520.03	61.79	-12506.15
14976	-32764	-17001.88	21.36	-12038.03
14975	-32764	-16987.36	21.06	-12042.83
14976	-32764	-14910.75	7.43	-11135.8
14975	-32764	-14900.79	5.81	-11140.33
14976	-32764	-16243.63	49.64	-10448.5
14975	-32764	-16253.24	47.87	-10462.64
14974	-32764	-7387.74	36.41	6905.06
14975	-32764	-7387.44	37.46	6915.87
14974	-32764	-5861.22	3.56	6296.06
14975	-32764	-5855.77	3.56	6279.85
14974	-32764	-4082.89	35.32	14455.96
14975	-32764	-4072.31	35.49	14477.22
14974	-32764	-5683.54	64.85	14414.41
14975	-32764	-5672.65	66.14	14409.12
14974	-32764	-5728.62	28.6	16092.56
14975	-32764	-5712.58	28.6	16087.24
14974	-32764	-4141.26	90.07	15901.33
14975	-32764	-4123.73	88.28	15898.25
14974	-32764	-13786.46	35.08	11597.11
14975	-32764	-13788.14	35.62	11590.31
14974	-32764	-13387.62	28.99	9173.58
14975	-32764	-13387.6	28.92	9162.16
14974	-32764	-12549.8	35.16	10616.63
14974	-32764	-12139.77	17.68	16904.04
14975	-32764	-12144.73	17.68	16894.06
14974	-32764	-11402.3	44.02	18346.54
14975	-32764	-11387.54	44.81	18346.3
14974	-32764	-12662.57	51.99	18908.68
14975	-32764	-12667.57	51.62	18908.8
14974	-32764	-13281.57	101.1	17539.64
14975	-32764	-13281.67	100.44	17528.95
14984	-32762	-1.99	-47.24	-27.64
14985	-32762	-12076.84	-47.24	-5826.81
14986	-32762	12126.58	-47.24	-5821.59
14987	-32763	17990.71	549.78	14961.97
14988	-32763	15092.74	549.78	-17727.73
14989	-32763	-17777.7	584.13	-15311.46
14990	-32763	-14858.36	549.78	18518.76
14998	-32761	2303.5	-0.24	-2904.24
14999	-32761	2303.5	-0.24	-2904.24
15000	-32761	2303.5	-0.24	-2904.24
15001	-32761	2303.5	-0.24	-2904.24
15002	-32761	2303.5	-0.24	-2904.24
15003	-32761	2303.5	-0.24	-2904.24
14998	-32761	0.98	11.51	668.83
14999	-32761	0.98	11.51	668.83
15000	-32761	0.98	11.51	668.83
15001	-32761	0.98	11.51	668.83
15002	-32761	0.98	11.51	668.83
15003	-32761	0.98	11.51	668.83
14998	-32761	-142.28	11.43	859.52
14999	-32761	-142.28	11.43	859.52
15000	-32761	-142.28	11.43	859.52
15001	-32761	-142.28	11.43	859.52
15002	-32761	-142.28	11.43	859.52
15003	-32761	-142.28	11.43	859.52
14998	-32761	142.53	11.57	862.1
14999	-32761	142.53	11.57	862.1
15000	-32761	142.53	11.57	862.1
15001	-32761	142.53	11.57	862.1
15002	-32761	142.53	11.57	862.1
15003	-32761	142.53	11.57	862.1
14998	-32761	2.03	11.35	1052.54
14999	-32761	2.03	11.35	1052.54
15000	-32761	2.03	11.35	1052.54
15001	-32761	2.03	11.35	1052.54
15002	-32761	2.03	11.35	1052.54
15003	-32761	2.03	11.35	1052.54
14998	-32761	-677.15	-76.82	3826.51
14999	-32761	-677.15	-76.82	3826.51
15000	-32761	-677.15	-76.82	3826.51
15001	-32761	-677.15	-76.82	3826.51
15002	-32761	-677.15	-76.82	3826.51
15003	-32761	-677.15	-76.82	3826.51
14998	-32761	702.61	-76.91	3825.62
14999	-32761	702.61	-76.91	3825.62
15000	-32761	702.61	-76.91	3825.62
15001	-32761	702.61	-76.91	3825.62
15002	-32761	702.61	-76.91	3825.62
15003	-32761	702.61	-76.91	3825.62
14998	-32761	-2758.06	223.81	6277.15
14999	-32761	-2758.06	223.81	6277.15
15000	-32761	-2758.06	223.81	6277.15
15001	-32761	-2758.06	223.81	6277.15
15002	-32761	-2758.06	223.81	6277.15
15003	-32761	-2758.06	223.81	6277.15
14998	-32761	2734.39	223.82	6294.87
14999	-32761	2734.39	223.82	6294.87
15000	-32761	2734.39	223.82	6294.87
15001	-32761	2734.39	223.82	6294.87
15002	-32761	2734.39	223.82	6294.87
15003	-32761	2734.39	223.82	6294.87
19498	25256	1569.34	69.82	1115.21
15004	-32763	-9017.39	1643.5	14518.92
15005	-32763	-9017.39	1643.5	14518.92
15006	-32763	-9017.39	1643.5	14518.92
15007	-32763	-9017.39	1643.5	14518.92
15008	-32763	-9017.39	1643.5	14518.92
15009	-32763	-9017.39	1643.5	14518.92
15004	-32763	-8192.64	1643.5	16538.75
15005	-32763	-8192.64	1643.5	16538.75
15006	-32763	-8192.64	1643.5	16538.75
15007	-32763	-8192.64	1643.5	16538.75
15008	-32763	-8192.64	1643.5	16538.75
15009	-32763	-8192.64	1643.5	16538.75
15004	-32763	14527.22	1643.5	9138.88
15005	-32763	14527.22	1643.5	9138.88
15006	-32763	14527.22	1643.5	9138.88
15007	-32763	14527.22	1643.5	9138.88
15008	-32763	14527.22	1643.5	9138.88
15009	-32763	14527.22	1643.5	9138.88
15004	-32763	16514.66	1643.5	8385.08
15005	-32763	16514.66	1643.5	8385.08
15006	-32763	16514.66	1643.5	8385.08
15007	-32763	16514.66	1643.5	8385.08
15008	-32763	16514.66	1643.5	8385.08
15009	-32763	16514.66	1643.5	8385.08
15004	-32763	9077.55	1677.85	-14928.09
15005	-32763	9077.55	1677.85	-14928.09
15006	-32763	9077.55	1677.85	-14928.09
15007	-32763	9077.55	1677.85	-14928.09
15008	-32763	9077.55	1677.85	-14928.09
15009	-32763	9077.55	1677.85	-14928.09
15004	-32763	8211.3	1677.84	-16891.78
15005	-32763	8211.3	1677.84	-16891.78
15006	-32763	8211.3	1677.84	-16891.78
15007	-32763	8211.3	1677.84	-16891.78
15008	-32763	8211.3	1677.84	-16891.78
15009	-32763	8211.3	1677.84	-16891.78
15004	-32763	-14392.31	1643.5	-8321.91
15005	-32763	-14392.31	1643.5	-8321.91
15006	-32763	-14392.31	1643.5	-8321.91
15007	-32763	-14392.31	1643.5	-8321.91
15008	-32763	-14392.31	1643.5	-8321.91
15009	-32763	-14392.31	1643.5	-8321.91
15004	-32763	-16371.27	1643.49	-7486.14
15005	-32763	-16371.27	1643.49	-7486.14
15006	-32763	-16371.27	1643.49	-7486.14
15007	-32763	-16371.27	1643.49	-7486.14
15008	-32763	-16371.27	1643.49	-7486.14
15009	-32763	-16371.27	1643.49	-7486.14
15004	-32764	-1107.44	85.11	16965.23
15005	-32764	-1107.44	85.11	16965.23
15006	-32764	-1107.44	85.11	16965.23
15007	-32764	-1107.44	85.11	16965.23
15008	-32764	-1107.44	85.11	16965.23
15009	-32764	-1107.44	85.11	16965.23
15004	-32764	1714.34	34.91	15737.28
15005	-32764	1714.34	34.91	15737.28
15006	-32764	1714.34	34.91	15737.28
15007	-32764	1714.34	34.91	15737.28
15008	-32764	1714.34	34.91	15737.28
15009	-32764	1714.34	34.91	15737.28
15004	-32764	5401.29	51.7	7064.99
15005	-32764	5401.29	51.7	7064.99
15006	-32764	5401.29	51.7	7064.99
15007	-32764	5401.29	51.7	7064.99
15008	-32764	5401.29	51.7	7064.99
15009	-32764	5401.29	51.7	7064.99
15004	-32764	7956.49	25.69	14375.69
15005	-32764	7956.49	25.69	14375.69
15006	-32764	7956.49	25.69	14375.69
15007	-32764	7956.49	25.69	14375.69
15008	-32764	7956.49	25.69	14375.69
15009	-32764	7956.49	25.69	14375.69
15004	-32764	14244.19	29.36	2993.86
15005	-32764	14244.19	29.36	2993.86
15006	-32764	14244.19	29.36	2993.86
15007	-32764	14244.19	29.36	2993.86
15008	-32764	14244.19	29.36	2993.86
15009	-32764	14244.19	29.36	2993.86
15004	-32764	17807.71	55.34	12502.73
15005	-32764	17807.71	55.34	12502.73
15006	-32764	17807.71	55.34	12502.73
15007	-32764	17807.71	55.34	12502.73
15008	-32764	17807.71	55.34	12502.73
15009	-32764	17807.71	55.34	12502.73
15004	-32764	17163.65	63.44	1139.11
15005	-32764	17163.65	63.44	1139.11
15006	-32764	17163.65	63.44	1139.11
15007	-32764	17163.65	63.44	1139.11
15008	-32764	17163.65	63.44	1139.11
15009	-32764	17163.65	63.44	1139.11
15004	-32764	15970.21	5.51	-1797.96
15005	-32764	15970.21	5.51	-1797.96
15006	-32764	15970.21	5.51	-1797.96
15007	-32764	15970.21	5.51	-1797.96
15008	-32764	15970.21	5.51	-1797.96
15009	-32764	15970.21	5.51	-1797.96
15004	-32764	8219.56	27.27	-6951.41
15005	-32764	8219.56	27.27	-6951.41
15006	-32764	8219.56	27.27	-6951.41
15007	-32764	8219.56	27.27	-6951.41
15008	-32764	8219.56	27.27	-6951.41
15009	-32764	8219.56	27.27	-6951.41
15004	-32764	4098.26	-0.71	-15771.4
15005	-32764	4098.26	-0.71	-15771.4
15006	-32764	4098.26	-0.71	-15771.4
15007	-32764	4098.26	-0.71	-15771.4
15008	-32764	4098.26	-0.71	-15771.4
15009	-32764	4098.26	-0.71	-15771.4
15004	-32764	15485.37	-1.67	-9483.43
15005	-32764	15485.37	-1.67	-9483.43
15006	-32764	15485.37	-1.67	-9483.43
15007	-32764	15485.37	-1.67	-9483.43
15008	-32764	15485.37	-1.67	-9483.43
15009	-32764	15485.37	-1.67	-9483.43
15004	-32764	13643.31	26.81	-19317.64
15005	-32764	13643.31	26.81	-19317.64
15006	-32764	13643.31	26.81	-19317.64
15007	-32764	13643.31	26.81	-19317.64
15008	-32764	13643.31	26.81	-19317.64
15009	-32764	13643.31	26.81	-19317.64
15004	-32764	1565.17	56.83	-16979.71
15005	-32764	1565.17	56.73	-16987.76
15006	-32764	1565.17	56.73	-16987.76
15007	-32764	1565.17	56.73	-16987.76
15008	-32764	1565.17	56.73	-16987.76
15009	-32764	1565.17	56.73	-16987.76
15004	-32764	-1378.68	16.18	-15718.61
15005	-32764	-1378.68	16.18	-15718.61
15006	-32764	-1378.68	16.18	-15718.61
15007	-32764	-1378.68	16.18	-15718.61
15008	-32764	-1378.68	16.18	-15718.61
15009	-32764	-1378.68	16.18	-15718.61
15004	-32764	-5010.19	24.41	-7028.99
15005	-32764	-5010.19	24.41	-7028.99
15006	-32764	-5010.19	24.41	-7028.99
15007	-32764	-5010.19	24.41	-7028.99
15008	-32764	-5010.19	24.41	-7028.99
15009	-32764	-5010.19	24.41	-7028.99
15004	-32764	-13894.82	-3.29	-2978.61
15005	-32764	-13894.82	-3.29	-2978.61
15006	-32764	-13894.82	-3.29	-2978.61
15007	-32764	-13894.82	-3.29	-2978.61
15008	-32764	-13894.82	-3.29	-2978.61
15009	-32764	-13894.82	-3.29	-2978.61
15004	-32764	-7526.07	-2.76	-14347.06
15005	-32764	-7526.07	-2.76	-14347.06
15006	-32764	-7526.07	-2.76	-14347.06
15007	-32764	-7526.07	-2.76	-14347.06
15008	-32764	-7526.07	-2.76	-14347.06
15009	-32764	-7526.07	-2.76	-14347.06
15004	-32764	-17414.36	27.63	-12460.27
15005	-32764	-17414.36	27.63	-12460.27
15006	-32764	-17414.36	27.63	-12460.27
15007	-32764	-17414.36	27.63	-12460.27
15008	-32764	-17414.36	27.63	-12460.27
15009	-32764	-17414.36	27.63	-12460.27
15004	-32764	-16195.62	87.89	323.91
15005	-32764	-16195.62	87.89	323.91
15006	-32764	-16195.62	87.89	323.91
15007	-32764	-16195.62	87.89	323.91
15008	-32764	-16195.62	87.89	323.91
15009	-32764	-16195.62	87.89	323.91
15004	-32764	-14988.97	43.92	3273.63
15005	-32764	-14988.97	43.92	3273.63
15006	-32764	-14988.97	43.92	3273.63
15007	-32764	-14988.97	43.92	3273.63
15008	-32764	-14988.97	43.92	3273.63
15009	-32764	-14988.97	43.92	3273.63
15004	-32764	-7735.37	60.24	7012.19
15005	-32764	-7735.37	60.24	7012.19
15006	-32764	-7735.37	60.24	7012.19
15007	-32764	-7735.37	60.24	7012.19
15008	-32764	-7735.37	60.24	7012.19
15009	-32764	-7735.37	60.24	7012.19
15004	-32764	-3678.73	27.05	15797.93
15005	-32764	-3678.73	27.05	15797.93
15006	-32764	-3678.73	27.05	15797.93
15007	-32764	-3678.73	27.05	15797.93
15008	-32764	-3678.73	27.05	15797.93
15009	-32764	-3678.73	27.05	15797.93
15004	-32764	-15004.12	31.96	9586.25
15005	-32764	-15004.12	31.96	9586.25
15006	-32764	-15004.12	31.96	9586.25
15007	-32764	-15004.12	31.96	9586.25
15008	-32764	-15004.12	31.96	9586.25
15009	-32764	-15004.12	31.96	9586.25
15004	-32764	-13183.88	55.11	19327.69
15005	-32764	-13183.88	55.11	19327.69
15006	-32764	-13183.88	55.11	19327.69
15007	-32764	-13183.88	55.11	19327.69
15008	-32764	-13183.88	55.11	19327.69
15009	-32764	-13183.9	55.11	19327.7
14994	-32765	16085.85	-80.95	-193.12
14992	-32765	416.4	-46.18	-15677.6
14993	-32765	-15095.17	-10.36	1671.63
14991	-32765	268.08	-10.36	15841.8
14995	-32766	8227.36	132.74	-8.09
14987	-32766	-8.98	132.74	-8226.66
14964	-32766	-8224.75	132.74	13.65
14997	-32766	37.3	132.73	8199.89
14996	-32765	-1214.89	-50.89	-950.09
5905	22131	716.87	3628.36	1097.73
3863	23658	504.16	2247.42	390.53
3865	23658	517.94	2237.5	367.59
3863	23402	477.04	2123.28	1480.66
3865	23402	492.73	2122.26	1458.94
3863	23402	26.32	2136.49	940.2
3865	23402	20.14	2135.8	930.87
3863	23401	1330.81	2126.55	904.38
3865	23401	1315.28	2126.4	891.96
3863	23401	671.53	2111.84	627.97
3865	23401	674.67	2112.11	615.5
3863	23401	1302.23	2109.46	126.35
3865	23401	1314.72	2109.62	116.98
3863	23402	210.47	2118	133.46
3865	23402	235.4	2117.15	133.53
3863	23402	734.08	2106.89	517.53
3865	23402	734.15	2104.09	502.02
3863	23145	1649.9	2091.68	1238.15
3865	23145	1643.63	2091.66	1216.19
3863	23145	837.88	2091.99	1254.88
3865	23145	825.33	2091.99	1248.61
3863	23146	809.71	2092.82	1442.86
3865	23146	838.17	2095.7	1455.14
3863	23146	1395.61	2118.73	1827.74
3865	23146	1408.08	2117.86	1821.58
3863	23146	429.95	2092.82	557.19
3865	23146	448.77	2092.82	554.05
3863	23146	1425.55	2091.72	547.92
3865	23146	1441.2	2092.17	560.41
3863	22890	890.11	2025.63	1640.2
3865	22890	912.46	2025.26	1637.06
3863	22891	69.25	2096.06	1734.59
3865	22891	84.92	2096.07	1765.92
3863	23147	399.61	2225.57	866.12
3865	23147	405.69	2226.22	872.04
3863	22890	1604.14	2186.31	740.97
3865	22890	1604.1	2185.9	734.93
3863	22890	736.98	2304.2	669.86
3865	22890	748.8	2304.49	666.87
3864	23145	1309.13	2092.65	116.08
3864	22889	1732.15	2225.27	1240.17
3864	22889	971.2	2092	1230.58
3864	22889	1370.46	2210.75	460.61
3864	22889	756.41	2204.7	25.45
3864	22890	1020.85	2302.8	1005.99
3864	22891	386.57	2095.75	1308.31
3864	22890	1565.48	2049.4	1617.58
3864	22890	744.24	2097.33	1723.32
3864	23147	85.45	2078.96	466.47
3864	23146	941.87	2092.32	846.01
3863	24426	296.36	4017.12	626.38
3865	24426	304.37	4016.82	610.43
3863	24426	909.08	3930.3	191.78
3865	24426	914.6	3930.12	180.82
3863	24170	427.48	3914.73	1874.28
3865	24170	427.29	3908.3	1866.67
3863	24170	865.89	3789.83	1340
3865	24170	866.31	3785.77	1329.2
3863	24170	206.51	3521.24	1097.48
3865	24170	205.93	3515.28	1079.26
3863	24170	555.14	3475.09	574.03
3865	24170	555.47	3472.55	561.59
3863	24169	1608.82	3375.14	399.68
3865	24169	1631.57	3373.05	383.67
3863	23914	190.46	3170.45	1718.7
3865	23914	204.63	3153.46	1678.95
3864	23413	665.32	2092.03	1189.48
3863	22645	218.38	2272.51	1585.89
3863	21875	1790.97	3517.84	1550.72
3865	21875	1800.41	3517.9	1557
3864	25202	499.52	2594.37	276.17
3864	25201	1901.23	2691.15	534.95
3864	24945	1777.13	2461.76	1872.49
3864	25201	1182.87	2574.18	7.56
3864	24945	1415.93	2218.52	1292.53
3864	24946	289.52	2256.62	1443.67
3864	24946	510.45	2173.28	547.07
3864	24945	1886.45	2136.17	448.59
3864	24690	878.6	2151.47	1743.65
3864	24690	305.58	2097.36	1579.11
3864	24690	762.41	2073.22	691.59
3864	24690	710.94	2094.74	1191.91
3864	24937	780.93	2571.81	1049.22
3864	24937	1658.01	2564.35	1165.78
3864	24937	506.36	2539.6	225
3864	24937	1351.84	2362.43	269.48
3864	24681	1026.09	2454.85	1406.82
3864	24681	1772.52	2376.74	1526.53
3864	24938	246.66	2304.43	346.98
3864	24938	631.15	2584.93	1385.87
3864	25194	1063.55	2560.79	56.17
3864	25194	1492.41	2562.39	630.37
3864	25195	155.92	2697.07	1038.96
3864	25195	244.02	2492.8	336.14
3864	24938	1760.82	2411.23	1651.78
3864	24938	1252.82	2267.4	873.75
3864	24938	1001.15	2232.81	26.13
3864	24682	572.27	2310.07	1397.94
3864	24939	830.89	2241.01	1466.99
3864	24939	312.94	2182.5	782.85
3864	24683	2.57	2210.76	1787.45
3864	25195	1251.48	2442.25	436.51
3864	24939	1639.41	2248.04	1628.31
3864	24939	1251.52	2099.03	655.91
3864	24683	862.54	2171.83	1877.35
3864	25196	570.01	2319.92	295.25
3864	25196	1154.98	2406.66	612.16
3864	24940	366.83	2159.53	823.1
3864	24683	1833.4	2143.48	1776.75
3864	24940	964.85	2282.17	1390.85
3866	24433	1892.85	2077	519.68
3866	24177	1074.09	1959.08	1691.91
3866	24178	79.32	1995.95	1379.75
3866	24177	1347.59	2054.13	700.52
3866	24178	435.75	1963.91	566.8
3866	24178	1041.46	2217.93	1254.88
3866	24178	1217.31	2125.96	516.1
3866	23922	653.95	1957.3	1604.65
3866	23922	1653.61	2068.66	1663.36
3866	23922	1769.72	1989.31	703.78
3866	23923	726.58	1987.91	454
3866	23667	1264.82	1934.93	1706.75
3866	23668	305.67	2091.73	1456.26
3866	23668	387.04	2093.24	639.89
3866	23668	1100.35	2092.8	294.27
3866	23412	1275.27	2127.25	1405.35
3866	23668	1079.09	2130.71	946.46
3866	23668	1826.21	2129.72	725.98
3866	23412	1914.94	2092.94	1757.14
3867	24433	1864.12	2067.79	487.91
3867	24177	1047.74	1957.11	1720.25
3867	24178	108.36	2006.41	1404.03
3867	24177	1366.77	2046.44	730.9
3867	24178	979.76	2181.96	1262.99
3867	24178	463.49	1964.91	589.9
3867	24178	1199.39	2105.27	479.79
3867	23922	679.77	1947.29	1631.4
3867	23922	1626.64	2061.08	1665.59
3867	23922	1793.05	1987.95	696.88
3867	23923	700.79	1981.29	404.59
3867	23667	1311.11	1937.36	1700.33
3867	23668	277.85	2090.32	1479.6
3867	23668	328.7	2093.17	673.8
3867	23668	1073.02	2154.48	982.1
3867	23668	1850.18	2134.28	759.5
3867	23668	1087.97	2091.9	249.57
3867	23412	1283.91	2129.45	1373.1
3867	23413	20.33	2093.04	1734.08
3864	23412	1662.14	2179.96	521.4
3864	22900	1403.87	2114.69	1242.52
3864	22900	751.14	2166.54	1508.1
3864	23156	629.45	2237.94	216.99
3866	22900	451.49	2111.57	541.92
3866	22899	1559.95	2099.42	8.94
3866	22643	870.5	2091.98	1411.8
3866	22643	108.63	2104.07	1046.53
3866	22642	1309.2	2089.38	615.16
3866	22641	1399.21	1975.46	5.05
3866	22385	503.24	1976.33	1606.96
3866	22385	1293.06	1946.06	890.5
3866	22384	1496.88	1999.93	1454.11
3866	22385	248.07	1859.83	613.93
3866	22129	1401.52	2081.95	1744.24
3866	22129	658.86	2018.15	1446.56
3866	22384	1253.11	2034.16	484.38
3866	22128	1687.05	2008.22	1423.87
3866	22128	501.62	2097.83	1909.09
3866	22642	323.62	2092.85	632.98
3866	22386	555.83	2070.81	1636.04
3867	22384	529.56	2101.96	2.17
3867	22384	1261.08	2021.56	531.69
3867	22128	1686.46	2007.59	1442.7
3867	22129	650.13	2016.65	1457.86
3867	22129	1431.82	2068.13	1784.29
3867	22385	1251.19	1942.58	916.78
3867	22385	238	1864.23	649.77
3867	22384	1471.18	2000.76	1473.09
3867	22385	561.8	1960.36	1630.22
3867	22641	1422.65	1981.45	30.35
3867	22386	526.7	2072.96	1715.85
3867	22642	369.2	2092.82	640.64
3867	22642	1328.16	2084.19	577.36
3867	22643	73.59	2112.23	1086.92
3867	22643	874.53	2098.17	1472.3
3867	22899	1587.59	2100.86	10.26
3867	22900	461.13	2114.11	565.04
3866	22635	1433.87	2163.98	1814.26
3866	22636	163.47	2148.04	1031.03
3866	22636	636.65	2106.01	457.99
3866	22380	1351.91	2212.73	1846.07
3866	22381	44.04	2297.17	1226.11
3866	22381	685.39	2201.63	671.97
3866	22381	1485.59	2138.97	297.39
3866	22382	315.99	2084.26	53.23
3866	22126	332.68	2120.72	1109.36
3866	22126	1026.49	2091.95	1595.33
3867	22635	1436.08	2161.98	1836.83
3867	22636	141	2146.17	1004.95
3867	22636	695.28	2111.88	434.76
3867	22380	1362.44	2233.54	1774.89
3867	22381	89.13	2284.4	1187.36
3867	22381	662.17	2205.96	682.98
3867	22381	1461.81	2144.79	268.16
3867	22382	283.4	2075.89	14.71
3867	22126	374.22	2115.56	1133.17
3867	22126	1044.63	2091.93	1624.79
3866	23147	1444.87	2203.79	1214.72
3866	23403	730.52	2092.78	120.39
3866	23403	1387.09	2084.31	439.11
3866	23403	1733.19	2082.72	1197.22
3866	23404	217.95	2101.84	1898.32
3866	23660	445.4	2083.13	664.75
3866	23660	769.27	2032.17	1327.67
3866	23916	1133.37	2034.04	73.19
3866	23916	1534.33	2031.53	844.71
3866	23917	289.74	2052.02	1451.4
3866	24173	796.73	2042.87	124.6
3866	24173	907.01	2090	1029.33
3866	24173	1705.33	2080.13	631.19
3866	24174	564.67	2113.63	1389.63
3866	24429	1162.28	2099.8	114.27
3866	24173	1828.42	2094.25	1748.23
3866	24430	1192.02	1978.56	307.6
3866	24430	431.58	2086.41	815.31
3866	24429	1625.65	2108.25	1118.37
3866	24429	986.9	2205.75	1118.83
3867	23147	1478.37	2215.42	1261.52
3867	23403	714.34	2091.64	154.91
3867	23403	1410.28	2090.49	445.58
3867	23403	1722.18	2081.37	1216.55
3867	23404	239.05	2105.11	1886.01
3867	23660	418.22	2081.95	687.8
3867	23660	706.61	2027.41	1389.44
3867	23916	1169.65	2036.9	124.53
3867	23916	1575.91	2031.1	885.92
3867	23917	229.61	2045.51	1449.81
3867	24173	809.4	2041.12	150.92
3867	24173	904.89	2090.26	1085.25
3867	24173	1679.32	2078.83	662.63
3867	24429	1125.32	2101.32	150.28
3867	24173	1854.68	2091.87	1801.16
3867	24174	593.69	2115.75	1387.09
3867	24430	1245.53	2010.93	234.14
3867	24430	441.16	2078.37	873.36
3867	24429	1621.9	2127.9	1176.82
3867	24429	984.25	2202.3	1186.97
22868	-32762	18102.7	-47.24	5588.85
22869	-32762	-18147.48	-47.24	-29.97
22870	-32762	18101.07	-47.24	-32.64
22871	-32762	-18150.8	-47.24	-5824.64
14956	-32761	-2676.41	86.67	5010.18
14956	-32761	-2699.24	86.67	4351.48
14956	-32761	2704.99	86.84	5013.67
14956	-32761	2706.33	87.45	4355.79
14956	-32761	-1660.47	223.81	5689.76
14956	-32761	-2401.75	223.81	6505.79
14956	-32761	-2533.76	223.81	5795.88
14956	-32761	-1486.17	223.81	6610.43
14956	-32761	1701.47	223.81	5621
14956	-32761	2409.91	223.83	6518.59
14956	-32761	1523.16	223.82	6582.51
14956	-32761	2510.12	223.82	5841.99
14956	-32761	-763.63	223.81	6059.52
14956	-32761	698.85	223.81	6080.03
14956	-32761	-30.17	223.81	5504.47
14983	-32761	-37.15	223.81	5608.19
14978	-32764	7180.36	-193.06	-550.31
14978	-32764	7958.56	-246.67	-1304.71
14978	-32764	6217.87	-182.51	-877.75
14978	-32764	5454.36	-99.25	-1675.67
14978	-32764	4229.06	-157.78	-1751.83
14978	-32764	8987.69	-165.11	-990.57
14978	-32764	9745.85	-84.56	-208.01
14978	-32764	10718.93	-42.41	-651.7
14978	-32764	426.63	-192.35	-6689.76
14978	-32764	1107.63	-248.68	-7473.68
14978	-32764	1242.64	-164.65	-8573.08
14978	-32764	224.27	-114.32	-5473.34
14978	-32764	923.55	-53.71	-4452.47
14978	-32764	2252.62	-53.19	-9293.53
14978	-32764	1905.52	-78.53	-10451.42
14978	-32764	625.25	-95.68	-10466.48
14978	-32764	-6153.86	-217.11	30.09
14978	-32764	-6910.46	-163.28	806.74
14978	-32764	-5016.12	-160.24	411.25
14978	-32764	-4077.39	-81.28	1138.75
14978	-32764	-7990	-135.8	288.69
14978	-32764	-8985.21	-40.53	-410.56
14978	-32764	-9977.54	-97.97	591.47
14978	-32764	-9386.93	1.75	1964.88
14978	-32764	-46.34	-168.69	6840.72
14978	-32764	-669.82	-232.08	7650.7
14978	-32764	-890.55	-125.03	8766.56
14978	-32764	47.16	-111.7	5955.63
14978	-32764	-143.19	-61.83	5013.08
14978	-32764	-693.76	-25.09	4248.7
14978	-32764	-1837.1	-23.11	9321.71
14978	-32764	-1544.38	-45.89	10504.63
14978	-32764	-191.82	-57.2	10381.61
14978	-32764	937.73	4.76	10839.45
14974	-32764	1107.26	-131.32	7338.62
14974	-32764	2212.53	-35.12	7922.97
14974	-32764	3075.39	-89.42	7049.51
14974	-32764	2600.52	-17.47	5845.62
14974	-32764	6219.07	-89.45	1065.85
14974	-32764	7096.25	-132.9	318.62
14974	-32764	8407.86	-132.78	-2703.67
14974	-32764	9064.87	-37.1	-3381.85
14974	-32764	8517.86	-91.62	-4311.42
14974	-32764	3087.24	-79.47	-6363.46
14974	-32764	2134.96	-186.09	-7238.17
14974	-32764	-748.96	-161.8	-7235.57
14974	-32764	-1818.5	-62.12	-7876.81
14974	-32764	-2596.07	-127.73	-6628.35
14974	-32764	-3894.89	-89.34	-2256.75
14974	-32764	-4726.42	-32.38	-1205.9
14974	-32764	-5648.72	-110.8	-1316.68
14974	-32764	-7058.72	-121.39	2154.45
14974	-32764	-6333.42	-80.63	2958.76
14974	-32764	-5369.51	-51.43	3584.91
14974	-32764	-2962.99	-32.17	6508.84
14974	-32764	-1840	-134.93	7183.31
14977	-32764	6616.07	13.29	7962.03
14977	-32764	7881.53	-61.94	8391.17
14977	-32764	9173.16	-26.08	8289.22
14977	-32764	9399.73	7.53	9573.91
14977	-32764	8334.14	11.51	10570.13
14977	-32764	11230.77	11.49	13206.07
14977	-32764	12402.62	-1	13836.07
14977	-32764	13640.18	-1.9	14172.58
14977	-32764	14097.45	-92.88	13112.25
14977	-32764	13176.33	-41.13	9168.21
14977	-32764	12925.42	7.61	7819.51
14977	-32764	13806.38	11.49	6792.12
14977	-32764	10998.26	11.49	4159.4
14977	-32764	9760.12	-1.13	3570.65
14977	-32764	8306.04	-36.37	3527.67
14977	-32764	8444.9	-32.83	4995.26
14977	-32764	7853.84	12.27	5972.79
14973	-32764	9567.21	-67.39	-9183.82
14973	-32764	9380.54	-73.58	-10478.01
14973	-32764	10719.23	-24.57	-10707.88
14973	-32764	11931.71	-17.09	-9872.13
14973	-32764	14317.58	-17.12	-12679.17
14973	-32764	14742.92	-22.04	-13768.48
14973	-32764	15379.85	-17.11	-14835.5
14973	-32764	14177.94	-126.07	-15569.53
14973	-32764	12669.98	-14.07	-15351.68
14973	-32764	10235.59	-13.61	-16859.9
14973	-32764	10272.32	-126.48	-15427.79
14973	-32764	9633.54	-18.51	-14237.36
14973	-32764	8238.19	-17.12	-15092.83
14973	-32764	5298.88	-17.12	-12447.14
14973	-32764	4509.37	-20.85	-11006.01
14973	-32764	5146.52	-110.9	-9534.47
14976	-32764	-6298.39	-14.91	-7971.99
14976	-32764	-7801.6	-120.19	-8148.31
14976	-32764	-9108.17	-17.13	-8847.57
14976	-32764	-8193.88	-17.14	-10187.04
14976	-32764	-10760.75	-17.16	-13099.03
14976	-32764	-12029.38	-30.05	-13766.04
14976	-32764	-13646.16	-80.1	-13688.88
14976	-32764	-13303.14	-29.15	-11968.08
14976	-32764	-15104.03	-14.07	-9227.76
14976	-32764	-13732.7	-110.6	-9080.16
14976	-32764	-12360.33	-17.16	-8276.12
14976	-32764	-13325.32	-17.16	-6904.64
14976	-32764	-10567.59	-17.16	-4128.79
14976	-32764	-9272.37	-24.65	-3349.26
14976	-32764	-7805.99	-79.27	-3632.34
14976	-32764	-8092.52	-38.57	-5194.7
14974	-32764	-4840.84	11.5	12638.05
14974	-32764	-4272.07	1.97	11465.73
14974	-32764	-4498.75	-64.45	9754.09
14974	-32764	-6346.02	12.62	10011.05
14974	-32764	-8816.24	14.85	8284.25
14974	-32764	-8942.73	-97.8	9860.55
14974	-32764	-9733.85	11.52	11028.58
14974	-32764	-11126.24	11.52	10021.09
14974	-32764	-13902.32	11.5	13306.24
14974	-32764	-14944.89	11.5	14709.4
14974	-32764	-13550.61	-85.87	15566.42
14974	-32764	-12246.71	15.54	15558.46
14974	-32764	-10173.81	12.57	17188.29
14974	-32764	-9792.16	-76.47	15771.49
14974	-32764	-9167.51	11.02	14388.54
14974	-32764	-7539.64	11.5	15345.8
14974	-32764	7221.08	-197.34	-595.31
14974	-32764	7918.22	-254.24	-1381.26
14974	-32764	466.89	-197.86	-6773.81
14974	-32764	1102.68	-252.18	-7509.39
14974	-32764	-6871.37	-163.81	784.62
14974	-32764	-6188.28	-219.65	4.9
14974	-32764	-33.21	-168.85	6832.37
14974	-32764	-666.73	-233.42	7633.75
14949	-32761	-806.09	-76.82	-1989.61
14949	-32761	818.21	-71.5	-1990.85
14957	-32762	1179.11	21.23	6803.47
14957	-32762	1205.8	21.27	4407.15
14957	-32762	-1213.86	21.27	4410.01
14957	-32762	-1306.94	21.2	6797.34
14958	-32762	596.83	-0.15	6139.44
14958	-32762	611.34	-0.15	5074.98
14958	-32762	-609.82	-0.15	5074.36
14958	-32762	-599.41	-0.15	6157.45
14958	-32762	992.86	-0.15	5619.15
14957	-32762	-7.04	-0.15	4702.63
14958	-32762	-992.75	-0.15	5623.47
14957	-32762	-2.26	-0.15	6603.84
14959	-32762	13413.83	21.25	1354.79
14959	-32762	13431.98	21.27	-1277.14
14959	-32762	10774.98	21.27	-1295.68
14959	-32762	10816.67	21.2	1265.67
14959	-32762	12102.3	-0.15	1024.81
14959	-32762	13125.22	-0.15	28.61
14959	-32762	12132.28	-0.15	-986.36
14959	-32762	11115.7	-0.15	99.3
14959	-32762	6783.14	-0.15	693.54
14959	-32762	6708.99	-0.15	-715.82
14959	-32762	5639.18	-0.15	696.35
14959	-32762	5660.79	-0.15	-704.04
14961	-32762	6179.74	-0.15	-1204.31
14961	-32762	1008.29	2.87	1056.27
14978	-32764	-1438.65	93.45	14179.94
14978	-32764	258.75	0.66	13318.77
14978	-32764	13717.1	49.92	790.43
14978	-32764	-13412.6	95.16	64.51
14978	-32764	-12595.1	-1.3	1594.44
14977	-32764	14981.02	0.2	8900.15
14977	-32764	15812.69	11.74	9596.86
14977	-32764	13681.95	11.8	11739.75
14977	-32764	8761.42	9.65	13173.1
14977	-32764	13559.71	9.65	4419.88
14977	-32764	5783.64	9.75	5831.29
14973	-32764	5370.55	-18.97	-14898.95
14973	-32764	14192.29	-18.96	-10154.25
14973	-32764	6797.67	-18.87	-7193.95
14976	-32764	-13092.41	-19	-4307.24
14976	-32764	-8230.28	-19	-12871.42
14976	-32764	-5335.63	-18.9	-5657.44
14975	-32764	-12558.82	32.85	10579.37
14974	-32764	-4938.32	9.65	15209.31
14974	-32764	-6945.47	42.21	8316.83
14975	-32764	-6958.94	41.98	8302.86
14974	-32764	-5463.05	85.29	7798.6
14975	-32764	-5491.29	87.6	7790.87
14974	-32764	-6382.63	9.75	7325.85
14951	-32761	1141.29	-73.29	-2856.74
14951	-32761	2029.86	-53.68	-3039.33
14950	-32761	1673.87	-0.24	-2175.13
14950	-32761	1586.03	-74.6	-3016.13
14951	-32761	-1136.66	-76.7	-2893.21
14951	-32761	-2018.98	-54.81	-3118
14950	-32761	-1612.16	-76.39	-3023.95
14950	-32761	-1675.08	-0.24	-2217.24
14950	-32761	2099.61	47.87	-1049.82
14998	-32762	-7188.71	21.4	6751.41
14999	-32762	-7188.71	21.4	6751.41
15000	-32762	-7188.71	21.4	6751.41
15001	-32762	-7188.71	21.4	6751.41
15002	-32762	-7188.71	21.4	6751.41
15003	-32762	-7188.71	21.4	6751.41
14998	-32761	-2298.02	0.22	-2896.38
14999	-32761	-2298.02	0.22	-2896.38
15000	-32761	-2298.02	0.22	-2896.38
15001	-32761	-2298.02	0.22	-2896.38
15002	-32761	-2298.02	0.22	-2896.38
15003	-32761	-2298.02	0.22	-2896.38
14998	-32762	-4921.43	21.34	6707.67
14999	-32762	-4921.43	21.34	6707.67
15000	-32762	-4921.43	21.34	6707.67
15001	-32762	-4921.43	21.34	6707.67
15002	-32762	-4921.43	21.34	6707.67
15003	-32762	-4921.43	21.34	6707.67
14998	-32762	-7225.94	21.27	4425.79
14999	-32762	-7225.94	21.27	4425.79
15000	-32762	-7225.94	21.27	4425.79
15001	-32762	-7225.94	21.27	4425.79
15002	-32762	-7225.94	21.27	4425.79
15003	-32762	-7225.94	21.27	4425.79
14998	-32762	-4888.72	21.27	4414.15
14999	-32762	-4888.72	21.27	4414.15
15000	-32762	-4888.72	21.27	4414.15
15001	-32762	-4888.72	21.27	4414.15
15002	-32762	-4888.72	21.27	4414.15
15003	-32762	-4888.72	21.27	4414.15
14998	-32762	959.95	21.18	6561.7
14999	-32762	959.95	21.18	6561.7
15000	-32762	959.95	21.18	6561.7
15001	-32762	959.95	21.18	6561.7
15002	-32762	959.95	21.18	6561.7
15003	-32762	959.95	21.18	6561.7
14998	-32762	7168.58	21.27	4674.83
14999	-32762	7168.58	21.27	4674.83
15000	-32762	7168.58	21.27	4674.83
15001	-32762	7168.58	21.27	4674.83
15002	-32762	7168.58	21.27	4674.83
15003	-32762	7168.58	21.27	4674.83
14998	-32762	11143.71	21.27	4659.6
14999	-32762	11143.71	21.27	4659.6
15000	-32762	11143.71	21.27	4659.6
15001	-32762	11143.71	21.27	4659.6
15002	-32762	11143.71	21.27	4659.6
15003	-32762	11143.71	21.27	4659.6
14998	-32762	11147.28	21.2	956.13
14999	-32762	11147.28	21.2	956.13
15000	-32762	11147.28	21.2	956.13
15001	-32762	11147.28	21.2	956.13
15002	-32762	11147.28	21.2	956.13
15003	-32762	11147.28	21.2	956.13
14998	-32762	7175.88	21.18	984.24
14999	-32762	7175.88	21.18	984.24
15000	-32762	7175.88	21.18	984.24
15001	-32762	7175.88	21.18	984.24
15002	-32762	7175.88	21.18	984.24
15003	-32762	7175.88	21.18	984.24
14998	-32762	1101.77	21.39	1181.19
14999	-32762	1101.77	21.39	1181.19
15000	-32762	1101.77	21.39	1181.19
15001	-32762	1101.77	21.39	1181.19
15002	-32762	1101.77	21.39	1181.19
15003	-32762	1101.77	21.39	1181.19
14998	-32762	1198.63	21.27	-1148.54
14999	-32762	1198.63	21.27	-1148.54
15000	-32762	1198.63	21.27	-1148.54
15001	-32762	1198.63	21.27	-1148.54
15002	-32762	1198.63	21.27	-1148.54
15003	-32762	1198.63	21.27	-1148.54
14998	-32762	-1106.04	21.4	1124.2
14999	-32762	-1106.04	21.4	1124.2
15000	-32762	-1106.04	21.4	1124.2
15001	-32762	-1106.04	21.4	1124.2
15002	-32762	-1106.04	21.4	1124.2
15003	-32762	-1106.04	21.4	1124.2
14998	-32762	-1207.72	21.27	-1190.86
14999	-32762	-1207.72	21.27	-1190.86
15000	-32762	-1207.72	21.27	-1190.86
15001	-32762	-1207.72	21.27	-1190.86
15002	-32762	-1207.72	21.27	-1190.86
15003	-32762	-1207.72	21.27	-1190.86
14998	-32762	-5097.63	21.27	-958.24
14999	-32762	-5097.63	21.27	-958.24
15000	-32762	-5097.63	21.27	-958.24
15001	-32762	-5097.63	21.27	-958.24
15002	-32762	-5097.63	21.27	-958.24
15003	-32762	-5097.63	21.27	-958.24
14998	-32762	-13045.32	21.27	-963.28
14999	-32762	-13045.32	21.27	-963.28
15000	-32762	-13045.32	21.27	-963.28
15001	-32762	-13045.32	21.27	-963.28
15002	-32762	-13045.32	21.27	-963.28
15003	-32762	-13045.32	21.27	-963.28
14998	-32762	-13212.3	21.4	-4711.7
14999	-32762	-13212.3	21.4	-4711.7
15000	-32762	-13212.3	21.4	-4711.7
15001	-32762	-13212.3	21.4	-4711.7
15002	-32762	-13212.3	21.4	-4711.7
15003	-32762	-13212.3	21.4	-4711.7
14998	-32762	-13234.08	21.27	-6936.86
14999	-32762	-13234.08	21.27	-6936.86
15000	-32762	-13234.08	21.27	-6936.86
15001	-32762	-13234.08	21.27	-6936.86
15002	-32762	-13234.08	21.27	-6936.86
15003	-32762	-13234.08	21.27	-6936.86
14998	-32762	-10928.97	21.36	-4687.01
14999	-32762	-10928.97	21.36	-4687.01
15000	-32762	-10928.97	21.36	-4687.01
15001	-32762	-10928.97	21.36	-4687.01
15002	-32762	-10928.97	21.36	-4687.01
15003	-32762	-10928.97	21.36	-4687.01
14998	-32762	-10879.68	21.27	-6997.79
14999	-32762	-10879.68	21.27	-6997.79
15000	-32762	-10879.68	21.27	-6997.79
15001	-32762	-10879.68	21.27	-6997.79
15002	-32762	-10879.68	21.27	-6997.79
15003	-32762	-10879.68	21.27	-6997.79
14998	-32762	-7032.25	21.2	-4866.2
14999	-32762	-7032.25	21.2	-4866.2
15000	-32762	-7032.25	21.2	-4866.2
15001	-32762	-7032.25	21.2	-4866.2
15002	-32762	-7032.25	21.2	-4866.2
15003	-32762	-7032.25	21.2	-4866.2
14998	-32762	958.3	21.18	-4811
14999	-32762	958.3	21.18	-4811
15000	-32762	958.3	21.18	-4811
15001	-32762	958.3	21.18	-4811
15002	-32762	958.3	21.18	-4811
15003	-32762	958.3	21.18	-4811
14998	-32762	5232.83	21.2	-4830.8
14999	-32762	5232.83	21.2	-4830.8
15000	-32762	5232.83	21.2	-4830.8
15001	-32762	5232.83	21.2	-4830.8
15002	-32762	5232.83	21.2	-4830.8
15003	-32762	5232.83	21.2	-4830.8
14998	-32762	10958.28	21.4	-4670.17
14999	-32762	10958.28	21.4	-4670.17
15000	-32762	10958.28	21.4	-4670.17
15001	-32762	10958.28	21.4	-4670.17
15002	-32762	10958.28	21.4	-4670.17
15003	-32762	10958.28	21.4	-4670.17
14998	-32762	10984.48	21.27	-6975.52
14999	-32762	10984.48	21.27	-6975.52
15000	-32762	10984.48	21.27	-6975.52
15001	-32762	10984.48	21.27	-6975.52
15002	-32762	10984.48	21.27	-6975.52
15003	-32762	10984.48	21.27	-6975.52
14998	-32762	13248.69	21.35	-4676.98
14999	-32762	13248.69	21.35	-4676.98
15000	-32762	13248.69	21.35	-4676.98
15001	-32762	13248.69	21.35	-4676.98
15002	-32762	13248.69	21.35	-4676.98
15003	-32762	13248.69	21.35	-4676.98
14998	-32762	13300.27	21.27	-6968.9
14999	-32762	13300.27	21.27	-6968.9
15000	-32762	13300.27	21.27	-6968.9
15001	-32762	13300.27	21.27	-6968.9
15002	-32762	13300.27	21.27	-6968.9
15003	-32762	13300.27	21.27	-6968.9
14974	-32764	-14854.05	53.59	10129.57
14975	-32764	-14836.44	53.16	10129.54
14974	-32764	-13727.76	9.65	10385.94
15004	-32763	-1270.9	13.73	1841.29
15005	-32763	-1270.9	13.73	1841.29
15006	-32763	-1270.9	13.73	1841.29
15007	-32763	-1270.9	13.73	1841.29
15008	-32763	-1270.9	13.73	1841.29
15009	-32763	-1270.9	13.73	1841.29
15004	-32763	1059.34	13.73	-1854.87
15005	-32763	1059.34	13.73	-1854.87
15006	-32763	1059.34	13.73	-1854.87
15007	-32763	1059.34	13.73	-1854.87
15008	-32763	1059.34	13.73	-1854.87
15009	-32763	1059.34	13.73	-1854.87
15004	-32763	3760.62	690.84	6249.1
15005	-32763	3760.62	690.84	6249.1
15006	-32763	3760.62	690.84	6249.1
15007	-32763	3760.62	690.84	6249.1
15008	-32763	3760.62	690.84	6249.1
15009	-32763	3760.62	690.84	6249.1
15004	-32763	5799.25	690.84	4889.37
15005	-32763	5799.25	690.84	4889.37
15006	-32763	5799.25	690.84	4889.37
15007	-32763	5799.25	690.84	4889.37
15008	-32763	5799.25	690.84	4889.37
15009	-32763	5799.25	690.84	4889.37
15004	-32763	4961.37	690.84	-5576.79
15005	-32763	4961.37	690.84	-5576.79
15006	-32763	4961.37	690.84	-5576.79
15007	-32763	4961.37	690.84	-5576.79
15008	-32763	4961.37	690.84	-5576.79
15009	-32763	4961.37	690.84	-5576.79
15004	-32763	-5709.3	725.19	-5267.4
15005	-32763	-5709.3	725.19	-5267.4
15006	-32763	-5709.3	725.19	-5267.4
15007	-32763	-5709.3	725.19	-5267.4
15008	-32763	-5709.3	725.19	-5267.4
15009	-32763	-5709.3	725.19	-5267.4
15004	-32763	-6138.97	690.84	4411.62
15005	-32763	-6138.97	690.84	4411.62
15006	-32763	-6138.97	690.84	4411.62
15007	-32763	-6138.97	690.84	4411.62
15008	-32763	-6138.97	690.84	4411.62
15009	-32763	-6138.97	690.84	4411.62
15004	-32763	-4819.44	690.84	6430.91
15005	-32763	-4819.44	690.84	6430.91
15006	-32763	-4819.44	690.84	6430.91
15007	-32763	-4819.44	690.84	6430.91
15008	-32763	-4819.44	690.84	6430.91
15009	-32763	-4819.44	690.84	6430.91
14978	-32764	1769.17	66.48	-16605.1
14978	-32764	17282.2	-11.73	-370.18
14978	-32764	16934.35	64.68	1280.95
14978	-32764	-1464.58	18.38	15338.34
14978	-32764	198.89	19.58	16785.86
14978	-32764	-1376.05	96.66	16473.05
14978	-32764	-15787.34	96.66	86.29
22874	-32761	5.58	9.18	4130.82
3875	22895	989.35	3741.38	1075.24
3875	22893	1630.44	3257.27	568.21
3875	23153	453.08	4141.08	1221.64
3875	23149	750.59	3167.31	1586.97
3875	23664	1224.5	4184.7	1414.78
3875	23919	200.09	3975.44	232.39
3874	23920	187.85	4731.98	946.07
3874	23920	454	4661.1	1461.48
3874	23920	988.54	4397.72	990.34
3874	23920	1179.31	4105.34	337.29
3874	23665	3.48	3947.99	1859.49
3874	23666	1527.5	3455.85	850.17
3874	23666	827.57	3328.47	1236.02
3874	23921	1418.8	3366.25	67.69
3874	23665	510.26	3868.57	1296.34
3874	23665	955.02	3859.31	576.53
3874	23409	1402.19	3861.15	1761.63
3874	23410	96.95	4015.03	1142.88
3874	23410	1055.05	3925.88	809.81
3874	23410	1825.79	3789.84	1236.96
3874	23410	1066.21	4085.81	1712.43
3874	23666	449.01	4384.25	394.78
3874	23667	58.67	3671.31	133.48
3874	23666	261.36	3354.14	1640.04
3874	23665	1707.59	3457.63	1260.95
3874	23921	888.68	3346.77	711.31
3874	23149	1840.25	4284.36	311.46
3874	23150	337.71	3962.42	647.05
3874	22895	258.67	3914.99	1801.29
3874	23150	928.73	3831.13	923.83
3874	23150	1577.32	3898.92	487.04
3866	24431	176.25	2008.23	202.75
3866	24431	922.34	2013.91	430.61
3866	24431	1721.37	2036.14	305.57
3866	24432	530.9	1967.81	144.05
3866	24176	1278.47	1990.04	1725.69
3866	24177	101.37	2089	1335.73
3867	24431	175.8	2021.24	154.32
3867	24431	939.35	2021.46	398.67
3867	24431	1720.4	2047.08	273.77
3867	24432	602.41	1983.89	67.71
3867	24176	1278.43	2019.06	1680.55
3867	24177	138.34	2086.14	1302.9
3870	25197	553.83	2603.41	841.15
3870	25197	473.9	2467.18	161.16
3870	24941	351.85	2410.34	1400.91
3870	24941	87.04	2212.15	625.11
3870	24940	1577.46	2100.82	35.91
3870	24684	1182.22	2091.99	1253.2
3870	24684	640.84	2103.49	661.27
3870	24428	1099.19	2288.19	1879.89
3870	24428	1281.51	2457.41	1174.44
3870	24428	1399.51	2545.88	540.14
3870	24172	1458.97	2568	1838.44
3870	24172	1252.43	2679.72	1200.86
3870	24172	985.83	2804.14	622.14
3870	23916	460.17	2924.54	1840.21
3870	23915	1769.29	3149.41	1563.62
3870	23915	1119.49	3374.37	1516.92
3870	23915	555.17	3411.31	1562.41
3870	23915	30.61	3414.79	1755.5
3870	24170	1474.36	3539.48	118.97
3870	23915	987.81	3359.57	1007.69
3870	23915	911.54	3315.32	416.08
3870	23659	808.65	3332.4	1851.76
3870	23659	504.92	3268.37	1368.12
3870	24941	1109.49	2496.56	1534.7
3870	24941	909.94	2296.91	782.91
3870	24685	498.34	2128.71	1713.65
3870	24684	1880.26	2096.82	852.52
3870	24429	40.71	2241.63	1722.84
3870	24941	1747.88	2312.06	1026.46
3870	24941	1361	2198.04	41.99
3870	24685	1089.64	2140.5	979.15
3870	24685	999.06	2113.16	176.14
3870	24942	272.54	2266.79	295.57
3870	24685	1906.21	2154.93	1270.94
3870	24685	1786.18	2117.33	373.72
3870	24686	485.57	2092.94	75.26
3870	24686	712.29	2181.39	1059.39
3870	24686	878.58	2345.15	1789.12
3870	24686	1738.93	2417.8	1745.63
3870	24686	1671.91	2301.37	1069.89
3870	24686	1395.92	2103.27	343.55
3870	24430	1278.87	2090.67	1369.64
3870	24431	31.71	2070.45	1273.56
3870	24687	218.2	2132.05	219.13
3870	24687	468.87	2277.1	975.19
3870	24687	516.84	2366.95	1622.72
3870	24943	559.44	2591.92	574.63
3870	24687	1226.66	2235.79	1872.08
3870	24687	1263.04	2184.48	1043.65
3870	24687	1036.69	2136.16	251.15
3870	24944	141.15	2168.73	142.24
3870	24944	270.79	2401.31	1066.5
3870	24944	199.04	2795.07	1808.85
3870	25200	607.28	2991.46	415.37
3870	24944	1002.88	2638.5	1840.93
3870	24944	1116.28	2397.74	1157.14
3870	24944	950.51	2246.75	458.99
3870	24688	166.26	2145.66	1216.61
3870	24687	1837.58	2156.02	464.16
3870	24944	1843.72	2534.77	1725.13
3870	24688	1066.31	2144.76	1486.48
3870	24688	773.22	2112.24	605.94
3870	24432	417.24	2101.47	1710.29
3870	24432	1300.59	2050.19	1568.61
3870	24688	1637.11	2127.96	579.02
3870	24688	1858.26	2120.73	1393.24
3870	24944	1806.37	2187.34	282.03
3870	24945	29.02	2246.75	1011.56
3870	24433	41.84	2034.79	1061.09
3870	24689	412.44	2058.33	72.14
3870	24689	801.91	2092.24	1011.37
3870	24689	719.2	2091.97	1839.52
3870	24945	774.68	2146.78	702.43
3870	24433	767.2	1944.38	950.86
3870	24433	1133.48	2091.95	1818.46
3870	24689	1514.62	2092.8	729.26
3870	24434	133.28	2062.67	1715.84
3871	25197	545.72	2596.59	820.23
3871	25197	373.48	2467.66	139.38
3871	24941	140.71	2395.48	1428.11
3871	24940	1855.91	2224.77	729.96
3871	24940	1404.14	2103.3	135.27
3871	24684	1024.98	2091.99	1357.31
3871	24684	460.32	2099.79	759.56
3871	24684	1098.15	2271.61	4.77
3871	24684	1902.05	2094.38	890.16
3871	24685	536.91	2122.43	1681.33
3871	24941	937.59	2304.52	807.73
3871	24941	1157.26	2497.36	1573.82
3871	24941	1774.32	2326.67	1095.3
3871	24941	1359.89	2200.97	83.39
3871	24685	1052.44	2126.72	1004.19
3871	24685	953.07	2122.96	194.58
3871	24429	84.8	2232.18	1752.02
3871	24685	1792.32	2114.99	441.29
3871	24685	1909.58	2157.86	1297.83
3871	24942	309.09	2268.93	318.04
3871	24686	911.01	2353.74	1816.21
3871	24686	775.53	2178.24	1012.45
3871	24686	608.09	2092.95	48.13
3871	24686	1292.54	2107.94	407.9
3871	24686	1631.83	2301.52	1106.33
3871	24686	1707.8	2439.95	1833.31
3871	24943	556.46	2562.73	490.97
3871	24687	555.31	2380.28	1712.2
3871	24687	510.35	2273.77	992.36
3871	24687	269.02	2132.02	208.87
3871	24431	113.27	2078.85	1351.87
3871	24687	1051.09	2136.4	256.87
3871	24687	1278.48	2185.57	1065.63
3871	24687	1263.45	2234.15	1884.59
3871	24944	181.24	2788.7	1779.64
3871	24944	1023.22	2633.42	1825.11
3871	24944	229.51	2399.64	1055.27
3871	24944	1110.67	2401.05	1169.67
3871	24944	963.07	2243.82	431.35
3871	24944	140.75	2182.28	201.92
3871	24688	1008.69	2139.81	1493.22
3871	24688	163.85	2143.51	1248.71
3871	24688	757.18	2111.96	629.14
3871	24687	1860.58	2156.22	471.38
3871	24432	448	2102.39	1718.02
3871	24432	1297.76	2070.55	1603.22
3871	24688	1656.46	2124.43	537.44
3871	24688	1888.93	2117.57	1404.44
3871	24944	1836.7	2181.57	278.96
3871	24945	34.73	2252.96	1037.61
3871	24945	759.1	2150.37	747.04
3871	24689	724.46	2091.97	1797.55
3871	24689	758.85	2092.51	996.85
3870	24429	180.89	2368.85	790.79
3870	23659	608.85	3011.13	740.93
3870	23659	777.36	2838.09	44.46
3870	23403	445.05	2660.06	1318.02
3871	23915	1128.19	3373.29	1452.93
3870	21870	258.06	2155.67	1739.68
3870	21870	443.31	2095.58	1025.42
3870	21870	855.58	2093.64	316.82
3870	22126	1051.84	2198.03	83.59
3870	22126	1715.61	2094.02	517.13
3870	22127	232.42	2092.81	1209.6
3870	22127	1034.33	2100.32	1312.42
3870	22127	717.61	2103.73	541.02
3870	21870	1697.03	2093.56	1665.08
3870	21870	1157	2134.95	1069.68
3870	21870	1889.21	2104.84	759.02
3870	21871	776.03	2092.81	744.11
3870	21871	590.69	2072.03	1496.72
3870	22127	1690.83	2242.41	1008.27
3870	22128	419.05	2192.06	807.84
3870	22128	1095.32	2146.68	571.66
3870	22127	1449.7	2214.04	321.54
3870	21871	1373.2	2083.77	1520.88
3870	21871	1409.54	2092.22	733.01
3870	21872	220.54	2099.45	734.4
3870	21872	208.34	2162.01	1461.08
3870	22128	225.25	2229.43	196.76
3870	21872	825.95	2196.82	1841.54
3870	21872	880.95	2108.43	1143.44
3870	21872	1356.09	2092.6	549.81
3870	21873	160.97	2092.85	452.21
3870	21617	493.53	2092.24	1717.93
3870	21617	873.13	2092.02	993.71
3870	21617	1598.74	2074.84	599.54
3870	21618	434.55	2092.86	399.95
3870	21618	224.85	2093.55	1069.17
3870	21617	1465.15	2096.77	1380.08
3870	21873	1137.43	2092.69	142.02
3870	21872	1607.1	2091.58	1266.48
3870	21872	1603.24	2118.54	1917.26
3870	22129	325.48	2040.62	343.98
3870	21873	325.84	2092.62	1581.94
3870	21873	453.38	2092.65	997.25
3870	21873	1073.61	2095.05	1565.65
3871	21870	254.09	2168.46	1755.31
3871	22126	1040.85	2201.42	115.35
3871	22126	1728.08	2104	559.44
3871	22127	217.3	2092.82	1284.36
3871	22127	1016.08	2097.79	1342.29
3871	22127	675.39	2102.91	527.25
3871	21871	563.48	2080.75	1541.56
3871	21870	1672.36	2093.58	1677.49
3871	21870	1192.83	2131	1106.98
3871	21870	387.32	2096	972.06
3871	21870	893.43	2093.52	321.51
3871	21870	1908.81	2098	710.78
3871	21871	783.22	2092.81	700.26
3871	22127	1740.34	2242.26	1043.52
3871	22128	485.93	2141.83	950.8
3871	22128	1158.98	2135.4	584.96
3871	22129	287.48	2038.4	417.75
3871	21873	1204.89	2092.43	1494.97
3871	21873	1166.52	2092.68	194.94
3871	21617	1498.48	2099.18	1421.02
3871	21618	364.92	2097.24	1164.59
3871	21618	517.37	2092.86	421.65
3871	21617	1553.6	2092.3	531.09
3871	21617	798.8	2092.18	1024
3871	21617	510.12	2096.78	1685.78
3871	21873	89.83	2092.87	354.81
3871	21873	548.4	2097.95	982.62
3871	21873	354.14	2092.34	1602.84
3871	22128	1585.24	2119.68	30.9
3871	21872	897.52	2209.58	1810.44
3871	21872	1636.43	2091.66	1244.06
3871	21872	1314.88	2092.73	497.52
3871	21872	865.3	2110.94	1157.24
3871	21872	329.68	2104.4	625.68
3871	21872	221.97	2159.64	1436.04
3871	21871	1455.82	2092.29	673.51
3871	21871	1417.61	2103.91	1527.91
3871	22128	198.8	2229.29	196
3871	22127	1465.94	2216.03	327.26
3866	22129	1599.7	2252.62	707.66
3867	22129	1614.37	2258.69	707.47
3866	22130	689.82	2736.97	735.89
3867	22130	698.28	2744.4	718.95
3866	22130	1669.47	3232.15	986.24
3867	22130	1673.04	3233.5	971.34
3872	22388	449.85	5765.8	274.22
3868	24436	758.45	5764.87	301.88
3872	22132	210.38	5465.82	1731.97
3872	22132	506.17	5265.28	1301.64
3872	22132	1002.73	5105.23	1234.49
3872	22132	1514.34	4832.79	1370.13
3872	22132	1858.18	4635.55	1749.83
3872	22389	113.18	4307.44	354.64
3872	22388	1832.97	3981.96	867.55
3872	22389	436.14	4168.15	774.97
3872	22388	1726.18	3694.68	1435
3872	22388	1237.28	3401.11	1793.52
3872	22644	1301.75	3088.34	465.31
3872	22644	1285.45	2675.3	1013.81
3872	22388	681.59	3357.08	1784.32
3872	22388	127.15	3463.95	1779.46
3872	22387	1562.88	3652.14	1526.28
3872	22387	1206.45	3896.74	958.17
3872	22387	995.27	3915.81	488.32
3872	22387	650.18	3819.66	6.49
3872	22387	502.42	3808.15	802.98
3868	24436	200.28	5560.88	167.95
3868	24180	236.94	5383.99	1563.71
3868	24180	608.39	5231.89	1207.13
3868	24180	1135.45	5086.19	1151.4
3868	24180	1648.7	4847.83	1385.69
3868	24181	97.81	4728.13	1853.8
3868	24437	46.49	4621.16	511.11
3868	24436	1629.05	4477.93	1051.33
3868	24436	1142.71	4313.92	1452.47
3868	24436	542.17	4148.44	1640.7
3868	24435	1857.8	4042.5	1557.3
3868	24435	1391.42	3974.37	1185.57
3868	24435	1051.02	3958.97	721.74
3868	24435	810.71	3894.77	197.5
3868	24179	647.66	3819.58	1482.8
3868	24179	722.86	3739.68	922.52
3868	24179	1056.86	3654.15	430.24
3868	24179	1502.22	3565.34	70.2
3868	23924	130.01	3532.65	1735.15
3868	23924	693.04	3478.41	1581.49
3868	23924	1311.67	3345.64	1599.37
3868	23925	40.54	3181.56	1718
3868	23925	570.43	2962	1918.56
3869	24436	674.04	5763.64	294.34
3869	24436	198.68	5546.78	126.75
3869	24180	317	5347.07	1461.33
3869	24180	744.34	5201.65	1163.07
3869	24180	1296.37	5018.13	1162.81
3869	24180	1791.34	4805.24	1494.78
3869	24437	108.57	4707.58	77.12
3869	24436	1885.23	4574.31	670.33
3869	24436	1524.2	4448.42	1170.4
3869	24436	981.73	4255.13	1512.34
3869	24436	373.97	4105.1	1647.19
3869	24435	1713.22	4013.03	1483.9
3869	24435	1321.48	3974.11	1078.93
3869	24435	1018.74	3946.96	588.55
3869	24435	762.99	3890.26	9.38
3869	24179	649.73	3797.66	1355.72
3869	24179	797.56	3718.37	790.44
3869	24179	1148.77	3636.88	338.74
3869	24179	1632.14	3553.9	23.8
3869	23924	218.73	3526.61	1697.25
3869	23924	871.45	3434.84	1568.42
3873	22388	375.73	5724.64	178.48
3873	22132	294.49	5384.53	1654.17
3873	22132	633.79	5244.93	1321.7
3873	22132	1101.84	5045.74	1286.47
3873	22132	1545.63	4812.48	1406.47
3873	22132	1884.47	4579.22	1881.62
3873	22389	35.84	4228.31	452.76
3873	22388	1869.77	3919.06	1012.37
3873	22388	1604.53	3615.97	1527.28
3873	22388	1118.53	3386.36	1768.43
3873	22388	541.73	3365.47	1786.47
3873	22388	8.79	3508.53	1729.32
3873	22387	1433.62	3746.58	1336.69
3873	22387	1198.38	3913.51	896.49
3873	22387	903.7	3901.09	370.66
3873	22644	1268.19	2875.67	730.22
3873	22387	418.6	3795.74	744.81
3868	22379	626.21	5898.28	526.94
3868	22379	147.83	5673.01	245.41
3868	22123	147.51	5437.92	1696.07
3868	22123	397.1	5287.27	1279.58
3868	22123	845.38	5143.99	1111.6
3868	22123	1297.12	4930.4	1263.64
3868	22123	1667.2	4848.15	1585.22
3868	22379	1754.53	4757.3	179.57
3868	22379	1706.75	4619.22	704.61
3868	22380	257.04	4639.6	447.42
3868	22379	1446.4	4397.63	1172.54
3868	22379	1117.63	4212.98	1592.14
3868	22379	593.69	4072.61	1628.69
3868	22635	869.33	4067.59	126.74
3868	22635	342.96	3886.04	167.96
3868	22379	62.41	4000.55	1653.6
3868	22634	1742.43	3838.33	193.29
3868	22378	1587.42	3990.19	1303.68
3868	22378	1387.13	3961.28	1766.17
3868	22378	1166.5	4006.12	1025.84
3868	22378	863.96	3958.1	644.89
3868	22378	671.82	3896.22	194.11
3868	22378	955.74	4071.43	1491.21
3868	22634	935.56	4002.78	82.97
3868	22378	466.45	4122.16	1614.38
3868	22122	586.88	3830.24	1605.31
3868	22122	592.26	3765.16	1106.6
3868	22122	857.39	3692.74	698.03
3868	22122	1215.98	3585.57	376.87
3868	22122	1579.84	3508.04	54.09
3868	21867	94.27	3429.53	1729.51
3868	21867	589.02	3435.83	1607.3
3868	21867	1069.73	3368.76	1545.56
3868	21867	1553.85	3240.07	1537.66
3868	21868	87.55	3048.25	1510.71
3868	21868	493.89	2917.54	1785.41
3868	22124	155.41	2998.19	187.46
3868	22124	854.87	2843.85	211.06
3868	22124	1307.67	2762.59	362.08
3868	22124	1074.87	2845.91	787.75
3868	22124	1184.77	2877.41	1262.68
3868	22124	1241.11	2880.03	1761.52
3869	22379	354.91	5880.41	438.95
3869	22379	113.67	5523.04	0.23
3869	22123	245.92	5329.82	1473.14
3869	22123	612.25	5225.24	1170.64
3869	22123	1081.18	5063.5	1190.86
3869	22123	1470.17	4890.44	1434.53
3869	22123	1695.78	4819.72	1844.43
3869	22379	1711.77	4666.93	442.48
3869	22379	1551.27	4468.31	939.6
3869	22379	1271.97	4286.15	1379.33
3869	22379	847.82	4130.02	1586.7
3869	22379	330.4	4017.58	1626.03
3869	22378	1792.78	4013.06	1459.45
3869	22378	1372.12	3999.68	1148.54
3869	22378	1033.62	3960.03	796.39
3869	22378	781.72	3920.76	393.69
3869	22122	641.85	3885.76	1857.39
3869	22122	582.99	3773.83	1352.09
3869	22122	706.46	3742.88	887.39
3869	22122	1030.98	3643.23	531.64
3869	22122	1399.59	3545.35	217.09
3869	21866	1792.08	3455.83	1840.72
3869	21867	339.4	3414.78	1672.33
3869	21867	848.27	3427.78	1573.75
3869	21867	1307.21	3310.96	1532.41
3869	21867	1787.57	3137.91	1543.76
3869	21868	299.12	2968.55	1644.51
3869	22124	678.35	2882.35	43.43
3869	22124	1047.84	2829.19	495.05
3869	22124	1204.48	2879.94	1507.78
3869	22378	760.91	4079.13	1725.61
3864	22634	196.83	2373.49	1727.91
3864	22634	1145.13	2607.76	1501.04
3866	22891	1501.94	2249.85	815.8
3866	22891	1644.83	2174.74	1729.68
3867	22891	1530.15	2270.66	757.36
3867	22891	1690.75	2179.39	1687.97
3872	24171	801.51	5593.94	1866.25
3872	24427	558.5	5602.17	450.16
3872	24427	136.91	5508.46	188.94
3872	24171	170.56	5399.24	1643.94
3872	24171	413.7	5290.28	1248.98
3872	24171	866	5173.65	1103.94
3872	24171	1320.27	5005.16	1189.13
3872	24171	1716.71	4831.75	1396.87
3872	24172	81.31	4732.29	1797.07
3872	24428	114.97	4648.41	360.01
3872	24427	1861.22	4540.44	822
3872	24427	1526.03	4453.07	1192.34
3872	24427	1115.46	4303.49	1485.94
3872	24427	600.89	4171.28	1632.84
3872	24427	117.25	4065.55	1580.91
3872	24426	1596.78	4015.02	1356.33
3872	24426	1230.73	3993.76	1027.53
3873	24427	617.34	5602.07	578.24
3873	24171	864.24	5595.79	1788.85
3873	24171	127.18	5444.45	1867.97
3873	24171	305.05	5344.9	1449.23
3873	24171	637.59	5216.42	1183.87
3873	24171	1099.14	5100.11	1147.29
3873	24171	1519.67	4903.09	1291.75
3873	24171	1861.82	4768.16	1598.81
3873	24428	85.48	4687.15	118.42
3873	24428	5.33	4589.01	588.96
3873	24427	1664.91	4494.73	1002.24
3873	24427	1305.62	4368.96	1340.39
3873	24427	858.04	4219.12	1579.54
3873	24427	346.89	4098.41	1604.9
3873	24426	1816.6	4022.96	1443.75
3873	24426	1423.97	3992.52	1163.27
3868	23148	1131.13	2540.11	738.29
3868	23148	1083.42	2446.27	18.6
3868	23149	80.61	2912.84	298.29
3868	22892	1741.93	2984.59	1296.01
3868	22893	320.66	3125.86	681.38
3868	22893	919.01	3153	148.04
3868	22893	1199.31	3312.14	926.5
3868	22637	1578.13	3335.62	1501.93
3868	22637	1855.78	3290.1	747.78
3868	22893	1863.81	3277.97	337.82
3868	22894	159.92	3495.81	1156.56
3868	22894	782.94	3583.86	1758.12
3868	22894	960.33	3606	912.34
3868	22638	578.62	3359.75	1466.92
3868	22638	1356.61	3492.31	1170.75
3868	22639	219.97	3562.33	1223.64
3868	22639	899.66	3566.76	1406.36
3868	22894	1569.32	3649.35	384.49
3868	22894	1749.77	3628.97	999.38
3868	22895	548.46	3720.97	518.19
3868	22639	1565.48	3619.74	1887.46
3868	22896	153.28	3725.21	511.32
3868	22640	546.04	3596.13	1611.7
3868	22896	955.92	3800.47	712.13
3868	22895	1102.9	3758.23	1118.96
3868	22896	25.48	3944.7	1487.55
3868	22896	772.92	4051.58	1767.12
3868	23152	1466.16	4016.13	219.33
3869	23148	1112.87	2455.05	16.9
3869	23148	1152.07	2545.31	736.83
3869	23149	68.01	2903.59	299.02
3869	22892	1769.7	3000.19	1286.57
3869	22893	360.36	3133.3	666.08
3869	22893	1226.31	3310.84	912.07
3869	22893	935.38	3158.96	175.82
3869	22894	185.15	3506.23	1175.5
3869	22893	1884.76	3283.76	356.98
3869	22637	1608.17	3334.5	1514.02
3869	22637	1837.45	3290.22	772.7
3869	22638	604.47	3361.06	1468.95
3869	22894	952.94	3605.86	929.9
3869	22894	809.15	3587.2	1751.66
3869	22894	1771.03	3632.08	1015.3
3869	22894	1601.53	3650.39	389.17
3869	22895	574.76	3723.26	531.6
3869	22895	1118.43	3768.67	1147.97
3869	22896	16.91	3945.35	1510.15
3869	22896	780.21	4058.06	1789.33
3869	23152	1460.87	4022.03	235.04
3869	22638	1355.27	3492.07	1196.95
3869	22639	208.64	3558.13	1246.45
3869	22639	928.04	3563.43	1450.95
3869	22639	1546.81	3614.63	1913.53
3869	22896	164.74	3729.93	529.85
3869	22640	553.58	3597.11	1640.01
3869	22896	983.14	3802.79	738.81
3868	22637	1057.7	3296.96	669.78
3868	22637	443.78	3202.58	657.48
3868	22640	224.19	3518.78	886.01
3868	22640	170.85	3413.44	375.1
3868	22896	1227.18	3607.76	41.49
3868	22896	1839.79	3503.53	217.36
3868	22897	388.1	3390.71	443.9
3868	22897	684.45	3262.13	895.63
3868	22897	1095.72	3029.98	1285.23
3868	22897	1596.75	2892.42	1541.86
3869	22637	1124.42	3296.61	733.9
3869	22637	553.98	3202.32	571.29
3869	22640	241.4	3521.5	966.72
3869	22640	170.23	3433.89	440.51
3869	22896	1269.95	3602.86	68.13
3869	22896	1895.12	3494.01	239.14
3869	22897	441.08	3379.21	495.74
3869	22897	744.5	3239.51	935.21
3869	22897	1170.94	2989.26	1366.05
3869	22897	1647.32	2865.54	1600.85
3872	23148	1861.02	2989.7	1540.26
3872	23149	765.4	3094.39	1048.58
3872	23405	73.83	3124.39	596.26
3872	23405	848.74	3258.45	68.02
3872	23149	1622.54	3396.22	1412.46
3872	23405	94.82	3221.08	1576.97
3872	23405	885.11	3274.34	1042.05
3872	23405	1690.54	3470.44	487.5
3872	23661	528.82	3409.98	473.18
3872	23405	1172.42	3369.69	1851.38
3872	23661	1015.2	3704.97	1225.45
3872	23661	1602.95	3607.46	787.72
3872	23661	1735.83	3751.22	1713.92
3872	23152	1850.38	4123.11	1211.67
3872	23153	423.79	4103.77	763.31
3872	23153	1133.22	4034.88	1144.16
3872	23153	638.05	4192.45	1790.89
3872	23409	439.33	4282.83	702.71
3872	23409	288.1	4273.08	1425.41
3872	23664	1822.23	4218.4	321.25
3872	23664	1154.09	4203.78	855.47
3872	23664	322.28	4269.88	994.34
3872	23663	1545.35	4277.13	1389.93
3872	23919	949.16	4110.21	25.41
3872	23919	1091.9	3961.09	820.66
3872	23919	1270.21	3846.3	1490.74
3872	23919	477.22	3804.67	1482.54
3872	23919	187.79	3948.62	630.39
3872	23663	147.87	3986.24	1701.21
3872	23918	1534.46	3808.26	1310.47
3872	23662	1264.21	3857.03	1487.34
3872	23662	890.17	3829.99	773.81
3872	23662	416.65	3683.7	79.79
3872	23406	549.75	3723.76	1086.39
3872	23406	1290.13	4032.13	1478.12
3873	23148	1889.85	2994.2	1558.82
3873	23149	778.6	3105.16	1149.89
3873	23149	1605.44	3402.83	1478.46
3873	23405	896.31	3272.83	102.7
3873	23405	141.53	3126.47	590.49
3873	23405	175.3	3223.14	1517
3873	23405	910.57	3288.57	1079.92
3873	23405	1651.66	3477	496.02
3873	23405	1152.35	3370.06	1896.11
3873	23661	591.31	3410.98	493.22
3873	23661	1025.34	3713.85	1252.3
3873	23661	1573.26	3610.31	830.33
3873	23661	1734.04	3757.82	1760.49
3873	23153	462.65	4100.79	795.52
3873	23152	1879.18	4120.88	1226.4
3873	23153	1147.35	4035.23	1189.02
3873	23153	613.49	4192.17	1817.31
3873	23409	500.77	4288.22	713.28
3873	23409	317.2	4269.56	1443.61
3873	23664	1891.87	4224.91	308.03
3873	23664	1100.17	4211.32	843.15
3873	23664	299.39	4270.14	953.8
3873	23663	1525.54	4277.92	1371.6
3873	23919	973.54	4109.08	41.03
3873	23919	1126.38	3969.66	810.2
3873	23919	1235.28	3846.28	1458.74
3873	23919	529.19	3798.61	1450
3873	23919	151.45	3951.12	622.55
3873	23663	173.53	3991.19	1723.11
3873	23662	1278.18	3861.57	1498.2
3873	23918	1563.24	3812.04	1309.23
3873	23662	882.22	3831.49	810.36
3873	23662	388.96	3682.25	58.97
3873	23406	551.52	3720.79	1106.63
3873	23406	1321.22	4037.03	1483.81
3872	23918	1160.22	3753.91	606.3
3872	23662	608.42	3813.37	1895.77
22867	25001	859.04	0	1069.34
15004	-32763	2491.43	72.58	870.76
15005	-32763	2491.43	72.58	870.76
15006	-32763	2491.43	72.58	870.76
15007	-32763	2491.43	72.58	870.76
15008	-32763	2491.43	72.58	870.76
15009	-32763	2491.43	72.58	870.76
15004	-32763	-1894.41	13.73	-656.59
15005	-32763	-1894.41	13.73	-656.59
15006	-32763	-1894.41	13.73	-656.59
15007	-32763	-1894.41	13.73	-656.59
15008	-32763	-1894.41	13.73	-656.59
15009	-32763	-1894.41	13.73	-656.59
15004	-32763	5159.93	716.19	10246.85
15005	-32763	5159.93	716.19	10246.85
15006	-32763	5159.93	716.19	10246.85
15007	-32763	5159.93	716.19	10246.85
15008	-32763	5159.93	716.19	10246.85
15009	-32763	5159.93	716.19	10246.85
15004	-32763	86.01	716.45	14875.11
15005	-32763	86.01	716.45	14875.11
15006	-32763	86.01	716.45	14875.11
15007	-32763	86.01	716.45	14875.11
15008	-32763	86.01	716.45	14875.11
15009	-32763	86.01	716.45	14875.11
15004	-32763	8271.5	1172.72	16823.09
15005	-32763	8271.5	1172.72	16823.09
15006	-32763	8271.5	1172.72	16823.09
15007	-32763	8271.5	1172.72	16823.09
15008	-32763	8271.5	1172.72	16823.09
15009	-32763	8271.5	1172.72	16823.09
15004	-32763	6845.88	719.68	-4216.61
15005	-32763	6845.88	719.68	-4216.61
15006	-32763	6845.88	719.68	-4216.61
15007	-32763	6845.88	719.68	-4216.61
15008	-32763	6845.88	719.68	-4216.61
15009	-32763	6845.88	719.68	-4216.61
15004	-32763	10256.64	716.29	-5020.9
15005	-32763	10256.64	716.29	-5020.9
15006	-32763	10256.64	716.29	-5020.9
15007	-32763	10256.64	716.29	-5020.9
15008	-32763	10256.64	716.29	-5020.9
15009	-32763	10256.64	716.29	-5020.9
15004	-32763	16738.44	1171.83	-8019.49
15005	-32763	16738.44	1171.83	-8019.49
15006	-32763	16738.44	1171.83	-8019.49
15007	-32763	16738.44	1171.83	-8019.49
15008	-32763	16738.44	1171.83	-8019.49
15009	-32763	16738.44	1171.83	-8019.49
15004	-32763	14936.6	716.56	116.65
15005	-32763	14936.6	716.56	116.65
15006	-32763	14936.6	716.56	116.65
15007	-32763	14936.6	716.56	116.65
15008	-32763	14936.6	716.56	116.65
15009	-32763	14936.6	716.56	116.65
15004	-32763	-3314.6	754.03	-6040.91
15005	-32763	-3314.6	754.03	-6040.91
15006	-32763	-3314.6	754.03	-6040.91
15007	-32763	-3314.6	754.03	-6040.91
15008	-32763	-3314.6	754.03	-6040.91
15009	-32763	-3314.6	754.03	-6040.91
15004	-32763	-5416.76	750.72	-10560
15005	-32763	-5416.76	750.72	-10560
15006	-32763	-5416.76	750.72	-10560
15007	-32763	-5416.76	750.72	-10560
15008	-32763	-5416.76	750.72	-10560
15009	-32763	-5416.76	750.72	-10560
15004	-32763	-0.7	750.91	-15257.57
15005	-32763	-0.7	750.91	-15257.57
15006	-32763	-0.7	750.91	-15257.57
15007	-32763	-0.7	750.91	-15257.57
15008	-32763	-0.7	750.91	-15257.57
15009	-32763	-0.7	750.91	-15257.57
15004	-32763	-8225.77	1207.07	-17145.48
15005	-32763	-8225.77	1207.07	-17145.48
15006	-32763	-8225.77	1207.07	-17145.48
15007	-32763	-8225.77	1207.07	-17145.48
15008	-32763	-8225.77	1207.07	-17145.48
15009	-32763	-8225.77	1207.07	-17145.48
15004	-32763	-10113.99	716.27	5843.38
15005	-32763	-10113.99	716.27	5843.38
15006	-32763	-10113.99	716.27	5843.38
15007	-32763	-10113.99	716.27	5843.38
15008	-32763	-10113.99	716.27	5843.38
15009	-32763	-10113.99	716.27	5843.38
15004	-32763	-16546.56	1172.14	8896.06
15005	-32763	-16546.56	1172.14	8896.06
15006	-32763	-16546.56	1172.14	8896.06
15007	-32763	-16546.56	1172.14	8896.06
15008	-32763	-16546.56	1172.14	8896.06
15009	-32763	-16546.56	1172.14	8896.06
15004	-32763	-14756.46	716.56	674.22
15005	-32763	-14756.46	716.56	674.22
15006	-32763	-14756.46	716.56	674.22
15007	-32763	-14756.46	716.56	674.22
15008	-32763	-14756.46	716.56	674.22
15009	-32763	-14756.46	716.56	674.22
14968	-32763	-14050.75	1623.05	-6724.88
14968	-32763	-15425.68	1623.32	-7205.15
14969	-32763	-13307.73	578.62	17161.39
14968	-32763	-7406.07	1622.8	14230.81
14968	-32763	-7827.84	1624.04	15652.23
14949	-32761	-863.49	-70.54	-478.04
14949	-32761	821.9	-76.78	-481.15
14949	-32761	-15.03	-77.61	-904.67
14950	-32761	-8.03	-77.79	-240.83
14949	-32761	838.62	-73.55	254.17
14949	-32761	-845.04	-76.81	253.82
14955	-32761	-620.43	-76.81	2009.83
14955	-32761	726.88	-76.89	2018.93
14952	-32761	854.16	-67.94	1015.86
14952	-32761	-856.59	-73.37	1055.18
14951	-32761	1571.14	-0.24	-1410.96
14951	-32761	2497.63	85.58	-1414.27
14951	-32761	2586.75	87.3	556.31
14951	-32761	1691.11	-0.24	579
14964	-32763	388.66	352.13	4622.9
14964	-32763	-509.81	330.47	6783.18
14964	-32763	-1693.11	161.82	5184.94
14964	-32763	9517.6	690.86	6374.78
14964	-32763	8966.12	689.82	8253.91
14964	-32763	9450.45	689.39	9951.17
14965	-32763	1346.69	689.53	10225.09
14965	-32763	400.1	689.53	8177.55
14965	-32763	-872.73	689.53	9617.01
14965	-32763	4502.21	672.44	13592.83
14965	-32763	6747.66	988.72	13848.7
14965	-32763	-3705.81	913.79	14841.22
14965	-32763	-4472.24	1313.07	12394.08
14965	-32763	-7229.5	1643.74	12158.99
14965	-32763	1219.27	760.44	19368.97
14965	-32763	3856.66	911.73	19682.24
14965	-32763	5658.04	1012.46	21410.86
14965	-32763	7938.55	1143.55	21168.53
14972	-32763	11302.51	1096.36	16686.26
14972	-32763	12829.94	857.15	15595.57
14972	-32763	13468.09	662.04	13554.43
14964	-32763	4966.47	146.29	1889.32
14964	-32763	6814.11	331.31	692.65
14964	-32763	4689.79	343.33	-139.5
14964	-32763	6325.05	690.86	-9330.58
14964	-32763	8220.98	690.2	-8709.27
14964	-32763	9840.14	689.39	-9473.43
14966	-32763	10235.57	689.53	-1144.17
14966	-32763	8201.99	689.53	-85.11
14966	-32763	9820.62	689.53	1162.31
14966	-32763	15208.85	776.59	3067.84
14966	-32763	14138.72	1086.38	4570.38
14966	-32763	12345.18	1338.26	4773.43
14966	-32763	12207.8	1643.76	7422.8
14966	-32763	19280.31	753.85	-913.2
14966	-32763	19616.66	862.91	-2822.07
14966	-32763	21299.87	958.21	-4481.88
14966	-32763	21193.15	1138.55	-7658.8
14966	-32763	13874.5	688.46	-4536.78
14966	-32763	13906.92	1034.35	-6947.21
14971	-32763	16737.37	1089.29	-11211.29
14971	-32763	15349.64	820.02	-12598.77
14971	-32763	13524.69	653.16	-13413.02
14964	-32763	1698.48	187.69	-5360.22
14964	-32763	585.69	362.9	-7132.19
14964	-32763	-500.08	407.87	-4973.93
14964	-32763	-9593.68	725.21	-6723.39
14964	-32763	-8989.4	724.23	-8613.9
14964	-32763	-9208.65	723.73	-10510.86
14966	-32763	-4518.03	714.07	-13833.45
14966	-32763	-6605.46	1005.36	-14152.82
14966	-32763	-1203.67	723.88	-10360.01
14966	-32763	-511.76	723.88	-8497.1
14966	-32763	892.94	723.88	-10028.43
14966	-32763	3577.95	917.85	-15273
14966	-32763	4398.6	1344.64	-12710.1
14966	-32763	7301.66	1678.17	-12460.28
14966	-32763	-1155.01	793.76	-19660.75
14966	-32763	-3673.12	937.21	-19918.6
14966	-32763	-4904.24	1008.9	-21743.3
14966	-32763	-7382.54	1148.77	-21732.67
14971	-32763	-13174.01	719.37	-13887.35
14971	-32763	-10759.48	1169.02	-16956.04
14971	-32763	-12652.98	917.23	-16135.53
14964	-32763	-5130.31	162.21	-1070.4
14964	-32763	-6713.67	331.38	146.01
14964	-32763	-4492.06	341.7	987.13
14964	-32763	-6174.69	690.86	10151.33
14964	-32763	-8199.43	689.58	9657.84
14964	-32763	-10132.48	689.38	9669.43
14965	-32763	-13536.08	674.4	5185.8
14965	-32763	-13721.41	952.76	7152.26
14965	-32763	-9912.09	689.53	1934.53
14965	-32763	-8036.26	689.53	849.68
14965	-32763	-9934.82	689.53	-98.19
14965	-32763	-14848.6	893.82	-3011.06
14965	-32763	-12637.84	1253.44	-3707.2
14965	-32763	-11997.17	1643.48	-6208.58
14965	-32763	-19310.92	761.6	1881.48
14965	-32763	-19742.36	924.86	4711.98
14965	-32763	-21365.47	1014.24	6328.57
14965	-32763	-20917.16	1147.27	8804.18
14969	-32763	-15220.5	820.56	13476.69
14969	-32763	-13355.28	625.66	14623.21
14969	-32763	-16551.12	1113.55	11697.89
14967	-32763	1345.21	689.53	10153.87
14967	-32763	380.88	689.53	8178.37
14967	-32763	-892.54	689.53	9641.33
14967	-32763	-3713.96	918.39	14814.4
14967	-32763	-4480.21	1310.34	12418.85
14967	-32763	-7312.7	1643.54	12188.19
14967	-32763	4545.91	676.89	13527.13
14967	-32763	6777.69	992	13836.96
14967	-32763	1248.89	762.28	19360.92
14967	-32763	3859.37	912.03	19705.14
14967	-32763	5676.13	1013.58	21393.95
14967	-32763	7949.86	1144.2	21176.61
14967	-32763	11290.04	1096.81	16654.28
14967	-32763	12811.27	850.52	15537.63
14967	-32763	13467.42	662.6	13529.02
14967	-32763	-9882.74	689.53	1873.28
14967	-32763	-8067.21	689.53	820.28
14967	-32763	-9870.35	689.53	-85.53
14967	-32763	-14803.32	900.72	-3017.94
14967	-32763	-12610.15	1260.27	-3737.47
14967	-32763	-19265.29	762.37	1892.15
14967	-32763	-19731.42	922.63	4673.61
14967	-32763	-21340.78	1012.7	6303.77
14967	-32763	-20883.61	1147.12	8794.49
14967	-32763	-13535.7	673.14	5169.68
14967	-32763	-13706.69	950.88	7145.55
14967	-32763	-16545.51	1114.38	11687.99
14967	-32763	-15233.29	822.6	13467.41
14967	-32763	-13316.68	629.74	14596.21
14970	-32763	10241.12	689.53	-1144.14
14970	-32763	8168.59	689.53	-140.44
14970	-32763	9786.01	689.53	1135.92
14970	-32763	15240.36	775	3080.58
14970	-32763	14178.64	1076.51	4516.59
14970	-32763	12382.57	1331.44	4754.75
14970	-32763	12218.22	1643.69	7448.64
14970	-32763	19295.37	755.31	-938.37
14970	-32763	19614.99	864.96	-2857.92
14970	-32763	21297.01	959.75	-4511.32
14970	-32763	21193.75	1139.03	-7667.23
14970	-32763	13905.41	689.07	-4544.03
14970	-32763	13881.83	1033.65	-6967.22
14970	-32763	16723.16	1088.53	-11215.45
14970	-32763	15376.43	823.32	-12605.09
14970	-32763	13527.48	651.41	-13439.14
14970	-32763	-1192.63	723.88	-10352.25
14970	-32763	-503.82	723.88	-8497.74
14970	-32763	894.12	723.88	-10027.88
14970	-32763	3559.86	920.3	-15235.74
14970	-32763	4432.26	1342.34	-12747.56
14970	-32763	7339.75	1678.12	-12470.4
14970	-32763	-1175.84	794.99	-19679.39
14970	-32763	-3676.4	937.4	-19979.05
14970	-32763	-4927.8	1010.32	-21743.33
14970	-32763	-7378.63	1148.55	-21727.39
14970	-32763	-4509.12	712.36	-13875.54
14970	-32763	-6582.16	1003.75	-14178.87
14970	-32763	-10800.58	1165.38	-16937.98
14970	-32763	-12657.16	916.3	-16129.18
14970	-32763	-13132.48	723.04	-13955.94
14950	-32761	2148.85	68.94	633.45
14952	-32761	-37.35	-77.83	2532.03
14968	-32763	7437.06	1657.64	-14582.39
14968	-32763	7906.54	1658.23	-15992.3
14968	-32763	14185.26	1623.29	7552.12
14968	-32763	15566.33	1623.3	7996.81
14971	-32763	16376.62	1643.5	8391.98
14971	-32763	13967.62	1624.56	8448.71
22659	17487	557.71	1381.08	1723.99
22660	17487	452.53	1381.09	1724.68
22661	17487	257.15	1381.16	1690.73
9251	26959	444.24	80.32	225.94
9252	26959	979.04	83.74	888.54
9252	23687	1002.84	243.98	489.59
9251	27244	913.69	180	1828.76
9252	27244	586.65	180	1414.74
9251	26265	543.91	-106.74	1533.36
9252	26265	1162.7	-106.7	1385.81
23936	17488	428.17	1377.62	254.09
23935	17230	803.99	1385.22	1801.69
1990	24710	498.43	13.59	1007.44
1994	24709	1502.49	-3.7	438.62
2124	24711	482.46	16	1244.36
2124	24711	346.55	79.03	1346.57
2124	24710	1875.2	21.17	1138.84
2124	24710	1786.86	15.41	986.27
2124	24710	1744.51	8.02	1470.92
2124	24710	1620.81	2.49	1382.83
2124	24710	660.88	-3.41	721.51
2124	24709	1766.04	7.78	894.84
2124	24709	1441.65	13.67	871.27
2124	24710	1615.87	4.77	1741.44
2124	24710	1919.85	22.49	1777.23
2124	24711	1127.24	34.8	1816.56
2124	24711	864.41	18.17	1750.96
2124	24710	1073.61	19.4	1551.5
2124	24710	895.91	18.23	1384.19
9251	23687	1652.38	243.82	776.57
22673	15173	679.1	84.97	165.76
22674	15173	591.49	84.2	70.36
22675	14917	906.71	84.62	1859.38
22676	14917	814.44	84.62	1768.69
3861	27244	52.14	180	1681.32
2124	24711	824.19	26.11	1038.84
2124	24709	1764.31	-7.4	406.09
2124	24710	920.61	12.16	688.3
2124	24967	258.83	4.77	120.45
2124	24710	1444.38	2.63	545.08
2124	24710	1328.39	58.35	1040.88
2124	24710	1392.09	43.94	867.28
2124	24710	596.82	17.98	1202.59
2124	24711	1541.96	22.15	1430.04
24010	24948	1843.7	2253.36	8.33
24010	24948	1067.74	2241.46	259.69
24010	24693	168.04	2235.37	1056.38
24011	24690	1455.58	2080.32	1347.41
24011	24947	410.04	2226.58	17.16
24011	24691	1487.47	2266.96	1874.05
22672	24199	154.38	151.53	811.04
24164	15431	1065.03	12.28	248.14
24162	15174	901.66	11.72	534.93
24163	15429	1224.97	11.66	695.97
24642	25000	857.58	-32.58	853.56
24642	23687	1242.4	245.95	507.35
24643	23687	1241.35	245.43	469.28
26827	-32752	-4026.71	70.52	-3190.73
26826	-32752	4378.33	67.47	4144.83
38191	-32752	-6353.39	44.22	1412.2
38191	-32752	-6787.61	31.66	1438.03
38191	-32752	-5920.16	31.66	1441
38191	-32752	-6532.07	23.54	1787.54
38191	-32752	-6213.43	28.79	1789.15
38191	-32752	-6180.91	23.54	1067.82
38191	-32752	-6552.44	23.54	1065.94
38251	-32752	-3858.35	-47.15	1542.87
38251	-32752	-4158.48	-47.15	1285.09
38251	-32752	-4163.99	-53.75	1589.46
38251	-32752	-3890.45	-47.15	1268.58
38184	-32752	-1730.06	-43.21	1415.46
38156	-32752	-794.36	31.66	-2.13
38156	-32752	93.24	31.66	-3.98
38156	-32752	-384.91	44.22	-14.44
38156	-32752	-389.89	31.66	403.59
38156	-32752	-384.85	31.66	-446.3
38192	-32752	2249.06	23.54	1250.24
38192	-32752	2703.28	23.54	1240.34
38192	-32752	2510.75	44.22	955.65
38192	-32752	2137.51	31.66	962.17
38192	-32752	2855.27	31.66	970.88
38192	-32752	2338.29	28.78	697.93
38192	-32752	2703.3	28.78	696.33
38192	-32752	2497.17	31.66	1467.14
38192	-32752	2514.61	31.66	433.17
26830	-32752	6353.93	69.85	-19.65
38154	-32752	5392.86	35.17	246.39
38154	-32752	5408.34	37.33	-0.63
38154	-32752	5413.04	35.17	-207.94
38154	-32752	5741.48	35.17	242.71
38154	-32752	5742.37	37.33	-11.28
38154	-32752	5720.31	37.33	-243.55
38154	-32752	5580.5	37.33	-108.71
38154	-32752	5574.8	37.33	216.05
38154	-32752	5919.87	37.33	29.75
38239	-32752	1298.61	68.55	3464.44
38239	-32752	1680.06	55.99	3456.39
38239	-32752	1311.47	55.99	3088.7
38239	-32752	1316.65	55.99	3829.24
38239	-32752	1483.89	57.96	3626.92
38239	-32752	1486.98	57.96	3283.75
38239	-32752	967.8	55.99	3445.78
38240	-32752	472.95	55.99	2975.16
38240	-32752	458.78	56	3344.76
38240	-32752	460.16	56	3636.19
38240	-32752	502.27	55.99	3919.41
38240	-32752	228.97	56	3144.98
38240	-32752	233.33	56.03	3464.77
38240	-32752	232.92	56	3739.15
38240	-32752	-42.3	56.01	3227.92
38240	-32752	-35.33	56.02	3709.16
38153	-32752	-2550.34	70.03	-1491.03
38153	-32752	-2261.58	57.47	-1464.79
38153	-32752	-2867.04	57.47	-1459.47
38153	-32752	-2541.09	57.47	-1217.88
38153	-32752	-2557.36	57.47	-1807.59
38153	-32752	-2190.43	49.66	-1754.56
38153	-32752	-2871.64	49.67	-1796.71
38153	-32752	-2862.37	49.64	-1137.91
38153	-32752	-2247.05	49.87	-1145.2
38155	-32752	-2796.09	57.5	-243.2
38155	-32752	-2570.61	57.5	-224.13
38155	-32752	-2306.69	57.5	-246.98
38155	-32752	-3030.99	57.49	-633.22
38155	-32752	-2798.44	57.5	-619.19
38155	-32752	-2541.2	57.5	-610.7
38155	-32752	-2339.61	57.5	-605
38155	-32752	-2109.31	57.49	-613.53
26799	23856	1623.18	584.92	1794.8
26797	24112	286.72	584.74	470.61
26816	23345	650.95	1401	1166.71
26800	23600	798.62	930.66	112.95
26801	23344	792.2	930	979.31
26796	23344	643.77	930	1471.98
26794	23344	1112.25	930.13	1919.4
26813	23343	1344.36	978.45	377.82
26791	23087	1572.84	863.31	1069.86
26815	22831	1716.37	949.82	1903.42
26792	23088	797.03	863.28	262.8
26824	23088	1245.35	863.36	1053.94
26802	23345	809.51	1401	1081.63
26819	23347	194.28	1402.9	1447.84
26818	23347	361.16	1461.6	1849.8
26804	23343	1546.88	963	281.08
26803	23343	1440.94	963.12	174.46
38216	22577	330.41	798.57	1325.16
38216	22577	570.74	804.61	956.27
38216	22577	976.09	795.26	918.87
38216	22577	920.24	782.08	1313.54
38216	22577	1356.68	787.08	1442.83
38216	22577	1366.09	764.61	1051.48
38216	22577	1852.73	720.33	1127.03
38216	22578	118.48	696.13	757.35
38216	22578	362.81	677.58	455.55
38216	22578	539.53	646.96	48.23
38216	22322	740.35	621.45	1515.7
38216	22322	1112.6	624.31	1185.6
38216	22322	1428.58	620.76	895.26
38216	22322	1831.13	625.33	770.24
38216	22834	347.83	742.86	474.13
38216	22834	771.22	740.64	664.24
38216	22834	952.91	768.62	313.28
38216	22578	1203.23	818.86	1916.04
38216	22578	777.06	745.73	1804.96
38216	22578	911.69	688.4	1402.05
38216	22578	1052.56	662.87	1057.97
38216	22578	1310.2	748.95	1496.11
38216	22578	1388.7	684.98	873.35
38216	22323	314.66	625.54	1484.77
38216	22323	692.6	653.97	1461.07
38216	22323	571.29	669.18	1837.17
38216	22579	930.08	658.93	40.58
38216	22579	785.98	647.06	403.83
38216	22579	399.61	677.44	435.17
38216	22579	193.99	727.94	689.69
38216	22579	597.75	659.5	750.47
38216	22579	819.7	655.23	1040.61
38216	22579	361.58	679.77	1139.18
38216	22579	7.63	731.89	1287.81
38216	22579	279.58	691.81	1475.5
38216	22579	51.37	745.12	1791.88
38216	22834	1787.65	797.89	116.24
38216	22834	1601.09	803.35	450.56
38216	22834	1588.91	782.39	781.27
38216	22834	84.3	741.18	1297.58
38216	22834	297.86	775.21	1658.82
38216	22834	629.73	758.37	1870.08
38216	23090	867.58	786.81	294.91
38216	23090	1082.19	817.3	637.24
38216	23090	1376.5	846.64	828.85
38216	23090	1006.87	840.19	933.74
38216	23090	781.19	867.66	1235.5
38216	23090	670.83	896.87	1531.82
38216	23090	465.35	930.38	1781.27
38216	23090	337.89	896.84	1463.2
38216	23090	317.68	854.63	1131.37
38216	23090	98.16	839.41	878.93
38216	23090	54.04	821.98	524.54
38216	23089	1812.73	782.63	76.86
38216	22834	981.96	747.11	881.96
38217	22834	1657.44	796.65	1899.64
38217	23091	96.95	816.51	175.79
38217	23091	506.35	889.12	332
38217	22835	110.61	831.28	1650.96
38217	22835	447.74	864.3	1853.25
38217	23091	838.13	913.49	113.11
38217	22835	507.64	830.83	1470.27
38217	22835	805.64	868.01	1662.76
38217	22835	1193.76	894.26	1861.14
38217	23091	1304.05	980.65	258.2
38217	23091	1626.3	1043.52	473.77
38217	23091	1911.13	1077.04	647.8
38217	23091	1915.77	1106.91	932.16
38217	23091	1639.41	950.65	90.16
38217	23091	1897.73	1003.73	293.1
38217	23092	278.67	1012.01	405.3
38217	23092	203.58	960.47	41.31
38217	22836	437.58	920.62	1717.45
38217	22836	8.53	925.16	1641.31
38217	22836	236.73	893.29	1387.75
38217	22835	1853.48	873.58	1188.21
38217	22835	1650.1	846.84	942.35
38217	22835	1218.48	824.85	1418.95
38217	22835	963.03	783.85	1271.9
38216	22835	1213.36	677.64	128.97
38216	22579	1158.05	664.94	1778
38216	22578	1477.29	642.31	200.53
38216	22576	1733.41	834.92	1182.82
38216	22576	1372.85	860.85	991.79
38216	22577	42.67	802.36	1571
38216	22578	1352.82	650.92	503.02
38216	22322	1802.47	621.06	1737.99
38217	23347	814.63	1131.42	48.33
38217	23091	1039.11	1074.67	1697.72
38217	23091	516.81	1083.69	1764.63
38217	23091	677.54	1044.82	1510.24
38217	23091	182.99	1054.15	1607.12
38217	23091	312.65	1010.8	1364.95
38217	23090	1763.29	1001.23	1376.37
38217	23604	911.77	1347.13	523.43
38217	23604	408.7	1464.72	221.99
38217	23348	353.78	1374.98	1698.35
38217	23348	136.55	1286.74	1337.95
38217	23348	90.29	1190.52	941.64
38217	23347	1820.02	1120.27	520.62
38217	23347	1619.84	1102.05	232.13
38217	23347	1537.22	1246.4	884.49
38217	23347	1487.11	1359.47	1275.19
38217	23348	1103.61	980.51	160.58
38217	23348	1429	938.42	413.27
38217	23348	1699.41	958.18	686.72
38217	23349	3.51	1028.62	1004.3
38217	23348	1511.08	1027.23	939.33
38217	23348	1873.95	1118.58	1394.22
38217	23349	228.24	1112.39	1318.98
38217	23349	654.24	950.43	1051.31
38217	23349	493.01	911.11	806.77
38217	23349	827.72	829.66	747.88
38217	23349	1011.51	935.73	1044.5
38217	23349	621.11	747.87	404.2
38217	23349	1134.3	814.18	681.58
38217	23349	992.25	729.07	315.51
38217	23093	358.61	654.41	1880.5
38217	23092	1886.18	640.39	1584.11
38217	23092	1607.73	673.06	1306.96
38220	23349	1820.43	886.86	551.13
38220	23350	355.26	908.57	507.22
38220	23350	146.1	937.31	888.41
38220	23350	762.56	936.81	344.77
38220	23350	657.71	954.32	736.38
38220	23094	891.8	951.91	1904.36
38220	23350	156.9	873.36	149.04
38220	23094	332.36	854.69	1641.27
38220	23094	258.13	856.63	1843.16
38220	23094	483.99	866.84	1275.13
38220	23093	1528.99	666.82	1758.09
38220	23093	1704.23	655.25	1418.13
38220	23093	1741.07	658.04	1012.16
38220	23093	1697.8	659.5	651.48
38220	23094	202.22	694.92	562.81
38220	23094	58.95	806.94	119.64
38220	22837	1679.99	829.03	1790.32
38220	23093	1418.47	641.28	275.71
38220	22837	1277.04	854.98	1644.86
38220	22837	970.33	905.52	1458.64
38220	22837	1173.35	989.61	1133.64
38220	22837	801.11	1023.38	1171.79
38220	22837	668.63	1004.54	1456.57
38220	22837	953.77	991.3	921.83
38220	22837	1474.79	950.65	1328.99
38220	22838	405.31	873.53	1753.36
38220	22838	102.39	877.36	1488.45
38220	23095	298.86	758.51	896.06
38220	23095	487.32	781.04	1256.82
38220	23095	624.43	811.3	1709.45
38220	23351	788.03	843.37	164.18
38220	23351	985.1	902.96	490.53
38220	23351	1170.26	919.29	1067.55
38220	23351	1043.52	911.14	738.33
38220	23094	1255.75	768.2	1008.15
38220	23094	1228.56	816.69	1310.21
38220	23094	1434.12	828.23	1640.83
38220	23350	1634.21	825.87	36.77
38220	23350	1816.39	832.15	372.48
38220	23350	1690.77	874.92	667.17
38220	23351	60.17	853.45	635.2
38219	23861	417.03	532.22	791.27
38218	23861	730.53	528.23	613.77
38219	23861	1068.35	527.53	495.66
38218	23861	1409.42	515.62	473.25
38219	23861	1822.14	505.67	501.05
38219	23862	274.85	512.81	527.02
38218	23862	667.26	508.34	537.14
38219	23862	1036.67	505.58	506.78
38219	23862	1578.9	514.4	461.68
38218	23862	1913.98	519.02	505.99
38219	23862	1671.38	559.15	206.51
38218	23862	1263.3	602.82	4.78
38218	23862	829.07	560	147.76
38219	23862	424.56	557.79	151.88
38218	23861	1888.07	555.69	154.94
38219	23861	1490.95	565.78	128.35
38218	23861	910.53	587.15	153.2
38219	23861	493.32	603.91	274.82
38218	23861	224.31	705.55	24.08
38219	23605	89.76	849.89	1645.93
38219	23605	568.45	697.11	1770.63
38218	23604	1777.15	1048.31	1325.32
38218	23605	346.12	822.69	1519.27
38218	23606	284.95	657.08	1673.81
38219	23606	703.81	639.06	1670.65
38218	23606	879.98	754.69	1308.71
38219	23606	313.78	763.55	1294.69
38218	23606	590.59	826.02	1030.62
38247	23094	1116.38	712.92	145.57
38247	22838	983.58	702.25	1763.33
38247	22838	789.01	673.45	1443.03
38247	22838	587.51	655.1	1182.84
38247	22838	289.18	652.57	950.41
38247	22837	1856.37	648.01	723.6
38247	22838	193.05	645.67	600.66
38247	22837	1666.4	659.23	439.46
38247	22838	19.91	652.4	275.83
38247	22837	1469.39	671.09	136.27
38247	22581	1188.76	700.26	1813.7
38247	22581	1444.83	686.31	1477.77
38247	22582	27.65	668.06	1712.21
38247	22581	1904.79	675.76	1324.61
38247	22581	1427.45	704.47	1112.17
38247	22581	1761.5	685.03	969.05
38247	22838	1400.82	665.2	454.17
38247	22838	1259.26	664.99	90.65
38247	22582	1175.68	678.44	1626.14
38247	22582	942.03	687.15	1206.32
38247	22838	1846.33	690.48	1910.71
38247	22838	1645.66	679.33	1678.81
38247	22838	918.28	667.55	147.25
38247	22582	755.18	669.82	966.47
38247	22582	650.26	672.59	753.29
38247	22582	529.75	679.75	530.08
38246	22836	1559.95	855.67	342.07
38246	22836	1658.59	872.24	45
38246	22836	973.56	794.02	291.69
38246	22580	770.45	804.48	1908.69
38246	22580	707.59	772.92	1575.38
38246	22580	664.06	739.21	1194.86
38246	22580	1162.62	828.31	1590.37
38246	22580	987.73	792.12	1261.96
38246	22580	1645.75	865.98	1497.72
38246	22580	1731.84	835.35	1153.31
38246	22580	1808.89	807.74	773.67
38246	22580	1381.43	827.58	1073.98
38246	22580	1411.22	813.28	705.78
38246	22580	1018.59	767.28	665.84
38246	22580	1160.41	778.26	275.82
38246	22580	1504.49	805.52	342.36
38246	22580	1890.31	814.79	379.48
38246	22324	1466.72	809.52	1876.74
38246	22324	1188.94	789.18	1749.4
38246	22324	122.89	672.97	1617.12
38246	22324	356.1	705.55	1302.27
38246	22324	442.99	723.93	903.38
38246	22324	443.44	695.22	555.95
38246	22324	3.44	659.81	1128.16
38246	22324	155.22	689.53	1906.09
38246	22324	415.81	663.57	99.05
38246	22324	623.27	687.07	192.53
38246	22067	1286.53	636.21	1845.91
38246	22067	1755.32	628.92	1680.32
38246	22067	1548.64	646.84	1401.96
38246	22068	65.31	642.65	1387.49
38246	22068	265.73	644.71	1182.62
38246	22067	1861.38	659.75	996.92
38246	22068	180.46	659.96	751.54
38246	22068	252.88	654.7	387.74
38246	21812	385.55	656.76	1918.18
38247	22581	1336.21	714.86	621.16
38247	22581	1031.03	711.6	791.02
38247	22581	916.65	758.68	463.06
38247	22581	778.7	801.24	138.41
38247	22581	1099.44	773.66	202.57
38247	22325	869.42	796.4	1752.8
38250	22325	1343	779.59	1231.62
38250	22325	1286.4	755.91	770.66
38250	22325	1199.36	728.61	385.68
38250	22069	1231.98	758.44	1814.42
38250	22069	1056.04	748.01	1406.7
38250	22325	326.28	804.12	820.27
38250	22324	1840.2	796.01	1004.14
38250	22324	1546.4	790.98	725.42
38250	22324	1310.32	771.8	394.49
38250	22325	18.7	795.03	520.48
38250	22324	1673.8	780.72	180.29
38250	22325	115.26	778.15	51.32
38250	22068	1330.66	743.09	1807.02
38250	22068	1757.39	747.92	1677.89
38250	22068	1884.75	726.71	1366.36
38250	22068	1460.58	726.02	1288.23
38250	22068	1660.37	714.36	1020.39
38250	22068	1305.4	709.67	890.4
38250	22068	1515.74	692.76	686.89
38250	22068	1215.12	682.77	518.62
38250	22068	1123.78	657.01	231.56
38230	22337	769.18	377.45	900.34
38230	22337	1070.81	301.26	754.54
38230	22337	690.27	361.28	474.69
38230	22337	985.61	293.58	360.81
38230	22337	389.06	386.6	114.4
38230	22337	700.12	337.22	122.49
38230	22081	536.61	371.93	1658.24
38230	22337	1125.25	359.86	1115.88
38230	22337	1683.6	209.86	370.59
38230	22081	1585.96	204.74	1903.34
38230	22338	14.16	160.15	145.43
38230	22338	84.42	156.86	474
38230	22337	1720.15	178.57	823.59
38230	22338	479.8	130.91	818.31
38230	22338	362.26	256.64	1269.67
38230	22081	1249.52	221.35	339.7
38230	22081	1635.59	207.33	536.69
38230	22082	89.91	204.06	665.45
38230	22082	478.81	191.07	820.94
38230	22081	1287.62	216.19	841.52
38230	22081	1622.8	176.06	1037.73
38230	22082	91.72	153.61	1240.15
38230	22338	904.18	53.99	201.51
38230	22338	1170.88	77.35	763.35
38230	22338	1525.18	54.68	555.09
38230	22338	1635.33	128.84	981
38230	22339	64.77	95.57	786.96
38230	22339	155.46	144.09	1228.06
38230	22339	554.2	106.36	942.7
38230	22339	942.05	47.58	679.62
38223	22081	1501.75	183.47	1316.73
38223	22082	446.46	194.08	821.8
38223	22337	1665.25	200.73	806.88
38223	22337	1895.52	159.09	160.62
38223	22339	1405.29	56.65	620.28
38223	22339	996.57	44.42	665.2
38223	22337	1800.06	242.31	1401.88
38223	22337	1487.03	334.43	1290.42
38223	22082	120.24	147.91	1222.09
38223	22081	1661.59	207.05	515.31
38223	21827	701.79	45.74	1500.89
38223	21827	927.47	26.15	1183.91
38223	21827	1049.84	6.6	745.6
38223	21827	293.86	139.96	1185.15
38223	21827	540.39	57.35	880.46
38223	21827	735.43	35.27	398.55
38223	21827	1206.82	29.97	219.32
38223	21827	821.93	25.27	79.93
38223	21827	207.92	56.94	454.38
38223	21826	1888.85	128.15	832.08
38223	21826	1288.71	143.49	640.55
38223	21826	1631.74	83.15	385.37
38223	21571	272.1	68.6	1912.53
38223	21571	1179.22	86.96	1635.18
38223	21571	782.11	62.84	1484.19
38223	21571	1150.52	159.69	1240.25
38223	21571	309.85	78.54	1348.14
38223	21571	715.35	107.74	1132.68
38223	21570	1843.88	277.53	307.44
38223	21570	1549.76	300.47	69.18
38223	21570	1073.03	273.09	128.62
38223	21570	1383.58	251.07	448.91
38223	21570	911.97	223.49	613.59
38223	21570	528.42	199.79	889.73
38223	21570	1315.78	132.02	1207.98
38223	21826	1093.73	97.45	83.85
38223	21826	605.69	143.76	65.16
38223	21826	445.42	146.33	392.97
38223	21826	247.95	132.87	23.1
38223	21570	117.66	187.55	1082.59
38223	21570	1121.1	126.99	1258.16
38223	21571	1541.71	141.03	1564.92
38223	21571	1819.98	146.08	1380.47
38223	21570	530.68	294.3	384.78
38223	21827	1611.55	17.73	591.86
38223	21571	1894.26	75.19	1915.34
38223	21059	1454.65	111.1	1451.88
38223	21059	1414.87	94.97	788.87
38223	21059	1082.67	88.49	1437.26
38223	21059	1072.35	68.58	1103.04
38223	21059	912.84	144.68	771.63
38223	21059	680.06	81	1291.53
38223	21057	1842.04	273.9	779.92
38223	21058	246.11	248.72	1037.95
38223	21058	434.04	264.53	752.36
38223	21314	1419.7	279.78	43.66
38223	21058	1063.1	320.94	1881.97
38227	21313	1019.49	459.94	680.41
38227	21313	1355.93	479.49	690.41
38227	21313	1193.41	421.99	379.19
38227	21313	1089.87	394.42	76.13
38227	21313	1411.19	358.44	20.09
38227	21057	1215.16	336.07	1634.64
38227	21057	1598.95	300.85	1638.15
38227	21057	1794.51	324.58	1868.41
38227	21058	458.95	263.24	733.11
38227	21057	1448.19	298.6	1408.34
38227	21057	1207.41	313.09	1152.89
38227	21058	1259.26	203.1	557.18
38227	21058	1598.6	228.33	596.97
38227	21059	131.98	116.61	622.64
38227	21059	397.49	93.45	850.95
38227	21059	674.8	80.53	1274
38227	21059	42.69	82.36	1045.42
38227	21058	1607.48	128.31	1002.6
38227	21058	1107.97	152.54	1000.49
38230	22081	827.79	269.62	587.68
38230	22081	747.14	232.33	81.26
38230	22081	842.32	300.2	926.31
38227	21828	1115.74	96.92	1746.22
38227	21828	1474.97	153.12	1731.44
38227	21828	1824.33	144.29	1694.13
38227	22084	380.64	79.47	306.77
38227	22084	743.87	60.25	80.59
38227	21828	575.08	50.6	1646.54
38227	21828	1405.43	60.66	957.49
38227	21828	1805.31	50.42	873.38
38227	21829	235.6	-7.92	778.88
38227	21829	625.09	12.39	736.63
38227	21828	1528.29	10.52	574.9
38227	21829	55.26	-20.69	457.39
38227	21829	464.65	1.19	390.97
38227	21828	1635.26	16.74	181.89
38227	21829	251.9	-9.27	44.87
38227	21572	1728.86	27.27	1751.73
38227	21829	844.6	141.55	488.76
38227	21829	691.3	78.91	51.2
38227	21573	205.52	13.7	1599.87
38227	21573	646.21	54.44	1596.12
38227	21315	22.74	340.97	318.27
38227	21315	249.97	319.7	519.27
38227	21315	545.92	294.49	767.56
38227	21315	551.91	249.11	477.68
38227	21315	1680.22	214.26	1107.05
38227	21315	1536.05	214.41	818.7
38227	21315	1388.14	217.72	590.5
38227	21315	1354.35	213.94	1069.38
38227	21315	415.58	177.46	58.36
38227	21058	1852.71	169.9	1740.47
38227	21828	1027.57	42.96	559.58
38227	21828	1155.74	78.65	143.21
38227	21572	1216.79	142.47	1735.84
38227	21572	1340.99	74.54	1371.59
38244	21572	837.26	149.71	499.43
38244	21572	1189.2	151.12	298.74
38244	21572	1417.99	165.74	132.67
38244	21572	1518.6	133.71	383.15
38244	21572	1268.46	106.68	594.98
38244	21572	1661.11	96.26	668.91
38244	21573	60.83	76.96	847.03
38244	21573	18.49	138.71	447.88
38244	21572	1807.53	149.51	168.99
38244	21573	317.12	153.11	83.22
38244	21317	725.55	144.44	1889.62
38244	21317	1076.77	146.25	1798.9
38244	21573	564.09	220.56	351.37
38244	21573	932.88	122.21	263.89
38244	21573	1339.21	136.08	161.39
38244	21573	453.06	128.58	647.99
38244	21573	825.39	146.7	578.08
38244	21573	1135.31	86.64	545.79
38244	21573	1005.91	48.53	887.25
38244	22084	1694.89	69.99	475.48
38244	22085	117.17	57.05	458.38
38244	22085	504.51	19.55	370.65
38244	22085	768.02	19.21	145.74
38244	22085	642.49	42.9	822.08
38244	22085	932.92	2.02	480.43
38244	22085	1289.35	154.58	267.18
38244	21829	1137.34	-3.39	1798.93
38244	21829	772.01	9.97	1647.91
38244	21829	1225.34	-10.76	1434.33
38244	21829	1524.95	-29.72	1767.65
38244	21829	14.47	96.87	1727.85
38244	21828	1526.08	124.16	1830.22
38244	21829	396.38	6.42	1839.43
38244	22085	1233.79	21.59	842.82
38244	22085	1631.63	-26.47	651.38
38244	22086	1.72	-53.9	350.85
38244	21830	86.14	-51.22	1760.83
38244	22086	136.74	0.99	954.1
38244	22086	445.36	-25.99	491.05
38244	21830	493.26	-53.43	1918.8
38244	22086	789.46	-20.47	473.5
38244	21830	884.09	-35.45	1850.54
38244	21830	648.27	-24.69	1511.43
38244	21830	63.58	-33.71	1360.81
38244	21829	1624.31	-45.91	1262.61
38244	21829	1445.31	-47.37	841.01
38244	21829	661.97	13.1	739.44
38244	21829	927.71	152.14	439.83
38244	21829	295.31	-4.59	760.19
38244	21829	771.83	148.71	60.32
38244	21572	1767.93	20.44	1751.78
38244	21828	1571.73	9.07	562.78
38242	22340	1105.76	151.17	1279.16
38242	22340	1047.89	65.47	937.58
38242	22340	1107.31	29.49	579.48
38242	22340	1490.6	24.42	849.72
38229	22340	871.87	232.11	1314.15
38242	22340	790.34	126.53	837.47
38242	22340	1440.62	96.57	1205.95
38242	22341	58	84.37	1250.47
38229	22340	1843.74	50.7	995.79
38229	22340	1898.21	12.25	673.66
38242	22341	466.2	26.35	1223.68
38242	22341	390.97	-0.9	973.17
38242	22341	411.93	3.49	701.93
38242	22341	867.77	-9.57	1162.02
38229	22341	804.99	-16.72	910.67
38229	22341	775.56	-3.35	613.51
38229	22341	1284.87	-11.67	1275.3
38229	22341	1245.9	-30.65	961.16
38242	22341	1266.08	24.03	594.71
38229	22343	1327.48	23.71	1110.09
38229	22343	1382.33	-50.32	833.98
38242	22343	1343.41	-36.3	463.07
38229	22343	812.35	-39.44	1042.37
38229	22343	967.23	-72.6	733.47
38229	22343	848.76	-85.79	365.82
38242	22341	1863.8	-16.43	1191.68
38229	22341	1753.01	-24.9	855.72
38229	22341	1703.25	-21.41	603.6
38242	22342	406.36	0.3	1190.55
38229	22342	307.43	18.71	835.71
38242	22342	888.35	38.51	1270.75
38229	22342	803.92	-8.87	948.18
38242	22342	1278.99	-18.43	797.04
38242	22342	1396.94	2.72	1269.7
38229	22342	1822.68	-25.62	1070.86
38242	22342	1705.79	-34.23	776.2
38242	22343	438.31	0.88	1169.61
38242	22343	191.52	-52.73	842.9
38242	22343	452.37	-70.17	523.52
38229	22343	531.22	-57.66	830.1
38242	22341	1021.38	41.85	199.47
38242	22340	1516.83	24.57	391.48
38242	21831	268.32	65.87	1663.37
38242	21831	109.55	42.83	1215.47
38242	21830	1827.61	-2.57	818.01
38242	21831	670.36	13.2	1666.36
38242	21831	559.26	16.72	1205.25
38242	21831	340.86	0	809.85
38242	21831	1053.75	-30.02	1450.23
38242	21831	976.44	-26.09	1154.22
38242	21831	856.11	-37.27	827.47
38242	21831	638.56	-44.09	445.51
38242	21831	250.83	-28.59	346.53
38242	21830	1789.93	-39.68	355.01
38242	21830	1501.49	-56.41	320.01
38242	21831	1179.37	-7.67	1768.93
38242	22087	1425.43	1.96	107.13
38242	22087	1645.21	18.29	393.91
38242	21831	1722.98	-56.76	1682.94
38242	21831	1473.32	-75.97	1429.23
38242	21831	1255.86	-60.76	1040.37
38229	21574	218.22	-63.74	1507.88
38229	21574	693.77	-37.19	1540.58
38229	21574	1108.5	-62.95	1517.96
38229	21574	1627.49	-39.78	1453.02
38229	21575	75.69	-47.54	1467.19
38229	21575	587.66	-25.22	1452.86
38229	21575	963.5	-9.26	1429.29
38229	21575	1322.49	-1.68	1433.64
38229	21575	1712.69	18.32	1423.48
38229	21576	141.83	46.85	1422.11
38229	21832	92.34	-34.96	633.6
38229	21831	1784.37	-41.29	368.74
38229	21831	1495.06	-48.62	84.37
38229	21575	1186.03	-34.36	1801.55
38229	21831	1847.2	-1.59	52.24
38229	21575	1676.9	0.16	1774.41
38229	21576	144.01	26.94	1815.18
38229	21832	249.75	-4.85	356.19
38229	21576	178.18	50	1056.03
38229	21576	239.03	93.96	569.48
38229	21576	219.78	114.6	46.38
38229	21575	1884.23	87.62	298.35
38229	21575	1788.88	62.01	703.5
38229	21575	1724.23	33.43	1068.06
38229	21575	1390.5	32.2	940.14
38229	21575	1388.98	58.1	544.35
38229	21575	1499.36	72.64	169.6
38229	21319	1699.49	92.98	1845.06
38229	21575	875.16	10.51	917.03
38229	21575	908.87	78.12	618.41
38229	21575	962.17	94.7	307.63
38229	21319	1197.02	89.15	1771.7
38229	21575	470.06	-8.94	1070.45
38229	21575	472.25	88.53	688.34
38229	21575	482.44	145.97	461.99
38229	21575	589.06	174.88	114.8
38229	21319	705.79	118.97	1645.84
38229	21319	397.93	91.93	1290.5
38229	21319	100.63	96.81	1084.41
38229	21319	101.11	110.39	1527.58
38229	21319	253.68	114.7	1662.69
38229	21575	133.76	154.64	133.54
38229	21575	82.68	98.23	483.36
38229	21575	57.84	46.25	750.83
38229	21574	1450.59	8.76	934.93
38229	21574	288.22	-13.35	993.08
38229	21574	528.07	-17.58	1016.72
38229	21574	753.83	-39.61	1075.3
38229	21574	1078.25	-14.67	1002.49
38229	21574	407.47	65.96	542.2
38229	21574	958.28	102.36	556.25
38229	21574	1420.86	62.97	546.79
38229	21574	508.27	128.42	202.2
38229	21574	1008.83	92.64	202.97
38229	21574	1423.31	61.99	132.18
38229	21573	1733.59	29.83	964.66
38229	21573	1892.48	107.11	469.89
38229	21318	116.54	143.75	1882.01
38229	21318	602.61	135.97	1562.83
38229	21318	770.1	130.33	1825.4
38229	21318	1069.22	113.28	1533.82
38229	21318	1419.13	111.35	1403.57
38229	21318	1647.83	112.12	1233.2
38229	21318	1620.32	80.8	1779.89
38229	21574	1751.7	93.81	329.96
38229	22344	86.58	38.86	1199.43
38229	22344	74.57	-1.32	951.39
38229	22344	239.9	-16.92	640.99
38242	22344	506.34	42.71	419.64
38229	22344	530.07	46.9	1227.67
38229	22344	769.3	-26.31	884.94
38229	22344	981.74	10.61	515.66
38242	22344	1118.62	36.4	1258.96
38229	22344	1368.19	-22.78	806.94
38229	22344	1515.9	37.28	428
38242	22344	1684.72	38.94	1248.75
38229	22344	1902.9	-6.72	859.07
38229	22345	341.3	14.98	313.77
38242	22345	415.65	58.38	721.6
38245	21321	379.94	46.11	340.58
38245	21065	668.48	15.61	1897.2
38242	21065	480.2	41.21	1326.1
38242	21065	838.46	64.45	1555.19
38242	21065	196.55	27.34	1828.13
38242	21064	1753.24	46.35	1855.08
38242	21064	1866.89	9.67	1459.86
38242	21065	268.51	30.57	1225.8
38242	21065	268.36	99.14	835.31
38242	21064	1740.72	33.94	997.39
38245	21064	1518.15	12.82	1432.18
38242	21064	1329.2	32.42	1801.74
38242	21064	1238.63	77.27	982.22
38242	21064	1494.87	123.04	708.13
38242	21065	81.54	149.46	551.74
38242	21064	1040.83	30.88	1372.12
38242	21064	772.64	60.27	1798.76
38242	21064	462.21	27.77	1505.06
38242	21064	750.79	67.1	1077.13
38242	21064	950.07	122.61	695.43
38242	21064	704.13	156.05	602.73
38242	21064	335.32	94.63	952.54
38242	21060	861.91	40.42	1241.88
38245	21060	815.65	125.02	784.08
38245	21060	434.73	67.35	996.16
38245	21060	1075.08	125.18	573.58
38245	21060	1345.29	53.47	969.99
38245	21060	1446.74	26.16	1340.57
38245	21060	1802.37	26.38	1406.3
38245	21060	1778.64	65.02	868.6
38242	21060	1608.79	130.03	527.99
38242	21061	368.08	149.82	524.66
38245	21061	314.79	64.41	1101.1
38245	21061	233.64	53.75	1498.84
38245	21061	737.29	44.65	1167.24
38245	21061	731.02	80.7	820.36
38245	21061	763.13	133.93	464.89
38245	21061	1141.52	39.33	1360.72
38245	21061	1164.65	40.53	983.35
38245	21061	1165.38	80.46	547.92
38242	21061	1603.63	16.35	1179.5
38245	21061	1549.3	80.54	833.23
38245	21061	1598.22	119.2	498.18
38245	21062	169.05	121.36	620.6
38245	21062	124.13	4.16	1101.86
38245	21062	514.56	22.89	1357.63
38245	21062	835.61	25.95	1175.81
38245	21062	574.11	59.1	854.37
38245	21062	1197.37	59.58	754.53
38245	21062	1305.27	46.07	1218.04
38245	21062	1606.49	53.76	863.74
38245	21063	52.02	76.74	556.53
38245	21063	559.73	71.5	720.48
38245	21063	1368.91	124.33	634.9
38245	21063	1030.97	56.64	819.07
38245	21063	1395.8	29.02	1212.28
38245	21063	940.12	26.14	1239.17
38245	21061	695.65	67.34	1652.15
38245	21060	246.4	94.64	812.35
38245	21063	1176.79	43.05	999.14
38245	21063	1439.54	61.84	1856.91
38245	21319	1288.79	71.21	263.53
38223	21826	906.74	131.1	685.66
38223	21825	1905.22	189.52	369.5
38230	22338	1383.45	70.82	34.24
38230	22338	1890.31	61.97	241.88
38230	22339	443.28	37.41	351.66
38230	22082	1091.7	69.96	1531.56
38230	22082	706.13	77.82	1655
38230	22081	548.35	314.75	286.99
38230	21825	453.49	283.32	1817.89
38230	21825	932.44	286.1	1706.53
38230	22081	845.4	231.58	168.11
38230	21825	598.89	307.77	1299.87
38227	21058	198.69	238.7	1502.83
38227	21313	954.82	482.63	1319.59
38227	21313	719.64	477.27	1703.47
38227	21313	1341.85	545.32	1283.78
38227	21313	671.42	478.31	1216.87
38227	21569	634.2	467.49	195.45
38223	21572	240.78	120.13	1183.97
38223	21572	373.58	67.43	1487.14
38223	21828	213	89.57	375.94
38223	21827	1534.06	-1.93	1042.16
38223	21827	1438.42	44.15	1455.55
38223	21827	1770.27	38.73	1268.89
38223	21828	273.2	55.8	892.46
38223	22083	1276.2	56.47	33.59
38243	21323	1114.8	49.38	1271.23
38243	21323	1477.98	64.44	963.69
38243	21323	1347.16	-5.92	326.68
38243	21067	79.49	-54.75	1580.3
38231	21067	1.64	-13.03	556.27
38243	21066	1605.24	-67.44	752.91
38243	21066	410.53	85.99	626.05
38243	21066	822.79	49.94	554.91
38243	21066	1252.59	-58.83	889.74
38243	21066	1192.45	-3.46	562.25
38243	21066	813.64	-10.25	906.27
38243	21835	1079.14	140.37	1689.55
38243	21835	1344.14	118.83	1339.2
38243	21835	1588.89	176.08	1695.77
38243	21835	785.63	52.85	1377.27
38243	21835	896.16	54.19	488.09
38243	21835	1497.17	120.93	421.94
38243	21835	1167.66	119.93	136.87
38243	21835	762.29	20.99	111.69
38243	21835	314.36	-54.47	234.99
38243	21579	1340.76	116.63	1678.26
38243	21579	857.5	110.6	857.64
38243	21579	388.12	55.78	854.08
38243	21579	64.05	42.26	911.49
38243	21578	1620.02	-8.44	951.04
38243	22345	1876.88	29.57	1446.62
38243	22345	1498.56	18.38	1228.32
38231	22345	1343.64	-1.78	957.44
38243	22346	233.92	3.13	1294.93
38231	22345	1915.92	-7.05	1082.61
38243	22345	1707.51	-48.19	769
38243	22346	661.91	10.13	1190.5
38231	22346	474.41	-57.94	823.73
38243	22346	149.64	-86.85	540.79
38243	22345	1752.85	-42.49	287
38243	22345	1341.07	-10.99	434.08
38231	22346	1543.6	-52.5	1056.82
38243	22346	1701.7	-19.93	1379.08
38231	22346	1579.96	-97.22	653.17
38231	22091	24.16	-14.19	1747.34
38243	22090	1570.51	-19.77	1751.75
38231	22346	1064.76	-94	156.83
38243	22346	1895.74	-68.51	620.22
38231	22346	603.59	-98.65	252.47
38231	22346	881.77	-103.88	549.11
38231	22346	110.54	-44.21	939.29
38231	22345	1537.86	46.59	1392.76
38231	22346	11.05	-50.47	96.71
38231	21835	401.23	-77.65	783.93
38231	21835	831.65	7	929.57
38231	21835	1140.4	57.8	950.41
38231	21835	1594.07	122.7	915.08
38231	21578	1885.46	-31.15	1766.2
38231	21578	1637.49	-54.98	1419.21
38231	21579	551.47	-2.62	1642
38231	21579	250.55	-2.29	1371.71
38231	21579	1007.2	66.46	1581.33
38231	21579	877.42	58.38	1281.65
38231	21834	1802.64	-61.68	865.48
38243	21323	140.25	46.04	1047.45
38231	21323	531.33	64.72	1083.28
38231	21323	207.13	-7.99	562.47
38231	21323	797.18	-42.09	617.63
38243	21323	349.98	-38.61	179.62
38243	21067	841.92	-30.97	1576.12
38231	21323	921.67	-61.25	27.2
38231	21066	1002.26	6.77	1498.5
38243	21066	1351.5	-19.85	1296.85
38231	21066	1698.91	-74.38	1163.74
38231	21066	1425.64	3.9	1839.31
38231	22347	252.68	-28.27	1119.58
38253	22088	614.96	-9.64	354.45
38253	22088	636.93	-53.82	33.65
38253	21832	777.04	-78.69	1640.56
38253	21832	944.48	-69.79	1362.6
38253	21832	1069.98	-42.23	1033.95
38253	21832	1087.31	-8.44	736.71
38253	21832	1573.38	-10.65	1101.85
38253	21832	1879.04	-26.57	1199.04
38253	21832	1315.85	-40.18	1555.17
38253	21832	1135.66	-82.53	1827.75
38253	22088	1035.61	-55.04	267.73
38253	22088	950.21	-13.06	538.1
38253	22088	1323.36	-36.57	461.57
38253	22088	1467.72	-75.82	85.57
38253	21832	1681.02	-51.47	1632.78
38253	22088	1648.38	-11.62	535.99
38253	22088	1910.87	-48.45	167.51
38253	21833	177.32	-36.59	1685.76
38253	21833	383.44	-31.12	1338.1
38253	22089	227.92	3.79	454.69
38253	22089	479.16	-24.52	151.6
38253	21833	632.6	-36.28	1539.59
38253	21833	867.25	-19.84	1077.41
38253	22089	728.17	16.12	436.26
38253	22089	915.63	-3.98	74.67
38253	21833	1224.34	0.81	1382.76
38253	21833	1351.87	-4.17	886.56
38253	22089	1313.21	4.41	163.38
38253	21833	1587.7	-5.05	1665.32
38253	21833	1631.09	25.95	1253.39
38253	21833	1687.56	31.56	955.71
38253	21833	1260.71	-17.23	1735.76
38253	22090	24.31	3.49	3.87
38253	21834	189.26	14.31	1522.79
38253	21834	153.16	44.92	1105.47
38253	21834	103.48	46.82	676.93
38253	21576	871.11	98.65	1060.61
38253	21576	1312.69	67.26	1025.19
38253	21577	64.21	-3.11	1005.12
38253	21576	1841.74	-26.34	1315.69
38253	21576	1536.59	50.91	654.65
38253	21577	393.09	16.68	672.51
38253	21576	1642.74	33.05	981.23
38253	21576	1130.9	45.88	1650.29
38253	21832	1146.13	22.21	138.73
38253	21576	924.65	93.19	613.2
38253	21576	916.9	138.58	234.19
38253	21576	1199.57	76.48	563.21
38253	21577	630.15	43.72	629.1
38253	21577	692.79	-0.23	1043.6
38253	21577	1083.42	38.98	634.72
38253	21577	1520.63	-2.44	520.61
38253	21577	1877.81	-9.55	648.69
38253	21577	1727.73	-47.85	944.76
38253	21577	1382.31	-17.43	946.67
38253	21577	1014.72	-18.7	1396.22
38253	21577	1267.01	-76.19	1682.48
38253	21577	1626.79	-71.07	1372.98
38253	21577	1849.55	-74.99	1709.58
38253	21578	51.04	-76.78	1298.38
38253	21833	941.03	-19.2	1489.96
38253	22089	1046.54	20.37	435.15
38253	22089	245.97	40.58	797.46
38253	22088	1362.37	22.27	767.12
38253	22088	1762.91	37.36	854.46
38253	21834	524.73	2.53	198.51
38253	21834	651.93	55.18	704.81
38253	21834	799.51	35.14	1170.43
38253	21834	791.58	21	1568.91
38253	21578	543.74	-61.8	1521.59
38253	21834	205.97	-23.84	218.86
38253	21578	600.98	-75.15	1009.69
38253	21578	467.81	-55.91	610.71
38253	21578	889.97	-65.69	1711.61
38253	21834	998.93	-70.84	293.05
38253	21834	1187.79	-71.35	716.3
38253	21834	1126.41	-42.56	1270.49
38253	21834	917.03	18.97	666.47
38253	21578	918.07	-55.11	1339.28
38253	21578	865.88	-42.11	681.05
38242	21321	891.15	54.73	576.15
38242	21321	1259.72	72.61	799.75
38242	21830	969.42	-60.85	431.94
38242	21830	1365.2	-56.51	836.99
38242	21830	1628.19	-23.2	1270.92
38242	21830	1777.89	9.62	1626.65
38242	22087	379.02	8.94	174.22
38242	21830	1041.15	-58.44	784.56
38183	19514	1536.41	98.64	219.43
38183	19258	1628.77	26.89	1730.73
38183	19258	1616.29	-12.45	1360.95
38183	19258	1608.39	33.99	987.93
38183	19258	1626.18	93.55	637.71
38183	19002	1464.4	116.48	432.92
38183	19002	1483.8	79.08	79.36
38183	18746	1504.56	11.41	1522.89
38183	18746	1548.76	40.92	1119.67
38183	18746	1566.69	72.6	753.47
38183	19002	1142.29	84.68	151.84
38183	18746	1117.86	56.09	1735.69
38183	18746	1127.28	24.74	1459.29
38183	18746	1158.66	53.32	1028.99
38183	18746	1144.96	104.51	678.94
38183	18746	716.81	80.02	1867.75
38183	18746	707.03	59.91	1536.68
38183	18746	685.62	76.46	1149.57
38183	18746	739.22	118.48	749.28
38183	18746	748.02	157.53	518.35
38183	18746	274.49	115.22	1862.41
38183	18746	240.25	70.24	1420.97
38183	18746	271.41	118.83	930.32
38183	18746	323.72	148.42	543.34
38183	18746	325	168.77	412.08
38183	18746	4.57	180.34	360.03
38183	18745	1344.3	217.34	395.86
38183	18745	1615.8	193.08	343.7
38183	18745	1041.95	288.64	331.41
38183	18745	1834.28	163.3	707.97
38183	18745	1807.11	122.4	1111.85
38183	18745	1796.41	89.87	1482.82
38183	18745	1777.86	134.82	1895.77
38183	18745	1422.43	192.31	785.61
38183	18745	1362.56	172.62	1164.08
38183	18745	1309.34	141.06	1600.87
38183	19001	1322.97	126.84	83.57
38183	18745	1015.5	212.37	708.95
38183	18745	898.7	199.01	1170.98
38183	18745	922.7	187.25	1584.35
38183	19001	925.6	187.32	99.85
38183	19001	1685.8	162.86	466.1
38183	19001	1211.78	147.46	494.34
38183	19001	795.31	204.17	542.75
38183	19001	1508.1	226.36	887.68
38183	19001	1211.29	186.46	880.63
38183	19001	583.96	248.21	901.04
38183	19001	225.5	337.76	790.38
38183	19001	420.78	280.46	413.19
38183	18745	518.32	238.05	1789.59
38183	18745	599.95	221.2	1420.77
38183	18745	1121.85	188.57	1009.63
38183	19257	700.08	242.28	841.59
38183	19257	643.73	234.98	1256.87
38183	19257	524.12	274.16	1640.46
38183	19513	593.2	266.72	20.86
38183	19513	680.79	279.09	454.97
38183	19513	752.79	312.47	771.54
38183	19513	964.73	300.2	1158.59
38183	19513	1165.08	310.44	1416.91
38183	19513	1532.96	246.35	1267.79
38183	19513	1528.1	254.89	865.41
38183	19513	1183.04	246.79	852.59
38183	19513	1141.02	250.41	487.09
38183	19513	1456.19	238.29	384.13
38183	19513	1058.56	221.84	112.49
38183	19257	1434.56	203.06	1818.18
38183	19257	969.57	220.82	1631.47
38183	19257	1316.05	190.79	1499.86
38183	19257	1014.19	212.08	1196.84
38183	19257	1445.18	175.17	1059.83
38183	19257	1146.7	199.37	800.87
38183	19257	1636.72	144.5	657.23
38183	19257	1887.43	119.17	1018.77
38183	19257	1862.44	135.91	1411.93
38183	19257	1882.37	134.65	1743.13
38183	19514	168.04	173.25	174.37
38183	19258	514.51	87.87	1638.9
38183	19258	354.88	74.75	1210.02
38183	19258	345.18	139.64	804.41
38183	19258	312.87	155.32	448.83
38183	19258	791.43	129.44	514.08
38183	19258	1291.36	109.4	494.49
38183	19258	1141.95	40.96	1038.48
38183	19258	678.39	93.43	882.75
38183	19258	760.29	34.48	1244.06
38183	19258	1177.37	21.71	1507.76
38183	19258	1156.15	72.52	1905.25
38183	19514	1043.6	108.33	219.67
38183	19514	641.1	118.65	74.79
38183	19258	208.17	118.9	1668.81
38183	18745	1539.8	107.17	1742.59
38183	18745	1602.25	172.11	936.12
38183	18746	1008.69	140.82	530.21
38183	19513	1278.54	247.56	1098.14
38183	19513	932.82	294.88	593.77
38183	19513	1375.43	251.26	653.23
38222	19003	339.99	87.54	261.34
38222	18747	357.95	25.73	1822.3
38222	18747	408.9	-18.24	1490.35
38222	18747	514.41	31.43	1073.54
38222	18747	745.06	51.53	777.63
38222	18747	1077.8	33.03	688.17
38222	18747	968.36	22.59	1079.3
38222	18747	881.31	-22.36	1439.26
38222	18747	753.75	29.76	1857.22
38222	19003	746.69	83.13	285.53
38222	19003	608.76	128.86	655.61
38222	19003	1056.45	114.65	479.64
38222	19003	1469.2	107.71	676.48
38222	19003	1345.72	73.88	248.45
38222	18747	1180.9	9.16	1766.42
38222	18747	1265.81	-32.34	1396.7
38222	18747	1374.48	10.27	1053.75
38222	18747	1426.4	36.76	694.75
38222	19003	1914.52	97.68	460.44
38222	19003	1706.28	67.6	238.07
38222	18747	1650.16	12.13	1871.41
38222	18747	1656.06	-38.29	1539.84
38222	18747	1753.48	-22.08	1151.37
38222	18747	1828.23	13.94	818.6
38222	19004	115.28	50.05	116.85
38222	18748	147.01	-31.17	1685.32
38222	18748	212.21	-50.37	1275.72
38222	18748	246.01	-2.47	933.41
38222	18748	225.9	49.33	498.25
38222	19004	452.31	91.76	436.74
38222	19004	530.6	48.08	40.43
38222	18748	563.98	-51.73	1546.44
38222	18748	593.12	-44.01	1138.49
38222	18748	620.92	12.94	782.7
38222	18748	684.01	28.47	392.08
38221	19004	830.71	37.8	311.36
38221	18748	857.69	-17.89	1856.59
38221	18748	914.22	-73.55	1506.48
38221	18748	969.75	-61.02	1168.64
38221	18748	1041.95	-17.25	745.79
38221	18748	1083.26	5.53	436.32
38221	19004	1253.07	15.7	323.54
38221	18748	1242.92	-52.24	1868.61
38221	18748	1313.31	-111	1467.06
38221	18748	1384.9	-80.7	1177.92
38221	18748	1405.67	-42.32	778.41
38221	18748	1495.89	14.1	377.22
38221	19004	1731.85	-0.76	442.9
38221	19004	1718.5	-49.81	59.1
38221	18748	1704.58	-132.01	1510.55
38221	18749	1613.41	-143.55	1779.85
38221	18749	1585.16	-218.07	1382.67
38221	18749	1647.34	-237.63	1003.13
38221	18749	1682.55	-164.14	608.29
38221	18749	1180.39	-123.15	495.65
38221	18749	40.35	-24.88	429.44
38221	18749	551.77	-32.38	425.4
38221	18749	215.2	-85.37	835.81
38221	18749	599.62	-110.33	829.41
38221	18749	1049.72	-163.94	863.9
38221	18749	1277.16	-226.18	1241.84
38221	18749	703.03	-188.77	1266.31
38221	18749	267.14	-151.69	1230.51
38221	18749	481.46	-140.27	1789.29
38221	18749	1027.02	-157.48	1675.27
38221	19005	1087.43	-129.4	101.35
38221	19005	1353.66	-58.29	496.49
38221	19005	691.17	-69.47	519.12
38221	19005	718.35	-100.58	109.73
38221	19005	93.82	-51.01	180.18
38221	19005	280.31	-3.14	814.2
38221	18749	181.19	-120.05	1704.49
38221	19005	398.43	-77.34	256.29
38221	19005	506.28	-27.55	724.78
38221	19261	648.12	-4.01	978
38221	19261	391.9	-48.94	1468.99
38221	19261	269.66	-37.34	1117.08
38221	19261	949.33	-51.93	1441.33
38221	19517	745.53	-72.36	82.45
38221	19517	275.87	-80.4	48.09
38221	19517	573.64	-30.21	531.17
38221	19517	886.77	-46.72	396.01
38221	19517	252.59	-8.28	834.5
38221	19517	43.75	-50.93	317.35
38221	19516	1567.5	-14.17	722.84
38221	19516	1508.52	-54.87	205.07
38221	19260	1745.92	-81.31	1658.16
38221	19261	19.59	-89.21	1880.35
38221	19261	5.33	-49.09	1382.35
38221	19260	1493.91	-8.31	1045.6
38221	19260	1391.95	-50.85	1433.49
38221	19260	1310.96	-81.64	1819.47
38221	19516	1146.11	-31.01	308.86
38221	19516	1134.93	-1.69	534.73
38221	19260	1000.39	13.66	723.82
38221	19260	921.57	-19.17	1115.64
38221	19260	939.99	-77.7	1532.55
38221	19516	797.03	-59.08	9.19
38222	19516	763.34	-25.94	413.21
38222	19516	340.93	5.2	323.76
38222	19260	421.74	-52.19	1857.38
38222	19260	515.03	-79.84	1490.96
38222	19260	555.13	7.52	1022.9
38222	19260	605.55	31.86	611.13
38222	19515	1836.96	29.87	484.89
38222	19515	1871.46	-3.98	138.74
38222	19260	78.76	-82.5	1589.58
38222	19260	175.98	-25.31	1166.39
38222	19260	189.34	14.48	789.47
38183	19515	1431.1	87.72	636.34
38222	19515	1457.17	16.49	237.56
38222	19259	1567.58	-61.7	1620.12
38222	19259	1676.61	5.81	995.32
38222	19259	1557.65	-21.57	1229.95
38222	19515	1117.62	82.32	504.96
38222	19515	1092.38	24.91	37.11
38222	19259	1175.67	-47.69	1462.13
38222	19259	1209.84	-6.07	1090.8
38222	19259	1391.66	32.76	833.26
38222	19259	855.8	38.01	767.87
38222	19259	793.34	-11.94	1132.4
38222	19259	816.62	-55.44	1545.12
38222	19515	739.02	25.74	33.07
38222	19515	778.1	75.9	402.99
38222	19515	400.25	61.83	196.53
38222	19259	372.48	-31.09	1579.26
38222	19259	425.49	-7.77	1190.08
38222	19259	420.4	53.43	758.29
38222	19259	429.3	90.37	477.8
38189	18750	557.01	-203.81	1232.13
38189	18750	543.25	-243.98	902.2
38189	18750	574.05	-194.95	539.15
38189	18750	1000.58	-163.65	346.18
38189	18750	918.73	-236.06	704.61
38189	18750	981.2	-190.65	1072.73
38189	18750	1409.84	-152.57	376.38
38189	18750	1364.71	-215.01	632.34
38189	18750	1334.44	-207.99	811.37
38189	18750	1801.37	-187.87	649.82
38189	18751	151.35	-173.18	690.44
38190	18751	485.3	-167.19	700.95
38190	18751	1048.87	-73.17	1366.13
38190	18751	1419.22	-78.98	1414.31
38190	18751	911.88	-142.63	964.16
38190	18751	902.25	-146.01	598.73
38190	18751	1370.58	-123.49	1088.01
38190	18751	1479.84	-137.66	593.89
38190	18751	1886.33	-80.11	1167.7
38190	18751	1870.52	-155.15	683.42
38190	18752	434.54	-120.51	836.75
38190	18752	609.9	-125.31	598.11
38190	18752	1032.9	-91.9	872.26
38190	18752	1180.72	-96.82	571.16
38190	18752	1497.85	-63.21	980.33
38190	18752	1754.51	-86.9	615.68
38190	19265	158.61	17.98	1856.63
38190	19265	55.82	-9.87	1352.11
38190	19265	124.09	-42.05	950.93
38190	19265	144.33	-55.45	589.07
38190	19265	156.27	-53.49	401.76
38190	19009	147.58	-43.04	1869.14
38190	19009	310.95	-27.31	1325
38190	19009	208.12	-53.29	859.22
38190	19009	292.29	-67.75	377.41
38190	19009	265.39	-35.94	52.26
38190	18753	314.31	-48.62	1507.84
38190	18752	1865.29	-63.75	1215.83
38190	18753	192.22	-102.89	803.32
38190	18753	507.24	-87.75	1220.17
38190	18753	670.71	-62.68	662.27
38190	19264	1195.35	-37.74	1089.54
38190	19264	1225.62	-70.1	615.13
38190	19264	1304.83	-36	243.17
38190	19008	1417.83	-19.01	1720.87
38190	19008	1710.52	-35.68	1893.13
38190	19264	1696.62	-55.48	503.87
38190	19264	1704.63	-62.34	810.85
38190	19264	1671.21	-18.76	1213.3
38190	19264	1700.83	7.13	1596.52
38190	19264	685.6	-25.8	1028.33
38190	19264	753.42	-68.41	668
38190	19264	882.15	-11.47	126.24
38190	19264	222.63	-24.33	1059.89
38190	19264	274.87	-52.11	732.26
38190	19264	441.65	-26.27	360.33
38190	19263	1357.82	-3.61	1154.49
38190	19263	1589.3	-52	747.09
38190	19263	1879.06	29.48	302.77
38190	19263	1801.28	-11.85	1091.3
38190	19263	956.77	-9.58	1246.89
38190	19263	1089.81	-47.17	882.69
38190	19263	1206.4	4.55	534.8
38190	19263	498.53	-22.22	1179.41
38190	19263	531.36	-50.44	817.87
38190	19263	713.3	40.06	308.22
38190	19262	1905.11	-3.12	1426.97
38190	19263	23.42	-43.26	920.96
38190	19263	215.52	14.54	469.88
38190	19262	1451.53	3.15	1758.54
38189	19262	1381.48	-21.25	1343.75
38189	19262	1496.4	-34.17	920.05
38189	19262	1619.18	30.5	427.53
38190	19517	1744.16	-9.02	717.49
38189	19517	1677.82	-14.03	234.37
38189	19261	1648.08	-69.09	1625.39
38189	19261	1619.62	-25.65	1253.42
38189	19261	1633.67	-8.78	842.88
38189	19518	341.6	-2.04	633.54
38189	19518	264.85	-12.44	411.41
38189	19518	146.55	-24.06	63.75
38189	19262	163.7	-57.61	1508.6
38189	19262	233.1	-20.84	1018.28
38189	19262	216.8	-2.25	531.19
38189	19518	663.56	2.51	217.73
38189	19262	578.72	-10.57	1816.23
38189	19262	525.76	-44.44	1389.95
38189	19262	580.7	-22	1012.85
38189	19262	604	-6.03	638.63
38189	19262	1046.79	1.96	1860.37
38189	19262	1017.89	-9.01	1620.02
38189	19262	997.55	-37.45	1207.97
38189	19262	989.71	-16.98	802.29
38189	19262	965.24	14.44	338.46
38189	19262	1324.1	17.51	403.11
38190	19008	1681.97	-15.72	1180.72
38190	19008	1859.94	-35.09	1490.7
38168	18753	1631.62	-8.98	755
38168	18754	150.15	-3.36	810.14
38168	18754	560.54	1.73	815.8
38168	18754	975.56	21.83	831.15
38168	18754	1303.45	38.9	828.73
38168	18754	1254.24	15.35	1222.11
38168	18754	884.91	-1.14	1214.59
38168	18754	380.92	-26.77	1199.39
38168	18753	1835.33	-36.11	1141.88
38168	18753	1365.17	-73.51	1182.01
38168	18754	1132.59	-24.03	1739.74
38168	18754	711.28	-47.31	1712.24
38168	18753	1223.65	-81.49	1895.53
38168	19009	1592.9	-70.87	125
38168	19010	125.91	-47.36	250.55
38168	19010	587.74	-42.55	266.77
38168	18754	207.95	-60.64	1525.69
38168	19009	1144.2	-88.77	438.26
38168	19009	1488.22	-25.67	633.05
38168	19009	1877.55	-43.1	637.71
38168	19010	451.17	-31.11	703.6
38168	19010	850.13	-20.12	711.64
38168	19010	1278.65	-14.53	774.87
38168	19010	1214.59	-32.2	1119.44
38168	19010	1599.36	-31.36	1008.28
38168	19010	622.97	-37.8	1055.58
38168	19010	174.48	-41.65	1023.67
38168	19009	1490.41	-75.4	1007.7
38168	19009	1010.12	-85.65	887.08
38168	19265	1159.65	-19.41	845.78
38168	19265	1544.36	-25.7	738.58
38168	19266	8.36	-22.82	759.51
38168	19266	948.01	-7.5	709.31
38168	19266	266.39	-29.37	818.59
38168	19266	1525.32	5.99	1018.6
38168	19266	1162.54	23.38	1337.81
38168	19266	894.78	-1.7	1081.18
38168	19266	507.75	-5.55	1131.49
38168	19266	112.59	-4.06	1145.87
38168	19265	1624.13	-17.05	1097.2
38168	19265	1293.4	-32.93	1182.9
38168	19265	824.27	-21.58	1328.49
38168	19265	1158.14	0.66	1587.9
38168	19265	1581.26	-28.52	1429.14
38168	19266	70.69	-8.4	1466.04
38168	19266	387.39	10.36	1506.05
38168	19266	833.47	12.18	1544.53
38168	19266	1195.91	4.18	1649.25
38168	19265	920.94	24.7	1912.21
38168	19521	1446.56	17.85	68.44
38168	19521	1794.35	15.72	73.16
38168	19522	333.24	23.37	272.82
38168	19522	769.66	28.26	276.54
38168	19522	1246.63	16.44	262.4
38168	19522	1454.78	9.74	734.99
38168	19522	1119.82	32.49	1024.05
38168	19522	689.46	78.31	1283.29
38168	19522	158.42	87.7	1453.04
38168	19521	1620.64	88.32	1394.42
38168	19521	1328.41	80.77	1209.04
38168	19521	986.39	75.67	949.32
38168	19521	492.17	96.46	719.41
38168	19521	900.97	46.49	554.63
38168	19521	971.87	47.54	320.07
38168	19521	646.85	147.67	1273.02
38168	19521	1323.42	23.53	667.69
38168	19521	1438.9	21.52	345.13
38168	19521	1725.75	35.52	902.6
38168	19521	1767.81	19.61	534.23
38168	19522	94.2	34.48	1038.83
38168	19522	245.59	28.67	722.91
38168	19522	630.25	27.01	587.24
38168	19522	1098.06	24.54	554.99
38168	19522	508.25	33.12	979.58
38168	19522	872.69	27.9	857.57
38168	19009	152.28	-50.98	942.19
38168	19521	189.52	25.41	33.2
38168	19008	1818.99	-46.44	1636.48
38168	18753	478.7	-70.5	1545.33
38168	18753	781.95	-65.52	727.82
38248	19268	289.41	-1.3	372.12
38248	19268	674.53	1.83	344.76
38248	19268	242.12	2.28	798.16
38248	19268	190.52	4.66	1219.83
38248	19268	163.88	2.38	1548.12
38248	19268	94.2	10.82	1892.75
38248	19523	1739.59	-2.29	66.49
38248	19523	1429.8	-1.19	2.34
38248	19267	1134.76	-0.36	1914.72
38248	18755	968.66	-10.74	1882.03
38248	18755	1241.18	-5.44	1877.4
38248	18755	1591.08	-6.07	1897.88
38248	18756	55	9.06	1896.92
38248	19012	88.98	2.6	462.34
38248	19012	153.08	-1.3	846.8
38248	19012	170.95	-0.88	1211.23
38248	19012	166.18	-0.5	1596.36
38248	19012	171.48	0.23	1892.47
38248	19268	225.97	0.95	1005.22
38248	19268	269.58	-2.55	555.93
38248	19012	128.29	-1.05	216.88
38248	19012	180.49	2.19	1071.76
38249	18756	90.33	14.52	972.86
38249	18756	56.46	19.5	576.59
38249	18756	509.9	14.45	947.14
38249	18756	946.4	7.62	895.81
38249	18756	1312.01	-0.46	868.5
38249	18756	1670.28	-5.53	864.81
38249	18757	235.83	-8.78	872.3
38249	18757	710.37	-8.54	872.31
38249	18757	1036.58	-16.41	864.88
38249	18757	1484.16	-4.37	804.97
38249	18757	1606.06	-20.37	411.77
38249	18757	850.3	1.66	383.99
38249	18757	212.62	6.5	384.38
38249	18756	1532.25	2.9	421.28
38249	18756	950.52	2.93	432.44
38249	18756	508.09	10.22	425.45
38249	18758	1116.94	-0.67	469.41
38249	18758	1078.02	-11.59	995.04
38249	18758	1102.57	1.45	1564.28
38249	18758	322.84	-8.68	599.14
38249	18758	306.8	-16.72	1037.77
38249	18758	312.61	-1.54	1634.74
38249	19014	342.25	0.14	387.37
38249	19014	1584.24	-8.41	633.69
38249	19015	327.82	-8.13	574.21
38249	18758	1754.21	-4.91	1851.39
38249	18759	548.12	3.67	1731.74
38249	18758	1590.13	13.91	986.97
38249	18759	349.66	6.78	982.4
38249	18758	1862.35	-0.75	229.65
38249	18759	664.67	-0.41	257.55
38249	18759	817.42	-10.14	855.42
38249	18759	1490.9	-10.62	298.76
38249	18759	1387.83	-15.34	1066.97
38249	19015	692.96	-3.54	239.83
38249	19524	1581.61	-10.84	1132.26
38249	19525	272.73	3.29	1102.67
38249	19525	956.5	-23.8	1055.13
38249	19525	1606.11	-32.42	1034.72
38249	19526	105.48	-7	1076.7
38249	19525	296.76	14.11	497.62
38249	19525	794.15	-12.25	503.21
38249	19525	1151.71	-15.27	519.44
38249	19525	1736.11	-6.79	472.28
38249	19269	581.76	-0.46	1905.91
38249	19269	575.92	-6.46	1188.66
38249	19524	1744.84	-7.07	11.72
38249	19268	1695.17	-3.28	1622.97
38249	19268	1729.7	3.67	1071.78
38249	19269	701.32	-14.7	1480.98
38249	19269	1452.72	-18.47	1514.11
38249	19269	1055.82	-16.37	1619.55
38249	19269	493.71	5.56	670.4
38249	19269	1391.29	-5.11	815.89
38249	19270	343.99	-14.14	1506.09
38249	19526	359.72	-13.33	285.69
38249	19526	321.1	-11.57	704.47
38249	19526	1112.84	-10.95	942.21
38249	19526	1090.54	-1.45	514.34
38249	19270	1193.65	-13.51	1858.65
38249	19526	1820.4	-5	6.06
38249	19271	577.6	-10.34	1889.59
38249	19527	339.43	5.77	840.63
38249	19526	1544.49	9.21	685.75
38249	19527	1312.98	-8.43	664.74
38249	19527	1327.9	-2.98	177.51
38249	19271	1366.71	-4.8	1533.89
38249	19527	823.6	3.86	1402.49
38249	19527	401.02	-6.38	1527.79
38249	19526	1677.78	4.56	1009.2
38249	19526	1076.39	-5.23	1288.14
38249	19527	845.14	-16.19	633.42
38249	19527	950.65	-0.34	122.47
38249	19527	1353.65	1.08	1227.96
38249	19271	825.37	-9.68	1293.85
38249	19270	1772.21	-9.14	1365.16
38248	19524	897.75	1.06	197
38248	19524	976.02	-3.66	539.8
38248	19268	937.91	0.04	1614.85
38248	19268	910.3	-5.07	1226.38
38248	19268	841.84	0.13	634.05
38248	19012	753.68	-0.51	1319.12
38248	19012	764.67	0.13	791.86
38248	19012	784.71	1.68	271.01
38248	19012	779.44	-3.98	1035.95
38248	18756	797.36	14.24	1733.93
38248	19012	796.41	-0.75	476.87
38252	19268	1718.26	-11.09	101.13
38252	19269	373.02	-5.5	71.1
38252	19269	779.04	-6.41	54.26
38252	19269	1247.9	-2.85	30.12
38252	19269	1607.12	-1.54	41.44
38252	19270	162.36	-7.6	63.68
38252	19270	298.72	-3.7	754.16
38252	19270	627.36	-12.81	382.16
38252	19270	632.4	-7.5	132.03
38252	19270	932.17	9.54	908.02
38252	19270	1324.15	-13.66	720.08
38252	19270	1229.41	22.38	311.49
38252	19014	1281.24	22.32	1900.79
38252	19270	1765.8	-15.55	585.54
38252	19270	1653.59	-6.84	180.36
38252	19271	325.45	-12.86	446.85
38252	19271	705.16	13.04	378.65
38252	19015	636.48	11.4	1712.27
38252	19014	1917.78	-5.59	1573.57
38252	19015	91.64	-8.1	1194.81
38252	19014	1315.38	-10.15	1306.28
38252	19014	819.71	-5.57	1343.01
38252	19014	250.02	-7.51	1377.93
38252	19014	952.21	-5.31	750.92
38252	19014	1705.75	-6.38	670.91
38252	18758	1086.9	3.49	1823.7
38252	18757	1198.63	-5.19	1636.31
38252	18756	1369.84	-13.69	1558.56
38252	18757	7.74	-15.69	1555.44
38252	18757	518.31	-6.5	1571.65
38252	18757	1654.9	20.57	1612.55
38252	19013	1531.64	5.62	478.62
38252	19013	1457.49	-8.66	963.19
38252	19013	1267.4	-4.95	1400.46
38252	19012	1729.72	-0.94	1440.74
38252	19013	599.58	6.55	1507.34
38252	19013	493.49	-5.8	902.29
38252	19013	951.7	-9.33	957.52
38252	19013	453.71	3.63	325.71
38252	19012	1783.7	2.9	323.03
38252	19012	1372.36	-7.28	960.24
38252	19012	1789.53	-8.83	968.41
38252	19015	1284.75	10	1637.2
38252	19271	1263.85	8.46	466.82
38252	19271	787.37	7.17	820.44
38252	19015	830.27	5.23	1265.91
38195	19017	1578.03	184	1780.56
38257	19530	375.09	146.89	1027.81
38257	19529	1689.95	136.61	1045.79
38257	19529	817.85	95.71	1039.56
38257	19529	273.4	52.31	1033.12
38257	19528	1716.65	51.73	992.27
38257	19528	1153.5	51.21	896.93
38257	19528	1325.14	4.11	492.42
38257	19528	1828.88	46.06	511.56
38257	19529	488.05	15.56	560.13
38257	19529	1278.49	44.53	473.5
38257	19529	1820.96	49.1	451.07
38257	19530	0.34	53.9	7.83
38257	19273	1384.98	26.83	1890.23
38257	19273	801.66	9.55	1841.8
38257	19273	351.25	1.42	1865.7
38257	19272	1641.73	-31.78	1832.71
38257	19272	1254.38	-24.9	1762.6
38257	18760	1321.3	10.59	991.12
38257	18760	868.47	27.07	964.73
38257	18760	938.49	1.57	1404.15
38257	18760	1761.43	18.17	1325.52
38257	18760	1862.25	60.79	948.15
38257	18761	501.66	44.15	1042.71
38257	18761	1526.54	61.45	1111.4
38257	18761	1150.57	52.63	1270.09
38257	18761	1783.44	75.84	1388.27
38257	18762	268.19	136.81	836.48
38257	18762	720.27	118.32	1051.68
38257	18762	446.11	91.69	1363.41
38257	18761	649.55	18.45	1482.21
38257	18760	1731.88	-21.14	1739.84
38257	18761	1321.37	39.45	1666.51
38257	18761	1776.61	40.8	1872.33
38257	18761	539.69	-3.07	1845.2
38257	18760	1336.92	-41.94	1764.68
38235	19016	1450.24	-22.89	643.47
38235	19017	80.23	-2.74	490.35
38235	19017	634.11	18.16	515.79
38235	19017	1167.31	50.74	496.99
38235	19017	1790.92	60.94	459.99
38235	19018	425	82.75	457.13
38235	19018	928.49	114.1	464.92
38235	19018	910.14	94.67	62.5
38235	19018	380.06	83.02	114.75
38235	19017	1577.41	36.11	130.14
38235	19017	919.79	6.94	123.5
38235	19017	279.11	-11.83	136.07
38235	19016	1530.42	-42.74	160.82
38235	19016	967.65	-38.51	217.6
38235	19272	952.62	0.68	923.63
38235	19272	1283.83	7.14	701.24
38235	19272	1471.75	-10.61	1187.91
38235	19272	1825.11	-14.44	1518.48
38235	19273	415.94	-2.23	1578.2
38235	19273	1020.3	23.53	1585.66
38235	19273	1534	19.38	1589.18
38235	19274	229.76	46.82	1603.51
38235	19274	1009.66	73.62	1873.74
38235	19274	633.91	45.69	1556.2
38235	19274	554.99	74.32	1057.22
38235	19274	64.61	42.12	1105.29
38235	19273	1448.96	32.66	1089.1
38235	19273	839.58	29.5	1073.48
38235	19273	319.01	-4.33	1057.42
38235	19272	1907.25	41.52	763.36
38235	19274	1108.88	77.01	771.22
38235	19274	799.98	105.85	489.65
38235	19018	1023.21	124.86	1059.18
26812	21833	1384.3	-49.35	304.78
3861	23088	449.84	862	1269.51
9251	23088	1364.37	863.36	1130.77
26806	23603	1179.79	1559.48	989.86
26807	23603	1326.97	1559.98	759.94
26811	19266	1362.45	31.81	3.2
26828	23344	1137.44	936	1608.41
26820	23603	462.17	1530.2	240.59
26808	22833	667.65	790.73	1199.32
26805	22833	471.22	791.89	1001.9
38235	19272	994.47	12.57	37.59
38235	19272	1422.73	-2.59	69.94
38235	19272	1776.02	13.99	100.01
38235	19016	1842.03	22.27	1566.96
38235	19016	1451.73	25.23	1572.98
38235	19016	1035.84	19.89	1549.09
38235	19016	1040.45	17.05	1113.45
38235	19016	1407.72	-3.01	1151.11
38235	19016	1877	13.21	1148.87
38235	19018	754.16	100.34	1022.69
38235	19273	429.93	46.81	334.43
38235	19017	448.42	52.61	1342.39
38168	19265	1167.15	-52.24	133.97
38168	19265	1506.38	-50.87	133.9
38168	19265	1791.17	-54.67	140.8
38168	19009	1126.87	-63.28	1673.92
38168	19009	1391.03	-72.04	1659.77
38168	19009	1640.96	-71.98	1666.53
38168	19266	236.36	-33.65	140.32
38168	19010	152.89	-49.81	1655.63
38168	19010	506.7	-32.66	1843.47
38168	19265	734.12	-52.86	160.06
38168	19009	734.15	-63.93	1622.38
38168	19266	1811.71	14.93	310.7
38168	19010	1841.42	16.61	1915.33
38168	19010	1797.69	6.39	1566.72
38168	19266	614.3	-20.04	487.54
38168	19010	579.13	-42.34	1439.58
38196	29632	117.31	661.82	1780.23
38185	29632	118.2	661	1772.98
38185	29887	1302.01	820.44	1393.63
38224	29631	1286.8	819.37	229.82
38254	29889	492.95	809.02	48.71
38254	29633	430.76	823	1557.18
38254	29633	0.94	813.99	1831.71
38199	30144	1829.93	845	1057.38
38232	30144	1817.99	842	1016.95
38236	30144	1805.59	821.24	134.76
38236	30145	83.2	815.32	401
38236	30144	1562.45	815.78	413.31
38236	29889	108.49	820.27	1681.43
38236	29888	1619.86	823.14	1677.85
38202	29376	1783.77	818.48	663.8
38175	29376	1852.31	814.02	691.04
38172	29376	1812.74	820.37	1546.86
38172	29376	1578.08	823.81	1769.05
38172	29377	143.44	811.68	1764.39
38172	29376	1603.4	811.46	1286.7
38172	29377	125.17	814.46	1291.49
38178	29634	604.28	812.1	1792.2
38165	29891	515.87	833	463.82
38169	29891	526.33	830	220.28
38205	29891	1316.52	840	284.38
38169	29891	1248.15	839	220.92
38208	29380	518.26	697	1849.23
38157	29380	518.26	654	1849.23
38160	29380	518.26	654	1849.23
38254	29633	937.57	819.5	1768.78
38197	31424	110.51	727.93	1770.54
38186	31424	122.45	730.99	1772.93
38186	31679	1292.55	814.97	1397.69
38225	31423	1286.69	820.68	236.31
38255	31425	421.81	822.52	1919.66
38255	31425	582.42	814	1557.66
38255	31424	1901.02	758.54	1751.16
38255	31425	845.04	830.89	1764.6
38200	31936	1818.76	841	1021.9
38233	31936	1817.01	835	1007.89
38237	31936	1804.68	829	105.18
38237	31936	1568.07	835.7	307.71
38237	31937	176.13	837.74	287.31
38237	31680	1607.93	833.54	1746.4
38237	31681	124.69	839.66	1781.58
38203	31168	1766.34	849.98	631.37
38176	31168	1776.15	849.92	632.13
38173	31168	1814.22	857.15	1522.74
38173	31168	1543.64	865.81	1765.39
38173	31169	187.02	843.64	1738.62
38173	31168	1597.35	854.46	1287.09
38173	31169	120.67	838.46	1296.19
38179	31426	611.53	839.1	1776.38
38166	31683	529.22	838	451.54
38170	31683	500.31	831	100.37
38206	31683	1286.88	832	226.08
38170	31683	1317.08	831	173.78
38209	31172	518.2	701	1843.15
38158	31172	519.16	711	1821.26
38161	31172	521.44	706	1835.15
38198	31411	119.47	714.89	1776.93
38187	31411	124	717.97	1772.42
38187	31666	1285.87	830.86	1391.8
38226	31410	1284.8	846.02	230.22
38256	31412	405.79	783.74	1919.24
38256	31412	418.29	779.59	1576.78
38256	31411	1910.47	756.86	1765.74
38256	31412	888.71	839.22	1773.79
38201	31923	1834.02	835	997.82
38234	31923	1804.21	846	992.15
38238	31923	1814.16	826.13	96.53
38238	31923	1599.96	824.94	297.97
38238	31924	138.63	832	302.29
38238	31667	1591.95	823.73	1766.67
38238	31668	111.83	824.47	1772.4
38204	31155	1742.66	842.93	632.52
38177	31155	1758.88	838.27	634.62
38174	31155	1804.23	833	1535.03
38174	31155	1589.87	822.81	1748.43
38174	31156	140.64	832.67	1746.61
38174	31155	1592.15	831.46	1311.69
38174	31156	131.45	840.46	1315.71
38180	31413	608.26	842.1	1776.56
38167	31670	482.82	834	498.13
38171	31670	501.84	828.85	212.15
38207	31670	1292.86	829	247.32
38171	31670	1249.86	822	247.32
38210	31159	518.44	853	1848.93
38159	31159	543.72	824	1837.03
38162	31159	519.92	827	1850.42
38228	-32758	-8063.51	44.64	3743.6
38228	-32758	-8334.08	32.23	2917.19
38228	-32758	-7932.68	32.23	2905.27
38228	-32758	-8074.38	32.08	3245.29
38150	-32756	179.11	38.81	-3049.65
38149	-32756	408.6	38.81	-3045.64
38148	-32756	286.88	38.81	-2951.17
38150	-32756	294.08	38.81	-3169.63
38151	-32755	2521.74	43.79	-954.49
38152	-32755	2521.74	43.79	-954.49
38151	-32755	2189.73	23.11	-674.78
38152	-32755	2801.16	23.11	-1217.7
38152	-32755	2837.88	23.11	-661.91
38151	-32755	2234.72	23.11	-1200.44
38241	-32757	-4973	70.91	3473.01
38241	-32757	-4204.37	58.13	3216.12
38241	-32757	-4179.88	58.13	3736.75
38163	-32754	9612.51	101.84	29.83
38164	-32754	9615.51	101.84	29.83
38163	-32754	8619.86	101.82	258.26
38164	-32754	8651.68	101.82	16.25
38163	-32754	8664.79	101.82	-230.35
38163	-32753	-131.65	-143.74	-83.97
38164	-32753	-8.05	-143.73	-86.3
38163	-32753	136.47	-143.74	-82.16
38163	-32753	1.76	-143.73	-86.43
38163	-32754	9238.84	93.97	258.81
38164	-32754	9265.15	94.04	-166.7
38213	-32756	291.52	43.59	-3060.98
38214	-32755	2521.99	43.79	-957.63
26795	23089	335.34	777.66	798.68
26823	23602	829.47	1407.65	346.16
26825	23602	1225.18	1447.88	529.22
26809	24112	1455.18	535.78	155.4
26810	24112	1689.52	519.32	157.02
26809	24111	1858.06	537.41	236.43
26810	24111	1470.21	545	563.01
26810	23857	704.79	551.9	544.54
26829	23346	1702.8	1403.63	1221.35
9252	23088	786.2	863.36	1262.53
26821	23346	648.39	1310.96	1730.5
2182	24758	635.94	19.36	397.26
26798	23089	867.84	856.5	1644.05
26833	-32752	7636.08	111.56	74.61
26817	-32752	7592.01	111.56	55.55
26738	-32753	0.35	-160.69	238.62
38231	22347	649.25	-19.9	709.68
38231	22347	400.26	19.62	161.53
38243	22091	640.06	40.55	1567.82
38235	19017	1573.47	184.03	1801.3
38257	19017	1573.47	184.03	1801.3
24642	26265	932.44	-106.76	1704.04
24642	26959	431.74	83.74	892.16
24642	27500	346.6	180	50.77
24642	23088	780.55	862	945.59
38212	-32757	-4686.42	58.35	3463.5
38211	-32758	-8055.81	32.08	3410.32
36031	-32751	1134.79	0	-864.29
36030	25000	1760.45	11	419.17
36030	23687	1490.73	243.99	968.19
36030	26959	17.18	80.44	258.15
26908	-32751	496.49	-9.98	54.12
26915	-32751	536.86	-9.98	49.07
26908	-32751	512.41	-9.98	81.27
26908	-32751	798.18	-9.98	90.44
26915	-32751	764.12	-9.98	61.81
26908	-32751	831.56	-9.98	60.09
26908	-32751	665.61	-9.98	119.82
26915	-32751	631.12	0.08	64.36
26908	-32751	683.87	-6.38	67.73
26918	-32751	484.71	0.06	334.86
26924	-32751	531.02	0.06	337.67
26918	-32751	498.11	0.04	372.7
26918	-32751	663.65	0.03	374.34
26924	-32751	692.81	0.04	346.25
26918	-32751	643.3	0.05	339.64
26918	-32751	821.27	0.03	367.86
26918	-32751	842.41	0.04	334.22
26924	-32751	789.14	0.05	337.1
21478	-32751	-116.48	0	283.98
21483	-32751	-256.84	-9.89	217.02
21478	-32751	-138.78	0	138.96
21478	-32751	-131.35	0	-236.4
21483	-32751	-239.5	-0.57	-281.81
21478	-32751	-100.75	0	-349.2
22188	-32751	-730.14	-10.04	237.79
22193	-32751	-615.54	-10.04	218.73
22188	-32751	-729.35	-10.04	122.96
22193	-32751	-683.2	-10.04	-154.24
22188	-32751	-620.89	-10.04	-209.45
22193	-32751	-725.75	-1.71	-300.91
26930	-32751	1155.25	0.06	56.84
26930	-32751	1120.34	0.05	21.91
26934	-32751	1192.35	0.08	15.75
26930	-32751	1341.55	-9.98	62.92
26930	-32751	1313.39	-9.98	21.47
26934	-32751	1376.32	-9.98	14.34
26930	-32751	1522.24	-9.98	73.8
26934	-32751	1481.09	-9.98	25.5
26930	-32751	1547.73	0.07	26.17
26931	-32751	1121.4	0.02	412.96
26933	-32751	1173.73	0.05	359.58
26931	-32751	1094.96	0.03	343.06
26931	-32751	1312.36	-9.98	384.97
26933	-32751	1278.46	-9.98	316.6
26931	-32751	1340.85	-9.98	305.45
26931	-32751	1486.99	-9.98	382.6
26933	-32751	1460.97	-9.98	319.68
26931	-32751	1507.19	-9.98	325.92
22338	-32751	2142.98	0	321.64
22343	-32751	2107.1	0	273.69
22338	-32751	2207.74	-7.79	261.47
22338	-32751	2122.99	-3.48	-160.14
22343	-32751	2087.41	0	-231.78
22338	-32751	2165.28	-7.2	-206.54
22338	-32751	2629.97	-5.52	297.05
22343	-32751	2746.49	0	209.48
22343	-32751	2624.01	-10.04	186.84
22338	-32751	2676.26	-10.04	-128.82
22343	-32751	2622.88	-10.04	-188.02
22343	-32751	2752.78	0	-220.23
26887	-32751	814.66	0.06	-1737.03
26894	-32751	843.18	0.05	-1823.78
26887	-32751	765.98	-8.46	-1805.45
26894	-32751	533.25	-6.37	-1727.53
26887	-32751	467.57	-9.98	-1787.22
26894	-32751	565.55	-9.98	-1824.13
26909	-32751	547.89	-9.98	-2057.56
26914	-32751	519.61	-9.98	-2116.37
26909	-32751	589.94	-9.98	-2109.19
26914	-32751	805.3	0.06	-2050.34
26909	-32751	760.3	0.06	-2116.86
26914	-32751	857.58	0.03	-2113.28
22298	-32751	-209.75	-1.05	-1428.25
22303	-32751	-79.7	0	-1510.16
22298	-32751	-210.07	-10.04	-1572.37
22303	-32751	-131.71	0	-1968.88
22298	-32751	-270.88	-9.56	-1994.64
22303	-32751	-135.36	0	-2044.12
22588	-32751	-709.04	-0.37	-1467.58
22593	-32751	-720.27	-9.76	-1568.19
22588	-32751	-654.54	-10.04	-1572.89
22593	-32751	-664.06	-10.04	-1913.08
22588	-32751	-611.26	-10.04	-2016.05
22593	-32751	-697.43	0	-2022.79
22298	-32751	-261.21	0	-2063.95
36033	32484	1196.37	700.25	975.6
36032	32484	896.24	692.16	1122.54
36032	31459	395.93	792.47	1775.33
36063	32483	1441.3	818.17	218.56
36063	32483	1066.49	820.68	512.94
36063	32226	1549.46	759.35	1759.06
36063	32226	1387.58	759.66	1475.45
36087	32226	1335.54	750	1684.8
36087	32226	1562.52	765.17	1569.94
36087	32226	619.42	768.02	1207.02
36087	32226	782.15	763.05	898.58
36069	32226	866.6	800.31	309.95
36069	32226	873.82	772.08	39.2
36075	32226	940.75	793.57	241.89
36075	32226	639.46	807.52	197.55
36075	31970	880.31	775.62	1271.38
36075	31970	662	817.49	960.76
36075	31970	1257.67	884.84	121.88
36075	31970	1534.74	885.13	620.69
36099	31970	1339.59	887.86	415.49
36099	31970	1561.85	890.46	40.95
36099	31971	543.47	860.91	83.81
36099	31971	849.94	861.11	152.12
36099	31971	617.31	772.14	1706.29
36099	31971	313.84	782.71	1560.12
36081	31971	763.18	772.89	1450.82
36081	31971	291.32	782.03	1309.43
36081	32227	244.74	835.51	405.34
36081	32226	1849.06	836.26	321.36
36081	31971	1449.67	796.21	363.7
36081	31972	118.42	789.09	427.51
36075	31971	1745.57	794.26	142.05
36075	31971	1801.45	777.47	689.97
36063	32227	1527.65	771.52	75.41
36063	31971	1446.65	757.73	1526.04
36093	32228	343.07	763.43	266.8
36087	31972	316.8	764.34	1871.39
36093	31972	588.82	770.48	1663.22
36087	31972	909.83	780.69	1742.17
36093	32228	1045.26	785.84	157.59
36087	32228	743.39	781.66	319.42
36117	32228	728.46	799.42	49.6
36063	32228	180.94	830.43	849.8
36063	32228	1413.29	800.65	764.11
36063	31972	1327.78	785.72	1412.91
36063	31972	192.21	776.49	1402.83
36105	32228	615.91	798.68	54.07
36069	32229	198.69	790.55	238.18
36069	32229	582.79	796.82	349.44
36069	31973	968.73	812.07	1605.16
36069	31973	800	815.8	1716.43
36093	31973	631.09	801.24	1075.75
36093	31973	873.52	794.53	1028.14
36093	31973	1621.63	808.61	1303.01
36093	31973	1423.01	773.53	556.1
36087	31718	890.95	720.34	1717.29
36087	31718	1373.86	725.42	1615.95
36093	31718	1243.04	785.9	986.67
36093	31718	1474.42	782.5	1088.62
36087	31718	1737.56	798.22	716.66
36087	31718	1552.89	795.66	515.85
36081	31719	942.63	797.27	671.92
36081	31719	581.19	800.53	591.65
36081	31462	1088.17	804.63	1262.13
36081	31462	512.14	819.93	1412.53
36075	31718	996.04	797.1	583.28
36075	31718	629.27	798.18	554.88
36075	31462	743.85	819.98	1209.8
36075	31462	553.56	820.34	1100.85
36075	31719	687.57	689.29	1701.22
36075	31719	670.54	673.56	1432.89
36099	31462	957.27	804.46	941.51
36099	31462	721.31	821.85	830.64
36063	31719	1129.1	676.29	1764.01
36063	31719	1085.92	674.56	1370.17
36069	31719	1214.74	675.14	1567.53
36069	31719	923.69	670.59	1383.99
36093	31717	110.63	694.38	1069.89
36093	31717	176.83	742.42	595.23
36081	31461	715.9	817.37	1805.54
36081	31461	430.62	795.65	1590.43
36099	31460	1655.5	768.65	1554.81
36099	31460	1226.15	778.85	1379.94
36099	31716	1041.78	780.69	265.76
36099	31716	665.48	780.14	318.26
36105	31716	804.28	780.19	217.32
36111	31461	632.21	810.89	1602.39
36117	31717	1480.99	668.58	1403.47
36063	31717	1363.31	668.13	1807.05
36063	31717	1145.57	649.97	1173.67
36063	31717	967.78	645.26	1579.28
36069	31717	1695.36	693.42	1208.48
36069	31717	1711.97	688.04	1632.12
36069	31717	1438.09	668.61	1129.02
36063	31973	942.21	646.96	111.15
36063	31717	790.67	681.04	808.49
36063	31717	1899.18	711.1	869.46
36063	31974	42.88	711.68	177.47
36111	31717	1022.81	645.26	1316.13
36117	31715	654.2	787.22	184.87
36075	31715	149.8	785.45	414.37
36075	31715	622.2	787.84	248.63
36099	31715	428.9	785.49	464.05
36099	31459	147.13	789.08	1738.31
36081	31715	87.19	786.62	107.34
36081	31715	660.36	788.77	25.51
36063	31714	1726.01	785.25	523.33
36063	31715	712.79	783.52	786.98
36063	31458	1871.35	789.65	1435.83
36063	31459	892.68	788.11	1514.06
36321	31459	183.37	789.56	1732.13
36063	32228	359.42	826.24	1854.14
36063	32484	135.79	825.06	69.47
36069	32483	1340.55	819.8	204.71
36069	32483	1189.44	813.72	445.36
36069	32483	643.39	824.21	154.79
36069	32483	272.43	768.5	289.15
36033	32484	1196.37	700.25	975.6
36032	32484	896.24	692.16	1122.54
36032	31459	395.93	792.47	1775.33
36118	31717	1480.99	668.58	1403.47
36064	31717	1363.31	668.13	1807.05
36064	31717	1145.57	649.97	1173.67
36064	31717	967.78	645.26	1579.28
36070	31717	1695.36	693.42	1208.48
36070	31717	1711.97	688.04	1632.12
36070	31717	1438.09	668.61	1129.02
36064	31973	942.21	646.96	111.15
36064	31717	790.67	681.04	808.49
36064	31717	1899.18	711.1	869.46
36064	31974	42.88	711.68	177.47
36112	31717	1022.81	645.26	1316.13
36118	31715	654.2	787.22	184.87
36076	31715	149.8	785.45	414.37
36076	31715	622.2	787.84	248.63
36100	31715	428.9	785.49	464.05
36100	31459	147.13	789.08	1738.31
36082	31715	87.19	786.62	107.34
36082	31715	660.36	788.77	25.51
36064	31714	1726.01	785.25	523.33
36064	31715	712.79	783.52	786.98
36064	31458	1871.35	789.65	1435.83
36064	31459	892.68	788.11	1514.06
36322	31459	183.37	789.56	1732.13
36123	31971	656.99	779.47	1193.14
36123	31719	851.42	691.54	1781.71
36124	31971	656.99	779.47	1193.14
36124	31719	851.42	691.54	1781.71
36118	32228	728.46	799.42	49.6
36088	32228	743.39	781.66	319.42
36088	32228	343.07	763.43	266.8
36088	31972	588.82	770.48	1663.22
36094	31972	316.8	764.34	1871.39
36094	31972	909.83	780.69	1742.17
36094	32228	1045.26	785.84	157.59
36064	32228	1413.29	800.65	764.11
36064	32228	180.94	830.43	849.8
36064	31972	1327.78	785.72	1412.91
36064	31972	192.21	776.49	1402.83
36106	32228	621.91	798.68	54.07
36033	32484	1196.37	700.25	975.6
36032	32484	896.24	692.16	1122.54
36032	31459	395.93	792.47	1775.33
36125	31971	656.99	779.47	1193.14
36125	31719	851.42	691.54	1781.71
36119	32228	727.46	799.42	49.6
36089	32228	743.39	781.66	319.42
36089	32228	343.07	763.43	266.8
36089	31972	588.82	770.48	1663.22
36095	31972	316.8	764.34	1871.39
36095	31972	909.83	780.69	1742.17
36095	32228	1045.26	785.84	157.59
36065	32228	1413.29	800.65	764.11
36065	32228	180.94	830.43	849.8
36065	31972	1327.78	785.72	1412.91
36065	31972	192.21	776.49	1402.83
36107	32228	614.91	798.68	54.07
36119	31717	1480.99	668.58	1403.47
36065	31717	1363.31	668.13	1807.05
36065	31717	1145.57	649.97	1173.67
36065	31717	967.78	645.26	1579.28
36071	31717	1695.36	693.42	1208.48
36071	31717	1711.97	688.04	1632.12
36071	31717	1438.09	668.61	1129.02
36065	31973	942.21	646.96	111.15
36065	31717	790.67	681.04	808.49
36065	31717	1899.18	711.1	869.46
36065	31974	42.88	711.68	177.47
36113	31717	1022.81	645.26	1316.13
36119	31715	654.2	787.22	184.87
36077	31715	149.8	785.45	414.37
36077	31715	622.2	787.84	248.63
36101	31715	428.9	785.49	464.05
36101	31459	147.13	789.08	1738.31
36083	31715	87.19	786.62	107.34
36083	31715	660.36	788.77	25.51
36065	31714	1726.01	785.25	523.33
36065	31715	712.79	783.52	786.98
36065	31458	1871.35	789.65	1435.83
36065	31459	892.68	788.11	1514.06
36323	31459	183.37	789.56	1732.13
36033	32484	1196.37	700.25	975.6
36032	32484	896.24	692.16	1122.54
36032	31459	395.93	792.47	1775.33
36126	31971	656.99	779.47	1193.14
36126	31719	851.42	691.54	1781.71
36120	32228	728.46	799.42	49.6
36090	32228	743.39	781.66	319.42
36090	32228	343.07	763.43	266.8
36090	31972	588.82	770.48	1663.22
36096	31972	316.8	764.34	1871.39
36096	31972	909.83	780.69	1742.17
36096	32228	1045.26	785.84	157.59
36066	32228	1413.29	800.65	764.11
36066	32228	180.94	830.43	849.8
36066	31972	1327.78	785.72	1412.91
36066	31972	192.21	776.49	1402.83
36108	32228	615.91	798.68	54.07
36120	31717	1480.99	668.58	1403.47
36066	31717	1363.31	668.13	1807.05
36066	31717	1145.57	649.97	1173.67
36066	31717	967.78	645.26	1579.28
36072	31717	1695.36	693.42	1208.48
36072	31717	1711.97	688.04	1632.12
36072	31717	1438.09	668.61	1129.02
36066	31973	942.21	646.96	111.15
36066	31717	790.67	681.04	808.49
36066	31717	1899.18	711.1	869.46
36066	31974	42.88	711.68	177.47
36114	31717	1022.81	645.26	1316.13
36120	31715	654.2	787.22	184.87
36078	31715	149.8	785.45	414.37
36078	31715	622.2	787.84	248.63
36102	31715	428.9	785.49	464.05
36102	31459	147.13	789.08	1738.31
36084	31715	87.19	786.62	107.34
36084	31715	660.36	788.77	25.51
36066	31714	1726.01	785.25	523.33
36066	31715	712.79	783.52	786.98
36066	31458	1871.35	789.65	1435.83
36066	31459	892.68	788.11	1514.06
36324	31459	183.37	789.56	1732.13
36032	-32750	10751.49	165.72	-6106.84
36033	-32750	10894.34	159.52	-6258.11
36129	-32750	9301.84	199.47	-5476.24
36161	-32750	7028.08	108.66	-5825.21
36177	-32750	6230.5	108.76	-5817.07
36137	-32750	6813.66	111.3	-4945.87
36129	-32750	6199.55	174.87	-7876.04
36145	-32750	5449.14	161.84	-9693.73
36153	-32750	5278.8	162.82	-9847.78
36137	-32750	3500.91	172.48	-9344.81
36137	-32750	1616.22	162.53	-8612.35
36129	-32750	1672.56	161.37	-8427.03
36137	-32750	922.84	170.08	-10214.55
36169	-32750	759.72	103.89	-12191.85
36145	-32750	-72.26	103.97	-12270.58
36185	-32750	774.67	103.87	-12906.13
36145	-32750	2135.12	170.09	-6575.23
36145	-32750	279.96	170.1	-3905.81
36161	-32750	-1561.41	107.93	-2873.02
36153	-32750	-1752.87	103.89	-3319.57
36177	-32750	-2181.21	107.93	-3468.35
36153	-32750	-2556.12	170.1	-5285.39
36153	-32750	-5553.31	170.1	-7935.52
36129	-32750	-7418.5	107.94	-6937.07
36169	-32750	-7802.37	103.97	-6452.68
36185	-32750	-7895.73	107.94	-7368.16
36161	-32750	-7349.94	170.1	-4527.21
36161	-32750	-9313.04	170.09	-1612.41
36169	-32750	-11211.92	157.64	-529.51
36161	-32750	-10887.94	157.71	-542.88
36185	-32750	-10469.89	167.7	1327.29
36185	-32750	-9885.36	155.23	3248.15
36177	-32750	-9773.98	153.16	2872.36
36185	-32750	-8002.24	165.3	3231.53
36161	-32750	-5960.04	103.14	3161.32
36137	-32750	-5383.33	103.14	2722.1
36177	-32750	-4900.2	101.12	3097.38
36177	-32750	-4456.43	165.29	5662.82
36185	-32750	-3874.77	157.75	7382.91
36169	-32750	-4334.09	157.66	7520.19
36177	-32750	-2053.7	162.89	7542.3
36185	-32750	-224.09	100.73	7498.75
36169	-32750	364.44	100.73	8098.32
36177	-32750	250.05	100.73	6972.4
36169	-32750	318.16	162.89	10040.46
36145	-32750	499.32	155.14	11748.53
36161	-32750	536.06	152.03	11825.13
36169	-32750	-669.26	162.89	5073.97
36209	-32750	2645.15	78.51	-4658.24
36153	-32750	3301.29	78.16	-4251.97
36129	-32750	1987.85	78.25	-4438.71
36177	-32750	2203.42	78.24	-3123.74
36193	-32750	3152.54	78.24	-3112.99
36209	-32750	-3183.9	78.51	-7163.72
36129	-32750	-3927.17	78.16	-7614.92
36145	-32750	-2480.39	78.16	-7679.53
36201	-32750	-3683.6	78.24	-8712.93
36185	-32750	-2699.03	78.24	-8711.71
36209	-32750	-6927.92	78.51	-2600.47
36137	-32750	-7649.13	78.63	-2284.37
36145	-32750	-6225.53	78.16	-2260.63
36193	-32750	-7354.17	78.25	-1061.02
36169	-32750	-6438.92	78.25	-1041.18
36209	-32750	-699.02	71.3	3334.69
36137	-32750	-1352.4	70.95	2835.82
36153	-32750	25.29	70.95	2879.27
36169	-32750	-1182.85	71.04	1744.65
36201	-32750	-182.52	71.04	1690.31
36327	-32750	-714.91	71.3	1727.95
36032	-32750	-705.59	143.81	1233
36064	32483	1441.3	818.17	218.56
36064	32483	1066.49	820.68	512.94
36064	32226	1549.46	759.35	1759.06
36064	32226	1387.58	759.66	1475.45
36088	32226	1335.54	750	1684.8
36088	32226	1562.52	765.17	1569.94
36088	32226	619.42	768.02	1207.02
36088	32226	782.15	763.05	898.58
36070	32226	866.6	800.31	309.95
36070	32226	873.82	772.08	39.2
36076	32226	940.75	793.57	241.89
36076	32226	639.46	807.52	197.55
36076	31970	880.31	775.62	1271.38
36076	31970	662	817.49	960.76
36076	31970	1257.67	884.84	121.88
36076	31970	1534.74	885.13	620.69
36100	31970	1339.59	887.86	415.49
36100	31970	1561.85	890.46	40.95
36100	31971	543.47	860.91	83.81
36100	31971	849.94	861.11	152.12
36100	31971	617.31	772.14	1706.29
36100	31971	313.84	782.71	1560.12
36082	31971	763.18	772.89	1450.82
36082	31971	291.32	782.03	1309.43
36082	32227	244.74	835.51	405.34
36082	32226	1849.06	836.26	321.36
36082	31971	1449.67	796.21	363.7
36082	31972	118.42	789.09	427.51
36076	31971	1745.57	794.26	142.05
36076	31971	1801.45	777.47	689.97
36064	32227	1527.65	771.52	75.41
36064	31971	1446.65	757.73	1526.04
36064	32228	359.42	826.24	1854.14
36064	32484	135.79	825.06	69.47
36070	32483	1340.55	819.8	204.71
36070	32483	1189.44	813.72	445.36
36070	32483	643.39	824.21	154.79
36070	32483	272.43	768.5	289.15
36070	32229	198.69	790.55	238.18
36070	32229	582.79	796.82	349.44
36070	31973	968.73	812.07	1605.16
36070	31973	800	815.8	1716.43
36094	31973	631.09	801.24	1075.75
36094	31973	873.52	794.53	1028.14
36094	31973	1621.63	808.61	1303.01
36094	31973	1423.01	773.53	556.1
36088	31718	890.95	720.34	1717.29
36088	31718	1373.86	725.42	1615.95
36094	31718	1243.04	785.9	986.67
36094	31718	1474.42	782.5	1088.62
36088	31718	1737.56	798.22	716.66
36088	31718	1552.89	795.66	515.85
36082	31719	942.63	797.27	671.92
36082	31719	581.19	800.53	591.65
36082	31462	1088.17	804.63	1262.13
36082	31462	512.14	819.93	1412.53
36076	31718	996.04	797.1	583.28
36076	31718	629.27	798.18	554.88
36076	31462	743.85	819.98	1209.8
36076	31462	553.56	820.34	1100.85
36076	31719	687.57	689.29	1701.22
36076	31719	670.54	673.56	1432.89
36100	31462	957.27	804.46	941.51
36100	31462	721.31	821.85	830.64
36064	31719	1129.1	676.29	1764.01
36064	31719	1085.92	674.56	1370.17
36070	31719	1214.74	675.14	1567.53
36070	31719	923.69	670.59	1383.99
36094	31717	110.63	694.38	1069.89
36094	31717	176.83	742.42	595.23
36082	31461	715.9	817.37	1805.54
36082	31461	430.62	795.65	1590.43
36100	31460	1655.5	768.65	1554.81
36100	31460	1226.15	778.85	1379.94
36100	31716	1041.78	780.69	265.76
36100	31716	665.48	780.14	318.26
36106	31716	804.28	780.19	217.32
36112	31461	632.21	810.89	1602.39
36065	32226	1387.58	759.66	1475.45
36089	32226	1562.52	765.17	1569.94
36089	32226	619.42	768.02	1207.02
36089	32226	782.15	763.05	898.58
36071	32226	866.6	800.31	309.95
36071	32226	873.82	772.08	39.2
36077	32226	940.75	793.57	241.89
36077	32226	639.46	807.52	197.55
36077	31970	880.31	775.62	1271.38
36077	31970	662	817.49	960.76
36077	31970	1257.67	884.84	121.88
36077	31970	1534.74	885.13	620.69
36101	31970	1339.59	887.86	415.49
36101	31970	1561.85	890.46	40.95
36101	31971	543.47	860.91	83.81
36101	31971	849.94	861.11	152.12
36101	31971	617.31	772.14	1706.29
36101	31971	313.84	782.71	1560.12
36083	31971	763.18	772.89	1450.82
36083	31971	291.32	782.03	1309.43
36083	32227	244.74	835.51	405.34
36083	32226	1849.06	836.26	321.36
36083	31971	1449.67	796.21	363.7
36083	31972	118.42	789.09	427.51
36077	31971	1745.57	794.26	142.05
36077	31971	1801.45	777.47	689.97
36065	32227	1527.65	771.52	75.41
36065	31971	1446.65	757.73	1526.04
36065	32228	359.42	826.24	1854.14
36065	32484	135.79	825.06	69.47
36071	32483	1340.55	819.8	204.71
36071	32483	1189.44	813.72	445.36
36071	32483	643.39	824.21	154.79
36071	32483	272.43	768.5	289.15
36065	32483	1441.3	818.17	218.56
36089	32226	1335.54	750	1684.8
36065	32483	1066.49	820.68	512.94
36065	32226	1549.46	759.35	1759.06
36071	31973	800	815.8	1716.43
36071	32229	198.69	790.55	238.18
36071	32229	582.79	796.82	349.44
36095	31973	631.09	801.24	1075.75
36095	31973	873.52	794.53	1028.14
36095	31973	1621.63	808.61	1303.01
36095	31973	1423.01	773.53	556.1
36071	31973	968.73	812.07	1605.16
36096	31717	110.63	694.38	1069.89
36096	31717	176.83	742.42	595.23
36084	31461	715.9	817.37	1805.54
36084	31461	430.62	795.65	1590.43
36102	31460	1655.5	768.65	1554.81
36102	31460	1226.15	778.85	1379.94
36102	31716	1041.78	780.69	265.76
36102	31716	665.48	780.14	318.26
36108	31716	804.28	780.19	217.32
36114	31461	632.21	810.89	1602.39
36090	31718	890.95	720.34	1717.29
36090	31718	1373.86	725.42	1615.95
36096	31718	1243.04	785.9	986.67
36096	31718	1474.42	782.5	1088.62
36090	31718	1737.56	798.22	716.66
36090	31718	1552.89	795.66	515.85
36084	31719	942.63	797.27	671.92
36084	31719	581.19	800.53	591.65
36084	31462	1088.17	804.63	1262.13
36084	31462	512.14	819.93	1412.53
36078	31718	996.04	797.1	583.28
36078	31718	629.27	798.18	554.88
36078	31462	743.85	819.98	1209.8
36078	31462	553.56	820.34	1100.85
36078	31719	687.57	689.29	1701.22
36078	31719	670.54	673.56	1432.89
36102	31462	957.27	804.46	941.51
36102	31462	721.31	821.85	830.64
36066	31719	1129.1	676.29	1764.01
36066	31719	1085.92	674.56	1370.17
36072	31719	1214.74	675.14	1567.53
36072	31719	923.69	670.59	1383.99
36072	31973	800	815.8	1716.43
36072	32229	198.69	790.55	238.18
36072	32229	582.79	796.82	349.44
36096	31973	631.09	801.24	1075.75
36096	31973	873.52	794.53	1028.14
36096	31973	1621.63	808.61	1303.01
36096	31973	1423.01	773.53	556.1
36072	31973	968.73	812.07	1605.16
36066	32483	1066.49	820.68	512.94
36066	32226	1387.58	759.66	1475.45
36090	32226	1562.52	765.17	1569.94
36090	32226	619.42	768.02	1207.02
36090	32226	782.15	763.05	898.58
36072	32226	866.6	800.31	309.95
36072	32226	873.82	772.08	39.2
36078	32226	940.75	793.57	241.89
36078	32226	639.46	807.52	197.55
36078	31970	880.31	775.62	1271.38
36078	31970	662	817.49	960.76
36078	31970	1257.67	884.84	121.88
36078	31970	1534.74	885.13	620.69
36102	31970	1339.59	887.86	415.49
36102	31970	1561.85	890.46	40.95
36102	31971	543.47	860.91	83.81
36102	31971	849.94	861.11	152.12
36102	31971	617.31	772.14	1706.29
36102	31971	313.84	782.71	1560.12
36084	31971	763.18	772.89	1450.82
36084	31971	291.32	782.03	1309.43
36084	32227	244.74	835.51	405.34
36084	32226	1849.06	836.26	321.36
36084	31971	1449.67	796.21	363.7
36084	31972	118.42	789.09	427.51
36078	31971	1745.57	794.26	142.05
36078	31971	1801.45	777.47	689.97
36066	32227	1527.65	771.52	75.41
36066	31971	1446.65	757.73	1526.04
36066	32228	359.42	826.24	1854.14
36066	32484	135.79	825.06	69.47
36072	32483	1340.55	819.8	204.71
36072	32483	1189.44	813.72	445.36
36072	32483	643.39	824.21	154.79
36072	32483	272.43	768.5	289.15
36066	32483	1441.3	818.17	218.56
36090	32226	1335.54	750	1684.8
36066	32226	1549.46	759.35	1759.06
36032	-32750	10751.49	165.72	-6106.84
36033	-32750	10894.34	159.52	-6258.11
36032	-32750	-705.59	143.81	1233
36130	-32750	9301.84	199.47	-5476.24
36162	-32750	7028.08	108.66	-5825.21
36178	-32750	6230.5	108.76	-5817.07
36138	-32750	6813.66	111.3	-4945.87
36130	-32750	6199.55	174.87	-7876.04
36146	-32750	5449.14	161.84	-9693.73
36154	-32750	5278.8	162.82	-9847.78
36138	-32750	3500.91	172.48	-9344.81
36138	-32750	1616.22	162.53	-8612.35
36130	-32750	1672.56	161.37	-8427.03
36138	-32750	922.84	170.08	-10214.55
36170	-32750	759.72	103.89	-12191.85
36146	-32750	-72.26	103.97	-12270.58
36186	-32750	774.67	103.87	-12906.13
36146	-32750	2135.12	170.09	-6575.23
36146	-32750	279.96	170.1	-3905.81
36162	-32750	-1561.41	107.93	-2873.02
36154	-32750	-1752.87	103.89	-3319.57
36178	-32750	-2181.21	107.93	-3468.35
36154	-32750	-2556.12	170.1	-5285.39
36154	-32750	-5553.31	170.1	-7935.52
36130	-32750	-7418.5	107.94	-6937.07
36170	-32750	-7802.37	103.97	-6452.68
36186	-32750	-7895.73	107.94	-7368.16
36162	-32750	-7349.94	170.1	-4527.21
36162	-32750	-9313.04	170.09	-1612.41
36170	-32750	-11211.92	157.64	-529.51
36162	-32750	-10887.94	157.71	-542.88
36186	-32750	-10469.89	167.7	1327.29
36186	-32750	-9885.36	155.23	3248.15
36178	-32750	-9773.98	153.16	2872.36
36186	-32750	-8002.24	165.3	3231.53
36162	-32750	-5960.04	103.14	3161.32
36138	-32750	-5383.33	103.14	2722.1
36178	-32750	-4900.2	101.12	3097.38
36178	-32750	-4456.43	165.29	5662.82
36186	-32750	-3874.77	157.75	7382.91
36170	-32750	-4334.09	157.66	7520.19
36178	-32750	-2053.7	162.89	7542.3
36186	-32750	-224.09	100.73	7498.75
36170	-32750	364.44	100.73	8098.32
36178	-32750	250.05	100.73	6972.4
36170	-32750	318.16	162.89	10040.46
36146	-32750	499.32	155.14	11748.53
36162	-32750	536.06	152.03	11825.13
36170	-32750	-669.26	162.89	5073.97
36210	-32750	2643.15	78.51	-4658.24
36154	-32750	3301.29	78.16	-4251.97
36130	-32750	1987.85	78.25	-4438.71
36178	-32750	2203.42	78.24	-3123.74
36194	-32750	3152.54	78.24	-3112.99
36210	-32750	-3183.9	78.51	-7163.72
36130	-32750	-3927.17	78.16	-7614.92
36146	-32750	-2480.39	78.16	-7679.53
36202	-32750	-3683.6	78.24	-8712.93
36186	-32750	-2699.03	78.24	-8711.71
36210	-32750	-6927.92	78.51	-2600.47
36138	-32750	-7649.13	78.63	-2284.37
36146	-32750	-6225.53	78.16	-2260.63
36194	-32750	-7354.17	78.25	-1061.02
36170	-32750	-6438.92	78.25	-1041.18
36210	-32750	-699.02	71.3	3334.69
36138	-32750	-1352.4	70.95	2835.82
36154	-32750	25.29	70.95	2879.27
36170	-32750	-1182.85	71.04	1744.65
36202	-32750	-182.52	71.04	1690.31
36328	-32750	-714.91	71.3	1727.95
36033	29427	330.05	-780	1412.03
36032	29427	183.05	-780	1578.78
36233	29171	686.14	-817	688.69
36225	29171	1798.69	-814	1359.56
36241	28659	62.19	-330	1579.11
36249	28659	373.75	-330	763.13
36257	28148	337.64	-968.9	1575.44
36225	28147	1374.9	-969	1677.65
36273	27890	1865.29	-800	497.79
36241	27891	876.18	-800	981.5
36241	27895	655.62	-800	1356.84
36265	27894	1606.6	-800	1745.31
36249	28406	831.94	-888	1054.49
36233	28406	108.4	-893	426.29
36273	28918	1606.92	-816	136.61
36257	28918	1436.16	-816	1108.69
36225	29173	1466.19	-966	1284
36257	29173	447.61	-944	1901.12
36233	29430	1254.96	-825	1243.37
36265	29430	1688.01	-825	583.2
36233	28657	1458.5	-800	793.71
36225	28912	1882.27	-800	137.76
36305	28657	858.46	-800	1455.8
36289	28657	981.65	-800	1535.76
36273	28657	935.3	-800	1486.17
36225	27380	1169.74	-850	1640.9
36257	27637	638.31	-850	37.55
36305	27381	54.34	-850	1880.54
36265	27380	1889.56	-850	1880.52
36289	27381	181.05	-850	1895.79
36089	31718	890.95	720.34	1717.29
36089	31718	1373.86	725.42	1615.95
36095	31718	1243.04	785.9	986.67
36095	31718	1474.42	782.5	1088.62
36089	31718	1737.56	798.22	716.66
36089	31718	1552.89	795.66	515.85
36083	31719	942.63	797.27	671.92
36083	31719	581.19	800.53	591.65
36083	31462	1088.17	804.63	1262.13
36083	31462	512.14	819.93	1412.53
36077	31718	996.04	797.1	583.28
36077	31718	629.27	798.18	554.88
36077	31462	743.85	819.98	1209.8
36077	31462	553.56	820.34	1100.85
36077	31719	687.57	689.29	1701.22
36077	31719	670.54	673.56	1432.89
36101	31462	957.27	804.46	941.51
36101	31462	721.31	821.85	830.64
36065	31719	1129.1	676.29	1764.01
36065	31719	1085.92	674.56	1370.17
36071	31719	1214.74	675.14	1567.53
36071	31719	923.69	670.59	1383.99
36095	31717	110.63	694.38	1069.89
36095	31717	176.83	742.42	595.23
36083	31461	715.9	817.37	1805.54
36083	31461	430.62	795.65	1590.43
36101	31460	1655.5	768.65	1554.81
36101	31460	1226.15	778.85	1379.94
36101	31716	1041.78	780.69	265.76
36101	31716	665.48	780.14	318.26
36107	31716	804.28	780.19	217.32
36113	31461	632.21	810.89	1602.39
36033	32484	1196.37	700.25	975.6
36032	32484	896.24	692.16	1122.54
36032	31459	395.93	792.47	1775.33
36067	32483	1066.49	820.68	512.94
36067	32226	1387.58	759.66	1475.45
36091	32226	1562.52	765.17	1569.94
36091	32226	619.42	768.02	1207.02
36091	32226	782.15	763.05	898.58
36073	32226	866.6	800.31	309.95
36073	32226	873.82	772.08	39.2
36079	32226	940.75	793.57	241.89
36079	32226	639.46	807.52	197.55
36079	31970	880.31	775.62	1271.38
36079	31970	662	817.49	960.76
36079	31970	1257.67	884.84	121.88
36079	31970	1534.74	885.13	620.69
36103	31970	1339.59	887.86	415.49
36103	31970	1561.85	890.46	40.95
36103	31971	543.47	860.91	83.81
36103	31971	849.94	861.11	152.12
36103	31971	617.31	772.14	1706.29
36103	31971	313.84	782.71	1560.12
36085	31971	763.18	772.89	1450.82
36085	31971	291.32	782.03	1309.43
36085	32227	244.74	835.51	405.34
36085	32226	1849.06	836.26	321.36
36085	31971	1449.67	796.21	363.7
36085	31972	118.42	789.09	427.51
36079	31971	1745.57	794.26	142.05
36079	31971	1801.45	777.47	689.97
36067	32227	1527.65	771.52	75.41
36067	31971	1446.65	757.73	1526.04
36067	32228	359.42	826.24	1854.14
36067	32484	135.79	825.06	69.47
36073	32483	1340.55	819.8	204.71
36073	32483	1189.44	813.72	445.36
36073	32483	643.39	824.21	154.79
36073	32483	272.43	768.5	289.15
36067	32483	1441.3	818.17	218.56
36091	32226	1335.54	750	1684.8
36067	32226	1549.46	759.35	1759.06
36073	31973	800	815.8	1716.43
36073	32229	198.69	790.55	238.18
36073	32229	582.79	796.82	349.44
36097	31973	631.09	801.24	1075.75
36097	31973	873.52	794.53	1028.14
36097	31973	1621.63	808.61	1303.01
36097	31973	1423.01	773.53	556.1
36073	31973	968.73	812.07	1605.16
36091	31718	890.95	720.34	1717.29
36091	31718	1373.86	725.42	1615.95
36097	31718	1243.04	785.9	986.67
36097	31718	1474.42	782.5	1088.62
36091	31718	1737.56	798.22	716.66
36091	31718	1552.89	795.66	515.85
36085	31719	942.63	797.27	671.92
36085	31719	581.19	800.53	591.65
36085	31462	1088.17	804.63	1262.13
36085	31462	512.14	819.93	1412.53
36079	31718	996.04	797.1	583.28
36079	31718	629.27	798.18	554.88
36079	31462	743.85	819.98	1209.8
36079	31462	553.56	820.34	1100.85
36079	31719	687.57	689.29	1701.22
36079	31719	670.54	673.56	1432.89
36103	31462	957.27	804.46	941.51
36103	31462	721.31	821.85	830.64
36067	31719	1129.1	676.29	1764.01
36067	31719	1085.92	674.56	1370.17
36073	31719	1214.74	675.14	1567.53
36073	31719	923.69	670.59	1383.99
36097	31717	110.63	694.38	1069.89
36097	31717	176.83	742.42	595.23
36085	31461	715.9	817.37	1805.54
36085	31461	430.62	795.65	1590.43
36103	31460	1655.5	768.65	1554.81
36103	31460	1226.15	778.85	1379.94
36103	31716	1041.78	780.69	265.76
36103	31716	665.48	780.14	318.26
36109	31716	804.28	780.19	217.32
36115	31461	632.21	810.89	1602.39
36127	31971	656.99	779.47	1193.14
36127	31719	851.42	691.54	1781.71
36121	32228	727.46	799.42	49.6
36091	32228	743.39	781.66	319.42
36091	32228	343.07	763.43	266.8
36091	31972	588.82	770.48	1663.22
36097	31972	316.8	764.34	1871.39
36097	31972	909.83	780.69	1742.17
36097	32228	1045.26	785.84	157.59
36067	32228	1413.29	800.65	764.11
36067	32228	180.94	830.43	849.8
36067	31972	1327.78	785.72	1412.91
36067	31972	192.21	776.49	1402.83
36109	32228	616.91	798.68	54.07
36121	31717	1480.99	668.58	1403.47
36067	31717	1363.31	668.13	1807.05
36067	31717	1145.57	649.97	1173.67
36067	31717	967.78	645.26	1579.28
36073	31717	1695.36	693.42	1208.48
36073	31717	1711.97	688.04	1632.12
36073	31717	1438.09	668.61	1129.02
36067	31973	942.21	646.96	111.15
36067	31717	790.67	681.04	808.49
36067	31717	1899.18	711.1	869.46
36067	31974	42.88	711.68	177.47
36115	31717	1022.81	645.26	1316.13
36121	31715	654.2	787.22	184.87
36079	31715	149.8	785.45	414.37
36079	31715	622.2	787.84	248.63
36103	31715	428.9	785.49	464.05
36103	31459	147.13	789.08	1738.31
36085	31715	87.19	786.62	107.34
36085	31715	660.36	788.77	25.51
36067	31714	1726.01	785.25	523.33
36067	31715	712.79	783.52	786.98
36067	31458	1871.35	789.65	1435.83
36067	31459	892.68	788.11	1514.06
36325	31459	183.37	789.56	1732.13
36033	32484	1196.37	700.25	975.6
36032	32484	896.24	692.16	1122.54
36032	31459	395.93	792.47	1775.33
36068	32483	1066.49	820.68	512.94
36068	32226	1387.58	759.66	1475.45
36092	32226	1562.52	765.17	1569.94
36092	32226	619.42	768.02	1207.02
36092	32226	782.15	763.05	898.58
36074	32226	866.6	800.31	309.95
36074	32226	873.82	772.08	39.2
36080	32226	940.75	793.57	241.89
36080	32226	639.46	807.52	197.55
36080	31970	880.31	775.62	1271.38
36080	31970	662	817.49	960.76
36080	31970	1257.67	884.84	121.88
36080	31970	1534.74	885.13	620.69
36104	31970	1339.59	887.86	415.49
36104	31970	1561.85	890.46	40.95
36104	31971	543.47	860.91	83.81
36104	31971	849.94	861.11	152.12
36104	31971	617.31	772.14	1706.29
36104	31971	313.84	782.71	1560.12
36086	31971	763.18	772.89	1450.82
36086	31971	291.32	782.03	1309.43
36086	32227	244.74	835.51	405.34
36086	32226	1849.06	836.26	321.36
36086	31971	1449.67	796.21	363.7
36086	31972	118.42	789.09	427.51
36080	31971	1745.57	794.26	142.05
36080	31971	1801.45	777.47	689.97
36068	32227	1527.65	771.52	75.41
36068	31971	1446.65	757.73	1526.04
36068	32228	359.42	826.24	1854.14
36068	32484	135.79	825.06	69.47
36074	32483	1340.55	819.8	204.71
36074	32483	1189.44	813.72	445.36
36074	32483	643.39	824.21	154.79
36074	32483	272.43	768.5	289.15
36068	32483	1441.3	818.17	218.56
36092	32226	1335.54	750	1684.8
36068	32226	1549.46	759.35	1759.06
36074	31973	800	815.8	1716.43
36074	32229	198.69	790.55	238.18
36074	32229	582.79	796.82	349.44
36098	31973	631.09	801.24	1075.75
36098	31973	873.52	794.53	1028.14
36098	31973	1621.63	808.61	1303.01
36098	31973	1423.01	773.53	556.1
36074	31973	968.73	812.07	1605.16
36092	31718	890.95	720.34	1717.29
36092	31718	1373.86	725.42	1615.95
36092	31718	1243.04	785.9	986.67
36092	31718	1474.42	782.5	1088.62
36092	31718	1737.56	798.22	716.66
36092	31718	1552.89	795.66	515.85
36086	31719	942.63	797.27	671.92
36086	31719	581.19	800.53	591.65
36086	31462	1088.17	804.63	1262.13
36086	31462	512.14	819.93	1412.53
36080	31718	996.04	797.1	583.28
36080	31718	629.27	798.18	554.88
36080	31462	743.85	819.98	1209.8
36080	31462	553.56	820.34	1100.85
36080	31719	687.57	689.29	1701.22
36080	31719	670.54	673.56	1432.89
36104	31462	957.27	804.46	941.51
36104	31462	721.31	821.85	830.64
36068	31719	1129.1	676.29	1764.01
36068	31719	1085.92	674.56	1370.17
36073	31719	1214.74	675.14	1567.53
36073	31719	923.69	670.59	1383.99
36098	31717	110.63	694.38	1069.89
36098	31717	176.83	742.42	595.23
36086	31461	715.9	817.37	1805.54
36086	31461	430.62	795.65	1590.43
36104	31460	1655.5	768.65	1554.81
36104	31460	1226.15	778.85	1379.94
36104	31716	1041.78	780.69	265.76
36104	31716	665.48	780.14	318.26
36110	31716	804.28	780.19	217.32
36116	31461	632.21	810.89	1602.39
36128	31971	656.99	779.47	1193.14
36128	31719	851.42	691.54	1781.71
36122	32228	727.46	799.42	49.6
36092	32228	743.39	781.66	319.42
36092	32228	343.07	763.43	266.8
36092	31972	588.82	770.48	1663.22
36098	31972	316.8	764.34	1871.39
36098	31972	909.83	780.69	1742.17
36098	32228	1045.26	785.84	157.59
36068	32228	1413.29	800.65	764.11
36068	32228	180.94	830.43	849.8
36068	31972	1327.78	785.72	1412.91
36068	31972	192.21	776.49	1402.83
36110	32228	618.91	798.68	54.07
36122	31717	1480.99	668.58	1403.47
36068	31717	1363.31	668.13	1807.05
36068	31717	1145.57	649.97	1173.67
36068	31717	967.78	645.26	1579.28
36074	31717	1695.36	693.42	1208.48
36074	31717	1711.97	688.04	1632.12
36074	31717	1438.09	668.61	1129.02
36068	31973	942.21	646.96	111.15
36068	31717	790.67	681.04	808.49
36068	31717	1899.18	711.1	869.46
36068	31974	42.88	711.68	177.47
36116	31717	1022.81	645.26	1316.13
36122	31715	654.2	787.22	184.87
36080	31715	149.8	785.45	414.37
36080	31715	622.2	787.84	248.63
36104	31715	428.9	785.49	464.05
36104	31459	147.13	789.08	1738.31
36086	31715	87.19	786.62	107.34
36086	31715	660.36	788.77	25.51
36068	31714	1726.01	785.25	523.33
36068	31715	712.79	783.52	786.98
36068	31458	1871.35	789.65	1435.83
36068	31459	892.68	788.11	1514.06
36326	31459	183.37	789.56	1732.13
36281	28920	1504.21	-890	579.69
36241	28664	693.29	-890	1341.27
36305	28920	1129.47	-890	63.75
36335	28920	1084.72	-890	24.91
36233	28920	1147.2	-890	131.42
36032	28663	1899.23	-981	1261.78
36227	28901	1417.42	-355	1300.95
36251	28901	1514.55	-355	41.96
36259	29156	1449.52	-525	1357.43
36227	29412	301.39	-525	46.82
36267	29413	1825.57	-325	374.92
36235	29413	1049.67	-325	1363.54
36235	29159	322.52	-325	1722.32
36243	29159	668.97	-325	1402.99
36251	29159	373.05	-325	1450.49
36259	28392	298.61	-325	37.41
36251	28136	265.12	-325	1526.86
36243	28135	1701.14	-325	1606.87
36275	27878	732.05	-325	1210.31
36235	27877	1552.94	-325	1785.75
36243	28389	107.21	-450	430.8
36267	28389	1078.5	-450	1234.36
36243	29667	1398.2	-325	303.48
36267	29668	143.97	-325	551.23
36275	29410	451.33	-325	1919.05
36259	29409	1722.46	-325	791.26
36235	29152	904.51	-325	1099.37
36251	29152	1246.87	-325	938.79
36275	29152	1180.53	-325	1536.47
36235	28128	1182.67	-325	928.37
36243	28128	1786.23	-325	788.5
36275	28128	1613.36	-325	377.53
36251	27873	1699.57	-325	409.68
36259	27874	927.46	-325	1051.22
36227	27875	1774.56	-325	659.83
36291	27876	399.45	-325	756.28
36267	27876	313.51	-325	938.09
36251	28131	491.58	-500	1537.97
36235	28130	1183.77	-500	1731.91
36315	28642	34.52	-300	1738.33
36267	28642	0.6	-350	1729.73
36243	28642	525.81	-330	604.17
36227	29154	1638.52	-330	1244.86
36259	29154	539.57	-330	603.71
36307	28903	756.35	-200	301.46
36227	28903	1438.85	-198	1196.75
36227	28647	16.64	-195	1143.14
36275	28647	510.53	-150	652.41
36235	28904	37.53	-150	771.91
36267	28648	231.16	-150	1810.93
36291	28647	1543.11	-150	879.83
36307	28640	1580.85	-50	1673.79
36243	28641	285.07	-50	999.48
36243	28896	670.92	-50	414.37
36259	28896	136.74	150	54.18
36251	28640	1782.2	150	507.63
36283	28640	104.67	150	970.18
36267	28640	1030.99	150	251.53
36291	28643	1574.77	30	1132.54
36283	28644	154.03	30	1124.68
36337	28643	1815.99	30	1160.6
36033	28644	1414.29	-255	1575.16
36313	27890	1731.01	-800	239.48
36313	29430	1025.05	-800	1288.34
36033	29427	330.05	-780	1412.03
36032	29427	183.05	-780	1578.78
36032	28663	1899.23	-981	1261.78
36234	29171	686.14	-817	688.69
36226	29171	1798.69	-814	1359.56
36242	28659	62.19	-330	1579.11
36250	28659	373.75	-330	763.13
36258	28148	337.64	-968.9	1575.44
36226	28147	1374.9	-969	1677.65
36274	27890	1865.29	-800	497.79
36242	27891	876.18	-800	981.5
36242	27895	655.62	-800	1356.84
36266	27894	1606.6	-800	1745.31
36250	28406	831.94	-888	1054.49
36234	28406	108.4	-893	426.29
36274	28918	1606.92	-816	136.61
36258	28918	1436.16	-816	1108.69
36226	29173	1466.19	-966	1284
36258	29173	447.61	-944	1901.12
36234	29430	1254.96	-825	1243.37
36266	29430	1688.01	-825	583.2
36234	28657	1458.5	-800	793.71
36226	28912	1882.27	-800	137.76
36306	28657	858.46	-800	1455.8
36290	28657	981.65	-800	1535.76
36274	28657	935.3	-800	1486.17
36226	27380	1169.74	-850	1640.9
36258	27637	638.31	-850	37.55
36306	27381	54.34	-850	1880.54
36266	27380	1889.56	-850	1880.52
36290	27381	181.05	-850	1895.79
36282	28920	1504.21	-890	579.69
36242	28664	693.29	-890	1341.27
36306	28920	1129.47	-890	63.75
36336	28920	1084.72	-890	24.91
36234	28920	1147.2	-890	131.42
36314	27890	1731.01	-800	239.48
36314	29430	1025.05	-800	1288.34
36033	29427	330.05	-780	1412.03
36032	29427	183.05	-780	1578.78
36032	28663	1899.23	-981	1261.78
36237	29171	686.14	-817	688.69
36229	29171	1798.69	-814	1359.56
36245	28659	62.19	-330	1579.11
36253	28659	373.75	-330	763.13
36261	28148	337.64	-968.9	1575.44
36229	28147	1374.9	-969	1677.65
36277	27890	1865.29	-800	497.79
36245	27891	876.18	-800	981.5
36245	27895	655.62	-800	1356.84
36269	27894	1606.6	-800	1745.31
36253	28406	831.94	-888	1054.49
36237	28406	108.4	-893	426.29
36277	28918	1606.92	-816	136.61
36261	28918	1436.16	-816	1108.69
36229	29173	1466.19	-966	1284
36261	29173	447.61	-944	1901.12
36237	29430	1254.96	-825	1243.37
36269	29430	1688.01	-825	583.2
36237	28657	1458.5	-800	793.71
36229	28912	1882.27	-800	137.76
36309	28657	858.46	-800	1455.8
36293	28657	981.65	-800	1535.76
36277	28657	935.3	-800	1486.17
36229	27380	1169.74	-850	1640.9
36261	27637	638.31	-850	37.55
36309	27381	54.34	-850	1880.54
36269	27380	1889.56	-850	1880.52
36293	27381	181.05	-850	1895.79
36285	28920	1504.21	-890	579.69
36245	28664	693.29	-890	1341.27
36309	28920	1129.47	-890	63.75
36339	28920	1084.72	-890	24.91
36237	28920	1147.2	-890	131.42
36317	27890	1731.01	-800	239.48
36317	29430	1025.05	-800	1288.34
36033	29427	330.05	-780	1412.03
36032	29427	183.05	-780	1578.78
36032	28663	1899.23	-981	1261.78
36238	29171	686.14	-817	688.69
36230	29171	1798.69	-814	1359.56
36246	28659	62.19	-330	1579.11
36254	28659	373.75	-330	763.13
36262	28148	337.64	-968.9	1575.44
36230	28147	1374.9	-969	1677.65
36278	27890	1865.29	-800	497.79
36246	27891	876.18	-800	981.5
36246	27895	655.62	-800	1356.84
36270	27894	1606.6	-800	1745.31
36254	28406	831.94	-888	1054.49
36238	28406	108.4	-893	426.29
36278	28918	1606.92	-816	136.61
36262	28918	1436.16	-816	1108.69
36230	29173	1466.19	-966	1284
36262	29173	447.61	-944	1901.12
36238	29430	1254.96	-825	1243.37
36270	29430	1688.01	-825	583.2
36238	28657	1458.5	-800	793.71
36230	28912	1882.27	-800	137.76
36310	28657	858.46	-800	1455.8
36294	28657	981.65	-800	1535.76
36278	28657	935.3	-800	1486.17
36230	27380	1169.74	-850	1640.9
36262	27637	638.31	-850	37.55
36310	27381	54.34	-850	1880.54
36270	27380	1889.56	-850	1880.52
36294	27381	181.05	-850	1895.79
36286	28920	1504.21	-890	579.69
36246	28664	693.29	-890	1341.27
36310	28920	1129.47	-890	63.75
36340	28920	1084.72	-890	24.91
36238	28920	1147.2	-890	131.42
36318	27890	1731.01	-800	239.48
36318	29430	1025.05	-800	1288.34
36032	-32750	10751.49	165.72	-6106.84
36033	-32750	10894.34	159.52	-6258.11
36032	-32750	-705.59	143.81	1233
36131	-32750	9301.84	199.47	-5476.24
36163	-32750	7028.08	108.66	-5825.21
36179	-32750	6230.5	108.76	-5817.07
36139	-32750	6813.66	111.3	-4945.87
36131	-32750	6199.55	174.87	-7876.04
36147	-32750	5449.14	161.84	-9693.73
36155	-32750	5278.8	162.82	-9847.78
36139	-32750	3500.91	172.48	-9344.81
36139	-32750	1616.22	162.53	-8612.35
36131	-32750	1672.56	161.37	-8427.03
36139	-32750	922.84	170.08	-10214.55
36171	-32750	759.72	103.89	-12191.85
36147	-32750	-72.26	103.97	-12270.58
36187	-32750	774.67	103.87	-12906.13
36147	-32750	2135.12	170.09	-6575.23
36147	-32750	279.96	170.1	-3905.81
36163	-32750	-1561.41	107.93	-2873.02
36155	-32750	-1752.87	103.89	-3319.57
36179	-32750	-2181.21	107.93	-3468.35
36155	-32750	-2556.12	170.1	-5285.39
36155	-32750	-5553.31	170.1	-7935.52
36131	-32750	-7418.5	107.94	-6937.07
36171	-32750	-7802.37	103.97	-6452.68
36187	-32750	-7895.73	107.94	-7368.16
36163	-32750	-7349.94	170.1	-4527.21
36163	-32750	-9313.04	170.09	-1612.41
36171	-32750	-11211.92	157.64	-529.51
36163	-32750	-10887.94	157.71	-542.88
36187	-32750	-10469.89	167.7	1327.29
36187	-32750	-9885.36	155.23	3248.15
36179	-32750	-9773.98	153.16	2872.36
36187	-32750	-8002.24	165.3	3231.53
36163	-32750	-5960.04	103.14	3161.32
36139	-32750	-5383.33	103.14	2722.1
36179	-32750	-4900.2	101.12	3097.38
36179	-32750	-4456.43	165.29	5662.82
36187	-32750	-3874.77	157.75	7382.91
36171	-32750	-4334.09	157.66	7520.19
36179	-32750	-2053.7	162.89	7542.3
36187	-32750	-224.09	100.73	7498.75
36171	-32750	364.44	100.73	8098.32
36179	-32750	250.05	100.73	6972.4
36171	-32750	318.16	162.89	10040.46
36147	-32750	499.32	155.14	11748.53
36163	-32750	536.06	152.03	11825.13
36171	-32750	-669.26	162.89	5073.97
36211	-32750	2645.15	78.51	-4658.24
36155	-32750	3301.29	78.16	-4251.97
36131	-32750	1987.85	78.25	-4438.71
36179	-32750	2203.42	78.24	-3123.74
36195	-32750	3152.54	78.24	-3112.99
36211	-32750	-3183.9	78.51	-7163.72
36131	-32750	-3927.17	78.16	-7614.92
36147	-32750	-2480.39	78.16	-7679.53
36203	-32750	-3683.6	78.24	-8712.93
36187	-32750	-2699.03	78.24	-8711.71
36211	-32750	-6927.92	78.51	-2600.47
36139	-32750	-7649.13	78.63	-2284.37
36147	-32750	-6225.53	78.16	-2260.63
36195	-32750	-7354.17	78.25	-1061.02
36171	-32750	-6438.92	78.25	-1041.18
36211	-32750	-699.02	71.3	3334.69
36139	-32750	-1352.4	70.95	2835.82
36155	-32750	25.29	70.95	2879.27
36171	-32750	-1182.85	71.04	1744.65
36203	-32750	-182.52	71.04	1690.31
36329	-32750	-714.91	71.3	1727.95
36032	-32750	10751.49	165.72	-6106.84
36033	-32750	10894.34	159.52	-6258.11
36032	-32750	-705.59	143.81	1233
36132	-32750	9301.84	199.47	-5476.24
36164	-32750	7028.08	108.66	-5825.21
36180	-32750	6230.5	108.76	-5817.07
36140	-32750	6813.66	111.3	-4945.87
36132	-32750	6199.55	174.87	-7876.04
36148	-32750	5449.14	161.84	-9693.73
36156	-32750	5278.8	162.82	-9847.78
36140	-32750	3500.91	172.48	-9344.81
36140	-32750	1616.22	162.53	-8612.35
36132	-32750	1672.56	161.37	-8427.03
36140	-32750	922.84	170.08	-10214.55
36172	-32750	759.72	103.89	-12191.85
36148	-32750	-72.26	103.97	-12270.58
36188	-32750	774.67	103.87	-12906.13
36148	-32750	2135.12	170.09	-6575.23
36148	-32750	279.96	170.1	-3905.81
36164	-32750	-1561.41	107.93	-2873.02
36156	-32750	-1752.87	103.89	-3319.57
36180	-32750	-2181.21	107.93	-3468.35
36156	-32750	-2556.12	170.1	-5285.39
36156	-32750	-5553.31	170.1	-7935.52
36132	-32750	-7418.5	107.94	-6937.07
36172	-32750	-7802.37	103.97	-6452.68
36188	-32750	-7895.73	107.94	-7368.16
36164	-32750	-7349.94	170.1	-4527.21
36164	-32750	-9313.04	170.09	-1612.41
36172	-32750	-11211.92	157.64	-529.51
36164	-32750	-10887.94	157.71	-542.88
36188	-32750	-10469.89	167.7	1327.29
36188	-32750	-9885.36	155.23	3248.15
36180	-32750	-9773.98	153.16	2872.36
36188	-32750	-8002.24	165.3	3231.53
36164	-32750	-5960.04	103.14	3161.32
36140	-32750	-5383.33	103.14	2722.1
36180	-32750	-4900.2	101.12	3097.38
36180	-32750	-4456.43	165.29	5662.82
36188	-32750	-3874.77	157.75	7382.91
36172	-32750	-4334.09	157.66	7520.19
36180	-32750	-2053.7	162.89	7542.3
36188	-32750	-224.09	100.73	7498.75
36172	-32750	364.44	100.73	8098.32
36180	-32750	250.05	100.73	6972.4
36172	-32750	318.16	162.89	10040.46
36148	-32750	499.32	155.14	11748.53
36164	-32750	536.06	152.03	11825.13
36172	-32750	-669.26	162.89	5073.97
36212	-32750	2645.15	78.51	-4658.24
36156	-32750	3301.29	78.16	-4251.97
36132	-32750	1987.85	78.25	-4438.71
36180	-32750	2203.42	78.24	-3123.74
36196	-32750	3152.54	78.24	-3112.99
36212	-32750	-3183.9	78.51	-7163.72
36132	-32750	-3927.17	78.16	-7614.92
36148	-32750	-2480.39	78.16	-7679.53
36204	-32750	-3683.6	78.24	-8712.93
36188	-32750	-2699.03	78.24	-8711.71
36212	-32750	-6927.92	78.51	-2600.47
36140	-32750	-7649.13	78.63	-2284.37
36148	-32750	-6225.53	78.16	-2260.63
36196	-32750	-7354.17	78.25	-1061.02
36172	-32750	-6438.92	78.25	-1041.18
36212	-32750	-699.02	71.3	3334.69
36140	-32750	-1352.4	70.95	2835.82
36156	-32750	25.29	70.95	2879.27
36172	-32750	-1182.85	71.04	1744.65
36204	-32750	-182.52	71.04	1690.31
36330	-32750	-714.91	71.3	1727.95
36032	-32750	10751.49	165.72	-6106.84
36033	-32750	10894.34	159.52	-6258.11
36032	-32750	-705.59	143.81	1233
36133	-32750	9301.84	199.47	-5476.24
36165	-32750	7028.08	108.66	-5825.21
36181	-32750	6230.5	108.76	-5817.07
36141	-32750	6813.66	111.3	-4945.87
36133	-32750	6199.55	174.87	-7876.04
36149	-32750	5449.14	161.84	-9693.73
36157	-32750	5278.8	162.82	-9847.78
36141	-32750	3500.91	172.48	-9344.81
36141	-32750	1616.22	162.53	-8612.35
36133	-32750	1672.56	161.37	-8427.03
36141	-32750	922.84	170.08	-10214.55
36173	-32750	759.72	103.89	-12191.85
36149	-32750	-72.26	103.97	-12270.58
36189	-32750	774.67	103.87	-12906.13
36149	-32750	2135.12	170.09	-6575.23
36149	-32750	279.96	170.1	-3905.81
36165	-32750	-1561.41	107.93	-2873.02
36157	-32750	-1752.87	103.89	-3319.57
36181	-32750	-2181.21	107.93	-3468.35
36157	-32750	-2556.12	170.1	-5285.39
36157	-32750	-5553.31	170.1	-7935.52
36133	-32750	-7418.5	107.94	-6937.07
36173	-32750	-7802.37	103.97	-6452.68
36189	-32750	-7895.73	107.94	-7368.16
36165	-32750	-7349.94	170.1	-4527.21
36165	-32750	-9313.04	170.09	-1612.41
36173	-32750	-11211.92	157.64	-529.51
36165	-32750	-10887.94	157.71	-542.88
36189	-32750	-10469.89	167.7	1327.29
36189	-32750	-9885.36	155.23	3248.15
36181	-32750	-9773.98	153.16	2872.36
36189	-32750	-8002.24	165.3	3231.53
36165	-32750	-5960.04	103.14	3161.32
36141	-32750	-5383.33	103.14	2722.1
36181	-32750	-4900.2	101.12	3097.38
36181	-32750	-4456.43	165.29	5662.82
36189	-32750	-3874.77	157.75	7382.91
36173	-32750	-4334.09	157.66	7520.19
36181	-32750	-2053.7	162.89	7542.3
36189	-32750	-224.09	100.73	7498.75
36173	-32750	364.44	100.73	8098.32
36181	-32750	250.05	100.73	6972.4
36173	-32750	318.16	162.89	10040.46
36149	-32750	499.32	155.14	11748.53
36165	-32750	536.06	152.03	11825.13
36173	-32750	-669.26	162.89	5073.97
36213	-32750	2645.15	78.51	-4658.24
36157	-32750	3301.29	78.16	-4251.97
36133	-32750	1987.85	78.25	-4438.71
36181	-32750	2203.42	78.24	-3123.74
36197	-32750	3152.54	78.24	-3112.99
36213	-32750	-3183.9	78.51	-7163.72
36133	-32750	-3927.17	78.16	-7614.92
36149	-32750	-2480.39	78.16	-7679.53
36205	-32750	-3683.6	78.24	-8712.93
36189	-32750	-2699.03	78.24	-8711.71
36213	-32750	-6927.92	78.51	-2600.47
36141	-32750	-7649.13	78.63	-2284.37
36149	-32750	-6225.53	78.16	-2260.63
36197	-32750	-7354.17	78.25	-1061.02
36173	-32750	-6438.92	78.25	-1041.18
36213	-32750	-699.02	71.3	3334.69
36141	-32750	-1352.4	70.95	2835.82
36157	-32750	25.29	70.95	2879.27
36173	-32750	-1182.85	71.04	1744.65
36205	-32750	-182.52	71.04	1690.31
36331	-32750	-714.91	71.3	1727.95
36032	-32750	10751.49	165.72	-6106.84
36033	-32750	10894.34	159.52	-6258.11
36032	-32750	-705.59	143.81	1233
36134	-32750	9301.84	199.47	-5476.24
36166	-32750	7028.08	108.66	-5825.21
36182	-32750	6230.5	108.76	-5817.07
36142	-32750	6813.66	111.3	-4945.87
36134	-32750	6199.55	174.87	-7876.04
36150	-32750	5449.14	161.84	-9693.73
36158	-32750	5278.8	162.82	-9847.78
36142	-32750	3500.91	172.48	-9344.81
36142	-32750	1616.22	162.53	-8612.35
36134	-32750	1672.56	161.37	-8427.03
36142	-32750	922.84	170.08	-10214.55
36174	-32750	759.72	103.89	-12191.85
36150	-32750	-72.26	103.97	-12270.58
36190	-32750	774.67	103.87	-12906.13
36150	-32750	2135.12	170.09	-6575.23
36150	-32750	279.96	170.1	-3905.81
36166	-32750	-1561.41	107.93	-2873.02
36158	-32750	-1752.87	103.89	-3319.57
36182	-32750	-2181.21	107.93	-3468.35
36158	-32750	-2556.12	170.1	-5285.39
36158	-32750	-5553.31	170.1	-7935.52
36134	-32750	-7418.5	107.94	-6937.07
36174	-32750	-7802.37	103.97	-6452.68
36190	-32750	-7895.73	107.94	-7368.16
36166	-32750	-7349.94	170.1	-4527.21
36166	-32750	-9313.04	170.09	-1612.41
36174	-32750	-11211.92	157.64	-529.51
36166	-32750	-10887.94	157.71	-542.88
36190	-32750	-10469.89	167.7	1327.29
36190	-32750	-9885.36	155.23	3248.15
36182	-32750	-9773.98	153.16	2872.36
36190	-32750	-8002.24	165.3	3231.53
36166	-32750	-5960.04	103.14	3161.32
36142	-32750	-5383.33	103.14	2722.1
36182	-32750	-4900.2	101.12	3097.38
36182	-32750	-4456.43	165.29	5662.82
36190	-32750	-3874.77	157.75	7382.91
36174	-32750	-4334.09	157.66	7520.19
36182	-32750	-2053.7	162.89	7542.3
36190	-32750	-224.09	100.73	7498.75
36174	-32750	364.44	100.73	8098.32
36182	-32750	250.05	100.73	6972.4
36174	-32750	318.16	162.89	10040.46
36150	-32750	499.32	155.14	11748.53
36166	-32750	536.06	152.03	11825.13
36174	-32750	-669.26	162.89	5073.97
36214	-32750	2645.15	80.51	-4656.24
36158	-32750	3301.29	78.16	-4251.97
36134	-32750	1987.85	78.25	-4438.71
36182	-32750	2203.42	78.24	-3123.74
36198	-32750	3152.54	78.24	-3112.99
36214	-32750	-3183.9	78.51	-7163.72
36134	-32750	-3927.17	78.16	-7614.92
36150	-32750	-2480.39	78.16	-7679.53
36206	-32750	-3683.6	78.24	-8712.93
36190	-32750	-2699.03	78.24	-8711.71
36214	-32750	-6927.92	78.51	-2600.47
36142	-32750	-7649.13	78.63	-2284.37
36150	-32750	-6225.53	78.16	-2260.63
36198	-32750	-7354.17	78.25	-1061.02
36174	-32750	-6438.92	78.25	-1041.18
36214	-32750	-699.02	71.3	3334.69
36142	-32750	-1352.4	70.95	2835.82
36158	-32750	25.29	70.95	2879.27
36174	-32750	-1182.85	71.04	1744.65
36206	-32750	-182.52	71.04	1690.31
36332	-32750	-714.91	71.3	1727.95
36032	-32750	10751.49	165.72	-6106.84
36033	-32750	10894.34	159.52	-6258.11
36032	-32750	-705.59	143.81	1233
36135	-32750	9301.84	199.47	-5476.24
36167	-32750	7028.08	108.66	-5825.21
36183	-32750	6230.5	108.76	-5817.07
36143	-32750	6813.66	111.3	-4945.87
36135	-32750	6199.55	174.87	-7876.04
36151	-32750	5449.14	161.84	-9693.73
36159	-32750	5278.8	162.82	-9847.78
36143	-32750	3500.91	172.48	-9344.81
36143	-32750	1616.22	162.53	-8612.35
36135	-32750	1672.56	161.37	-8427.03
36143	-32750	922.84	170.08	-10214.55
36175	-32750	759.72	103.89	-12191.85
36151	-32750	-72.26	103.97	-12270.58
36191	-32750	774.67	103.87	-12906.13
36151	-32750	2135.12	170.09	-6575.23
36151	-32750	279.96	170.1	-3905.81
36167	-32750	-1561.41	107.93	-2873.02
36159	-32750	-1752.87	103.89	-3319.57
36183	-32750	-2181.21	107.93	-3468.35
36159	-32750	-2556.12	170.1	-5285.39
36159	-32750	-5553.31	170.1	-7935.52
36135	-32750	-7418.5	107.94	-6937.07
36175	-32750	-7802.37	103.97	-6452.68
36191	-32750	-7895.73	107.94	-7368.16
36167	-32750	-7349.94	170.1	-4527.21
36167	-32750	-9313.04	170.09	-1612.41
36175	-32750	-11211.92	157.64	-529.51
36167	-32750	-10887.94	157.71	-542.88
36191	-32750	-10469.89	167.7	1327.29
36191	-32750	-9885.36	155.23	3248.15
36183	-32750	-9773.98	153.16	2872.36
36191	-32750	-8002.24	165.3	3231.53
36167	-32750	-5960.04	103.14	3161.32
36143	-32750	-5383.33	103.14	2722.1
36183	-32750	-4900.2	101.12	3097.38
36183	-32750	-4456.43	165.29	5662.82
36191	-32750	-3874.77	157.75	7382.91
36175	-32750	-4334.09	157.66	7520.19
36183	-32750	-2053.7	162.89	7542.3
36191	-32750	-224.09	100.73	7498.75
36175	-32750	364.44	100.73	8098.32
36183	-32750	250.05	100.73	6972.4
36175	-32750	318.16	162.89	10040.46
36151	-32750	499.32	155.14	11748.53
36167	-32750	536.06	152.03	11825.13
36175	-32750	-669.26	162.89	5073.97
36215	-32750	2645.15	78.51	-4658.24
36159	-32750	3301.29	78.16	-4251.97
36135	-32750	1987.85	78.25	-4438.71
36183	-32750	2203.42	78.24	-3123.74
36199	-32750	3152.54	78.24	-3112.99
36215	-32750	-3183.9	78.51	-7163.72
36135	-32750	-3927.17	78.16	-7614.92
36151	-32750	-2480.39	78.16	-7679.53
36207	-32750	-3683.6	78.24	-8712.93
36191	-32750	-2699.03	78.24	-8711.71
36215	-32750	-6927.92	78.51	-2600.47
36143	-32750	-7649.13	78.63	-2284.37
36151	-32750	-6225.53	78.16	-2260.63
36199	-32750	-7354.17	78.25	-1061.02
36175	-32750	-6438.92	78.25	-1041.18
36215	-32750	-699.02	71.3	3334.69
36143	-32750	-1352.4	70.95	2835.82
36159	-32750	25.29	70.95	2879.27
36175	-32750	-1182.85	71.04	1744.65
36207	-32750	-182.52	71.04	1690.31
36333	-32750	-714.91	71.3	1727.95
36032	-32750	10751.49	165.72	-6106.84
36033	-32750	10894.34	159.52	-6258.11
36032	-32750	-705.59	143.81	1233
36136	-32750	9301.84	199.47	-5476.24
36168	-32750	7028.08	108.66	-5825.21
36184	-32750	6230.5	108.76	-5817.07
36144	-32750	6813.66	111.3	-4945.87
36136	-32750	6199.55	174.87	-7876.04
36152	-32750	5449.14	161.84	-9693.73
36160	-32750	5278.8	162.82	-9847.78
36144	-32750	3500.91	172.48	-9344.81
36144	-32750	1616.22	162.53	-8612.35
36136	-32750	1672.56	161.37	-8427.03
36144	-32750	922.84	170.08	-10214.55
36176	-32750	759.72	103.89	-12191.85
36152	-32750	-72.26	103.97	-12270.58
36192	-32750	774.67	103.87	-12906.13
36152	-32750	2135.12	170.09	-6575.23
36152	-32750	279.96	170.1	-3905.81
36168	-32750	-1561.41	107.93	-2873.02
36160	-32750	-1752.87	103.89	-3319.57
36184	-32750	-2181.21	107.93	-3468.35
36160	-32750	-2556.12	170.1	-5285.39
36160	-32750	-5553.31	170.1	-7935.52
36136	-32750	-7418.5	107.94	-6937.07
36176	-32750	-7802.37	103.97	-6452.68
36192	-32750	-7895.73	107.94	-7368.16
36168	-32750	-7349.94	170.1	-4527.21
36168	-32750	-9313.04	170.09	-1612.41
36176	-32750	-11211.92	157.64	-529.51
36168	-32750	-10887.94	157.71	-542.88
36192	-32750	-10469.89	167.7	1327.29
36192	-32750	-9885.36	155.23	3248.15
36184	-32750	-9773.98	153.16	2872.36
36192	-32750	-8002.24	165.3	3231.53
36168	-32750	-5960.04	103.14	3161.32
36144	-32750	-5383.33	103.14	2722.1
36184	-32750	-4900.2	101.12	3097.38
36184	-32750	-4456.43	165.29	5662.82
36192	-32750	-3874.77	157.75	7382.91
36176	-32750	-4334.09	157.66	7520.19
36184	-32750	-2053.7	162.89	7542.3
36192	-32750	-224.09	100.73	7498.75
36176	-32750	364.44	100.73	8098.32
36184	-32750	250.05	100.73	6972.4
36176	-32750	318.16	162.89	10040.46
36152	-32750	499.32	155.14	11748.53
36168	-32750	536.06	152.03	11825.13
36176	-32750	-669.26	162.89	5073.97
36216	-32750	2645.15	78.51	-4658.24
36160	-32750	3301.29	78.16	-4251.97
36136	-32750	1987.85	78.25	-4438.71
36184	-32750	2203.42	78.24	-3123.74
36200	-32750	3152.54	78.24	-3112.99
36216	-32750	-3183.9	78.51	-7163.72
36136	-32750	-3927.17	78.16	-7614.92
36152	-32750	-2480.39	78.16	-7679.53
36208	-32750	-3683.6	78.24	-8712.93
36192	-32750	-2699.03	78.24	-8711.71
36216	-32750	-6927.92	78.51	-2600.47
36144	-32750	-7649.13	78.63	-2284.37
36152	-32750	-6225.53	78.16	-2260.63
36200	-32750	-7354.17	78.25	-1061.02
36176	-32750	-6438.92	78.25	-1041.18
36216	-32750	-699.02	71.3	3334.69
36144	-32750	-1352.4	70.95	2835.82
36160	-32750	25.29	70.95	2879.27
36176	-32750	-1182.85	71.04	1744.65
36208	-32750	-182.52	71.04	1690.31
36334	-32750	-714.91	71.3	1727.95
36217	-32750	-40.55	103.97	-13015.76
36217	-32750	658.12	152.57	11807.36
36218	-32750	-40.55	103.97	-13015.76
36218	-32750	658.12	152.57	11807.36
36219	-32750	-40.55	103.97	-13015.76
36219	-32750	658.12	152.57	11807.36
36220	-32750	-40.55	103.97	-13015.76
36220	-32750	658.12	152.57	11807.36
36221	-32750	-40.55	103.97	-13015.76
36221	-32750	658.12	152.57	11807.36
36222	-32750	-40.55	103.97	-13015.76
36222	-32750	658.12	152.57	11807.36
36223	-32750	-40.55	103.97	-13015.76
36223	-32750	658.12	152.57	11807.36
36224	-32750	-40.55	103.97	-13015.76
36224	-32750	658.12	152.57	11807.36
36033	28644	1414.29	-255	1575.16
36228	28901	1417.42	-355	1300.95
36252	28901	1514.55	-355	41.96
36260	29156	1449.52	-525	1357.43
36228	29412	301.39	-525	46.82
36268	29413	1825.57	-325	374.92
36236	29413	1049.67	-325	1363.54
36236	29159	322.52	-325	1722.32
36244	29159	668.97	-325	1402.99
36252	29159	373.05	-325	1450.49
36260	28392	298.61	-325	37.41
36252	28136	265.12	-325	1526.86
36244	28135	1701.14	-325	1606.87
36276	27878	732.05	-325	1210.31
36236	27877	1552.94	-325	1785.75
36244	28389	107.21	-450	430.8
36268	28389	1078.5	-450	1234.36
36244	29667	1398.2	-325	303.48
36268	29668	143.97	-325	551.23
36276	29410	451.33	-325	1919.05
36260	29409	1722.46	-325	791.26
36236	29152	904.51	-325	1099.37
36252	29152	1246.87	-325	938.79
36276	29152	1180.53	-325	1536.47
36236	28128	1182.67	-325	928.37
36244	28128	1786.23	-325	788.5
36276	28128	1613.36	-325	377.53
36252	27873	1699.57	-325	409.68
36260	27874	927.46	-325	1051.22
36228	27875	1774.56	-325	659.83
36292	27876	399.45	-325	756.28
36268	27876	313.51	-325	938.09
36252	28131	491.58	-500	1537.97
36236	28130	1183.77	-500	1731.91
36308	28903	756.35	-191	301.46
36228	28903	1438.85	-205	1196.75
36228	28647	16.64	-199	1143.14
36276	28647	510.53	-150	652.41
36236	28904	37.53	-150	771.91
36268	28648	231.16	-150	1810.93
36292	28647	1543.11	-150	879.83
36308	28640	1580.85	-50	1673.79
36244	28641	285.07	-50	999.48
36244	28896	670.92	-50	414.37
36260	28896	136.74	150	54.18
36252	28640	1782.2	150	507.63
36284	28640	104.67	150	970.18
36268	28640	1030.99	150	251.53
36316	28642	34.52	-300	1738.33
36268	28642	0.6	-350	1729.73
36244	28642	525.81	-330	604.17
36228	29154	1638.52	-330	1244.86
36260	29154	539.57	-330	603.71
36292	28643	1574.77	30	1132.54
36284	28644	154.03	30	1124.68
36338	28643	1815.99	30	1160.6
36033	28644	1414.29	-255	1575.16
36231	28901	1417.42	-355	1300.95
36255	28901	1514.55	-355	41.96
36263	29156	1449.52	-525	1357.43
36231	29412	301.39	-525	46.82
36271	29413	1825.57	-325	374.92
36239	29413	1049.67	-325	1363.54
36239	29159	322.52	-325	1722.32
36247	29159	668.97	-325	1402.99
36255	29159	373.05	-325	1450.49
36263	28392	298.61	-325	37.41
36255	28136	265.12	-325	1526.86
36247	28135	1701.14	-325	1606.87
36279	27878	732.05	-325	1210.31
36239	27877	1552.94	-325	1785.75
36247	28389	107.21	-450	430.8
36271	28389	1078.5	-450	1234.36
36247	29667	1398.2	-325	303.48
36271	29668	143.97	-325	551.23
36279	29410	451.33	-325	1919.05
36263	29409	1722.46	-325	791.26
36239	29152	904.51	-325	1099.37
36255	29152	1246.87	-325	938.79
36279	29152	1180.53	-325	1536.47
36239	28128	1182.67	-325	928.37
36247	28128	1786.23	-325	788.5
36279	28128	1613.36	-325	377.53
36255	27873	1699.57	-325	409.68
36263	27874	927.46	-325	1051.22
36231	27875	1774.56	-325	659.83
36295	27876	399.45	-325	756.28
36271	27876	313.51	-325	938.09
36255	28131	491.58	-500	1537.97
36239	28130	1183.77	-500	1731.91
36311	28903	756.35	-215	301.46
36231	28903	1438.85	-216	1196.75
36231	28647	16.64	-206	1143.14
36279	28647	510.53	-150	652.41
36239	28904	37.53	-150	771.91
36271	28648	231.16	-150	1810.93
36295	28647	1543.11	-150	879.83
36311	28640	1580.85	-50	1673.79
36247	28641	285.07	-50	999.48
36247	28896	670.92	-50	414.37
36263	28896	136.74	150	54.18
36255	28640	1782.2	150	507.63
36287	28640	104.67	150	970.18
36271	28640	1030.99	150	251.53
36319	28642	34.52	-300	1738.33
36271	28642	0.6	-350	1729.73
36247	28642	525.81	-330	604.17
36231	29154	1638.52	-330	1244.86
36263	29154	539.57	-330	603.71
36295	28643	1574.77	30	1132.54
36287	28644	154.03	30	1124.68
36341	28643	1815.99	30	1160.6
36033	28644	1414.29	-255	1575.16
36232	28901	1417.42	-355	1300.95
36256	28901	1514.55	-355	41.96
36264	29156	1449.52	-525	1357.43
36232	29412	301.39	-525	46.82
36272	29413	1825.57	-325	374.92
36240	29413	1049.67	-325	1363.54
36240	29159	322.52	-325	1722.32
36248	29159	668.97	-325	1402.99
36256	29159	373.05	-325	1450.49
36264	28392	298.61	-325	37.41
36256	28136	265.12	-325	1526.86
36248	28135	1701.14	-325	1606.87
36280	27878	732.05	-325	1210.31
36240	27877	1552.94	-325	1785.75
36248	28389	107.21	-450	430.8
36272	28389	1078.5	-450	1234.36
36248	29667	1398.2	-325	303.48
36272	29668	143.97	-325	551.23
36280	29410	451.33	-325	1919.05
36264	29409	1722.46	-325	791.26
36240	29152	904.51	-325	1099.37
36256	29152	1246.87	-325	938.79
36280	29152	1180.53	-325	1536.47
36240	28128	1182.67	-325	928.37
36248	28128	1786.23	-325	788.5
36280	28128	1613.36	-325	377.53
36256	27873	1699.57	-325	409.68
36264	27874	927.46	-325	1051.22
36232	27875	1774.56	-325	659.83
36296	27876	399.45	-325	756.28
36272	27876	313.51	-325	938.09
36256	28131	491.58	-500	1537.97
36240	28130	1183.77	-500	1731.91
36312	28903	756.35	-199	301.46
36232	28903	1438.85	-200	1196.75
36232	28647	16.64	-199	1143.14
36280	28647	510.53	-150	652.41
36240	28904	37.53	-150	771.91
36272	28648	231.16	-150	1810.93
36296	28647	1543.11	-150	879.83
36312	28640	1580.85	-50	1673.79
36248	28641	285.07	-50	999.48
36248	28896	670.92	-50	414.37
36264	28896	136.74	150	54.18
36256	28640	1782.2	150	507.63
36288	28640	104.67	150	970.18
36272	28640	1030.99	150	251.53
36320	28642	34.52	-300	1738.33
36272	28642	0.6	-350	1729.73
36248	28642	525.81	-330	604.17
36232	29154	1638.52	-330	1244.86
36264	29154	539.57	-330	603.71
36296	28643	1574.77	30	1132.54
36288	28644	154.03	30	1124.68
36342	28643	1815.99	30	1160.6
36315	27876	70.28	-300	1151.99
36316	27876	70.28	-300	1151.99
36319	27876	70.28	-300	1151.99
36320	27876	70.28	-300	1151.99
36032	28644	1484.15	-257	1670.58
36032	28644	1484.15	-257	1670.58
36032	28644	1484.15	-257	1670.58
36032	28644	1484.15	-257	1670.58
36307	28901	1516.47	-355	1287.16
36308	28901	1516.47	-355	1287.16
36311	28901	1516.47	-355	1287.16
36312	28901	1516.47	-355	1287.16
36033	31972	453.45	765.87	1741.91
36033	31717	1153.07	647.36	1763.46
36033	31715	295.25	790.48	447.28
36033	31717	1153.07	647.36	1763.46
36033	31972	453.45	765.87	1741.91
36033	31715	295.25	790.48	447.28
36033	31717	1153.07	647.36	1763.46
36033	31972	453.45	765.87	1741.91
36033	31715	295.25	790.48	447.28
36033	31717	1153.07	647.36	1763.46
36033	31972	453.45	765.87	1741.91
36033	31715	295.25	790.48	447.28
36033	31717	1153.07	647.36	1763.46
36033	31972	453.45	765.87	1741.91
36033	31715	295.25	790.48	447.28
36033	31717	1153.07	647.36	1763.46
36033	31972	453.45	765.87	1741.91
36033	31715	295.25	790.48	447.28
36033	-32750	2033.92	78.51	-3925.33
36033	-32750	-3780.97	78.56	-7943.88
36033	-32750	-7537.99	78.51	-1848.46
36033	-32750	-7107.79	161.58	3290.88
36033	-32750	-3780.97	78.56	-7943.88
36033	-32750	-7537.99	78.51	-1848.46
36033	-32750	-7107.79	161.58	3290.88
36033	-32750	2033.92	78.51	-3925.33
36033	-32750	-3780.97	78.56	-7943.88
36033	-32750	-7537.99	78.51	-1848.46
36033	-32750	-7107.79	161.58	3290.88
36033	-32750	2033.92	78.51	-3925.33
36033	-32750	-3780.97	78.56	-7943.88
36033	-32750	-7537.99	78.51	-1848.46
36033	-32750	-7107.79	161.58	3290.88
36033	-32750	2033.92	78.51	-3925.33
36033	-32750	-3780.97	78.56	-7943.88
36033	-32750	-7537.99	78.51	-1848.46
36033	-32750	-7107.79	161.58	3290.88
36033	-32750	2033.92	78.51	-3925.33
36033	-32750	-3780.97	78.56	-7943.88
36033	-32750	-7537.99	78.51	-1848.46
36033	-32750	-7107.79	161.58	3290.88
36033	-32750	2033.92	78.51	-3925.33
36033	-32750	-3780.97	78.56	-7943.88
36033	-32750	-7537.99	78.51	-1848.46
36033	-32750	-7107.79	161.58	3290.88
36033	-32750	2033.92	78.51	-3925.33
36033	-32750	-3780.97	78.56	-7943.88
36033	-32750	-7537.99	78.51	-1848.46
36033	-32750	-7107.79	161.58	3290.88
36033	-32750	2033.92	78.51	-3925.33
36033	28657	1771.68	-870	1231.4
36033	27636	1273.95	-850	283.02
36033	28920	786.24	-890	155.84
36033	27636	1273.95	-850	283.02
36033	28920	786.24	-890	155.84
36033	28657	1771.68	-870	1231.4
36033	27636	1273.95	-850	283.02
36033	28920	786.24	-890	155.84
36033	28657	1771.68	-870	1231.4
36033	27636	1273.95	-850	283.02
36033	28920	786.24	-890	155.84
36033	28657	1771.68	-870	1231.4
36033	28647	1860.7	-220	1262.04
36033	28640	478.26	-120	650.95
36033	28640	478.26	-120	650.95
36033	28647	1860.7	-220	1262.04
36033	28647	1860.7	-220	1262.04
36033	28640	478.26	-120	650.95
36033	28640	478.26	-120	650.95
36033	28647	1860.7	-220	1262.04
38265	25000	1572.52	0	567.32
38270	24999	1388.75	0.6	1291.94
38266	26265	580.46	-104.54	387.52
38271	26265	1595.45	-106.15	869.58
38267	26958	1779.56	83.87	1279.52
38272	26957	1674.33	80	468.89
38268	27243	1475.9	180	1661.35
38273	27243	1424.25	180	458.58
38269	23687	1486.86	243.81	10.69
38274	23431	920.19	99.47	1074.83
22679	15965	802	0	7
22677	27214	1670	79.99966	1052
43642	15708	1730	0	1418
43643	15709	259	0	1497
43644	16222	180	0	78
43645	15966	222	0	1554
22678	15709	410.7	0	1901.24
22679	15709	541.4	0	1902.3
22680	15709	800.64	0	1888.6
22681	15709	685.77	0	1886.49
38934	23498	168.15	-204.59	1724.6
38935	23498	279.39	-206	1758.82
38936	23498	258.06	-210.15	1829.55
38937	23498	143.06	-204.33	1650.92
38938	23498	151.65	-209.27	1791.8
38939	23498	116.36	-206.58	1597.67
38965	22219	696.31	475.63	1749.22
38955	-32746	2.47	1.11	-653.84
38956	-32746	986.71	1.11	-2342.25
38959	-32746	-225.36	1.59	-1572.11
38957	-32746	-561.54	1.11	385.38
38958	-32746	491.62	1.11	325.94
38960	-32746	1233.5	1.59	756.14
38961	-32746	1238.27	1.59	846.36
38962	-32746	454.95	1.11	280.51
38963	-32746	-541.01	1.11	312.01
38964	-32746	-4.14	1.11	-586.66
38940	32236	945.05	886.04	840.8
38941	31723	1440.93	856	555.92
38942	32236	91.7	856	1084.41
38943	32237	147	856	1082.68
38944	31980	901.04	950	804.18
38945	31980	827.28	992	753.28
38946	31980	760.79	1038	691.98
38947	31980	984.24	999.19	743.88
38948	31980	1026.89	1067	683.56
38949	31724	433.37	1115.29	745.16
38950	31980	715.98	1116	297.01
38951	31980	751.99	992	738.8
38952	31980	1114.68	992.73	734.65
38953	32236	87.53	856	1089.31
38954	32237	135.66	856	1071.45
41761	32236	945.55	854.19	662.8
41762	31980	801.28	1115.52	534.93
41763	31979	1272.27	896.3	527.52
41764	31981	517.08	896.54	520.38
41765	-32746	-22.66	1.11	-323.99
41766	-32746	-266.22	1.11	178.9
41767	-32746	298.9	1.11	214.12
41359	32236	892.36	856	284.92
41354	32236	1042.36	856	322.92
41359	31980	465.91	856	1812.42
41354	31980	465.91	856	1812.42
41359	31980	900.38	856	1409.69
41354	31980	900.38	856	1409.69
41359	31980	1337.28	856	1816.76
41354	31980	1337.28	856	1816.76
41353	32236	650.35	856	148.34
41353	31980	650.41	856	1587.27
41353	31980	1120.27	856	1587.69
41353	32236	1120.06	856	148.65
41354	31979	1275.26	901	1380.01
41354	31980	81.23	900	906.59
41365	31979	1211.84	903	1428.09
41366	31979	1319.84	902	1331.09
41365	31980	31.32	900	963.68
41366	31980	129.32	900	861.68
41353	31979	1330.94	859	933.19
41353	31979	1633.75	864	1375.53
41359	31979	1260.85	856	157.86
41359	31723	890.93	856	627.05
41359	31723	672.87	856	1578.11
41359	31979	666.01	856	1697.94
41354	31979	1150.77	856	160.23
41354	31723	886.29	856	732.16
41354	31723	559.35	856	1578.35
41354	31979	545.87	856	1703.29
41367	31723	1203	856	1622.1
41346	31723	1093	856	1622.1
41347	31723	1318	856	1622.1
41367	31723	623.97	856	1065.24
41346	31723	494.97	856	1065.24
41347	31723	756.97	856	1065.24
41367	31979	606	856	1269.62
41346	31979	468	856	1269.62
41347	31979	743	856	1269.62
41342	31723	1218.04	856	1020.27
41366	31723	1070.04	856	1020.27
41365	31723	1351.04	856	1020.27
41342	31979	595.75	856	142.88
41366	31979	479.75	856	142.88
41365	31979	718.75	856	142.88
41342	32235	1067.24	856	294.34
41366	32235	1000.24	856	380.34
41365	32235	1141.24	856	213.34
41367	32235	1842.65	856	820.17
41342	32235	1761.65	856	710.17
41359	32235	1919.65	856	710.17
41347	32236	796.04	856	299.97
41365	32236	926.04	856	296.97
41347	31980	348.42	856	1857.85
41365	31980	348.42	856	1769.85
41347	31980	863.99	856	1365.56
41365	31980	930.99	856	1364.56
41347	31980	1403.45	856	1869.79
41365	31980	1412.45	856	1801.79
41342	32236	620.18	856	348.39
41347	32236	569.18	856	348.39
41346	32236	623.18	856	393.39
41342	32236	1255.44	856	137.86
41347	32236	1304.44	856	140.86
41346	32236	1287.44	856	90.86
41342	31980	1154.53	856	1462.27
41347	31980	1204.53	856	1462.27
41346	31980	1154.53	856	1420.27
41342	31980	474.76	856	1572.2
41347	31980	515.76	856	1572.2
41346	31980	473.76	856	1616.2
41346	32236	1134.61	856	373.63
41366	32236	1175.61	856	373.63
41346	31980	1305.61	856	1661.56
41366	31980	1249.61	856	1661.56
41346	31980	639.95	856	1426.45
41366	31980	677.95	856	1426.45
41346	32236	453.69	856	56.07
41366	32236	491.69	856	56.07
41353	31981	25.7	863	1393.44
41353	31981	484.52	853	926.82
41354	31981	547.06	900	1392.18
41365	31981	599.06	900	1430.18
41366	31981	502.06	900	1347.18
41354	31980	1740.79	901	922.1
41365	31980	1786.79	906	967.1
41366	31980	1696.79	900	880.1
41359	31981	548.65	856	161.1
41354	31981	599.65	856	161.1
41359	31725	918.79	856	680.13
41354	31725	921.79	856	751.13
41359	31725	1161.36	856	1647.86
41354	31725	1211.36	856	1647.86
41359	31981	1186.21	855.16	1758.19
41354	31981	1237.21	855.16	1758.19
41367	31725	579.84	856	1668.68
41346	31725	473.84	856	1668.68
41347	31725	685.84	856	1668.68
41367	31725	1187.48	856	972.49
41346	31725	1085.48	856	972.49
41347	31725	1292.48	856	972.49
41367	31981	1173.3	856	1304.75
41346	31981	1049.3	856	1304.75
41347	31981	1294.3	856	1304.75
41342	31725	578.24	856	971.35
41366	31725	459.24	856	971.35
41365	31725	693.24	856	971.35
41342	31981	1150.03	856	235.13
41366	31981	1039.03	856	235.13
41365	31981	1266.03	856	235.13
41342	32237	794.16	856	304.81
41366	32237	889.1	856	386.81
41365	32237	693.1	856	199.81
41367	32236	1843.93	856	852.7
41342	32236	1755.93	856	761.7
41359	32236	1919.93	856	761.7
41354	32236	752.82	856	320.68
41354	31980	902.92	856	1427.3
41367	31724	401.17	1115.05	906.96
41367	31724	1419.8	1115	906.78
41359	31980	561.29	1115.58	349.09
41359	31980	1237.06	1115.58	352.65
41359	31723	1801.67	1115	1273.95
41359	31725	42.12	1115	1288.12
41342	31979	1886.05	1115	294.69
41347	31979	1886.05	1115	340.69
41346	31979	1886.05	1115	245.69
41342	31723	1893.05	1115	1893.35
41347	31723	1854.05	1115	1919.35
41346	31723	1919.05	1115	1855.35
41342	31724	290.49	1115	1855.71
41347	31724	237.49	1115	1855.71
41346	31724	343.49	1115	1855.71
41342	31980	1816.6	1115.21	304.24
41347	31980	1816.6	1115.21	355.24
41346	31980	1816.6	1115.21	254.24
41342	31980	1814.44	1115	36.23
41347	31980	1862.44	1115	58.23
41346	31980	1783.44	1115	0.23
41342	31980	1542.96	1115	0.41
41347	31980	1491.96	1115	0.41
41346	31980	1590.96	1115	0.41
41342	31723	1841.91	1115	605.89
41347	31723	1782.91	1115	605.89
41346	31723	1896.91	1115	605.89
41342	31724	288.67	1115	608.71
41347	31724	288.67	1115	659.71
41346	31724	288.67	1115	555.71
41342	31723	1760.59	1115	959.15
41347	31723	1799.59	1115	919.15
41346	31723	1799.59	1115	1012.15
41342	31724	1520.54	1115	605.29
41347	31724	1523.54	1115	550.29
41346	31724	1518.54	1115	660.29
41342	31724	1873.45	1115	619.39
41347	31724	1919.45	1115	619.39
41346	31724	1819.45	1115	619.39
41342	31725	0.87	1115	920.87
41347	31725	30.87	1115	965.87
41346	31725	28.87	1115	876.87
41367	-32749	844.72	-134.49	980.98
41367	-32749	964.09	-134.5	990.44
41367	-32749	1069.08	-134.5	984.89
41359	-32749	791.32	-134.49	925.68
41359	-32749	908	-134.5	956.42
41359	-32749	1013.85	-134.5	955.91
41359	-32749	1120.13	-134.5	925.37
41342	-32749	908.52	-134.49	890.01
41342	-32749	971.32	-134.5	890.55
41342	-32749	1028.37	-134.5	890.19
41342	-32749	847.98	-134.5	850.11
41342	-32749	1089.1	-134.5	850.58
41416	31980	896	1115	386
41367	32236	898.79	856	165.42
41353	32236	935.79	856	165.42
41367	31980	646.2	856	1820.97
41353	31980	688.2	856	1820.97
41367	31980	1167.55	856	1814.19
41353	31980	1122.55	856	1814.19
41367	31980	934.79	856	1558.52
41353	31980	898.79	856	1556.52
41354	32236	651.49	856	148.54
41367	32236	713.49	856	148.54
41359	32236	670.49	856	79.54
41354	32236	1122.22	856	147.54
41367	32236	1057.22	856	149.54
41359	32236	1122.22	856	88.54
41354	31980	1119.46	856	1589.53
41367	31980	1059.46	856	1589.53
41359	31980	1119.46	856	1657.53
41354	31980	651.49	856	1588.15
41367	31980	717.49	856	1588.15
41359	31980	651.49	856	1653.15
41353	31979	1841.1	856	1381.37
41353	31979	1596.94	856	922.34
41353	31981	199.02	856	1393.29
41353	31981	222.56	856	915.79
41370	31724	398.14	1115	1521.84
41370	31724	1429.95	1115	1532.95
41360	31980	169.71	1115	190.37
41360	31980	1633.57	1115	204.66
41360	31723	1803.54	1115	1326.97
41360	31725	10.73	1115	1285.54
41343	31979	1874.87	1115.4	313.83
41349	31979	1874.87	1115.4	366.83
41348	31979	1874.87	1115.4	255.83
41343	31723	1877.69	1115	1882.96
41349	31723	1851.69	1115	1919.96
41348	31723	1916.69	1115	1859.96
41343	31980	279.31	1115	0.7
41349	31980	235.31	1115	0.7
41348	31980	322.31	1115	0.7
41343	31980	1865.9	1115	282.72
41349	31980	1864.9	1115	339.72
41348	31980	1864.9	1115	239.72
41343	31724	1851	1115	1890.74
41349	31724	1889	1115	1919.74
41348	31724	1813	1115	1851.74
41343	31724	1540.66	1115	1849.81
41349	31724	1491.66	1115	1843.81
41348	31724	1586.66	1115	1848.81
41343	31723	1822.69	1115	841.89
41349	31723	1779.69	1115	889.89
41348	31723	1780.69	1115	791.89
41343	31724	170.71	1115	590.8
41349	31724	170.71	1115	646.8
41348	31724	170.71	1115	538.8
41343	31724	385.12	1115.01	889.85
41349	31724	414.12	1115.01	838.03
41348	31724	385.12	1115.01	804.03
41343	31724	1430.08	1115	898.74
41349	31724	1414.08	1115	846.74
41348	31724	1451.08	1115	812.74
41343	31724	1692.55	1115	627.9
41349	31724	1692.55	1115	670.9
41348	31724	1692.55	1115	580.9
41343	31725	0.53	1115	867.71
41349	31725	29.53	1115	919.71
41348	31725	30.53	1115	818.71
41356	32236	901.99	856	312.37
41356	31980	899.64	856	1404.09
41355	31981	155.18	865	1387.27
41355	31981	463.02	865	922.47
41368	31980	1787.13	885	967.02
41369	31980	1693.13	885	877.02
41368	31981	595.76	885	1430.31
41369	31981	502.76	885	1341.31
41360	31981	551.07	856	127.82
41356	31981	596.07	856	127.82
41360	31725	913.99	856	686.05
41356	31725	964.99	856	686.21
41360	31725	1212.3	856	1561.78
41356	31725	1166.3	856	1561.78
41360	31981	1198.38	855.15	1656.65
41356	31981	1155.38	855.15	1656.65
41370	31725	576.06	856	1603.53
41348	31725	449.06	856	1603.53
41349	31725	702.06	856	1603.53
41370	31725	1175.4	856	934.82
41348	31725	1063.4	856	934.82
41349	31725	1292.4	856	934.82
41370	31981	1161.6	856	1133.59
41348	31981	1064.6	856	1137.59
41349	31981	1263.6	856	1138.59
41343	31725	588.26	856	931.6
41369	31725	459.26	856	931.6
41368	31725	713.26	856	931.6
41343	31981	1217.61	856	135.58
41369	31981	1052.61	856	170.68
41368	31981	1244.61	856	288.68
41343	32237	793.63	856	234.05
41369	32237	795.63	856	372.05
41368	32237	652.63	856	216.05
41370	32236	1710.54	856	715.21
41343	32236	1759.54	856	773.26
41360	32236	1785.54	856	684.26
41356	32236	902.07	856	316.48
41356	31980	899.02	856	1405.94
41355	31979	1801.81	880	1382.85
41355	31979	1338.43	865	924.32
41360	31979	1272.5	856	233.35
41356	31979	1225.5	856	233.35
41360	31723	925.42	856	733.45
41356	31723	871.42	856	733.45
41360	31723	628.86	856	1531.03
41356	31723	576.86	856	1531.03
41360	31979	650.33	856	1646.42
41356	31979	600.33	856	1646.42
41370	31723	1234.81	856	1718.84
41348	31723	1093.81	856	1718.84
41349	31723	1367.81	856	1718.84
41370	31723	601.26	856	951.44
41348	31723	476.26	856	953.44
41349	31723	722.26	856	953.44
41370	31979	637.21	856	1053.54
41348	31979	510.21	856	1053.54
41349	31979	772.21	856	1053.54
41343	31723	1230.6	856	961.42
41369	31723	1094.6	856	966.42
41368	31723	1369.6	856	966.42
41343	31979	632.88	856	113.05
41369	31979	482.88	856	163.05
41368	31979	648.88	856	258.05
41343	32235	1073.32	856	274.16
41369	32235	1105.32	856	419.16
41368	32235	1213.32	856	245.16
41370	32235	1717.17	856	778.4
41343	32235	1765.17	856	825.4
41360	32235	1787.17	856	745.4
41370	-32747	861.45	-134.5	992.71
41360	-32747	930.92	-134.5	935.12
41343	-32747	933.11	-134.5	890.94
41419	31980	1750	883	921
41343	-32749	810.35	-134.5	850.16
41343	-32749	1110.83	-134.5	850.07
41343	-32749	876.5	-134.5	870.28
41343	-32749	1049.2	-134.5	870.03
41417	31980	896	1115	386
41370	-32748	817.05	-134.49	960.1
41360	-32748	1050.21	-134.5	889.94
41343	-32748	857.58	-134.49	836.48
41343	-32748	888.01	-134.5	835.27
41343	-32748	1032.83	-134.5	839.07
41343	-32748	1061.46	-134.5	840
41418	31979	1912	878.5247	912
41356	31981	554.19	885	1384.64
41356	31980	1742.18	885	924.24
41356	31979	1267.04	880	1386.21
41368	31979	1221.04	880	1431.21
41369	31979	1320.04	880	1342.21
41356	31980	80.48	880	912.11
41368	31980	32.48	880	956.11
41369	31980	126.48	880	859.11
41356	32236	582.18	856	109.09
41370	32236	533.56	856	58.86
41360	32236	624.56	856	149.86
41356	31980	582.94	856	1597.79
41370	31980	627.94	856	1553.79
41360	31980	525.94	856	1645.79
41356	31980	1209.65	856	1593.65
41370	31980	1251.65	856	1639.65
41360	31980	1162.65	856	1549.65
41356	32236	1211.03	856	120.9
41370	32236	1165.03	856	164.9
41360	32236	1256.03	856	71.9
41356	32236	582.63	856	110.47
41370	32236	636.63	856	155.47
41360	32236	525.63	856	57.47
41356	31980	584.01	856	1598.4
41370	31980	530.01	856	1651.4
41360	31980	638.01	856	1539.4
41356	32236	1210.73	856	121.51
41370	32236	1149.73	856	176.51
41360	32236	1268.73	856	60.51
41356	31980	1209.34	856	1594.26
41370	31980	1263.34	856	1641.26
41360	31980	1149.34	856	1534.26
41370	-32749	787.46	-134.5	946.21
41360	-32749	849.39	-134.5	960.09
41370	-32749	904.83	-134.5	943.76
41360	-32749	965.78	-134.5	960.33
41370	-32749	1032.37	-134.5	942.34
41360	-32749	1101.68	-134.5	950.15
41355	31980	1898.42	856	1390.35
41355	31981	221.09	857	919.45
41370	32236	1919.54	856	715.21
41343	32236	1878.54	856	768.26
41360	32236	1851.54	856	684.26
41355	31979	1609.97	856	1384.49
41355	31979	1615.85	856	919.03
41370	32235	1919.17	856	778.4
41343	32235	1870.17	856	825.4
41360	32235	1855.17	856	745.4
41343	-32747	896.11	-134.5	845.94
41343	-32747	822.11	-134.5	865.94
41343	-32747	799.11	-134.5	875.94
41343	-32747	1011.11	-134.5	845.94
41343	-32747	1088.11	-134.5	865.94
41343	-32747	1124.11	-134.5	875.94
41343	-32747	859.11	-134.5	855.94
41343	-32747	972.11	-134.5	891.94
41343	-32747	1048.11	-134.5	855.94
41370	-32747	797.45	-134.5	1015.71
41370	-32747	959.45	-134.5	981.71
41370	-32747	1056.45	-134.5	995.71
41370	-32747	1122.45	-134.5	1015.71
41360	-32747	874.92	-134.5	950.12
41360	-32747	817.92	-134.5	950.12
41360	-32747	990.92	-134.5	935.12
41360	-32747	1043.92	-134.5	950.12
41360	-32747	1099.92	-134.5	950.12
41370	-32748	1102.05	-134.49	959.1
41360	-32748	960.21	-134.5	889.94
41370	-32748	959.05	-134.49	953.1
41360	-32748	866.21	-134.5	889.94
41737	32236	663.77	856	399.81
41737	32236	913.76	856	294.48
41737	32236	1157.16	856	401.34
41737	31980	1455.78	856	1876.97
41737	31980	1183.22	856	1442.61
41737	31980	622.58	856	1451.64
41737	31980	375.23	856	1856
41737	32236	594.29	856	126.85
41737	31980	538.2	856	1673.13
41737	31980	903.94	856	1412.81
41737	31980	1271.61	856	1682.15
41737	32236	1225.59	856	105.15
41739	32236	1844.37	856	864.63
41738	32236	1762.15	856	589.71
41738	32237	111.02	856	481.85
41739	32237	37.55	856	206.73
41738	32237	354.88	856	280.2
41739	32237	617.63	856	389.51
41738	32237	687.98	856	130.02
41738	32237	886.5	856	323.86
41739	32235	1833.16	856	938.6
41738	32236	7.49	856	618.64
41738	32235	1588.36	856	518.05
41739	32235	1777.51	856	271.06
41738	32235	1409.48	856	266.52
41739	32235	1098.4	856	433.79
41738	32235	930.78	856	189.01
41738	32235	795.37	856	459.15
41739	31979	1262.09	877.11	1398.97
41739	31980	93.53	877.11	911.33
41738	31979	1545.09	852.77	1391.16
41738	31979	1719.59	852.77	1385.79
41738	31979	1274.07	852.77	1032.68
41738	31979	1433.54	852.77	928.57
41738	31979	1587.13	852.77	924.22
41738	31979	1901.75	858.56	1389.74
41738	31979	1272.68	858.56	853.96
41739	31981	560.28	889.2	1389.56
41739	31980	1736.71	889.2	917.02
41738	31980	1819.67	859.46	1397.33
41738	31981	60.42	859.46	1392.15
41738	31981	223.42	859.46	1389.56
41738	31981	549.95	859.46	1026.41
41738	31981	553.84	859.46	845.12
41738	31981	402.02	859.46	930.39
41738	31981	229.38	859.46	935.57
41738	31981	81.8	869.28	927.08
41738	31979	1748.57	869.28	917.22
41739	31979	544.83	856	1920
41739	31979	684.4	856	1717
41739	31979	496.11	856	1569.7
41739	31979	690.99	856	1345.72
41739	31979	506.62	856	766.49
41739	31981	1138.81	855.8	1920
41739	31981	1267.31	856	1656.02
41739	31981	1120.9	856	1478.82
41739	31981	1130.25	856	1091.69
41739	31981	1270.04	855.39	831.99
41740	31979	518.34	856	283.67
41741	31979	688.76	856	125.57
41740	31723	524.28	856	1808.08
41741	31723	688.49	856	1626.11
41740	31723	505.19	856	1406.12
41741	31723	660.43	856	1240.83
41740	31981	1129.97	856	233.5
41741	31981	1286.07	855.63	0
41740	31725	1135.82	856	1748.03
41741	31725	1278.6	856	1493.45
41740	31725	1105.35	856	1324.17
41741	31725	1275.34	856	1053.47
41741	31981	487.12	856	47.37
41740	31725	662.42	856	1772.34
41741	31725	477.94	856	1630.54
41740	31725	668.87	856	1409.07
41741	31725	481.85	856	1303.13
41740	31725	670.77	856	1039.37
41740	31723	1119.41	856	1091.56
41741	31723	1308.77	856	1224.17
41740	31723	1139.86	856	1477.04
41741	31723	1315.35	856	1631.55
41740	31723	1133.65	856	1880.99
41741	31979	1308.84	856	71.26
41739	31979	682.96	856	1009.64
41739	31979	475.63	856	1159.81
41739	31979	655.58	856	589.37
41739	31981	1328.99	856.29	1251.49
41739	31981	1114.13	856	681.65
41739	31981	1270.86	856	490.73
41740	31725	1138.84	856	906.55
41741	31725	482.27	855.95	963.31
41740	31725	699.84	856	707.84
41741	31725	1046.33	856	672.02
41740	31723	559.35	856	949.28
41741	31723	766.92	856	744.71
41741	31723	1315.37	856	906.63
41740	31723	1131.95	856	709.73
41743	31980	410.9	1116.58	330.58
41743	31980	292.99	1115	0
41744	31980	128.01	1116.58	318.15
41743	31979	1860.52	1115	302.99
41744	31724	0	1115	1904.86
41743	31723	1811.6	1115	1705.55
41744	31723	1801.44	1115	1438.39
41744	31724	387.96	1115	1613.13
41743	31980	1383.75	1115.58	320.09
41743	31980	1624.7	1116	332.63
41743	31980	1496.67	1115	0
41744	31980	1898.1	1115	319.29
41744	31724	1829.41	1115	1920
41744	31724	1428.03	1115	1628.41
41743	31725	27.12	1115	1640.72
41744	31725	42.49	1115	1393.75
41745	31723	1799.77	1115	1117.12
41742	31723	1795.42	1115	839.45
41742	31724	115.98	1115	614.12
41745	31723	1818.96	1115	565.21
41745	31724	359.18	1115	546.86
41742	31724	404.9	1115.17	825.11
41742	31724	1423.02	1115	879.79
41745	31724	1461.56	1115	557.72
41742	31724	1682.89	1115	605.17
41745	31725	39.01	1115	516.74
41742	31725	51.97	1115	799.55
41745	31725	51.26	1115	1077.34
41737	31980	1454.78	856	1797.94
41737	31980	372.81	856	1883.57
41739	32235	1046.11	856	144.5
41739	31979	1276.44	885.55	1376.99
41739	31980	83.09	886.2	907.33
41739	31980	1767.72	881.98	911.1
41739	31981	552.89	884.7	1396.85
41739	32237	722.35	856	133.68
41739	31979	542.06	856	766.96
41739	31981	1153.08	856	675.37
41740	31723	605.62	856	918.67
41740	31723	1210.78	856	707.54
41740	31725	634.22	856	712.05
41740	31725	1182.01	856	886.88
41743	31979	1915.12	1115	282.08
41743	31980	1860.02	1115	293.2
41742	31723	1849.73	1115	615.81
41742	31724	1882.69	1115	602.36
41351	22987	446.23	123.82	1708.77
41351	22987	941.77	164.41	1744.26
41341	22986	805.95	-25.49	1023.77
41351	22986	1311.05	-33.85	811.91
41351	22987	641.3	0	912.27
41341	22986	1546.19	-13.29	300.99
41351	22730	1503.55	0	1722.76
41351	22731	172.4	0	1621.86
41351	22730	1863.95	0	1097.74
41341	22729	1809.03	80.25	1899.44
41341	22730	455.03	102.78	1373.63
41341	22730	503.23	101.35	858.89
41341	22730	900.04	99.79	874.81
41341	22730	1229.71	93.12	216.49
41341	22474	361.62	87.96	1805.54
41341	22474	1764.91	208.65	1466.39
41341	22474	1228.83	223.91	1466.53
41341	22474	1024.02	223.92	1130.43
41341	22473	1563.78	462.41	474.95
41341	22474	447.98	468.81	372.58
41341	22218	192.42	463.42	1869.4
41341	22217	1287.81	470.73	1648.79
41341	22217	1796.18	472.38	1182.11
41341	22218	243.16	469.22	1412.41
41341	22218	845.94	473.93	1569.46
41341	22474	1262.55	474.72	19.01
41341	22474	1571.19	276.29	712.35
41341	22475	484.83	149.49	1850.3
41341	22475	673.87	214.48	1460.47
41341	22475	1077.08	182.97	1760.09
41341	22731	772.59	5.08	640.23
41351	22731	1077.5	0.31	1011.16
41351	22987	668.56	0	208.92
41351	22987	1126.79	0	549.8
41351	22987	1718.85	-35.55	389.29
41341	22987	1284.83	-5.9	94.21
41351	22731	1540.95	0.14	1338.34
41351	22986	1708.95	82.44	1735.69
41351	23243	1582.72	180.69	444.53
41344	23244	331.33	174.86	598.34
41344	23244	779.76	169.56	709.77
41351	23244	560.25	4.08	1362.23
41344	23244	960.35	6.35	1519.88
41344	23244	630.15	175.16	98.17
41351	22988	509.17	172.51	1631.57
41351	22988	709.28	19.24	1134.11
41351	22988	1.87	170.47	1730.55
41351	22987	1436.16	175.83	1825.58
41351	23244	1459.5	10.81	1277.2
41351	22988	188.4	16.75	996.88
41351	22988	1774.98	0	916.71
41351	22988	1485.72	50.95	1163.95
41344	22988	1784.98	94.53	1489.95
41351	22988	1273.31	153.46	1636.21
41344	23244	1391.53	169.11	667.12
41344	23245	101.99	7.5	1109.75
41351	23245	475.36	0	957.75
41344	23245	900.56	4.41	736.94
41351	23245	1395.42	0	458.29
41351	22989	1537.37	0	1884.08
41351	22989	1137.52	5.38	1064.93
41351	22989	443.82	0.17	885.18
41344	22989	1863.33	0	1878.83
41351	22732	234.47	1.69	1343.52
41345	22732	427.11	178.39	566.71
41351	22731	1654.81	176.32	507.61
41345	22475	1730.45	182.13	1684.46
41345	22732	619.91	174.04	96.32
41345	22732	809.3	168.42	688.71
41345	22476	348.2	256.55	1322.24
41345	22476	595.83	312.73	880.14
41345	22475	1744.72	292.85	1038.08
41345	22476	1189.45	267.01	1667.5
41345	22732	1317.73	170.38	548.36
41345	22732	1695.72	166.66	737.16
41345	22732	1874.51	166.54	241.67
41345	22477	127.82	257.5	1539.23
41345	22477	137.63	259.38	1117.36
41345	22476	1502.38	265.76	489.91
41345	22732	1438.12	13.18	1259.34
41351	22732	1822.29	0	1485.54
41351	22733	291.34	0	1669.55
41351	22733	717.2	0	1454
41351	22733	759.26	0	1911.4
41351	22989	906.47	0	433.02
41351	22989	1295.52	0	569.72
41351	22989	1407.56	-17.02	64.7
41351	22733	1206.14	0	1632.75
41345	22733	1137.8	0	1222.67
41345	22733	1547.88	0	1217.41
41351	22733	1831.74	-3.77	1847.86
41345	22733	708.17	136.6	186.36
41345	22733	1730.56	-44.7	325.13
41345	22477	1437.31	4.23	1865.74
41345	22477	1416.44	0.23	1465.58
41345	22989	396.83	10.12	668.26
41345	22989	835.77	1.84	999
41345	22989	1396.27	0	1246.07
41345	23245	1631.36	0	19.29
41351	22987	1187.1	5.47	957.57
41341	22987	1545.07	0	1110.45
41351	22987	273.56	0.95	758.82
41341	22988	902.5	12	336.96
41341	22988	1389.35	-5.4	360.5
41345	22732	902.4	6.09	1501.65
41345	22732	1195.61	-2	1875.99
41345	22988	1714.99	18.33	214.41
41345	22988	551.13	8.52	905.37
41345	22987	1877.59	-40.32	257.45
41351	22732	199.32	0	1577.22
41344	23245	0.56	164.31	587.4
41351	23245	216.1	171.06	387.83
41351	22990	138.89	0	917.08
41352	22990	449.46	0	899.5
41351	22990	402.58	0	1350.7
41352	22990	677.99	0	1719.87
41352	22990	859.64	0	1333.12
41352	22990	1211.23	0	1198.35
41352	22990	1269.3	-5.8	1725.33
41352	23246	941.68	0	210.05
41352	23246	1152.63	0	526.48
41352	23246	1598	-1.29	555.78
41352	23246	1504.2	-23.45	220.62
41352	22990	1492.5	0	1503.06
41350	23246	308.82	0	860.49
41350	23245	1836.22	0	1188.64
41350	23245	1449.56	0.73	1317.57
41352	23246	256.09	0	1792.2
41352	23246	578.38	0	1510.93
41352	23246	414.3	0	1294.11
41352	23246	818.63	0	1130.04
41352	23246	1328.43	0	1188.64
41352	23246	1053.02	0	1540.23
41345	22217	1693.53	467.69	1660.78
41345	22218	613.6	472.2	1202.01
41345	22217	1603.89	471.77	1180.19
41345	22218	0	468.59	1213.72
41345	22473	1593.71	462.52	389.29
41341	22731	875.03	0	1919.51
41341	22476	191.97	269.35	1136.73
41341	22730	1774.55	119.68	148.22
41341	22474	1856.93	474.95	105.42
41341	22733	136.17	41.94	1151.3
41351	23245	546.99	1.93	1469.77
41351	22989	1708.28	-37.64	371.44
41345	22476	633.14	273.86	1372.28
41345	22476	1240.95	268.89	1030.55
41345	22476	1686.23	262.18	1804.81
41345	22733	1259.83	3.27	400.68
41341	22733	330.46	148.44	605.83
41341	22733	520.41	59.66	999.92
41341	22730	508.56	121.89	361.45
41351	22989	605.16	162.39	1919.5
41351	22989	549.8	162.46	1553.56
41341	22475	452.53	285.32	927.62
41345	22475	27.35	319.77	837.49
41345	22220	766.66	471.46	1267.11
41345	22220	1159.82	471.46	1315.58
41345	22476	233.53	472.03	117.2
41341	22220	745.43	471.63	1782.86
41350	23243	818.96	1.5	806.84
41350	23243	1149.97	0.16	1149.41
41350	23243	1544.94	0.08	1399.17
41344	23244	48.96	0	1532.76
41350	23243	6.31	6.46	801.43
41350	23243	249.86	3.42	1236.58
41350	23242	1646.92	0	1288.81
41350	23243	11.53	0	1672.16
41350	23498	1658.54	0	42.58
41350	23242	1310.21	0.96	1701.15
41350	23499	348.42	0	606
41350	23499	638.84	0	205.22
41350	23243	737.58	0	1805.76
41350	23499	1149.98	0	48.39
41350	23499	1503.9	0	255.3
41350	23499	1045.43	0	542.1
41350	23499	743.39	0	803.48
41350	23499	1062.85	0	995.16
41350	23754	1465.55	-194.84	148.31
41350	23499	241.19	-55.41	1417.23
41350	23499	710.81	-81.17	1661.96
41350	23498	1900.68	-155.19	1827.43
41350	23755	99.93	-202.93	393.16
41350	23755	494.1	-184.66	194.49
41350	23755	1038.67	-98.67	254.08
41350	23755	646.47	-201.82	749.4
41350	23755	1190.01	-152.76	715.94
41350	23755	1314.96	-148.26	1167.23
41350	23755	1819.42	-27.49	1000.52
41350	23755	1896.14	-183.38	1499.73
41350	23756	437.09	-90.26	1130.38
41351	23245	962.4	0	1432.52
41351	23245	1736.73	1.74	1650.19
41344	23755	1756.26	-0.67	177.92
41344	23756	352.09	-10.76	412.15
41344	23499	1796.25	-9.75	1481.16
41344	23500	167.71	-8.47	696.56
41344	23500	929.99	1.26	489.07
41344	23500	827.28	-5.64	1092.18
41344	23500	693.58	0	1641.93
41344	23500	1613.34	2.36	1466.42
41344	23501	223.78	15.76	849.71
41344	23501	946.43	7.93	180.9
41344	23501	1798.66	5.24	500.2
41344	23501	1502.94	-3.66	1155.77
41344	23757	1505.13	0	202.4
41345	23500	319.18	-0.09	1336.67
41345	23500	1344.65	6.45	1030.26
41345	23757	141.12	-2.37	117.67
41345	23501	831.9	3.83	954.3
41345	23500	1870.38	16.59	323.78
41345	23502	210.51	1.36	1173.45
41345	23501	915.1	4.41	1459.4
41344	23757	799.92	0	217.92
41363	23502	1000.92	0	1658.18
41363	23758	1353.06	0	304.68
41363	23758	1368.17	-15.27	911.78
41363	23758	735.53	0	432.26
41363	23758	182.37	-10.59	855.51
41362	23758	791.51	-2.03	1090.64
41362	23758	1038.93	-76.54	1541.28
41362	23758	254.78	-114.88	1484.16
41362	24014	680.16	-179.38	109.11
41363	24014	737.65	-208.54	570.95
41363	24014	140.97	-198.6	374.22
41363	24013	1534.62	-175.33	226.43
41363	23757	1582.85	-113.1	1575.69
41362	23757	1044.68	-151.33	1893.64
41362	23757	1499.9	-52.95	1159.41
41362	23757	995.67	-48.64	1350.07
41363	23757	619.03	-3.69	1126.18
41363	23757	567.23	-98.01	1677.34
41362	24013	548.61	-145.22	293.55
41363	24013	995.35	-155.98	524.31
41344	23502	15.94	0	1709.22
41352	23756	679.09	-180.11	1769.32
41352	24012	1168.2	-146.15	90.19
41352	24012	1529.37	-144.3	315
41352	23756	1555.4	-128.59	1695.11
41352	23756	1077.22	-101.99	1433.84
41352	23756	1157.49	-63.06	1123.74
41352	23756	1606.39	-61.81	1108.32
41352	23502	822.29	0	275.13
41352	23502	827.4	0	754.86
41352	23502	1347.96	0	795.69
41352	23502	1460.23	0	351.68
41352	23246	1695	0	1883.81
41352	23503	219	0	714.03
41352	23503	617.08	0	351.68
41352	23503	897.77	0	663
41364	23503	1387.71	0	826.31
41361	23503	1872.55	0	1055.97
41364	23504	156.69	0	586.44
41352	23504	69.93	0	65.88
41352	23503	1658.2	0	397.61
41361	23503	1198.88	0	254.72
41364	23247	1357.09	0	1817.47
41352	23247	989.64	0	1577.6
41352	23247	484.39	0	1368.36
41352	23247	101.62	0	1388.77
41352	23247	528.44	-10.24	724.77
41352	23247	998.58	-12.46	801.37
41352	23247	1438.59	-6.31	1067.29
41364	23247	1908.31	-0.6	1184.65
41361	23248	452.69	0	715.11
41364	23247	1882.44	-12.42	647.9
41364	23247	1424.03	-92.47	450.48
41352	23247	991.07	-77.38	250.28
41352	23247	512.66	-69.32	188.02
41352	22991	366.97	-0.15	1634.79
41352	22991	923.29	0	1604.19
41352	22991	1392.3	-29.94	1789.88
41352	23247	1894.24	-18.15	34.95
41364	23248	463.92	-8.95	142.82
41362	22477	624.98	166.72	674.23
41362	22477	1463.62	27.19	794.35
41362	22477	1383.55	38.66	328.76
41362	22221	875.41	60.77	1891.62
41362	22221	1842.06	0	1752.93
41362	22478	101.6	0	317.15
41362	22222	558.61	-0.07	1774.69
41362	22222	1037.95	-38.58	1531.88
41362	22222	1366.7	-123.42	1119.1
41362	22478	1026.28	-15.78	159.08
41362	22478	1245.3	-56.1	575.63
41362	22478	150.57	0	1203.99
41362	22478	482.45	0	736.09
41362	22478	1059.04	-34.2	1035.63
41362	22478	1371.42	-57.47	1527.82
41363	22734	1643.93	-42.56	206.74
41362	22222	225.04	-135.02	1064.03
41362	22221	1421.86	-223.57	566.89
41362	22222	1390.5	-202.23	112.21
41362	22223	134.19	-196.79	473.66
41362	22479	251.37	-247.01	0.26
41362	22479	313.46	-242.32	786.74
41362	22479	1638.87	-246.83	893.65
41362	22735	499.99	-66.21	289.11
41362	22480	1777.89	-156.77	1152.65
41362	22481	1375.42	-196.63	1793.27
41362	22482	125.66	-194.59	1859.23
41363	24014	1807.9	-178.37	364.69
41362	24015	541.11	-145.57	123.01
41362	24015	1714.26	-138.4	57.14
41362	23759	1196.46	-100.64	1347.23
41362	23759	210.42	-147.29	1330.56
41362	23759	285.56	-12.8	345.1
41362	24015	1154.81	-138.02	96.36
41361	23760	75.33	-51.81	846.46
41361	23759	1636.79	-8.29	52.09
41362	23760	889.94	-110.55	1807.68
41362	23761	99.58	-110.77	1583.62
41361	23760	1513.52	-51.4	1053.22
41362	23760	1560.09	-119.27	1794.96
41363	23758	1819.29	-173.47	1803.58
41363	23759	776.17	-68.76	900.09
41363	23503	221.86	-0.1	1657.81
41363	23503	869.3	0	1679.58
41363	23759	1000.11	-5.15	374.4
41361	23760	401.96	-0.02	189.39
41363	23760	891.5	-53.92	1191.28
41361	23760	1446.57	0	281.88
41363	23761	213.55	-31.19	769.8
41363	23504	1533.63	0	1619.73
41363	23759	1407.52	-44.82	708.31
41363	22478	700.07	0	1563.07
41363	22734	966.67	0	159.94
41363	22734	1374.69	-0.31	502.74
41362	22734	1788.16	-0.99	660.56
41362	22735	760.29	-1.47	823.84
41362	22735	1185.53	-175.21	78.43
41362	22735	1294.68	-107.59	540.07
41362	22735	1526.23	-11.91	1003.52
41363	22735	1919.51	3.01	1258.76
41363	22479	1695.42	-161.11	1797.55
41363	22735	1765.78	-50.9	410.99
41363	22736	244.22	-0.9	709.41
41363	22736	452.07	-15.14	207
41363	22480	480.18	-125.88	1630.21
41363	22736	1074.69	-50.39	0.89
41363	22736	929.71	0	551.67
41363	22736	1561.64	-5.42	339.64
41363	22736	1141.89	0	910.75
41363	22736	695.76	0	1166.46
41363	22736	782.81	0	1656.13
41363	22737	331.47	-1.87	633.4
41363	22737	892.01	-2.12	829.34
41363	22737	1577.02	21.51	810.81
41363	22737	1660.91	-23.88	1461.76
41363	22737	875.86	0	1324.24
41363	22737	1323.3	-25.43	1814.57
41363	22223	252.98	-235.54	1225.72
41363	22222	748.66	-216.52	540.44
41363	22481	622.71	-155.03	1607.97
41361	22734	243.06	0	823.7
41361	22734	564.06	0	1188.23
41361	22734	640.23	0	1737.74
41361	22734	1195.18	0	1275.28
41361	22990	1004.75	0	274.75
41362	22734	1750.13	0	1476.58
41362	22734	1309.48	-1.33	1857.5
41361	22990	1575.75	-4.79	481.86
41362	22990	1913.32	-35.01	90.15
41362	22735	373.72	0	1516.19
41361	22991	243.62	0	775.3
41361	22991	570.06	0	370.48
41361	22991	1016.2	0	693.69
41362	22991	1190.3	0	57.13
41361	22991	1565.71	0	922.19
41361	22991	1788.77	0	340.04
41361	22992	140.81	0	1221.43
41361	22992	336.67	0	601.19
41361	22992	619.59	0	1134.38
41361	23248	1522.74	0	1374.34
41361	23248	1257.08	6.43	439.08
41361	23248	1762.13	0	890.11
41361	23249	255.63	0	1194.79
41361	23249	712.32	3.94	1287.07
41361	23249	261.07	0	694.25
41361	22992	1424.78	-0.18	1770.94
41361	22992	1647.88	0	1275.84
41361	22992	1778.46	0	807.94
41361	22993	114.13	-0.53	1721.96
41361	22993	348.11	-0.32	1199.63
41361	22993	739.85	-0.08	1014.68
41361	22993	653.34	-37.37	1633.99
41361	23249	663.68	0	884.67
41364	23249	1164.4	1.74	356.76
41364	22993	1258.12	-111.19	1639.67
41364	22993	1404.37	-75.68	1144.12
41364	22993	1901.03	-123.22	1312.08
41364	22993	1900.73	-107.4	1850.1
41364	23250	30.05	-88.21	282.83
41364	23249	1817.08	5.85	770.69
41364	23249	1632.12	0	1374.34
41364	23249	1474.32	-0.93	1902.15
41364	23249	282.75	-0.63	1831.35
41361	23505	261	-43.53	228.83
41361	23505	935.55	-9.65	14.81
41361	23505	1769.47	-66.86	373.93
41364	23505	1246.37	-33.43	461.4
41364	23505	1274.28	-60.57	989.36
41361	23505	799.67	-0.45	917.92
41364	23505	315.47	0	1004.93
41361	23504	1816.54	0	972.29
41361	23505	222.85	-1.57	1505.64
41364	23761	335.44	-17	60.17
41364	23761	764.13	-57.07	983.97
41364	23761	763.84	-62.75	434.84
41364	23505	671.86	-40.59	1565.92
41364	23761	1016.57	-75.75	49.37
41364	23505	1204.52	-107.35	1552.43
41364	23761	1446.47	-172.58	447.12
41364	23761	1826.8	-171.26	139.42
41364	23505	1841.39	-153.44	1574.78
41364	23505	1919.27	-105.87	1068.86
41364	23759	1845.36	-101.01	1382.81
41361	23504	657.77	1.19	1168.09
41361	23504	646.79	0	123.54
41364	23504	717.52	0	602.32
41361	23504	1364.29	17.4	76.79
41364	23504	1272.46	0.36	586.02
41361	23248	772.19	3.46	1287.6
41364	22993	1256.51	-36.29	516.4
41364	22993	1759.58	-64.29	281.58
41405	24268	1303.41	-138.42	185.48
41357	24268	887.73	-105	730.51
41405	24268	556.62	-23.79	1100.42
41405	24268	265.78	1	1454.46
41405	24267	1707.02	0	1085.82
41357	24268	180.99	-13.92	807.93
41405	24268	504.91	-106.24	494.74
41405	24012	755.4	-138.43	1820.62
41405	24012	270.82	-154.69	1438.18
41405	24011	1722.91	-137.5	1822.94
41405	24011	1760.13	-154.21	1142.08
41405	24011	1224.88	-154.58	1023.1
41405	24011	1337.56	-150.74	1604.69
41405	24267	1200.75	-15.06	154.85
41405	24267	1351.21	0	988.78
41405	24267	1681.14	-0.11	594.15
41357	24524	362.78	0	336.75
41405	24523	1746.13	6.57	187.66
41405	24267	1419.28	37.32	1797.34
41405	24267	896.09	30.97	1642.73
41405	24523	760.66	102.92	267.25
41393	24523	1300.7	64.03	578.12
41357	24523	1878.56	49.21	931.83
41357	24524	490.11	-44.37	1089.37
41393	24523	1498.03	-75.8	1391.63
41393	24523	720.06	-27.26	1010.6
41393	24523	7.68	-54.01	603.06
41393	24523	231.71	-6.33	1184.86
41393	24523	161.4	8.65	33.21
41393	24522	1518.46	3.2	110.29
41393	24267	685.25	4.21	943.73
41393	24267	78.29	13.24	1112.13
41393	24266	1537.46	0.02	1402.82
41393	24267	549.03	-1.65	503.39
41393	24266	1731.56	0.23	749.44
41380	24266	1486.43	8.97	108.66
41380	24267	96.14	-5.53	5.58
41380	24011	581.14	-105.36	1520.69
41380	24011	617.68	-163.88	797.48
41380	24010	1692.41	-5.9	1459.42
41380	24011	115.2	-86.43	991.07
41380	24010	1476.21	-117.72	764.16
41380	24010	1208.69	-204.27	289.23
41380	24010	1388.34	-182.39	5.36
41380	24010	1786.14	-179.12	376.96
41380	24011	222.53	-163	490.21
41380	23754	541.07	-220.82	1566.46
41380	23753	1906.07	-259.05	1682.28
41380	24010	211.56	-211.09	260.26
41380	24010	320.17	-97.92	842.14
41380	24010	706.1	-76.7	1227.82
41380	24010	205.03	-55.68	1423.11
41380	24266	774.09	0	380.68
41380	24266	210.63	-9.35	1209.37
41380	24522	585.34	29.65	554.55
41381	24010	567.21	-11.72	1834.69
41381	24266	69.1	2.77	180.08
41381	24266	139.66	-9.4	692.05
41381	24266	677.52	-6.22	1034.21
41381	24266	555.47	-14.41	1733.37
41381	24522	15.46	96.62	134.1
41381	24521	1790.04	97.82	788.35
41381	24522	437.69	0	1268.32
41381	24521	1897.14	76.43	1600.75
41381	24522	1407.35	7.36	789.39
41381	24522	1347.66	22.41	1338.1
41381	24522	476.51	0	1759.98
41381	24778	502.38	0	422.21
41381	24778	73.81	34.34	414.08
41381	24778	1350.63	-9.79	28.02
41381	24778	1356.81	-6.08	539.36
41381	24523	82.45	-58.63	1837.25
41381	24523	751.74	-101.42	1755.33
41381	24779	16.55	-131.15	461.61
41372	24268	1068.03	-14.38	1850.92
41371	24268	1400.18	-44.05	1392.37
41371	24268	1881.51	-100.11	976.84
41357	24268	1681.77	-68.8	1776.93
41372	24269	129.36	-53.32	1377.37
41357	24269	600.04	-47.31	1273.69
41371	24269	254.53	-138.88	423.34
41371	24269	776.23	-149.7	165.1
41371	24269	654.24	-95.18	740.82
41371	24269	1183.82	-132.28	538.73
41357	24269	1915.72	-125.34	1112.54
41371	24270	589.46	-202.45	536.55
41371	24014	31.16	-206.5	1906.42
41357	24524	1033.61	-75.91	631.95
41371	24524	1594.15	-124.82	766.21
41357	24525	386.93	-156.94	438.01
41371	24524	1158.79	-122.99	1190.95
41371	24524	1726.08	-177.09	1386.12
41372	24269	1380.37	-160.21	18.12
41372	24014	622.42	-209.67	1878.11
41372	24269	1853.94	-134.62	518.63
41372	24270	492.48	-162.16	1208.3
41372	24269	1202.07	-44.15	1079.2
41372	24525	955.81	-133.38	41.44
41372	24269	1396.04	-49.68	1880.65
41372	24525	378.86	-199.06	1064.25
41372	24525	876.38	-185.2	811.01
41372	24525	1267.66	-150.25	490.67
41357	24524	568.76	-105.14	1732.82
41357	24524	86.04	-152.71	1906.93
41357	24780	504.43	-129.45	363.9
41372	24779	1473.36	-162.63	153.86
41372	24779	1883.2	-172.82	531.65
41357	24780	1330.33	-184.93	442.45
41372	24526	286.26	-169.69	514.7
41372	24526	268.36	-181.24	1209.94
41357	24780	552.92	-168.81	1271.27
41373	24270	153.86	-163.35	1913.64
41373	24525	1727.42	-107.95	726.94
41373	24525	1398.23	-185.57	1079.07
41373	24525	1463.94	-168.75	1442.76
41373	24525	895.08	-173.91	1577.68
41373	24525	411.58	-185.29	1657.65
41357	24780	1804.78	-182.04	16.34
41357	24524	1320.28	-173.23	1783.59
41357	24780	1239.38	-188.16	935.48
41357	24780	315.59	-173.41	879.97
41373	24779	1831.5	-175.01	1078.74
41373	24779	1851.37	-174.24	1482.88
41373	24779	1507.34	-160.08	1455.4
41373	24780	260.26	-167.28	1830.66
41373	24780	949.61	-167.24	1778.2
41373	25036	532.94	-174.14	235.74
41373	24779	628.62	-142.45	366.32
41357	24778	64.93	15.95	1203.76
41357	24778	528.26	0	1127.36
41358	24778	1389.99	-44.77	1175.9
41358	24779	57.06	-146.25	1056.42
41357	24779	611.7	-148.12	1142.33
41395	24779	776.14	-147.86	1617.35
41395	24779	234.87	-144.83	1524.73
41395	24778	1732.12	-149.75	1637.31
41396	25034	1497.02	-94.97	153.06
41396	25035	126.97	-158.04	45.76
41358	24778	793.87	2.47	1631.94
41358	24778	288.9	0	1696.65
41358	25034	1.25	-25.17	222.37
41358	25034	559.37	-29.18	176.8
41358	25034	8.97	-14.73	689.38
41358	25034	577.7	-58.68	651.94
41395	25035	700.51	-162.12	175.64
41396	25035	1387.74	-167.39	158.02
41396	25035	1832.05	-173.11	481.59
41396	25036	385.01	-181.32	814.49
41358	25035	1893.84	-181.22	1079.76
41396	25035	1509.43	-169.97	860.67
41396	25035	1310.62	-173.36	1211.85
41395	25035	933.97	-163.74	860.54
41395	25035	516.03	-168.35	1083.61
41396	25035	277.43	-170.76	679.74
41396	25034	1735.45	-178.76	798.79
41358	25035	31.83	-204.43	1197.94
41358	25034	951.28	-168.17	1175.53
41358	25034	1260.06	-208.57	1536.88
41358	25034	385.73	-56.83	1246.9
41358	25034	704.46	-157.05	1653.17
41396	25033	1804.41	20.79	1360.98
41358	25034	55.91	-53.38	1825.95
41396	25289	1890.33	-103.04	460.14
41358	25290	421.6	-195.1	189.43
41402	25291	366.33	-211.64	943.06
41402	25291	790.95	-215.02	1249.72
41402	25290	1731.64	-214.92	1216.41
41402	25290	1220.56	-195.83	1436.07
41401	25290	933.06	-190.55	1822.65
41401	25546	1540.08	-77.14	101.27
41401	25290	1834.76	-172.25	1742.51
41401	25291	403.15	-205.68	1527.87
41401	25547	233.37	-142.74	323.36
41401	25547	744.73	-176.63	83.56
41402	25291	1115.47	-181.12	1677.18
41388	25291	1676.81	-166.57	1669.22
41388	25292	628.4	-144.24	1470.1
41388	25547	1494.78	-87.11	327.24
41388	25548	551.13	-7	303.69
41388	25548	1442.76	3.52	135
41401	25292	949.55	-187.68	463.47
41401	25292	1805.43	-70.28	739.66
41388	25548	58.56	-23.3	324.86
41388	25292	1072.91	-63.95	1740.37
41388	25292	222.07	-125.97	1768.81
41402	25291	1242.75	-197.36	727.5
41402	25291	1747.75	-194.99	913.62
41402	25292	282.87	-163.33	742.1
41401	25292	1393.42	-133.62	627.88
41402	25293	170.27	-1.89	1078.29
41401	25036	1523.16	-147.98	1875.9
41402	25293	91.54	-146.06	134.32
41402	25293	409.41	-64.88	457.8
41401	25036	1802.91	-147.27	1368.48
41402	25037	343.9	-62.26	1614.35
41388	25548	1035.51	-1.93	380.98
41388	25293	91.16	28.84	1888.25
41388	25549	273.51	0.8	387.47
41388	25293	632.21	47.06	1817.97
41388	25549	1009.02	52.01	304.3
41388	25293	1303.93	39.94	1833.15
41388	25549	1670.86	8.22	257.28
41388	25549	1910.1	4.43	18.44
41388	25550	466.03	-33.09	131.41
41388	25294	921.3	-118.16	1756.11
41388	25294	1275.91	-158.9	1628.15
41388	25293	1089.25	9.06	1014.08
41388	25293	1606.1	13.01	1078.85
41388	25294	303.99	-33.51	1024.98
41388	25293	1264.01	9.52	509.88
41388	25293	1858.53	-0.05	450.81
41388	25293	1813.24	0	36.78
41388	25294	460.37	-50.59	491.52
41388	25294	871.69	-102.24	794.6
41388	25294	1350.72	-159.16	493.34
41388	25294	978.41	-111.71	190.04
41388	25038	494.41	-20.27	1904.08
41388	25038	1485.54	-145.34	1872.25
41402	25293	736.5	-50.51	20.41
41402	25037	931.74	16.95	1626.56
41402	25037	594.58	-77.46	1248.93
41402	25037	241.63	-116.07	971.5
41402	25037	367.51	-163.53	663.72
41402	25038	145.7	-1.94	1504.05
41402	25038	852.32	-76.64	1575.65
41402	25038	1221.11	-121.16	1371.51
41402	25038	1668.08	-168.18	1200.47
41402	25037	1541.79	3.39	1225.78
41402	25038	145.32	-59.58	657.86
41402	25038	875.34	-122.1	488.07
41402	24782	612.16	-142.92	1678.91
41402	24781	1751.93	-174.66	1802.29
41402	25037	1304.4	-148.51	418.7
41402	24781	1129.08	-207.15	1479.95
41402	24782	72.87	-162.79	1020.35
41401	25037	1275.5	-73.33	785.89
41401	25037	869.81	-181.26	6.3
41401	24781	708.53	-205.61	1373.61
41401	24781	982.3	-196.76	903.41
41401	24781	1567.05	-194.62	1242.42
41401	24781	1540.4	-191.89	704.59
41401	24782	263.8	-161.28	557.38
41401	24782	604.17	-161.4	1126.84
41401	24782	1048.51	-161.05	1546.5
41401	25038	1229.21	-194.36	51.91
41401	25038	366.98	-49.18	226.59
41401	25038	1454.5	-181.98	537.08
41401	25038	680.58	-32.71	903.41
41401	25037	1721.02	-120.49	350.98
41401	25037	1355.52	-171.29	5.61
41401	25294	1035.52	-114.51	574.86
41401	25294	1293.62	-141.28	913.02
41394	24267	1021.27	0	587.7
41394	24267	600.53	-11.72	75.95
41394	24267	135.1	1.27	497.13
41394	24011	265.83	-75.56	1462.8
41394	24011	921.42	-156.54	1280.42
41394	24266	483.52	4.82	387.84
41394	24266	68.22	48.59	1580.84
41394	24522	293.96	58.31	495.72
41394	24522	233.38	38.34	1088.94
41394	24778	199.1	6.7	745.24
41394	24522	1770.36	-0.13	1455.92
41394	24523	1210.09	47.74	1041.77
41394	24523	1057.72	-121.51	1670.55
41394	24268	195.08	-6.1	160.01
41357	24524	114.17	-105.01	1448
41350	23498	1201.67	-146.25	1482.29
41350	23498	1095.74	-127.09	1161.75
41350	23498	1570.89	-92.66	1284.23
41350	23498	1623.92	-15.9	668.61
41350	23498	1003.81	-36.25	356.99
41350	23498	551.66	-86.43	649.35
41351	23245	140.15	1.48	1543.48
41351	23244	1671.7	0	1640.66
41363	22736	317.58	-0.04	1054.13
41363	22736	317.58	-0.04	1054.13
41363	22736	755.27	-37.66	15.93
41363	22736	755.27	-37.66	15.93
41361	22991	908.12	0	305.98
41361	22991	840.26	0	321.91
41361	22990	1656.38	-12.96	476.37
41361	22990	1656.38	-12.96	476.37
41361	22734	1139.26	0	1420.1
41361	22734	1166.09	0	1420.1
41364	23505	1438.19	-105.98	1348.83
41364	23505	1519.88	-105.37	745.09
41364	23761	1465.23	-160.46	127.38
41364	23505	1495.04	-123.48	1875.94
41362	22478	521.36	0	1163.45
41362	22478	591.8	0	1145.84
41362	22478	510.35	0	434.85
41362	22478	521.36	0	320.38
41351	22733	183.98	0.02	1393.18
41351	22733	277.56	0.35	1372.95
41352	23502	1166.44	0	44.04
41352	23246	1259.17	0	1912.22
41361	23760	1369.85	-81.55	1287.42
41361	23760	1416.47	-82.1	1304.87
41364	23760	1896.02	0	47.91
41364	23760	1896.02	0	47.91
41351	22988	414.88	172.52	1644.29
41351	22988	465.24	172.5	1733.83
41362	24013	1172.18	-152.52	19.03
41362	24013	1296.08	-158.72	130.73
41362	23758	732.66	0	807.04
41362	23758	577.4	-0.34	933.51
41352	23504	366.25	0	271.37
41352	23504	423.76	0	466.9
41351	22986	775.19	-25.49	841.33
41351	22986	919.53	-25.15	956.85
41372	24524	1233.4	-48.78	24.99
41372	24268	1293.28	-58.91	1914.1
41357	24525	268.6	-156.79	436.56
41357	24525	255.52	-163.12	495.37
41371	24269	1332.41	-121.33	543.48
41371	24269	1378.38	-111.15	612.99
41371	24269	273.34	-85.81	1085.75
41371	24269	356.1	-75.09	1144.73
41381	24779	145.24	-133.49	554.05
41381	24779	180.32	-137.86	629.39
41393	24523	514.36	5.31	805.3
41393	24523	559.81	12.97	709.03
41372	24523	1506.8	-141.4	1704.55
41372	24523	1599.69	-129.28	1635.34
41371	24524	1852.43	-177.15	1347
41371	24524	1817.16	-177.96	1311.74
41373	24526	20.74	-181.58	1233.1
41371	24525	1816.93	-175.74	1303.72
41358	25034	373.77	-35.41	1074.04
41395	25034	391.02	-35.75	1016.57
41380	24011	46.08	-8.77	1719.21
41380	24011	46.08	-8.26	1736.44
41388	25294	329.31	-20.03	337.63
41388	25294	260.59	-13	361.26
41402	25038	937.06	-136.95	321.03
41402	25038	901.67	-129.74	345.37
41388	25293	906.79	47	1693.26
41388	25293	833.09	46.99	1715.94
41402	25293	290.05	0.62	1013.75
41402	25293	341.37	3.46	1002.43
41395	25034	451.27	-18.7	185.95
41395	24777	1718.78	40.16	1366.02
41395	25034	1868.59	-160	414.07
41378	-32746	575.63	1.11	-1125.29
41374	-32746	606.68	1.11	-1124.7
41378	-32746	742.33	1.11	-1255.62
41374	-32746	772.33	1.11	-1255.62
41378	-32746	769.61	1.11	-1451.49
41374	-32746	801.61	1.11	-1451.49
41378	-32746	727.39	1.11	-895.23
41374	-32746	750.39	1.11	-895.23
41378	-32746	935.04	1.11	-982.79
41374	-32746	959.04	1.11	-982.79
41378	-32746	1069.24	1.11	-1229.74
41374	-32746	1100.24	1.11	-1229.74
41378	-32746	1078.57	1.11	-1429.46
41374	-32746	1105.57	1.11	-1429.46
41378	-32746	767.77	1.11	-1914.45
41374	-32746	767.81	1.11	-1913.41
41378	-32746	727.67	1.11	-2118.36
41374	-32746	727.67	1.11	-2118.36
41378	-32746	544.1	1.11	-2269.54
41374	-32746	544.1	1.11	-2269.54
41378	-32746	1123.9	1.11	-1956.37
41374	-32746	1123.9	1.11	-1956.37
41378	-32746	1120.15	1.11	-2210.33
41374	-32746	1120.15	1.11	-2210.33
41378	-32746	984.52	1.11	-2405.8
41374	-32746	984.52	1.11	-2405.8
41378	-32746	802	1.11	-2515.6
41374	-32746	802	1.11	-2515.6
41378	-32746	192.51	1.11	-2471.9
41374	-32746	192.51	1.11	-2471.9
41378	-32746	-168.86	1.11	-2462.99
41374	-32746	-168.86	1.11	-2462.99
41378	-32746	376.95	1.11	-2744.56
41374	-32746	376.95	1.11	-2744.56
41378	-32746	35.87	1.11	-2881.5
41374	-32746	35.87	1.11	-2881.5
41378	-32746	-303.33	1.11	-2751.47
41374	-32746	-303.33	1.11	-2751.47
41378	-32746	-748.49	1.11	-1991.14
41374	-32746	-748.49	1.11	-1991.14
41378	-32746	-578.53	1.11	-2232.7
41374	-32746	-578.53	1.11	-2232.7
41378	-32746	-787.14	1.11	-2505.72
41374	-32746	-787.14	1.11	-2505.72
41378	-32746	-1085.45	1.11	-2343.49
41374	-32746	-1085.45	1.11	-2343.49
41378	-32746	-1090.95	1.11	-1972.93
41374	-32746	-1090.95	1.11	-1972.93
41378	-32746	-622.41	1.11	-1119.3
41374	-32746	-602.41	1.11	-1119.3
41378	-32746	-771.52	1.11	-1392.84
41374	-32746	-753.52	1.11	-1392.84
41378	-32746	-1109.83	1.11	-1411.4
41374	-32746	-1089.83	1.11	-1411.4
41378	-32746	-1093.42	1.11	-1092.7
41374	-32746	-1074.42	1.11	-1092.7
41378	-32746	-750.47	1.11	-878.3
41374	-32746	-757.47	1.11	-864.3
41375	-32746	-908.89	1.11	-1155.4
41382	-32746	127.63	1.59	-1476.5
41383	-32746	127.63	1.59	-1476.5
41382	-32746	253.16	1.59	-1691.85
41383	-32746	253.16	1.59	-1691.85
41382	-32746	142.52	1.59	-1916.88
41383	-32746	142.52	1.59	-1916.88
41382	-32746	-138.72	1.59	-1920.95
41383	-32746	-138.72	1.59	-1920.95
41382	-32746	-235.17	1.59	-1680.6
41383	-32746	-235.17	1.59	-1680.6
41382	-32746	-127.24	1.59	-1480.33
41383	-32746	-127.24	1.59	-1480.33
41375	-32746	-3.14	1.59	-1695.38
41403	-32746	-3.14	1.59	-1695.38
41407	-32746	-580.1	1.11	657.1
41407	-32746	-406.45	1.11	493
41407	-32746	-886.46	3.03	135.73
41407	-32746	-674.38	1.11	56.51
41407	-32746	-637.25	1.11	359.68
41407	-32746	-1361.87	1.11	13.33
41407	-32746	-1546.43	1.11	10.37
41407	-32746	-1476.01	1.11	-373.45
41407	-32746	-1692.15	1.11	-312.38
41407	-32746	-1273.4	1.11	-303.62
41407	-32746	-2418.31	1.11	622.12
41407	-32746	-2433.98	1.11	447.28
41407	-32746	-2355.48	1.11	261.57
41407	-32746	-2155.82	1.11	149.31
41386	-32746	-2215.85	1.11	527.72
41389	-32746	-2215.85	1.11	527.72
41386	-32746	-2130.7	1.11	369.48
41389	-32746	-2130.7	1.11	369.48
41386	-32746	-2319.85	1.11	32.87
41389	-32746	-2318.57	1.11	35.52
41386	-32746	-2570.88	1.11	207.21
41389	-32746	-2570.88	1.11	207.21
41386	-32746	-2582.73	1.11	548.3
41389	-32746	-2582.73	1.11	548.3
41382	-32746	-2259.2	1.11	1653.1
41383	-32746	-2250.99	1.11	1636.03
41382	-32746	-2572.71	1.11	1400.59
41383	-32746	-2557.71	1.11	1400.59
41382	-32746	-2020.34	1.11	1369.05
41383	-32746	-2020.34	1.11	1387.05
41382	-32746	-2405.36	1.11	1086.39
41383	-32746	-2405.36	1.11	1072.39
41375	-32746	-1748.4	1.11	1804.54
41383	-32746	-1734.26	1.11	1786.55
41375	-32746	-1467.51	1.11	1957.36
41383	-32746	-1467.51	1.11	1938.36
41375	-32746	-1138.21	1.11	1781.31
41383	-32746	-1143.21	1.11	1767.31
41382	-32746	-735.86	1.11	1763.91
41383	-32746	-735.86	1.11	1763.91
41382	-32746	-517.05	1.11	1405.55
41383	-32746	-517.05	1.11	1405.55
41382	-32746	-946.07	1.11	1416.02
41383	-32746	-946.07	1.11	1416.02
41382	-32746	-792.84	1.11	1112.12
41383	-32746	-792.84	1.11	1112.12
41382	-32746	-495.75	1.11	990.63
41383	-32746	-504.3	1.11	999.25
41382	-32746	-309.06	1.11	1181.53
41383	-32746	-309.06	1.11	1181.53
41386	-32746	-714.31	1.11	1432.16
41386	-32746	-547.97	1.11	1545.81
41386	-32746	-399.64	1.11	1439.36
41382	-32746	-1614	1.59	1087.13
41383	-32746	-1614	1.59	1087.13
41382	-32746	-1325.06	1.59	1094.45
41383	-32746	-1325.06	1.59	1094.45
41382	-32746	-1171.67	1.59	844.84
41383	-32746	-1171.67	1.59	844.84
41382	-32746	-1318.63	1.59	610.77
41383	-32746	-1318.63	1.59	610.77
41382	-32746	-1604.8	1.59	609.16
41383	-32746	-1604.8	1.59	609.16
41382	-32746	-1743.88	1.59	847.35
41383	-32746	-1743.88	1.59	847.35
41390	-32746	-1469.21	1.59	849.01
41403	-32746	-1469.21	1.59	849.01
41397	-32746	318.68	1.11	503.47
41397	-32746	620.26	1.11	728.27
41397	-32746	635.85	1.11	378.96
41397	-32746	657.17	1.11	26.57
41397	-32746	933.43	-4.99	270.6
41386	-32746	-598.89	1.11	1274.37
41386	-32746	-473.05	1.11	1268.1
41397	-32746	708.8	1.11	1699.15
41397	-32746	354.9	1.11	1205.83
41397	-32746	800.6	1.11	1265.61
41406	-32746	432.06	1.11	1513.04
41406	-32746	955.12	1.11	1424.93
41406	-32746	710.3	1.11	1016.8
41390	-32746	1457.57	1.11	2090.85
41383	-32746	1457.57	1.11	2090.85
41390	-32746	1079.32	1.11	1906.64
41383	-32746	1079.32	1.11	1906.64
41390	-32746	1814.26	1.11	1932.02
41383	-32746	1814.26	1.11	1932.02
41390	-32746	1658.29	1.11	1569.4
41383	-32746	1658.29	1.11	1569.4
41390	-32746	1263.49	1.11	1545.38
41383	-32746	1263.49	1.11	1545.38
41386	-32746	1325.58	3.03	1931.53
41386	-32746	1599.87	3.03	1941.75
41386	-32746	1455.82	1.11	1701.9
41398	-32746	2213.9	1.11	1681.25
41398	-32746	2467.72	1.11	1433.82
41398	-32746	2581.27	1.11	1024.27
41398	-32746	2250.86	1.11	974.26
41398	-32746	2169.21	1.11	1298.02
41398	-32746	2028.83	1.11	1414.87
41406	-32746	2389.84	1.11	1636.83
41397	-32746	2392.84	1.11	1637.83
41406	-32746	2641.89	1.11	1479.04
41397	-32746	2641.89	1.11	1479.04
41406	-32746	2632.19	1.11	1178.67
41397	-32746	2632.19	1.11	1178.67
41406	-32746	2145.52	1.11	1103.53
41397	-32746	2145.52	1.11	1103.53
41406	-32746	2003.17	1.11	1270.14
41397	-32746	2003.17	1.11	1270.14
41386	-32746	2250.17	1.11	1512.23
41386	-32746	2452.09	1.11	1216.66
41386	-32746	2300.32	1.11	1180.13
41390	-32746	2226.91	1.11	701.22
41378	-32746	2226.91	1.11	701.22
41374	-32746	2226.91	1.11	701.22
41390	-32746	2002.01	1.11	295.72
41378	-32746	2002.01	1.11	295.72
41374	-32746	2002.01	1.11	295.72
41390	-32746	2598.87	1.11	673.84
41378	-32746	2598.87	1.11	673.84
41374	-32746	2598.87	1.11	673.84
41390	-32746	2571.46	1.11	221.63
41378	-32746	2571.46	1.11	221.63
41374	-32746	2571.46	1.11	221.63
41390	-32746	2181.12	1.11	-20.13
41378	-32746	2181.12	1.11	-20.13
41374	-32746	2181.12	1.11	-20.13
41403	-32746	2094.44	1.11	498.59
41397	-32746	2094.44	1.11	498.59
41398	-32746	2094.44	1.11	498.59
41403	-32746	2409.62	1.11	580.22
41397	-32746	2409.62	1.11	580.22
41398	-32746	2409.62	1.11	580.22
41403	-32746	2612.29	1.11	427.62
41397	-32746	2612.29	1.11	427.62
41398	-32746	2612.29	1.11	427.62
41403	-32746	2370.46	1.11	67.85
41397	-32746	2370.46	1.11	67.85
41398	-32746	2370.46	1.11	67.85
41403	-32746	2072.88	1.11	123.58
41397	-32746	2072.88	1.11	123.58
41398	-32746	2072.88	1.11	123.58
41375	-32746	2357.14	1.11	328.53
41386	-32746	1202.67	1.11	173.22
41386	-32746	1706.64	1.11	182.47
41386	-32746	1908.3	1.11	-205.18
41386	-32746	1451.7	1.11	-472.62
41386	-32746	997.27	1.11	-258.51
41390	-32746	1107.58	1.11	47.6
41390	-32746	1428.86	1.11	172.23
41390	-32746	1691.81	1.11	65.09
41390	-32746	1805.45	1.11	-144.55
41390	-32746	1709.84	1.11	-399.21
41390	-32746	1481.02	1.11	-323.68
41375	-32746	1322.27	1.11	32.34
41375	-32746	1525.58	1.11	31.45
41375	-32746	1665.11	1.11	-146.8
41375	-32746	1272.28	1.11	-248.25
41375	-32746	1081.14	1.11	-89.8
41406	-32746	1301.68	1.11	-85.04
41406	-32746	1508.05	1.11	-45.83
41406	-32746	1401.77	3.03	-165.06
41406	-32746	1616.22	1.11	-192.44
41420	-32746	1467.34	1.59	845.28
41403	-32746	1421.34	1.59	871.28
41382	-32746	1193.28	1.59	866.06
41383	-32746	1216.28	1.59	867.06
41382	-32746	1345.68	1.59	1117.73
41383	-32746	1321.68	1.59	1099.73
41382	-32746	1629.54	1.59	1100.89
41383	-32746	1610.54	1.59	1090.89
41382	-32746	1727.56	1.59	846.32
41383	-32746	1749.56	1.59	824.32
41382	-32746	1590.02	1.59	603.73
41383	-32746	1614.02	1.59	627.73
41382	-32746	1351.55	1.59	610.86
41383	-32746	1360.55	1.59	628.86
41375	-32746	14.06	1.11	-2654.8
41375	-32746	-885.71	3.03	-2222.95
41382	-32746	-885.71	3.03	-2222.95
41383	-32746	-885.71	3.03	-2222.95
41403	-32746	922.27	1.11	-1149.41
41382	-32746	876.22	1.11	-1114.81
41382	-32746	953.34	1.11	-1110.43
41382	-32746	927.88	1.11	-1203.91
41403	-32746	901.23	1.03	-2223.27
41382	-32746	925.61	1.11	-2168.21
41382	-32746	956.35	1.11	-2252.73
41382	-32746	860.34	1.11	-2267.47
41403	-32746	-773	1.11	-1035.62
41382	-32746	-790.62	1.11	-1007.08
41382	-32746	-758.03	1.11	-1057.9
41403	-32746	-956.97	1.11	-1298.34
41382	-32746	-984.38	1.11	-1296.44
41382	-32746	-930.43	1.11	-1297.58
41375	-32746	-440.77	1.11	259.23
41389	-32746	-419.08	1.11	285.9
41389	-32746	-453.1	1.11	229.86
41375	-32746	-798.64	1.11	467.46
41389	-32746	-779.62	1.11	505.02
41389	-32746	-821.64	1.11	433.98
41375	-32746	-1193.36	1.11	-96.08
41389	-32746	-1210.65	1.11	-64.47
41389	-32746	-1170.82	1.11	-125.95
41375	-32746	-1753.98	1.11	-93.41
41389	-32746	-1734.62	1.11	-65.48
41389	-32746	-1778.59	1.11	-121.3
41390	-32746	-2430.29	1.11	1571.56
41407	-32746	-2433.45	1.11	1604.25
41407	-32746	-2399.75	1.11	1599.58
41407	-32746	-2462.74	1.11	1594.24
41390	-32746	-2101.7	1.11	1565.42
41407	-32746	-2104.52	1.11	1593.41
41407	-32746	-2071.26	1.11	1580.04
41407	-32746	-2062.47	1.34	1545.05
41390	-32746	-2224.99	1.11	1271.25
41407	-32746	-2244.11	1.11	1292.19
41407	-32746	-2205.42	1.11	1298.96
41407	-32746	-2189.52	1.11	1265.68
41390	-32746	-2534.73	1.11	1233.74
41407	-32746	-2518.35	1.11	1258.34
41407	-32746	-2550.04	1.11	1253.86
41407	-32746	-2558.71	1.11	1226.15
41390	-32746	-1690.68	1.11	2019.24
41407	-32746	-1703.56	1.11	2056.11
41407	-32746	-1655.88	1.11	2013.11
41390	-32746	-1226.27	1.11	2002.11
41407	-32746	-1218.08	1.11	2029.91
41407	-32746	-1192.59	1.11	1986.05
41390	-32746	-1459.47	1.11	1739.23
41407	-32746	-1432.79	1.11	1727.25
41407	-32746	-1469.57	1.11	1700.78
41390	-32746	-801.28	1.11	1573.37
41407	-32746	-795.83	1.11	1546.57
41407	-32746	-770.08	1.11	1568.75
41390	-32746	-815.94	1.11	1297.65
41407	-32746	-829.36	1.11	1276.66
41407	-32746	-797.17	1.11	1273.19
41390	-32746	-523.34	1.11	1126.64
41407	-32746	-543.46	1.11	1104.62
41407	-32746	-499.19	1.11	1097.78
41390	-32746	-341.55	1.11	1337.54
41407	-32746	-328.01	1.11	1356.38
41407	-32746	-315.08	1.11	1318.52
41390	-32746	-440.35	1.11	1595.67
41407	-32746	-438.33	1.11	1572.17
41407	-32746	-412.96	1.11	1588.8
41390	-32746	820.67	1.11	477.41
41398	-32746	798.24	1.11	521.85
41398	-32746	857.13	1.11	501.41
41398	-32746	855.23	1.11	442.34
41390	-32746	402.11	1.11	232.97
41398	-32746	396.89	1.11	263.73
41398	-32746	431.64	1.11	248.87
41398	-32746	427.42	1.11	208.81
41386	-32746	714.64	1.11	1509.65
41398	-32746	735.22	1.11	1483.57
41386	-32746	522.58	1.11	1251.39
41398	-32746	547.16	1.11	1249.98
41398	-32746	1257.41	1.11	1790.88
41397	-32746	1236.56	1.11	1816.36
41397	-32746	1272.27	1.11	1763.94
41397	-32746	1704.59	1.11	1830.56
41398	-32746	1692.48	1.11	1809.7
41397	-32746	1675.82	1.28	1784.42
41403	-32746	1421.34	1.59	820.28
41403	-32746	1466.34	1.59	792.28
41403	-32746	1515.34	1.59	873.28
41403	-32746	1515.34	1.59	820.28
41403	-32746	1466.34	1.59	901.28
41382	-32746	1201.28	1.59	886.06
41383	-32746	1225.28	1.59	888.06
41382	-32746	1341.68	1.59	1096.73
41383	-32746	1324.68	1.59	1120.73
41382	-32746	1591.54	1.59	1099.89
41383	-32746	1610.54	1.59	1112.89
41382	-32746	1725.56	1.59	824.32
41383	-32746	1749.56	1.59	846.32
41382	-32746	1590.02	1.59	625.73
41383	-32746	1614.02	1.59	603.73
41382	-32746	1380.55	1.59	628.86
41383	-32746	1372.55	1.59	610.86
41421	-32746	1701.98	1.59	982.65
41404	-32746	1606.75	1.59	1022.7
41404	-32746	1649.86	1.59	957.79
41404	-32746	1696.71	1.59	899.09
41384	-32746	1405.08	1.59	1041.52
41385	-32746	1425.08	1.59	1057.52
41384	-32746	1250.41	1.59	997.89
41385	-32746	1269.41	1.59	998.89
41384	-32746	1435.39	1.59	870.24
41385	-32746	1421.39	1.59	885.24
41384	-32746	1726.38	1.59	750.62
41385	-32746	1713.38	1.59	763.62
41384	-32746	1654.99	1.59	603.95
41385	-32746	1640.99	1.59	617.95
41384	-32746	1546.28	1.59	745.03
41385	-32746	1532.28	1.59	757.03
41400	-32746	566.09	2.26	737.78
41400	-32746	375.77	1.11	559.18
41400	-32746	872.08	1.11	166.41
41400	-32746	622.79	1.11	32.84
41400	-32746	609.16	1.11	390.83
41400	-32746	1466.3	1.11	59.58
41400	-32746	1043.74	1.11	-225.44
41400	-32746	1823.22	1.11	-217.85
41408	-32746	1244.95	1.11	74.46
41408	-32746	1669.89	1.11	80.67
41408	-32746	1458.32	1.11	-339.22
41391	-32746	2087.38	1.11	296.21
41379	-32746	2087.38	1.11	296.21
41376	-32746	2087.38	1.11	296.21
41391	-32746	2224.49	1.11	11.08
41379	-32746	2224.49	1.11	11.08
41376	-32746	2224.49	1.11	11.08
41391	-32746	2548.81	1.11	246.52
41379	-32746	2548.81	1.11	246.52
41376	-32746	2548.81	1.11	246.52
41391	-32746	2589.68	1.11	636.29
41379	-32746	2589.68	1.11	636.29
41376	-32746	2589.68	1.11	636.29
41391	-32746	2266.36	1.11	643.82
41379	-32746	2266.36	1.11	643.82
41376	-32746	2266.36	1.11	643.82
41377	-32746	2352.07	1.11	384.2
41399	-32746	2217.76	1.11	1014.09
41399	-32746	2577.4	1.11	1007.25
41399	-32746	2263.2	1.11	1291.53
41399	-32746	2461.04	1.11	1415.13
41399	-32746	1987.05	1.11	1406.53
41399	-32746	2191.49	1.11	1743.93
41408	-32746	2048.35	1.11	1287.05
41400	-32746	2048.35	1.11	1287.05
41408	-32746	2107.25	1.11	1157.98
41400	-32746	2107.25	1.11	1157.98
41408	-32746	2597.11	1.11	1170.31
41400	-32746	2597.11	1.11	1170.31
41408	-32746	2607.63	1.11	1488.37
41400	-32746	2607.63	1.11	1488.37
41408	-32746	2332.75	1.11	1659.97
41400	-32746	2332.75	1.11	1659.97
41387	-32746	2317.42	1.11	1144.37
41387	-32746	2160.23	1.11	1431.15
41387	-32746	2208.72	1.11	1516.04
41391	-32746	1483.35	1.11	2099.15
41385	-32746	1483.35	1.11	2099.15
41391	-32746	1854.93	1.11	1925.89
41385	-32746	1854.93	1.11	1925.89
41391	-32746	1706.99	1.11	1583.34
41385	-32746	1706.99	1.11	1583.34
41391	-32746	1286.33	1.11	1559.4
41385	-32746	1286.33	1.11	1559.4
41391	-32746	1124.1	1.11	1918.36
41385	-32746	1124.1	1.11	1918.36
41387	-32746	1358.94	1.11	1918.37
41387	-32746	1609.57	1.11	1909.95
41387	-32746	1478.19	1.11	1690.05
41400	-32746	659.46	1.11	1659.52
41400	-32746	834.35	1.11	1240.38
41400	-32746	386.26	1.11	1088.22
41408	-32746	928.25	1.11	1469.46
41408	-32746	387.86	1.11	1442.08
41408	-32746	727.67	1.11	1007.67
41409	-32746	-336.25	1.11	486.07
41409	-32746	-611.08	1.11	56.87
41409	-32746	-591.75	1.11	340.72
41409	-32746	-866.82	1.11	160.29
41409	-32746	-592.39	1.11	612.2
41384	-32746	-504.92	1.11	1018.87
41385	-32746	-504.92	1.11	1018.87
41384	-32746	-354.54	1.11	1152.49
41385	-32746	-354.54	1.11	1152.49
41384	-32746	-894.08	1.11	1401.03
41385	-32746	-894.08	1.11	1401.03
41384	-32746	-796.6	1.11	1219.95
41385	-32746	-796.6	1.11	1219.95
41384	-32746	-575.82	1.11	1400.06
41385	-32746	-575.82	1.11	1400.06
41384	-32746	-738.06	1.11	1664.49
41385	-32746	-738.06	1.11	1664.49
41387	-32746	-647.66	1.11	1521.44
41387	-32746	-722.69	1.11	1381.64
41387	-32746	-349.25	1.11	1396.55
41387	-32746	-642.18	1.11	1145.09
41387	-32746	-525.47	1.11	1227.47
41377	-32746	-1747.78	1.11	1785.12
41385	-32746	-1747.78	1.11	1785.12
41377	-32746	-1457.41	3.03	1893.45
41385	-32746	-1457.41	3.03	1893.45
41377	-32746	-1169.8	1.11	1773.75
41385	-32746	-1169.8	1.11	1773.75
41384	-32746	-2230.85	1.11	1639.25
41385	-32746	-2230.85	1.11	1639.25
41384	-32746	-2528.7	1.11	1296.25
41385	-32746	-2528.7	1.11	1296.25
41384	-32746	-2082.13	1.11	1329.44
41385	-32746	-2082.13	1.11	1329.44
41384	-32746	-2276.54	1.11	1017.36
41385	-32746	-2276.54	1.11	1017.36
41409	-32746	-2418.29	1.11	656.49
41409	-32746	-2424.64	1.11	457.86
41409	-32746	-2339.7	1.11	261.11
41409	-32746	-2159.62	1.11	157.56
41409	-32746	-1624.65	1.11	53.9
41409	-32746	-1322.12	1.11	54.55
41409	-32746	-1468.63	1.11	-393.79
41409	-32746	-1159.48	1.11	-246.36
41409	-32746	-1846.25	1.11	-239.47
41384	-32746	-1335.97	1.59	1048.72
41385	-32746	-1335.97	1.59	1048.72
41384	-32746	-1605.76	1.59	1042.63
41385	-32746	-1605.76	1.59	1042.63
41384	-32746	-1746.26	1.59	878.83
41385	-32746	-1746.26	1.59	878.83
41384	-32746	-1565.24	1.59	661.73
41385	-32746	-1565.24	1.59	661.73
41384	-32746	-1350.87	1.59	656.96
41385	-32746	-1350.87	1.59	656.96
41384	-32746	-1224.88	1.59	855.31
41385	-32746	-1224.88	1.59	855.31
41391	-32746	-1472.9	1.59	858.45
41404	-32746	-1472.9	1.59	858.45
41379	-32746	-118.33	1.11	-458.53
41376	-32746	-118.33	1.11	-458.53
41379	-32746	126.23	1.11	-463.76
41376	-32746	126.23	1.11	-463.76
41379	-32746	-311.44	1.11	-595.66
41376	-32746	-311.44	1.11	-595.66
41379	-32746	-315.24	1.11	-801.73
41376	-32746	-315.24	1.11	-801.73
41379	-32746	364.04	1.11	-620.6
41376	-32746	364.04	1.11	-620.6
41379	-32746	302.35	3.03	-825.25
41376	-32746	303.32	3.03	-823.51
41379	-32746	-789.98	1.11	-880.38
41376	-32746	-789.98	1.11	-880.38
41379	-32746	-1099.69	1.11	-1152.67
41376	-32746	-1099.69	1.11	-1152.67
41379	-32746	-1112.38	1.11	-1449.48
41376	-32746	-1112.38	1.11	-1449.48
41379	-32746	-753.52	1.11	-1470.78
41376	-32746	-753.52	1.11	-1470.78
41379	-32746	-610.63	1.11	-1171.14
41376	-32746	-610.63	1.11	-1171.14
41377	-32746	-881.52	1.11	-1191.18
41379	-32746	-1075.37	1.11	-1955.61
41376	-32746	-1075.38	1.11	-1955.61
41379	-32746	-781.11	1.11	-1952.09
41376	-32746	-781.11	1.11	-1952.09
41379	-32746	-592.35	1.11	-2185.44
41376	-32746	-592.35	1.11	-2185.44
41379	-32746	-1050.85	1.11	-2306.74
41376	-32746	-1050.85	1.11	-2306.74
41379	-32746	-761.32	1.11	-2511.1
41376	-32746	-761.32	1.11	-2511.1
41377	-32746	-917.35	1.11	-2120.96
41384	-32746	-917.35	1.11	-2120.96
41385	-32746	-915.82	1.11	-2121.02
41377	-32746	-802.26	1.11	-2254.91
41384	-32746	-802.26	1.11	-2254.91
41385	-32746	-802.26	1.11	-2254.91
41379	-32746	-172.6	1.11	-2474.51
41376	-32746	-172.6	1.11	-2474.51
41379	-32746	185.36	1.11	-2466.75
41376	-32746	185.36	1.11	-2466.75
41379	-32746	410.29	1.11	-2725.18
41376	-32746	410.29	1.11	-2725.18
41379	-32746	61.7	1.11	-2908.17
41376	-32746	61.7	1.11	-2908.17
41379	-32746	-376.31	1.11	-2731.04
41376	-32746	-376.31	1.11	-2731.04
41377	-32746	-6.25	1.11	-2692.06
41379	-32746	770.98	1.11	-1883
41376	-32746	770.98	1.11	-1883
41379	-32746	599.44	1.11	-2197.43
41376	-32746	599.44	1.11	-2197.43
41379	-32746	766.01	1.11	-2534.37
41376	-32746	766.01	1.11	-2534.37
41379	-32746	1043.52	1.11	-2334.56
41376	-32746	1043.52	1.11	-2334.56
41379	-32746	1057.72	1.11	-1920.22
41376	-32746	1057.72	1.11	-1920.22
41387	-32746	617.25	1.11	-960.74
41387	-32746	928.92	1.11	-939.2
41387	-32746	627.79	1.11	-1282.51
41387	-32746	1152.88	1.11	-1239.45
41387	-32746	849.84	1.11	-1498.06
41391	-32746	575.73	1.11	-1148.85
41391	-32746	759.6	1.11	-1016.57
41391	-32746	1083.4	1.11	-1111.17
41391	-32746	716.16	1.11	-1437.03
41391	-32746	1047.4	1.11	-1549.26
41391	-32746	1166.57	1.11	-1457.34
41377	-32746	748.17	1.11	-1170.75
41377	-32746	919.19	1.11	-1119.12
41377	-32746	810.44	1.11	-1353.32
41377	-32746	964.27	1.11	-1423.3
41377	-32746	1066.15	1.11	-1334.09
41408	-32746	729.16	1.11	-836.74
41408	-32746	880.45	1.11	-1257.95
41408	-32746	976.27	1.11	-1249.88
41408	-32746	1088.12	1.11	-993.49
41384	-32746	-10.28	1.59	-1475.48
41385	-32746	1.72	1.59	-1490.48
41384	-32746	-210.69	1.59	-1580.04
41385	-32746	-195.69	1.59	-1595.04
41384	-32746	-220.38	1.59	-1805.96
41385	-32746	-205.38	1.59	-1820.96
41384	-32746	-15.38	1.59	-1924.32
41385	-32746	-0.38	1.59	-1940.32
41384	-32746	175.27	1.59	-1805.66
41385	-32746	190.27	1.59	-1820.66
41384	-32746	170.86	1.59	-1580.34
41385	-32746	185.86	1.59	-1595.34
41377	-32746	-104.41	1.59	-1636.76
41404	-32746	-33.41	1.59	-1677.76
41422	-32746	-0.3	1.59	-1696.82
41404	-32746	2085.61	1.11	500.23
41400	-32746	2087.16	1.11	500.23
41399	-32746	2087.16	1.11	500.23
41404	-32746	2414.81	1.11	594.52
41400	-32746	2414.81	1.11	594.52
41399	-32746	2414.81	1.11	594.52
41404	-32746	2620.25	1.11	443.51
41400	-32746	2620.25	1.11	443.51
41399	-32746	2620.25	1.11	443.51
41404	-32746	2374.49	1.11	76.5
41400	-32746	2374.49	1.11	76.5
41399	-32746	2374.49	1.11	76.5
41404	-32746	2070.66	1.11	134.41
41400	-32746	2070.66	1.11	134.41
41399	-32746	2070.66	1.11	134.41
41387	-32746	-2216.76	1.11	537.93
41392	-32746	-2216.76	1.11	537.93
41387	-32746	-2130.94	1.11	379.2
41392	-32746	-2130.94	1.11	379.2
41387	-32746	-2590.45	1.11	558.48
41392	-32746	-2590.45	1.11	558.48
41387	-32746	-2580.55	1.11	213.17
41392	-32746	-2580.55	1.11	213.17
41387	-32746	-2325.73	1.11	38.58
41392	-32746	-2325.73	1.11	38.58
41391	-32746	754.02	1.11	456.08
41391	-32746	764.44	1.11	489.06
41391	-32746	791.95	1.11	446.54
41399	-32746	725.33	1.11	435.42
41399	-32746	727.95	1.11	472.46
41399	-32746	761.33	1.11	427.77
41391	-32746	477.08	1.11	269.28
41399	-32746	441.16	1.11	256.58
41391	-32746	409.35	1.11	265.95
41399	-32746	448.42	1.11	283.2
41391	-32746	432.88	1.11	224.86
41399	-32746	466.79	1.11	239.04
41387	-32746	1247.74	1.11	-125.4
41387	-32746	1276.78	1.11	-145.43
41399	-32746	1270.76	1.11	-108.67
41399	-32746	1243.07	1.11	-155.98
41387	-32746	1625.85	1.11	-159.33
41387	-32746	1659.66	1.11	-139.6
41399	-32746	1635.22	1.11	-128.77
41399	-32746	1659.43	1.11	-176.32
41399	-32746	1773.47	1.11	1783.68
41400	-32746	1755.92	1.11	1812.19
41400	-32746	1741.42	1.11	1774.95
41399	-32746	1251.08	1.11	1809.27
41400	-32746	1210.22	1.11	1816.57
41400	-32746	1233.22	1.11	1786.25
41387	-32746	714.29	1.11	1480.86
41387	-32746	676.92	1.11	1456.23
41399	-32746	687.72	1.11	1484.54
41399	-32746	708.63	3.03	1452.55
41387	-32746	553.75	1.11	1262.17
41387	-32746	551.8	1.11	1221.56
41399	-32746	530.66	1.11	1242.85
41399	-32746	573.12	1.11	1240.88
41392	-32746	-413.43	1.11	228.67
41392	-32746	-395.65	1.11	254.87
41377	-32746	-441.45	1.11	235.81
41377	-32746	-1466	1.588583	846
41377	-32746	-404.66	2.54	288.37
41392	-32746	-740.53	1.11	414.49
41392	-32746	-726.3	1.11	444.31
41377	-32746	-784.45	1.11	418.22
41377	-32746	-757.94	1.11	444.46
41377	-32746	-733.13	1.11	477.76
41391	-32746	-482.67	1.11	1520.69
41391	-32746	-452.41	1.11	1532.98
41409	-32746	-509.04	1.11	1547.46
41409	-32746	-478.8	1.11	1557.97
41409	-32746	-452.1	1.11	1568.51
41391	-32746	-337.05	1.11	998.37
41391	-32746	-301.78	1.11	992.92
41409	-32746	-343.78	1.11	1031.87
41409	-32746	-312.04	1.11	1026.43
41409	-32746	-271.47	1.11	1020.95
41391	-32746	-695.58	1.11	991.28
41391	-32746	-669.03	1.11	999.95
41409	-32746	-725.48	1.11	1009.03
41409	-32746	-691.85	1.11	1019.44
41409	-32746	-661.78	1.11	1026.34
41391	-32746	-869.18	1.11	1533.19
41391	-32746	-853.08	1.11	1557.98
41409	-32746	-901.06	1.11	1540.45
41409	-32746	-881.56	3.03	1561.36
41409	-32746	-863.58	1.11	1582.91
41391	-32746	-668.91	1.11	1264.64
41391	-32746	-644.14	1.11	1264.53
41409	-32746	-679.41	1.11	1282.38
41409	-32746	-654.62	1.11	1284.03
41409	-32746	-631.61	1.11	1283.92
41391	-32746	-1639.84	1.11	2003.25
41391	-32746	-1645.26	1.11	1980.12
41391	-32746	-1671.91	1.11	1994.49
41409	-32746	-1673.76	1.11	1973.13
41409	-32746	-1703.91	1.11	2007.12
41409	-32746	-1707.53	1.11	1987.54
41391	-32746	-1220.09	1.11	1953.16
41391	-32746	-1236.21	1.11	1937.21
41391	-32746	-1246.67	1.11	1969.31
41409	-32746	-1266.33	1.11	1956.94
41409	-32746	-1253.59	1.11	1999.63
41409	-32746	-1275.02	1.11	1989.04
41391	-32746	-1406.59	1.11	1689.33
41391	-32746	-1406.7	1.11	1668.06
41391	-32746	-1427.96	1.11	1677.03
41409	-32746	-1427.84	1.11	1700.07
41409	-32746	-1447.43	1.11	1687.76
41409	-32746	-1449.31	1.11	1668.27
41391	-32746	-2116.48	2.46	1529.1
41391	-32746	-2102.67	1.11	1512.37
41409	-32746	-2138.41	1.11	1531.63
41409	-32746	-2128	3.03	1515.63
41409	-32746	-2115.15	1.11	1495.58
41391	-32746	-2463.71	1.11	1555.66
41391	-32746	-2459.28	1.11	1541.03
41409	-32746	-2499.61	1.11	1560.33
41409	-32746	-2489.57	1.11	1543.42
41409	-32746	-2480.64	1.11	1531.02
41391	-32746	-2245.69	1.11	1270.1
41391	-32746	-2224.51	1.11	1261.07
41409	-32746	-2261.45	1.11	1255.67
41409	-32746	-2242.53	1.11	1242.19
41409	-32746	-2214.64	1.11	1234.25
41391	-32746	-2554.75	1.11	1142.31
41391	-32746	-2531.3	1.11	1142.2
41409	-32746	-2577.14	1.11	1120.17
41409	-32746	-2548.13	1.11	1116.7
41409	-32746	-2522.47	1.11	1113.24
41377	-32746	-1289.79	1.11	-147.51
41377	-32746	-1313.89	1.11	-138.01
41377	-32746	-1291.28	1.11	-168.94
41392	-32746	-1327.42	1.11	-154.03
41392	-32746	-1314.13	1.11	-174.19
41377	-32746	-1597.28	1.11	-180.87
41377	-32746	-1603.89	1.11	-154.05
41377	-32746	-1626.81	1.11	-183.41
41392	-32746	-1626.7	1.11	-151.26
41392	-32746	-1641.51	1.11	-167.27
41404	-32746	-41.53	1.11	-647.76
41404	-32746	-13.4	1.11	-633.86
41404	-32746	14.63	1.11	-642.77
41384	-32746	-8.25	1.11	-660.2
41384	-32746	-34.63	1.11	-674.1
41384	-32746	14.47	1.11	-676.09
41404	-32746	-734.28	1.11	-1045.18
41404	-32746	-771.08	1.11	-1060.75
41384	-32746	-763.96	1.11	-1036.29
41384	-32746	-746.63	1.11	-1066.11
41404	-32746	-929.36	1.11	-1316.57
41404	-32746	-931.28	1.11	-1363.57
41384	-32746	-953.88	1.11	-1342.58
41384	-32746	-917.24	1.11	-1341.01
41404	-32746	823.33	1.11	-2186.53
41404	-32746	826.97	1.11	-2215.81
41404	-32746	-1468	1.588583	849
41384	-32746	850.23	1.11	-2163.74
41384	-32746	851.33	1.11	-2190.48
41384	-32746	889.54	1.11	-2190.66
41423	-32746	-1431	1.588585	867
41377	-32746	104.59	1.59	-1636.76
41377	-32746	-1.41	1.59	-1816.76
41404	-32746	-33.41	1.59	-1714.76
41404	-32746	32.59	1.59	-1677.76
41404	-32746	32.59	1.59	-1714.76
41384	-32746	1.72	1.59	-1461.48
41385	-32746	15.72	1.59	-1475.48
41384	-32746	-195.69	1.59	-1565.04
41385	-32746	-180.69	1.59	-1580.04
41384	-32746	-190.38	1.59	-1805.96
41385	-32746	-205.38	1.59	-1790.96
41384	-32746	15.62	1.59	-1923.32
41385	-32746	-0.38	1.59	-1909.32
41384	-32746	205.27	1.59	-1805.66
41385	-32746	190.27	1.59	-1790.66
41384	-32746	200.86	1.59	-1580.34
41385	-32746	185.86	1.59	-1565.34
41384	-32746	1406.08	1.59	1058.52
41385	-32746	1425.08	1.59	1041.52
41384	-32746	1251.41	1.59	1012.89
41385	-32746	1267.41	1.59	1013.89
41384	-32746	1436.39	1.59	885.24
41385	-32746	1421.39	1.59	870.24
41384	-32746	1728.38	1.59	765.62
41385	-32746	1713.38	1.59	750.62
41384	-32746	1655.99	1.59	616.95
41385	-32746	1640.99	1.59	603.95
41384	-32746	1546.28	1.59	758.03
41385	-32746	1532.28	1.59	745.03
41747	-32746	126.4	1.36	-650.17
41747	-32746	-128.56	3.03	-650.65
41747	-32746	-326.56	3.03	-673.28
41746	-32746	360.41	1.11	-649.9
41747	-32746	-3.81	1.11	-817.02
41747	-32746	-198.36	1.11	-897.04
41747	-32746	205.9	1.11	-896.86
41746	-32746	4.42	1.11	-966.59
41746	-32746	1067.96	1.11	-1090.76
41748	-32746	934.05	1.11	-1023.26
41748	-32746	790.69	1.11	-968.64
41746	-32746	1050.53	1.11	-1245.83
41748	-32746	1025.41	1.11	-1400.38
41748	-32746	1046.69	1.11	-1496.88
41746	-32746	708.33	1.11	-906.36
41748	-32746	748.46	1.11	-1260.08
41748	-32746	656.76	1.11	-1322.13
41746	-32746	583.86	1.11	-1131.05
41748	-32746	810.1	1.11	-1466.55
41748	-32746	1041.05	1.11	-2293.25
41746	-32746	1015.67	2.16	-2094.09
41746	-32746	1017.64	2.12	-1949.55
41748	-32746	1057.81	1.11	-1897
41746	-32746	895.93	2.12	-2352.09
41746	-32746	763.1	1.65	-2432.14
41748	-32746	714.8	1.11	-2489.56
41746	-32746	831.7	1.11	-2166.69
41746	-32746	698.24	1.11	-2098.77
41748	-32746	817.56	1.11	-1940.64
41746	-32746	609.53	1.11	-2288.25
41747	-32746	-8.17	1.11	-2903.59
41747	-32746	121.43	1.11	-2823.7
41747	-32746	-152.6	1.11	-2850.13
41747	-32746	241.37	1.11	-2736.64
41747	-32746	-245.59	1.11	-2739.86
41746	-32746	374.87	1.11	-2701.67
41746	-32746	-369.32	1.11	-2690.74
41746	-32746	-22.4	1.11	-2693.23
41747	-32746	-27.76	1.11	-2516.12
41747	-32746	-213.94	1.11	-2521.11
41747	-32746	188.52	1.11	-2514.76
41746	-32746	-1037.11	1.11	-2286.27
41746	-32746	-904.7	1.11	-2358.08
41746	-32746	-774.71	2.13	-2422.15
41748	-32746	-703.66	1.11	-2505.53
41748	-32746	-1027.68	1.11	-2149.21
41746	-32746	-1022.13	1.11	-2011.31
41748	-32746	-1060.56	1.11	-1870.48
41746	-32746	-829.95	1.11	-2177.9
41748	-32746	-650.88	1.11	-2077.6
41746	-32746	-799.5	1.11	-1909.11
41746	-32746	-600.82	1.11	-2287.26
41746	-32746	-1036.92	1.11	-1085.85
41748	-32746	-896.97	1.11	-1029.6
41748	-32746	-764.2	2.87	-959.6
41746	-32746	-702.36	1.11	-848.87
41748	-32746	-1015.53	2.31	-1237.19
41748	-32746	-1020.59	1.11	-1383.69
41746	-32746	-1098.91	1.11	-1496.99
41748	-32746	-813.43	1.11	-1211.68
41748	-32746	-678.82	1.11	-1288.07
41746	-32746	-588.96	1.11	-1141.83
41748	-32746	-816.32	1.11	-1457.57
41754	-32746	-132.08	1.59	-1479.58
41754	-32746	-4.5	1.59	-1453.73
41754	-32746	-248.68	1.59	-1634.89
41754	-32746	-209.29	1.59	-1818.14
41754	-32746	160.99	1.59	-1558.76
41754	-32746	199.03	1.59	-1683.41
41754	-32746	186.57	1.59	-1849.52
41754	-32746	56.41	1.59	-1893.39
41754	-32746	-66.9	1.59	-1888.13
41754	-32746	-81.62	1.59	-1690.46
41754	-32746	44.3	1.59	-1665.08
41754	-32746	-34.56	1.59	-1583.52
41754	-32746	-34.56	1.59	-1583.52
41754	-32746	11.46	1.59	-1784.96
41754	-32746	12.31	1.59	-1783.25
41755	-32746	-1490.71	1.11	2086.68
41758	-32746	-1478.82	1.11	1870.04
41755	-32746	-1482.59	1.11	1664.55
41758	-32746	-1266.21	1.11	1604.4
41755	-32746	-1696.82	1.11	1597.54
41758	-32746	-1772.11	1.11	1780.77
41755	-32746	-1194.54	1.11	1778.95
41758	-32746	-1247.23	1.11	1969.67
41755	-32746	-1733.04	1.11	1981.06
41758	-32746	-383.47	1.11	1494.41
41755	-32746	-617.45	1.11	1358.69
41758	-32746	-813.35	1.11	1285.77
41755	-32746	-900.15	1.11	1443.35
41755	-32746	-661.63	1.11	1069.25
41758	-32746	-798.5	1.11	1593.06
41755	-32746	-612.25	1.11	1617.75
41758	-32746	-493.31	1.11	1059.73
41755	-32746	-372.32	1.11	1204.2
41758	-32746	-819.32	1.11	466.02
41755	-32746	-621.28	1.11	370.05
41758	-32746	-722.51	-4.99	655.07
41755	-32746	-533.68	1.11	678.57
41758	-32746	-388.72	1.11	556.99
41755	-32746	-917.16	-4.99	311.31
41755	-32746	-844.85	3.03	163.04
41755	-32746	-702.3	1.11	43.94
41758	-32746	-1490.63	1.11	97.83
41758	-32746	-1482.44	1.11	-106.69
41755	-32746	-1481.86	1.11	-368.86
41758	-32746	-1690.82	1.11	96.42
41755	-32746	-1747.71	3.03	-42.81
41758	-32746	-1783.04	1.11	-225.8
41755	-32746	-1250.02	1.11	99.57
41758	-32746	-1188.68	3.03	-41.2
41755	-32746	-1175.89	1.11	-223.45
41758	-32746	-2541.91	1.11	254.13
41755	-32746	-2341.18	1.11	371.65
41758	-32746	-2163.54	1.11	482.77
41755	-32746	-2567.94	1.11	482.73
41758	-32746	-2506.01	1.11	649.95
41758	-32746	-2252.82	1.11	672.49
41755	-32746	-2055.18	1.11	299.94
41758	-32746	-2156.6	1.11	159.44
41755	-32746	-2298.38	1.11	96.88
41758	-32746	-2537.07	1.11	1448.61
41755	-32746	-2354.43	1.11	1362.38
41758	-32746	-2193.72	1.11	1249.93
41755	-32746	-2272.12	1.11	1617.97
41758	-32746	-2126.88	1.11	1581.69
41755	-32746	-2046.81	1.11	1430.6
41758	-32746	-2585.01	1.11	1173.37
41755	-32746	-2524.22	1.11	1067.08
41758	-32746	-2341.97	1.11	1058.28
41751	-32746	-1598.87	1.59	1087.73
41751	-32746	-1334.64	1.59	1099.85
41751	-32746	-1199.8	1.59	846.13
41751	-32746	-1334.82	1.59	623.76
41751	-32746	-1597.96	1.59	621.81
41751	-32746	-1729.35	1.59	850.54
41751	-32746	-1572.09	1.59	905.61
41751	-32746	-1364.69	1.59	911.98
41751	-32746	-1466.32	1.59	730.96
41752	-32746	-1469.79	1.59	1006.36
41752	-32746	-1328.54	1.59	772.56
41752	-32746	-1606.98	1.59	765.14
41752	-32746	-1466.59	1.59	852.81
41752	-32746	-1276.01	1.59	973.98
41752	-32746	-1688.22	1.59	984.25
41752	-32746	-1685.39	1.59	726.83
41752	-32746	-1467.01	1.59	602.72
41752	-32746	-1243.8	1.59	723.34
41753	-32746	851.57	1.11	482.24
41750	-32746	649.43	1.11	386.27
41753	-32746	699.05	-4.99	673.78
41750	-32746	530.17	1.11	654.43
41753	-32746	365.98	1.11	612.31
41750	-32746	904.99	-4.99	283.95
41753	-32746	845.55	2.72	165.6
41750	-32746	706.38	1.11	85.04
41750	-32746	747.31	1.11	1712.43
41753	-32746	554.75	1.11	1618.54
41750	-32746	415.95	1.11	1385.42
41753	-32746	377.11	1.11	1106.36
41750	-32746	633.1	1.11	1101.38
41753	-32746	714.34	1.11	1306.51
41750	-32746	836.4	1.11	1472.01
41749	-32746	1114.89	1.11	1922.47
41750	-32746	1290.18	1.11	2054.63
41749	-32746	1616.42	1.11	2064.04
41750	-32746	1814.44	1.11	1949.54
41749	-32746	1701.63	1.11	1688.21
41749	-32746	1239.46	1.11	1683.09
41749	-32746	1456.15	1.11	1720.88
41750	-32746	2208.04	1.11	1667.79
41753	-32746	2408.89	1.11	1579.9
41750	-32746	2589.2	1.11	1342.02
41753	-32746	2581.74	1.11	1119.92
41750	-32746	2062.8	1.11	1424.17
41753	-32746	2168.7	1.11	1277.94
41753	-32746	2241.92	1.11	1102.27
41750	-32746	2543.56	1.11	642.29
41753	-32746	2544.72	1.11	428.48
41750	-32746	2428.28	1.11	177.59
41753	-32746	2216.96	1.11	67.26
41750	-32746	2254.02	1.11	628.81
41753	-32746	2183.93	1.11	476.77
41750	-32746	2060.65	1.11	320.72
41749	-32746	1271.8	1.11	49.07
41749	-32746	1469.76	1.11	57.2
41750	-32746	1688.33	1.11	56.9
41749	-32746	1787.7	1.11	-161.72
41750	-32746	1620.24	1.11	-268
41749	-32746	1388.43	1.11	-288.96
41749	-32746	1150.78	1.11	-190.67
41757	-32746	1345.41	1.59	1076.03
41757	-32746	1593.45	1.59	1074.1
41757	-32746	1716.05	1.59	846.07
41757	-32746	1600.48	1.59	640.32
41757	-32746	1339.99	1.59	638.42
41757	-32746	1228.07	1.59	852.88
41756	-32746	1364.89	1.59	909.44
41756	-32746	1568.69	1.59	907.88
41756	-32746	1466.72	1.59	733.58
41759	-32746	1268.03	1.59	973.71
41759	-32746	1459.37	1.59	1088.05
41759	-32746	1669.97	1.59	957.41
41759	-32746	1664.56	1.59	733.19
41759	-32746	1470.67	1.59	613.72
41759	-32746	1270.93	1.59	725.17
41756	-32746	1467.82	1.59	852.85
41756	-32746	1467.82	1.59	852.85
38955	-32746	-2	1	-137
38955	-32746	-2	1	-137
38955	-32746	-2	1	-137
43655	22618	1317.95	-236.59	274.88
43656	22618	1366.6	-236.59	129.67
43657	22618	1072.66	-236.59	391.15
43658	22362	1317.03	-236.59	1854.29
43659	22363	903.1	-319.92	1383.15
43660	22617	1027.54	-431.3	950.45
43661	22617	536.97	-432.64	1284.99
43662	22361	434.18	-431.94	1670.5
43663	22617	1525.94	-432.38	79.93
43664	22617	1807.1	-432.55	339.92
43665	22617	1809.47	-432.64	241.68
43666	22361	454.8	-432.26	1242.6
43667	22361	722.21	-431.99	1464.32
43668	22361	721.42	-432.13	449.8
43669	22361	925.91	-432.13	265.15
43670	22617	244.49	-432.3	542.98
43671	22617	243.66	-432.01	316.62
43672	22874	1594.33	-430.84	1290.55
43673	22874	841.99	-430.71	565.72
43674	22874	289.39	-430.72	815.18
43675	22874	1337.86	-430.73	49.79
43676	22874	1505.63	-430.61	50.84
43677	22875	972.06	-430.56	548.69
43678	22362	1551.83	-433.28	375.43
43679	22362	1673.96	-433.28	373.56
43680	22106	349.45	-432.13	1509.2
43681	22107	25.6	-433.28	1728.99
43682	22106	1488.6	-433.28	1682.81
43683	22107	126.92	-433.28	1473.71
43684	22107	457.11	-433.28	1648.6
43685	22363	1175.94	-393.92	103.84
43686	22363	1611.56	-412.74	532.56
43687	22106	1509.24	-432.44	559.64
43688	22106	1688.71	-432.39	555.44
43689	22106	1285.73	-432.13	769.22
43690	22107	969.2	-433.28	1536.98
43691	22875	1609.07	-430.5	131.96
43692	22875	1642.12	-430.5	13.14
43693	22620	253.83	-430.5	741.02
43694	22620	280.5	-430.5	618.32
43695	22364	449.17	-430.5	1422.44
43696	22364	447.19	-430.49	1237.06
43697	22619	1705.31	-430.5	499.67
43698	22619	1704.58	-430.5	391.85
43699	22357	1914.89	-0.19	1286.52
43700	22357	1802.25	-0.05	1243.5
43701	22101	322.76	0	928.85
43702	22101	317.96	0	990.62
43703	22101	375.61	0	901.4
43704	22611	858.2	63.82	819.56
43705	22611	879.35	60.58	880.11
43706	22611	880.59	61.12	758.97
43707	22354	667.81	299.86	39.69
43708	22869	1851.56	0	1262.84
43709	20815	402.8	202.65	646.69
43710	20050	444.05	-703.23	1763.88
43711	20050	280.91	-730.75	1489.41
43712	19279	646.03	-852.92	1590.46
43713	18769	1383.05	-313.25	695.84
43715	21594	1021.69	-322.93	1299.85
43716	21594	1106.78	-331.55	1311.28
43717	21079	606.04	-324.46	249.33
43718	20566	1305.06	-487.63	1648.1
43719	20828	840.15	-192.66	1736.08
43720	20828	843.29	-195.52	1513.1
43722	22864	302.46	-3.92	456.24
43723	22607	693.19	-2.33	173.65
43724	22094	1745.87	74.12	1531.4
43725	21838	97.54	-73.93	1429.34
43835	24146	1893.44	-431.19	338.17
43835	24147	366.74	-430.72	615.57
43835	24147	837.43	-403.69	1097.34
43836	22869	390.68	45.8	1413.33
43836	22869	673.78	45.18	967.59
43836	22869	1104.24	50.81	1355.78
43836	22869	1695.9	10.17	1025.01
43836	22870	396.58	26.13	1568.47
43836	22870	940.84	22.47	1173.38
43836	22870	253.83	69.22	355.39
43836	22614	246.86	40.46	1424.27
43836	22614	708.49	32.93	1189.92
43836	22870	1761.17	74.01	1248.94
43836	22614	1829.84	77.51	1377.27
43836	22871	250.3	46.18	519.83
43836	22872	182.32	14.46	1139.68
43836	22871	1346.84	38.51	1326.37
43836	22871	1044.73	36.83	330.59
43836	22615	1320.65	61.25	1778.58
43836	22615	1504.59	51.37	1291.06
43836	22614	1920	70.15	955.59
43836	22615	275.43	96.87	1150.84
43836	22615	1382.2	275.5	412.88
43836	22613	1896.04	35.12	44.52
43836	22357	1676.86	-2.27	1635.4
43836	22358	286.13	-1.92	1604.44
43836	22615	320.98	70.42	223.31
43836	22614	702.92	43.39	551.11
43836	22615	65.42	70.53	298.69
43836	22613	1545.77	20.55	941.5
43836	22868	1413.39	37.69	1035.38
43836	22869	119.05	15.19	937.97
43836	22869	1543.72	60.9	177.27
43836	22357	1546.1	20.42	1920
43836	22872	410.99	-26.21	38.82
43836	22872	354.18	3.19	755.63
43836	22616	289.58	1.6	1506.01
43836	22871	1716.42	13.39	214.43
43836	22872	50.77	10.05	809.58
43836	22615	1603.14	23.52	1669.96
43836	22870	1352.95	89.76	175.84
43836	22870	1571.82	95.75	889.06
43836	22614	1692.91	78.03	1873.66
43836	22871	32.99	66.77	464.4
43836	22614	1537.2	66.15	1443.6
43837	23890	1800.97	-430.88	1609.79
43837	23891	61.32	-430.88	1480.9
43837	23890	1892.7	-430.97	1308.06
43837	23890	1729.35	-430.97	1222.1
43837	23890	1603.83	-431.32	1369.89
43837	23635	120.92	-433.28	349.13
43837	23634	1650.53	-432.41	686.6
43837	23634	1415.84	-432.67	1064.19
43837	23634	1422.94	-432.4	1505.56
43837	23634	558.82	-432.02	1430.5
43837	23890	544.76	-431.85	502
43837	23890	653.07	-432.1	1396.98
43837	24146	798.61	-432.6	19.8
43837	24146	799.6	-432.57	245.55
43837	24146	990.6	-432.07	520.06
43837	24146	1246.3	-432.55	278.45
43837	24146	1071.67	-432.57	97.49
43838	22614	1559.67	68.46	1436.39
43838	22871	38.13	65.85	441.73
43838	22614	1753.06	78.28	1878.7
43838	22870	1591.42	97.98	884.11
43838	22870	1345.45	89.87	160.85
43838	22615	1582.62	25.31	1665.17
43838	22871	1700.96	14.31	191.33
43838	22616	206.74	3.5	1495.99
43838	22868	1722.34	28.48	1367.75
43838	22613	1329.37	20.84	477.48
43838	22613	1560.72	27.77	1329.84
43838	22614	99.49	40.27	534.15
43838	22869	307.44	40.97	541.9
43838	22613	915.6	184.33	1920
43838	22358	575.54	13.98	1819.68
43838	22614	1177.92	66.53	285.13
43838	22614	1107.81	49.08	834.46
43838	22614	1463.53	69.89	822.53
43838	22614	1619.27	53.52	557.92
43838	22615	623.6	59.19	1375.17
43838	22615	969.09	63.36	1332.99
43838	22615	1204.44	104.92	775.29
43838	22871	1492.84	23.7	407.9
43838	22871	1686.54	26.03	902.46
43838	22871	215.19	60.75	893.32
43838	22871	372.8	77.81	1355.85
43838	22615	158.89	62.95	1862.86
43838	22614	1376.04	73.38	1791.64
43838	22869	828.7	19.18	535.44
43838	22615	907.03	78.62	226.38
43838	22615	596.12	77.39	811.16
43838	22871	1426.21	26.15	21.87
43838	22871	1260.3	30.1	926.72
43838	22871	304.11	49.1	353.21
43838	22615	760.99	72.27	1920
43838	22871	775.35	42	908.29
43838	22870	1534.71	97.9	464.19
43838	22614	1102.87	54.82	1258.54
43838	22614	930.21	45.73	1633.3
43838	22870	785.02	177.12	286.99
43838	22870	394.34	0.26	995.2
43838	22870	736.23	26.89	1539.95
43838	22869	1331.48	10.65	537.64
43838	22869	1823.19	0.15	1652.41
43839	23635	490.41	-433.28	464.15
43839	23379	743.49	-432.91	1795.47
43839	23635	1054.34	-433.28	275.03
43839	23380	826.47	-433.28	1806.66
43839	23380	221.16	-433.28	1560.36
43839	23379	1657.09	-432.13	973.69
43839	23379	1723.94	-432.24	637.95
43839	23379	700.38	-432.13	651.49
43839	23379	739.98	-432.13	1306.74
43839	23636	1553.04	-430.32	964.32
43839	23636	1373.52	-410.14	658.52
43839	23636	1069.21	-430.33	356.09
43840	22359	1632.64	45.93	1585.15
43840	22359	1047.33	75.64	1116.3
43840	22359	360.34	46.66	741.07
43840	22359	695.7	75.56	1070.32
43840	22359	541.22	67.81	1507.83
43840	22359	78.04	41.54	1449.5
43840	22359	468.86	43.8	1432.54
43840	22358	1566.1	30.5	1162.81
43840	22358	574.02	1.35	766.83
43840	22357	843.93	0.32	743.66
43840	22357	1310.35	-0.08	782.99
43840	22357	1319.24	-9.53	460.72
43840	22357	1845.5	-9.75	581.47
43840	22358	295.59	-10.29	87.48
43840	22358	552.96	-10.14	162.76
43840	22102	261.21	-10.43	1757.56
43840	22357	1372.75	-10.78	0
43840	22101	774.9	0	416.55
43840	22101	642.66	0	1110.83
43840	22101	1103.58	0.16	410.75
43840	22101	852.71	-10.93	892.55
43840	22101	967.01	-10.77	1439.06
43840	22102	100.66	-18.66	755.81
43840	22101	1606.73	8.77	1462.78
43840	22101	1145.8	-10.89	1139.6
43840	22101	1732.01	-18.55	919.06
43840	22102	740.36	-18.69	323.95
43840	22102	329.53	-18.69	861.92
43840	22103	1109.18	87.14	663.86
43840	22103	592.79	50.87	1279.82
43840	22103	1522.67	29.67	1551.57
43840	22103	1811.35	49.88	895.25
43840	22103	476.66	76.17	746.89
43840	22103	879.52	35.58	1798.04
43840	22103	1149.53	45.47	1189.48
43841	24147	510.03	-430.72	11.83
43841	24148	240.33	-407.65	953.52
43841	24148	584.53	-403.94	357.54
43841	23892	1221.99	-398.45	1818.79
43842	22103	1139.44	44.74	1204.62
43842	22103	866.78	36.48	1787.94
43842	22103	451.51	74.46	771.58
43842	22103	1814.26	47.05	937.79
43842	22103	1504.86	29.28	1561.79
43842	22103	602.9	50.75	1297.55
43842	22102	465.38	-18.66	424.35
43842	22102	628.89	-18.62	745.69
43842	22102	52.58	-18.69	466.7
43842	22102	214.3	-18.9	1132.37
43842	22101	1496.4	-18.69	677.52
43842	22102	1204.74	-11.58	848.3
43842	22102	1208.41	-12.99	1294.78
43842	22357	1916.71	-9.73	284.51
43842	22358	203.15	-9.84	410.76
43842	22101	1603.82	-10.78	1791.09
43842	22101	1274.64	-10.84	1424.58
43842	22358	600.87	-9.36	572.64
43842	22359	1912.37	-4.64	45.2
43842	22359	1866.32	-10.81	635.52
43842	22103	1836.38	32.31	1296.91
43842	22359	1200.99	88.78	1379.52
43842	22359	982.71	88.5	1657.43
43842	22359	1239.68	76.42	1708
43842	22103	1094.14	88.12	664.04
43842	22101	582.2	0	1633.18
43842	22101	1156.27	-10.78	1597.67
43842	22102	652.92	-14.41	1370.97
43842	22358	1227.9	15.95	80.22
43842	22102	857.73	-13.97	1701.95
43842	22102	1250.8	-12.96	1554.9
43842	22102	966.86	-13.5	1390.12
43842	22102	922.35	-13.53	1037.19
43842	22102	787.23	-13.32	1029.27
43842	22103	41.39	43.8	927.54
43842	22102	1847.78	42.73	1672.1
43842	22358	1802.2	43.81	471.56
43842	22103	1115.54	179.97	1119.18
43842	22103	365.21	47.11	1481.29
43842	22359	510.37	44.15	100.11
43842	22103	1861.46	70.33	663.03
43842	22359	1468.76	26.78	259.07
43842	22103	1835.17	13.45	1615.17
43842	22359	1004.61	43.08	95.26
43842	22359	979.16	54.67	542.2
43842	22359	1584.86	28.87	947.8
43843	22868	1468.58	0	538.21
43843	22612	1450.37	0	1905.76
43843	22613	213.25	9.18	1694.56
43843	22613	236.99	0	1365.79
43843	22613	631.96	0.04	690.88
43843	22613	866.96	0	335.57
43843	22357	799.14	-2.67	1812.83
43843	22613	725.77	-7.8	1362.62
43843	22613	985.1	27.95	813.35
43843	22357	1154.44	12.55	1870.41
43843	22357	941.97	-1.31	1515.01
43843	22357	1315.87	8.57	1545.32
43843	22357	911.36	12.27	1192.24
43843	22357	1291.57	11.41	1195.02
43843	22868	1794.51	0.36	218.59
43843	22612	1854.8	0.3	1883.82
43843	22613	347.77	-6.79	1121.78
43843	22613	729.39	6	568.69
43843	22613	903.71	2.63	117.98
43844	22612	393.98	0.42	0
43844	22611	1615.61	15.43	390.82
43844	22611	1375.55	12.37	805.1
43845	22611	991.43	102.25	1652.58
43845	22610	1077.18	184.67	1264.7
43845	22611	0	308.06	1412.61
43845	22867	954.85	186.87	717.34
43846	22866	1177.09	86.43	861
43846	22866	947.5	47.13	577.93
43846	22610	1532.34	223.09	1331.73
43846	22610	1776.23	179.16	1663.03
43846	22610	1330.42	168.05	1701.55
43846	22867	132.61	183.64	50.82
43846	22867	532.24	192.46	280.62
43846	22867	615.64	234.99	1233.96
43846	22867	354.08	193.97	756.17
43846	22610	715.51	169.09	1706.8
43846	22610	1024.26	151.97	1691.65
43846	22867	234.76	151.26	376.73
43846	22867	368.23	176.55	1053.43
43846	22866	1056.02	67.37	1023.27
43846	22866	1548.03	26.4	494.37
43846	22866	1486.07	41.93	1016.87
43847	19535	1805.92	-1027.81	1109.12
43847	19535	1178.34	-1001.06	708.27
43847	19279	1482.47	-970.89	1474.49
43847	19536	4.84	-995.48	355.77
43847	19280	79.94	-1005.29	1513.29
43847	19538	346.99	-992.43	290.86
43847	19282	927.36	-940.61	1901.5
43847	19282	450.09	-990.84	1552.24
43847	19538	280.41	-989.03	974.36
43847	19538	904.41	-987.17	657.3
43847	20817	274.38	-95.78	948.17
43847	20817	534.64	-218.74	635.84
43847	20561	959.29	-317.05	1678.07
43847	20817	840.06	-279.81	234.11
43847	20817	507.84	-316.87	122.59
43847	20561	1387.14	-501.06	756.16
43847	20562	1198.86	-196.34	1428.26
43847	20562	1411.78	-59.83	1591.76
43847	20562	1109.89	-19.56	1810.09
43847	20818	932.91	-23.49	64.16
43847	20818	781.71	-17.71	422.24
43847	20818	952.18	59.58	642.51
43847	20818	1168.15	66.51	650.62
43847	20818	651.4	73.18	693.55
43847	20818	359.34	19.83	792.9
43847	20818	179.77	-1.33	853.49
43847	20818	218.37	-42.14	566.38
43847	20818	77.74	-181.92	303.89
43847	20818	491.43	-23.48	364.5
43847	20561	1495.78	-398.21	1409.79
43847	20561	1524.86	-292.88	1765.76
43847	20306	780.47	-326.32	1867.22
43847	20562	1179.63	-315.93	7.9
43847	20306	1226.08	-363.46	1601.49
43847	20306	1326.55	-364.69	1378.24
43847	20306	715.25	-365.49	1587.55
43847	20306	678.46	-436.02	1226.05
43847	20306	867.96	-398.08	1004.41
43847	20306	1113.72	-384.41	786.75
43847	20306	437.36	-399.85	1698.25
43847	20305	1078.46	-687.48	590.38
43847	20305	1430.67	-697.93	583.88
43847	20306	526.93	-493.49	932.4
43847	20305	610.22	-562.56	1118.99
43847	20305	551.8	-577.98	1545.82
43847	20305	590.6	-599.68	743.22
43847	20305	674.44	-661.73	484.79
43847	20561	1660.56	-443.87	444.24
43847	20562	438.89	-384.1	393.94
43847	20306	209.36	-605.26	272.81
43847	20306	605.27	-459.48	538.46
43847	20049	1570.31	-713.21	1836.49
43847	20049	1220.4	-718.9	1686.2
43847	20306	69.58	-630.67	410.33
43847	20562	288.26	-218.33	1462.48
43847	20305	1581.49	-639.08	1509.18
43847	20561	969.21	-555.14	209.13
43847	20306	512.02	-505.65	1465.07
43847	20306	421.56	-567.88	1159.05
43847	20306	264.31	-624.27	868.34
43847	20305	1529.5	-759.49	399.57
43847	20305	839.21	-659.37	903.03
43847	20304	1397.71	-723.22	798.89
43847	20304	362.34	-513.59	1734.49
43847	20304	1.9	-483.58	1743.21
43847	20303	1878.47	-484.75	1517.2
43847	20303	1594.74	-449.57	1372.19
43847	20303	1808.09	-453.69	1240.48
43847	20303	996.04	-438.54	1399.16
43847	20303	1052.33	-564.24	1005.61
43847	20303	1049.87	-656.04	619.92
43847	20303	1085.77	-726.88	245.81
43847	20047	994.4	-731.2	1835.67
43847	20047	812.54	-730.13	1587.75
43847	20303	839.08	-471.54	1126.76
43847	20048	71.25	-704.3	1744.79
43847	20049	136.14	-841.96	855.18
43847	20048	1396.1	-846.05	1687.41
43847	20048	1127.96	-823.05	1596.53
43847	20048	1088.24	-808.88	1325.23
43847	20048	978.94	-786.16	1098.42
43847	20048	410.48	-835.25	694.06
43847	20048	135.77	-854.83	713.93
43847	20047	1793.5	-837.81	700.19
43847	20047	1503.96	-782.15	693.65
43847	20047	1246.46	-779.55	859.63
43847	20047	949.78	-761.27	887.67
43847	19791	1467.55	-824.75	1511.88
43847	19792	1066.81	-898.44	1486.93
43847	20048	1094.7	-865.58	444.68
43847	20048	823.6	-863.49	356.34
43847	20048	554.82	-887.24	206.63
43847	20815	870.29	70.64	471.47
43847	20815	1596.03	7.64	685.81
43847	20816	701.96	-113.81	456.26
43847	20560	664.9	-254.82	1552.76
43847	20560	360.05	-240.03	1417.92
43847	20560	994.76	-303.38	1330.1
43847	20559	1002.86	-228.83	915.22
43847	20559	1529.64	-396.68	236.55
43847	20559	1055.34	-305.18	403.35
43847	20560	550.17	-473.26	84.59
43847	20560	109.58	-416.23	184.78
43847	20561	59.42	-356.29	1477.2
43847	20560	1816.24	-369.84	1236.59
43847	20561	78.33	-438.61	955.81
43847	20560	1742.76	-436.92	760.14
43847	20561	480.45	-324.32	1730.75
43847	20561	529.97	-353.38	1404.79
43847	20817	269.39	-300.29	245.17
43847	20817	67.11	-251.64	462.01
43847	20816	1566.18	-198.09	508.97
43847	20816	1104.71	-129.53	662.87
43847	20305	317.65	-604.84	1749.7
43847	20561	383.04	-510.83	476.5
43847	20561	1151.39	-484.68	862.98
43847	20561	749.87	-465.24	1025.25
43847	20049	1766.78	-861.1	0.51
43847	19794	480.41	-942.21	942.7
43847	20050	1326.47	-674.66	71.6
43847	19794	1351	-671.81	1452.35
43847	19794	1337.93	-674.61	976.42
43847	19794	1230.45	-787.3	291.7
43847	19538	727.26	-962.28	1441.79
43847	19538	900.81	-982.63	852.63
43847	19538	529.34	-989	408.85
43847	19538	997.73	-969.32	437.76
43847	19538	291.27	-989.9	1236.91
43847	19793	1867.3	-1004.5	99.71
43847	19794	39.42	-999.27	690.18
43847	19793	830.84	-985.24	1189.25
43847	19793	101.12	-989	1209.23
43847	19792	1800.7	-985.15	1696.61
43847	19792	1239.14	-1024.53	937.05
43847	19792	743.82	-1003.08	928.26
43847	19791	1876.63	-1021.33	498.26
43847	19792	285.94	-1009.99	55.12
43847	19535	1729.06	-989	350.25
43847	19535	1002.82	-983.15	1106.61
43847	19535	1656.89	-1018.5	1597.58
43847	19791	1187.42	-938.05	262.13
43847	19279	1404.89	-951.46	1682.99
43847	-32743	13.44	27.8	-0.56
43847	-32743	-242.66	7.77	414.96
43847	-32743	233.09	7.77	441.63
43847	-32743	477.19	7.77	-0.04
43847	-32743	236.03	7.77	-408.08
43847	-32743	-229.87	7.77	-406.32
43847	-32743	-501.61	7.77	-0.44
43847	-32743	-74.33	7.77	-280.76
43847	29898	1734.75	-125.25	217.16
43847	29898	1155.9	-103.45	291.45
43847	29643	1162.62	-385.91	1148.65
43847	29644	250.69	-523.13	717.96
43847	29644	1288.17	-425.48	818.85
43847	29645	317.06	-347.15	461.03
43847	29645	380.71	-333.82	1541.23
43847	29900	987.9	-458.09	424.92
43847	29901	955.48	-419.52	85.03
43847	29901	269.57	-443.13	1036.7
43847	29901	888.63	-395.84	1637.06
43847	29901	1812.46	-453.13	494.26
43847	29902	1177.95	-319.37	41.51
43847	29901	1445.47	-457.29	1026.1
43847	29902	896.61	-394.68	819.23
43848	22866	1496.26	41.76	1004.17
43848	22866	959.57	46.58	598.65
43848	22866	1045.92	68.01	1005.67
43848	22866	1568.47	24.96	488.73
43848	22866	1177.32	111.69	871.93
43849	19536	4.84	-994.95	441.94
43849	19279	1447.85	-962.99	1510.39
43849	19535	1192.2	-1001.95	687.48
43849	19535	1785.05	-1029.91	1123.07
43849	19538	870.12	-987.91	719.2
43849	19538	259.76	-989.12	970.92
43849	19282	375.02	-1000	1564.6
43849	19538	921.38	-946.83	18.05
43849	19538	357.3	-994.55	476.81
43849	20817	148.73	-120.12	1032.5
43849	20817	528.91	-220.64	617.53
43849	20561	967.4	-316.19	1681.33
43849	20817	779.27	-287.74	210.26
43849	20817	603.18	-311.67	138.49
43849	20561	1524.13	-341.56	1750.71
43849	20818	78.98	-177.55	316.44
43849	20818	250.44	-29.78	558.09
43849	20818	387.91	52.07	812.24
43849	20818	697.85	65.58	667.06
43849	20818	943.47	66.87	669.16
43849	20818	1196.22	64.7	626.38
43849	20818	801.07	-18.42	406.85
43849	20818	482.16	-18.9	460.6
43849	20818	974.75	-24.6	108.76
43849	20562	1182.96	-33.61	1780.97
43849	20562	1397.92	-60.89	1566.36
43849	20562	1079.41	-238.31	1350.63
43849	20561	1501.12	-407.7	1379.71
43849	20561	1505.21	-496.59	737.88
43849	20818	170.73	168.06	878.29
43849	20561	1423.17	-466.08	384.55
43849	20562	595.95	-340.84	15.63
43849	20306	1008.46	-306.24	1838.45
43849	20562	1370.26	-305.97	34.72
43849	20306	1243.86	-356.23	1516
43849	20306	746.71	-359.96	1562.42
43849	20306	721.09	-421.14	1191.85
43849	20306	898.92	-394.02	920.51
43849	20306	1136.29	-382.6	737.49
43849	20306	537.14	-501.18	680.82
43849	20305	486.01	-577.78	1482.76
43849	20305	489.3	-566.22	1115.46
43849	20305	524.52	-576.02	823.88
43849	20305	548.17	-660.07	426.21
43849	20305	870.21	-675.41	488.15
43849	20305	1259.64	-704.54	406.49
43849	20305	1314.95	-694.36	73.19
43849	20305	1857.1	-649.33	372.16
43849	20305	1582.9	-690.65	162.38
43849	20049	1590.97	-722.26	1604.49
43849	20049	1035.85	-728.25	1490.31
43849	20562	279.56	-232.62	1465
43849	20305	1489.72	-644.74	1472.77
43849	20562	85.59	-463.89	497.39
43849	20562	293.94	-477.57	174.15
43849	20561	1796.55	-454.66	685.17
43849	20306	233.34	-641.59	762.03
43849	20305	1888.43	-694.29	681.91
43849	20305	860.14	-673.35	844.17
43849	20561	903.85	-546.98	230.64
43849	20304	1394.33	-688.45	800.51
43849	20304	938.54	-551.05	1785.2
43849	20304	614.47	-531.99	1728.44
43849	20304	311.63	-542.87	1548.52
43849	20303	1890.11	-488.25	1530.85
43849	20303	1567.39	-449.57	1400.76
43849	20303	1846.14	-458.02	1209.38
43849	20303	1191.12	-430.29	1544.5
43849	20303	869.34	-351.58	1554.89
43849	20303	1133.09	-508.25	1184.92
43849	20303	860.49	-465.98	1165.18
43849	20303	1017.18	-624.83	740.26
43849	20303	1127.26	-726.3	246.33
43849	20303	1076.18	-692.34	478.08
43849	20047	1024.38	-730.14	1872.14
43849	20047	792.61	-729.41	1650.63
43849	20048	65	-704.8	1746.79
43849	20049	159.96	-839.71	855.28
43849	20048	1152.39	-825.85	1578.04
43849	20048	1027.1	-796.56	1230.03
43849	20047	1135.29	-784.57	778.88
43849	20047	1387.39	-775.06	707.95
43849	20047	1670.29	-816.76	687.8
43849	20048	61.59	-853.37	689.39
43849	20048	342.78	-841.92	690
43849	20047	992.79	-735.04	1106.66
43849	19791	1466.81	-775.29	1507.89
43849	19792	1055.32	-937.65	1487.18
43849	20048	1038.68	-824.95	579.99
43849	20048	880.03	-886.45	285.67
43849	20048	557.62	-886.5	211.27
43849	20049	1767.38	-859.89	0
43849	20815	1356.43	-2.09	618.77
43849	20815	1555.74	-51.51	461.68
43849	20816	704.16	-64.45	671.5
43849	20816	748.7	-176.43	218.35
43849	20559	1415.49	-155.48	1264.07
43849	20559	1800.84	-439.12	66.51
43849	20560	556.45	-431.63	360.44
43849	20561	351.33	-496.94	760.15
43849	20561	765.32	-427.4	1215.7
43849	20816	1569.38	-155.81	768.05
43849	20816	1499.2	-103.33	1065.3
43849	20304	302.41	-606.9	863.16
43849	20050	873.4	-713.79	374.22
43849	19794	1345.42	-677.18	1573.11
43849	19794	1303.91	-673.88	849.04
43849	19794	1228.31	-786.53	351.77
43849	19794	504.63	-949.01	851.76
43849	19793	1629.69	-1004.33	260.37
43849	19538	517.34	-989.04	157.65
43849	19538	1140.96	-934.86	1365.18
43849	19538	1055.36	-926.37	1691.69
43849	19793	1451.8	-1002.02	756.17
43849	19793	173.83	-989	1212.63
43849	19793	418.41	-982.2	1737.19
43849	19792	740.67	-1010.3	297.36
43849	19536	291.13	-1020.03	1580.99
43849	19535	1558.39	-1002.54	993.58
43849	19535	1718.88	-989	349.43
43849	19280	201.28	-1006.67	1600.39
43849	-32743	-0.74	7.77	-290.1
43849	-32743	-490.68	7.77	5.74
43849	-32743	494.59	7.77	14.99
43849	-32743	237.93	7.77	-426.18
43849	-32743	-230.36	7.77	-425.77
43849	-32743	-242.96	7.77	430.38
43849	-32743	237.44	7.77	428.32
43849	-32743	-7.1	27.8	-1.85
43850	18768	1509.53	-510.92	1146.6
43850	18770	1268.51	-283.83	1182.22
43850	19023	582.16	-559.17	943.18
43851	22866	1560.96	24.86	506.93
43851	22866	969.72	46.41	580.88
43851	22866	1508.97	41.75	981.31
43851	22866	1065.89	65.14	1008.23
43851	22866	1199.37	134.62	869.27
43852	19535	1209.46	-1001.94	711.65
43852	19279	1441.01	-962.93	1489.89
43852	19536	4.84	-995.63	259.25
43852	19280	62.67	-1004.91	1520.23
43852	19538	883.86	-987.73	702
43852	19538	346.98	-993.11	397.6
43852	19282	937.42	-939.55	1915.25
43852	19282	409.18	-995.75	1551.46
43852	19538	307.94	-989	970.92
43852	19791	1468.53	-830.23	1508.49
43852	19792	1056.2	-898.19	1485.87
43852	20048	961.47	-833.17	508.19
43852	20048	628.44	-859.81	350.67
43852	20048	412.36	-882.02	194.12
43852	19793	1768.06	-861.27	1918.31
43852	19793	111.36	-989	1170.97
43852	19793	1016.89	-1019.66	774.64
43852	19793	1856.39	-1003.7	68.13
43852	19538	431.69	-988.72	357.03
43852	19792	381.42	-1010	52.74
43852	19535	1275.96	-1012.33	1350.14
43852	19535	1720.02	-989	351.26
43852	19538	350.57	-989.54	1276.09
43852	19538	1053.71	-966.65	484.51
43852	19538	1051.88	-943.56	1339.26
43852	19794	551.63	-982.64	444.22
43852	19794	1359.56	-672.06	1140.2
43852	19791	1325.16	-967.57	159.42
43852	19536	42.58	-1034.56	1206.55
43852	19279	1787.66	-1014.52	1324.8
43852	19538	658.02	-975.94	1789.51
43852	19794	1280.95	-787.13	294.85
43852	19794	1447.67	-679.32	1870.31
43852	20050	1076.83	-704.39	315.66
43852	19793	1919.23	-996.47	716.78
43852	19538	783.97	-982	911.3
43852	19535	1213.13	-1001.21	755.93
43852	19535	1150.4	-972.83	265.42
43852	19791	1779.81	-1009.39	91.17
43852	19792	192.79	-1020.17	601.78
43852	19792	1379.6	-1012.42	884.86
43852	19792	666	-987.13	991.37
43852	19535	1812.87	-1028.19	1112.61
43852	-32743	30.14	27.8	-4.22
43852	-32743	-261.21	7.77	418.79
43852	-32743	254.77	7.77	434.75
43852	-32743	475.87	7.77	-24.76
43852	-32743	265.46	7.77	-412.24
43852	-32743	-256.9	7.77	-415.2
43852	-32743	62.95	7.77	-280.63
43852	-32743	-488.3	7.77	-11.25
43853	19023	585.38	-559.89	941.29
43853	18770	236.96	-350.64	800.58
43853	18768	1907.44	-490.56	1566.45
43853	19024	1872.53	-579.02	74.98
43853	18768	1874.91	-463.09	1124.74
43853	18769	311.89	-414.71	1210.72
43853	18768	1505.42	-511.26	1150.57
43853	19023	891.49	-494.35	127.43
43853	19023	286.34	-393.86	296.86
43853	19023	283.33	-393.86	56.08
43853	18767	445.97	-393.27	1660.12
43853	18767	563.42	-392.7	1359.32
43853	18767	1076.37	-539.91	1321.68
43853	19023	1749.7	-722.65	425.16
43853	19023	883.19	-709.59	1448.05
43853	19023	1281.39	-756.18	1142.49
43853	19023	1026.61	-671.25	799.13
43853	19024	829.27	-706.46	787.57
43853	18768	1044.36	-629.04	1920
43853	19282	905.06	-844.59	95.31
43853	19282	1422.96	-798.97	635.93
43853	19282	1571.84	-796.77	963.77
43853	19026	160.07	-705.65	1191.48
43853	18770	726.75	-191.03	1232.16
43853	18770	1274.42	-283.83	1182.22
43853	19026	380.49	-569.76	22.93
43853	18770	262.85	-487.82	1619.19
43853	19025	1767.87	-906.06	1910.94
43853	19025	1550.01	-877.78	1572.48
43853	19025	1435.91	-849.48	1352.96
43853	19025	1339.22	-809.71	1106.56
43853	19025	1263.22	-767.66	867.04
43853	19025	823.69	-690.77	679.83
43853	19025	1381.13	-738.54	685.75
43854	22354	1440.59	248.8	1431.95
43854	22354	1195.23	266.28	1386.33
43854	22354	904.09	285.57	1215.36
43854	22354	1002.33	293.14	890.5
43854	22354	1404.04	298.62	723.12
43854	22354	1063.58	286.6	548.9
43854	22354	1464.88	303.61	412.51
43854	22355	235.02	325.22	408.9
43854	22354	1796.68	332.55	382.96
43854	22354	1073.73	289.31	228.76
43854	22098	1001.83	312.75	1830.1
43854	22098	1220.17	322.92	1497.51
43854	22098	1204.04	320.73	1196.07
43854	22098	1299.14	312.3	880.06
43854	22354	956.07	290.94	1058.36
43854	22354	1162.22	290.36	736.38
43854	22354	1236.95	285.32	421.27
43854	22354	1597.42	314.6	398.8
43854	22354	1395.28	287.44	567.95
43854	22355	46.35	333.36	385.55
43854	22354	1043.31	299.25	64.08
43854	22354	890.11	287.55	377.19
43854	22098	1125.71	319.7	1684.34
43854	22098	1192.81	321.31	1344.95
43854	22098	1233.6	317.16	1035.21
43854	22098	1312.39	315.97	691.81
43854	22354	1228.94	282.36	590.14
43854	22354	1587.34	299.22	936
43854	22354	1064.83	282.24	375.13
43854	22354	1201.9	297.07	284.29
43854	22354	1685.59	328.71	327.26
43855	19279	1864.62	-963.45	0
43855	19282	285.01	-976.15	1165.51
43856	19025	1156.77	-702.79	59.45
43856	19024	1920	-819.47	1097.08
43856	19025	1644.51	-878.93	1392.19
43856	19025	1580.78	-813.79	1110.7
43856	19025	998.32	-739.77	897.14
43856	19025	1570.28	-746.12	817.67
43856	19025	1122.71	-727.75	672.96
43856	19025	719.89	-712.36	868.88
43857	22099	743.87	279.58	963.84
43857	22099	241.68	300.5	1601.1
43857	22098	1840.73	313.41	1587.95
43857	22355	786.44	250.19	1025.59
43857	22355	426.68	246.63	1082.91
43857	22099	560.93	280.51	994.63
43857	22099	256.19	290.1	1086.12
43857	22099	42.97	292.39	1367.99
43857	22099	65.14	311.06	1698.96
43857	22355	396.91	320.42	0
43857	22099	271.67	300.23	1703
43857	22099	8.26	297.35	1537.42
43857	22355	74.45	265.69	1094.17
43857	22354	1641.78	285.88	1086.85
43857	22354	1740.3	247.96	1285.72
43857	22354	1835.55	258.37	1180.1
43858	20815	952.27	158.56	810.34
43858	20815	791.35	216.36	1140.23
43858	20815	1360.14	118.87	919.33
43858	20815	1858.23	22.94	678.64
43858	20816	1004.53	-93.36	891.19
43858	20816	1329.92	-102.67	868.01
43858	20816	1328.61	-143.57	560.35
43858	20816	954.24	-158.99	468.59
43858	20559	661.53	-82.59	1089.73
43858	20559	903.32	-89.73	1256.87
43858	20559	823.37	-210.67	825.5
43858	20560	1698.84	-383.44	1045.52
43858	20560	1492.01	-363.1	865.07
43858	20560	1284.95	-329.21	1189.01
43858	20561	337.03	-336.39	1502.72
43858	20561	164.43	-337.88	1783.54
43858	20817	47.83	-120.26	178.16
43858	20816	86.36	-136.16	45.72
43858	20560	1415.29	-210.87	1779.38
43858	20559	1920	-272.61	865.77
43858	20559	1101.96	-206.5	1032.79
43858	20559	1119.92	-296.4	680.14
43858	20559	911.34	-266.87	396.16
43858	20559	1293.11	-353.98	364.3
43858	20815	1245.88	-21.94	349.81
43858	20560	731	-226.39	1804.53
43858	20560	699.62	-279.93	1306.7
43858	20561	141.1	-389.47	1195.74
43858	20561	772.7	-482.45	740.02
43858	20561	483.53	-444.58	1074.47
43858	20561	1067.76	-462.73	1109.69
43858	20561	101.87	-495.28	643.72
43858	20561	524.99	-567.22	24.64
43858	20561	1129.86	-500.8	563.53
43858	20559	1019.85	-368.52	1.42
43858	20559	1423.55	-417.65	24.43
43858	20560	787.15	-504.46	140.43
43858	20560	327.39	-435.23	116.42
43858	20816	1793.27	-211.71	554.06
43858	20561	571.59	-503.55	445.51
43858	20815	1903.54	-136.36	82.79
43858	20816	15.88	-135.01	91.06
43858	20815	1365.61	-41.33	129.92
43858	20815	1383.68	-48.45	146.87
43858	20815	1879.47	-15.69	577.3
43858	20815	1887.11	-19.97	563.97
43858	20815	1385.58	-34.16	447.12
43858	20815	1377.14	-30.32	468.25
43858	20559	1857.77	-176.12	1480.48
43858	20559	1880.19	-182.84	1476.45
43858	20816	473.52	-79.39	330.86
43858	20816	485.8	-87.59	312.25
43859	22354	1500.43	310.58	821.73
43859	22355	996.94	267.74	810.26
43859	22099	1086.87	263.89	794.91
43859	22099	1163.63	387.18	1094.06
43859	22099	732.08	280.38	964
43859	22100	1321.85	158.35	689.08
43859	22100	1814.43	147.87	471.39
43859	22356	774.82	0.48	1652.89
43859	22611	1920	6.3	134.21
43859	22355	1200.46	251.03	981.83
43859	22355	1195.95	252.7	597.45
43859	22355	1231.52	274.91	121.28
43859	22099	1472.91	267.2	1669.74
43859	22099	1541.92	264.18	1194.16
43859	22099	1314.72	261.48	860.9
43859	22099	1289.3	268.64	1076.97
43859	22099	1288.9	298.35	1814.52
43859	22099	953.71	268.23	1016.34
43859	22099	1681.35	266.79	1679.46
43859	22099	1111.05	299.4	1775.09
43859	22099	958.49	295.49	1654.58
43859	22099	878.99	293.44	1472.92
43859	22099	831.74	286.06	1295.44
43860	19279	1857.6	-971.13	0
43860	19282	285.83	-981.79	1165.3
43861	19025	1155.4	-703.62	53.73
43861	19024	1920	-819.88	1098.7
43862	23893	785.33	-432.9	1659.97
43862	24149	1215.92	-407.67	338.48
43862	23893	1792.08	-432.91	1205.19
43862	23894	290.03	-432.9	1127.02
43862	23893	1854.17	-432.9	204.89
43862	23893	1917.46	-432.9	710.71
43862	24150	483.94	-432.9	7.84
43862	23894	835.66	-432.9	921.99
43862	23637	1507.49	-432.9	698.1
43862	23893	85.53	-430.5	443.99
43863	19280	709.7	-887.07	921.97
43863	19280	1175.99	-979.06	505.69
43863	19280	1803.61	-973.3	635.3
43863	19281	443.73	-966.06	575.84
43863	19281	1090.35	-969.93	711.88
43863	19281	1554.01	-956.62	857.1
43864	19025	1149.77	-703.77	53.73
43864	19024	1920	-818.99	1093.57
43865	-32743	-45.83	7.77	-300.52
43865	-32743	33.06	7.77	-300.2
43866	23891	1301.23	-236.59	112.75
43866	23637	95.73	-401.78	863.31
43866	23637	51.39	-405.57	876.6
43866	23379	932.55	-406.04	964.2
43866	23380	1204.29	-402.21	1353.92
43866	23379	1107.44	-406.81	1909.9
43866	23635	699.96	-433.28	540.34
43866	23635	615.17	-433.28	315.04
43866	23635	461.07	-433.28	682.05
43866	23635	318.13	-433.28	558.5
43866	23635	3.23	-404.73	818.28
43866	23634	1050.66	-433.06	1186.8
43866	23890	1519.8	-432.59	1917
43866	23890	1790.9	-432.5	1424.5
43866	24146	1022	-432.56	354.89
43866	23890	689	-432.62	1664.75
43866	23890	871.94	-432.63	1574.47
43866	23890	726.58	-432.62	1793.28
43866	23890	401.71	-431.51	876.7
43866	23890	548.77	-431.51	872.67
43866	23890	718	-431.55	808.21
43866	23890	832.77	-431.22	638.96
43866	23890	838.8	-431.12	467.75
43866	23890	818.72	-431.5	304.57
43866	23890	649.51	-431.59	203.83
43866	23890	403.72	-431.88	236.04
43866	23890	630.15	-432.37	1398.51
43866	23634	720.01	-431.94	1559.46
43866	23634	429.86	-431.92	1631.99
43866	23634	512.23	-432.2	1248.72
43866	23634	746.22	-432.05	1204.82
43866	23634	1614.94	-411.89	1377.52
43866	23637	508.85	-430.5	1445.25
43866	23893	102.72	-430.5	460.03
43866	23636	1876.71	-430.49	1388.71
43866	23893	41.73	-430.5	10.29
43866	23892	1041.89	-290.59	562.93
43866	23636	937.2	-319.92	1492.17
43866	23636	172.1	-319.92	1243.26
43866	23636	448.75	-319.96	874.29
43866	23891	460.55	-320.72	193.18
43866	23891	449.28	-320.76	190.47
43866	23893	1683.94	-432.9	599.26
43866	23894	434.97	-432.9	1826.83
43866	23638	469.03	-432.9	1655.95
43866	23637	1583.11	-432.9	1514.08
43866	23637	1069.53	-432.9	1321.91
43866	23637	1303.11	-432.9	878.37
43866	23893	1903.55	-432.9	191.11
43866	23894	251.56	-432.9	1084.54
43866	24147	1178.09	-431	767.52
43866	23893	1717.09	-432.91	1208.25
43866	23893	1153.25	-432.9	1871.18
43866	24149	212.18	-432.95	263.11
43866	24149	830.35	-432.95	453.14
43866	24148	472.4	-430.62	629.24
43866	24148	1086.83	-430.51	362.19
43866	23892	1537.67	-430.5	1863.44
43866	24147	532.96	-430.72	8.77
43866	24146	1669.09	-432.55	177.2
43866	24146	1721.61	-430.73	875.41
43867	24146	1481.64	-430.78	948.78
43867	23890	1603.83	-431.11	1350.05
43867	23890	1741.58	-430.97	1222.1
43867	23890	1889.65	-430.97	1308.54
43867	23891	75.08	-430.88	1483.96
43867	24147	323.64	-433.14	99.45
43867	23891	291.5	-433.24	1795.99
43867	23891	506.98	-430.72	1727.01
43867	24147	359.09	-430.72	640.03
43867	24146	1857.38	-430.72	1158.81
43867	24147	12.54	-430.72	792.88
43867	24146	1867.08	-431.14	362.02
43867	23891	763.77	-430.76	1884.45
43867	24147	594.1	-430.72	189.13
43867	24147	1004.8	-430.71	778
43867	24147	1346.32	-430.84	920.83
43867	24147	1201.05	-430.71	588.96
43867	24147	1413.03	-430.84	684.4
43867	24147	1516.99	-430.89	888.12
43867	23893	1899.21	-432.91	1208.25
43867	23894	240.45	-432.9	540.7
43867	23894	274.83	-432.9	982.12
43867	23894	117.78	-432.9	112.01
43867	23637	1069.53	-432.9	1373.58
43867	23637	1565.89	-432.9	1540.02
43867	23894	935.14	-432.9	1009.22
43867	23638	574.67	-432.9	1582.46
43867	23891	458.73	-320.73	224.09
43867	23891	460.55	-320.72	220.5
43867	23636	1216.03	-319.92	1736.8
43867	23636	641.89	-319.92	1242.95
43867	23635	1633.26	-319.92	1166.56
43867	23636	270.62	-319.96	921.39
43867	23892	1010.76	-286.33	588.95
43867	23637	488	-430.5	1450.45
43867	23636	1861.81	-430.49	1395.59
43867	23893	23.69	-430.5	0.37
43867	23634	1620.17	-404.87	1394.96
43867	23634	1421.2	-432.4	1484.62
43867	23890	519.04	-431.93	537.05
43867	24146	781.78	-432.6	25.92
43867	24146	1015.17	-432.07	532.66
43867	24146	1248.45	-432.55	295.21
43867	24146	1049.55	-432.57	122.32
43867	24146	790.96	-432.56	267.67
43867	23890	1794.85	-430.88	1622.02
43867	23634	550.76	-432	1450.65
43867	24146	1472.87	-432.59	26.07
43867	23634	1461.13	-432.57	1058.92
43867	23635	21.98	-404.73	826.12
43867	23635	511.76	-433.28	511.21
43867	23634	1665.12	-432.39	731.49
43867	23635	117.29	-433.28	376.99
43867	23635	1043.44	-433.28	295.62
43867	23380	237.18	-433.28	1553.49
43867	23380	1220.44	-403.42	1376.55
43867	23379	1733.49	-432.22	644.61
43867	23379	1685.43	-432.13	962.68
43867	23637	94.5	-405.55	842.49
43867	23379	961.6	-406.04	950.72
43867	23379	739.98	-432.13	1338.2
43867	23379	735.19	-432.45	1816.38
43867	23379	737.24	-432.13	674.86
43867	23636	1578.03	-430.46	996.48
43867	23636	1366.55	-410.14	714.81
43867	23380	835.65	-431.24	1848.08
43867	23636	1073.79	-430.33	406.39
43867	23891	1201.51	-236.59	152.84
43868	23891	1177.58	-236.59	216.31
43868	23636	484.46	-319.96	759.82
43868	23635	1318.56	-320.94	1319.7
43868	23635	1011.67	-320.92	1592.96
43868	23891	477.64	-320.72	272.73
43868	24150	303.36	-432.9	85.89
43868	23638	574.67	-432.9	1753.55
43868	23894	772.92	-432.9	1075.03
43868	23894	315.32	-432.9	1111.34
43868	23893	1768.24	-432.9	703.03
43868	23893	1593.13	-433.01	1312.33
43868	23893	1857.51	-432.92	23.59
43868	23893	1144.07	-432.9	1845.16
43868	23893	750.49	-432.9	1645.76
43868	24149	1206.23	-407.67	364.47
43868	24149	851.77	-432.95	436.3
43868	24149	229.01	-432.95	246.27
43868	23892	1199.06	-398.45	1839.19
43868	24148	561.61	-403.94	367.11
43868	24148	447.95	-430.64	646.05
43868	24147	1149.02	-430.82	767.52
43868	24147	572.7	-430.72	196.77
43868	24148	234.21	-407.7	971.88
43868	23892	1557.54	-430.5	1868.02
43868	24148	1096	-430.52	380.53
43868	24147	902.69	-403.75	1097.35
43868	24147	24.77	-430.72	780.65
43868	24147	493.28	-431.21	11.9
43868	23891	746.96	-430.76	1885.98
43868	23891	487.11	-430.72	1731.6
43868	23891	279.26	-433.23	1808.24
43868	24147	319.05	-433.1	117.81
43868	24146	1850.69	-430.72	1137.16
43868	24146	1466.35	-430.78	957.95
43868	24146	1702.26	-432.55	149.47
43868	24146	1684.55	-430.73	893.06
43869	23893	1813.51	-432.95	1379.66
43869	23894	152.51	-432.9	701.88
43869	23894	180.93	-432.9	191.23
43869	23894	370.55	-432.9	1044.45
43869	23894	826.48	-432.9	1055.14
43869	23638	630.93	-432.9	1677.76
43869	23894	289.58	-432.9	1884.99
43869	23891	451.01	-320.72	194.68
43869	23636	234.52	-319.96	759.82
43869	23635	1031.64	-320.94	1581.4
43869	23635	841.25	-292.11	1333.58
43869	23635	876.95	-292.65	1309.69
43869	23635	1313.3	-320.94	1295.53
43869	23892	1012.82	-297.07	539
43869	23891	1239.18	-236.59	217.68
43869	23891	1118.42	-236.59	428.63
43869	23891	1187.84	-236.59	423.74
43900	-32743	0.84	7.77	14.99
43901	23891	1136	-236.59	545.88
43902	23891	1152.62	-236.59	487.22
43902	23891	584.81	-320.72	209.74
43902	23891	372.82	-320.72	215.72
43902	23635	575.38	-320.73	1911.52
43902	23891	387.91	-320.73	30.07
43902	23635	835.02	-292.11	1288.37
43902	23636	348.99	-319.96	720.97
43903	23894	0.95	-432.9	703.03
43904	19024	1076.33	-892.53	1680.43
43904	19281	960.24	-895.76	1.75
43904	20049	1037.99	-828.2	440.77
43904	19792	456.16	-940.02	1787.54
43904	20048	1728.99	-833.53	1747.89
43904	20561	923.57	-481.71	705.28
43904	20816	1723.96	-289.69	34.84
43904	20559	1602.46	-389.54	379.65
43904	20048	343.24	-885.2	146.83
43904	20305	1665.04	-715.65	807.85
43904	19024	191.34	-657.67	60.01
43905	22359	85.11	38.87	1020.7
43905	22614	978.89	50.73	599.58
43905	22615	612.83	87.69	344.53
43905	22615	1049.08	73.89	1044.1
43905	22615	364.3	67.75	1594.09
43905	22870	644.33	15.12	366.45
43905	22871	676.04	33.16	442.16
43905	22613	1164.67	18.91	1092.38
43905	22869	1026.76	13.42	519.66
43905	22102	515.04	-14.41	1378.8
43905	22103	1238.82	36.58	1694.26
43906	22479	336.68	-192.27	1578.83
43906	22480	151.19	-98.92	1904.58
43906	22478	1334.91	-16.49	1906.48
43906	22478	868.9	-6.71	671.92
43906	22477	843.37	0	1117.91
43906	22222	1438.19	-90.59	1509.72
43906	22734	13.94	-5.62	154.76
43906	22735	855.81	0	1452.6
43906	22990	310.11	0	489.96
43906	22732	1492.94	0	1554.19
43906	22733	1053.92	0	1327.55
43870	22864	393.92	10.94	679.05
43870	22608	1029.8	108.65	1482.19
43870	22608	1112.19	71.66	622.91
43870	22352	619.85	76.78	1802.54
43870	22608	359.52	58.72	467.37
43870	22351	1105.12	57.63	1579.83
43870	22352	1104.35	111.54	844.98
43870	22096	1015.38	79.12	722.48
43870	22094	1570.35	79.82	1201.75
43870	22094	1676.02	82.97	1153.93
43870	22094	1520.39	41.71	1012.24
43870	22094	1348.53	-0.58	912.88
43870	22094	1442.91	8.86	853.88
43870	22095	1312.6	-56.21	1031.33
43870	22095	371.94	101.58	1112.3
43870	21839	1103.23	63.59	1605.14
43870	21839	857.04	72.92	1024.11
43870	21838	1789.72	1.76	1439.29
43870	22094	1106.85	97.89	1628.13
43870	22350	261.66	53.73	18.39
43870	22349	1450.8	46.51	170.73
43870	22349	932.41	87.68	273.6
43870	22093	448.96	59.66	1822.59
43870	22093	462.32	56.13	940.97
43870	22093	969.92	76.13	739.91
43870	22093	1829.25	47.99	843.33
43870	21837	1654.96	-4.51	955.91
43870	21837	1826.12	-42.46	1101.2
43870	21837	1536.69	26.87	816.12
43870	21838	425.24	-55.91	884.43
43870	21838	1397.3	51.97	530.32
43870	21838	533.52	-32.69	793.34
43870	21583	543.98	1.49	1886.33
43870	21583	1274.29	-22.52	1398.71
43870	21839	445.16	-28.5	77.42
43870	21583	1431.43	-55.34	826.23
43870	21583	1328.22	-55.76	802.72
43870	21583	506.15	-29.56	932.68
43870	21582	1471.98	6.27	1325.04
43870	21582	1597.52	-28.06	1330.62
43870	21582	828.64	101.63	1717.85
43871	19547	611.6	-507.24	1535.48
43871	19803	536.63	-506.8	230.27
43871	19803	1018.51	-542.13	815.01
43871	19803	1532.82	-559.22	405.34
43871	19803	1238.6	-580.63	154.98
43871	19547	1225.58	-554.41	1503.35
43871	19547	1598.92	-588.1	1766.86
43871	19547	1200.27	-665.77	841.01
43871	19547	691.46	-540.79	997.7
43871	19547	1001.79	-777.75	329.25
43871	19547	0.79	-501.74	1450.64
43871	19803	189.05	-499.4	5.06
43871	19803	911.6	-534.05	18.03
43871	19803	729.65	-520.9	476.15
43871	19803	462.97	-553.91	958.27
43871	19803	1225.11	-450.15	1468.38
43871	19802	1810.28	-559.25	672.39
43871	19802	1466.27	-530.74	117.42
43871	19802	981.41	-490.94	172.95
43871	19546	715.23	-513.94	1651.01
43871	19546	330.74	-593.92	1294.03
43871	19546	676.83	-628.74	468.36
43871	19545	1639.1	-566.71	1101.87
43871	19545	1564.78	-588.54	1560.61
43871	19545	1146.4	-577.74	737.37
43871	19545	213.89	-569.8	942.56
43871	19544	1261.65	-594.08	1397.29
43871	19544	737.01	-645.59	895.49
43871	19544	904.96	-606.25	1716.75
43871	19800	611.9	-633.54	430.62
43871	19543	1901.08	-594.07	1774.06
43871	19543	464.93	-626.17	1236.63
43871	19543	537.65	-608.14	1585.17
43871	19543	687.41	-637.15	703.58
43871	19543	69.06	-627.8	930.85
43871	19542	1548.76	-614.08	1707.28
43871	19542	477.59	-556.51	1188.58
43871	19542	873	-580.59	815.27
43871	19542	1438.38	-632.5	577.93
43871	19542	218.21	-507.27	1454.44
43871	19543	558.69	-640.02	230.05
43871	19287	1788.21	-866.35	1700.87
43871	19543	1856.78	-649.54	748.67
43871	19544	857.12	-628.75	491.94
43871	19287	141.26	-1025.99	810.08
43871	19288	275.77	-917.14	1451.7
43871	19544	1433.34	-748.81	203.05
43871	19545	156.29	-615.77	582.4
43871	19545	361.75	-570.46	1317.09
43871	19545	1175.54	-624.97	401.31
43871	19289	463.33	-915.73	1368.53
43871	19290	279.47	-936.91	998.62
43871	19290	102.9	-780.14	1405.53
43871	19290	346.09	-1033.17	48.22
43871	19546	395.82	-713.23	16.66
43871	19546	248.51	-563.85	922.99
43871	19546	1384.61	-568.84	591.08
43871	19546	1561.37	-542.67	1243.18
43871	19546	1253.22	-508.73	1775.03
43871	19802	1771.8	-524.53	263.69
43871	19546	243.87	-642.17	1904.99
43872	22352	674.62	85.14	1811.85
43872	22608	266.65	70.35	495.5
43872	22863	908.94	73.31	916.72
43872	22608	742.84	57.54	1710.66
43872	22608	937	97.86	382.19
43872	22864	377.33	10.94	728.82
43872	22864	177.46	13.26	76.61
43872	22863	1897.48	34	23.92
43872	22607	1788.9	63.36	1802.55
43872	22350	144.65	28.23	1366.34
43872	22351	444.7	36.92	1651.71
43872	22607	63.73	15.75	382.97
43873	20573	35.54	-13.01	106.06
43873	21594	15.46	-278.32	601.56
43873	21338	842.79	-279.11	1661.56
43873	21338	1123.38	-292.64	1199.61
43873	21338	354.65	-337.67	1142.58
43873	21338	362.58	-307.92	1620.01
43873	21338	772.69	-299.54	1099.53
43873	21337	1694.62	-396.23	1024
43873	21337	1893.2	-329.34	1390.25
43873	21337	1366.28	-297.23	1893.01
43873	21593	1566.11	-275.15	118.51
43873	21594	1420.95	-244.08	388.8
43873	21594	1397.94	-247.12	696.16
43873	21595	70.23	-208.61	552.84
43873	21595	185.91	-229.07	36.4
43873	21594	1880.46	-217.26	136.35
43873	21595	573.25	-148.54	482.67
43873	21595	607.92	-223.69	106.58
43873	21339	510.86	-232.91	1618.36
43873	21338	1481.48	-303.66	1331.1
43873	21338	1495.26	-264.42	779.25
43873	21338	845.53	-315.74	710.34
43873	21339	114.23	-251.78	994
43873	21339	934.6	-176.47	1278.81
43873	21339	968.52	-208.97	1765.75
43873	21595	1070.31	-169.73	221.85
43873	21340	589.89	-45.55	1813.78
43873	21340	176.91	-89.84	1345.92
43873	21595	1731.32	-86.65	4.38
43873	21337	793.33	-294.58	1776.32
43873	21337	1061.75	-365.77	973.91
43873	21337	1381.7	-337.5	1228.6
43873	21338	348.43	-365.94	677.6
43873	21337	1533.46	-417.61	610.49
43873	21337	671.84	-387.01	607.32
43873	21337	593.91	-339.08	968.54
43873	21337	318.85	-281.18	1657.06
43873	21336	1913.12	-276.46	1896.58
43873	21592	1483.59	-262.88	137.97
43873	21336	1078.24	-266.76	1547.13
43873	21336	1662.72	-285.06	1506.33
43873	21336	1288.64	-274.81	1646.42
43873	21592	1063.95	-271.17	190.2
43873	21336	606.21	-224.92	1696.67
43873	21336	692.59	-250.44	1291.22
43873	21336	1881.81	-345.93	514.67
43873	21337	237.84	-345.1	805.43
43873	21336	1370.27	-291.37	661.67
43873	21336	708	-266.28	435.86
43873	21336	1162.03	-284.04	326.34
43873	21335	1802.86	-167.08	1346.99
43873	21336	265.27	-187.72	1467.48
43873	21592	167.42	-174.63	48.79
43873	21592	455.08	-177.64	403.79
43873	21592	28.31	-169.32	699.92
43873	21591	1489.84	-160.91	172.38
43873	21335	1541.33	-161.54	1690.03
43873	21335	1074.41	-206.47	1373.14
43873	21335	1772.66	-236.25	832.72
43873	21335	1820.88	-251.57	369.44
43873	21335	1066.93	-267.67	325.39
43873	21335	1124.32	-268.54	535.32
43873	21335	1206.66	-242.12	947.09
43873	21335	576.44	-274.19	263.28
43873	21335	17.2	-288.35	117.58
43873	21335	378.37	-242.19	1374.55
43873	21335	941.56	-179.36	1814.54
43873	21335	503.01	-235.08	1658.24
43874	22607	71.98	17.21	357.39
43874	22350	172.27	28.27	1370.59
43874	22351	1128.21	57.49	1605
43874	22096	998.7	79.54	757.87
43874	22352	1039.92	121.15	841.77
43874	21583	563.34	-28.12	903.65
43874	21583	517.43	-22.72	876.55
43874	21583	1356.9	-57.82	832.33
43874	21839	621.29	-3.07	13.48
43874	21583	1353.68	-33.28	1326.24
43874	21583	1366.3	-36.61	1386.65
43874	21838	1429.92	32.72	624.22
43874	21838	1531.05	33.27	530.83
43874	21838	568.67	-18.93	730.31
43874	22095	1270.75	-46.95	1033.07
43874	21582	840.8	89.78	1778.92
43874	21582	893.47	95.47	1743.93
43874	21582	1527.9	-12.4	1361.13
43874	22864	437.05	10.94	748.72
43874	22608	957.07	80.28	1765.28
43874	22608	1196.53	63.35	451.62
43874	22861	1919.33	80.81	1103.84
43874	22352	628.29	82.25	1728.59
43874	22608	356.81	64.24	521.17
43875	21079	1060.6	-297.58	753.25
43875	21077	1429.19	-263.88	1728.87
43875	21077	1187.2	-158.64	1221.56
43875	21078	17.79	-285.01	986.4
43875	21077	1643.41	-237.71	1110.86
43875	21078	102.86	-334.97	1710.53
43875	21334	456.02	-320.31	336.84
43875	21078	752.39	-352.25	1437.55
43875	21078	316.32	-300.23	1181.57
43875	21077	1892.06	-286.7	1343.46
43875	21077	1535.34	-227.33	720.37
43875	21077	1054.78	-204.99	603.07
43875	21077	1181.18	-180.24	841.97
43875	21077	1028.9	-222.3	175.15
43875	21077	1380.68	-238.35	225.38
43875	21077	1874.13	-293.88	406.12
43875	21077	1821.35	-277.19	675.53
43875	21078	267.17	-319.04	808.84
43875	21077	1666.54	-248.04	134.83
43875	21077	1477.04	-250.06	1440.05
43875	21078	701.22	-358.84	1006.67
43875	21078	1200.31	-340.32	1493.44
43875	21078	1085.2	-345.97	1863.69
43875	21078	1005.9	-367.96	639.71
43875	21078	581.93	-355.88	606.66
43875	21078	293.43	-343.41	297.74
43875	21078	813.9	-377	322.05
43875	21078	1191.73	-372.33	938.74
43875	21078	1590.98	-318.99	1154.87
43875	21078	1613.92	-298.13	1553.09
43875	21078	1412.21	-325.09	1321.55
43875	21078	1607.01	-313.43	1901.79
43875	21078	1903.74	-273.24	1388.38
43875	21078	1451.25	-379.97	715.36
43875	21078	1241.86	-380.15	424.51
43875	21079	261.48	-251.63	1635.75
43875	21078	1909.04	-279.32	1680.59
43875	21079	571.75	-227.61	1358.32
43875	21335	607.93	-273.47	92.14
43875	21079	969.66	-222.96	1485.23
43875	21079	1407.08	-227.29	1774.42
43875	20823	40.18	-418.5	1784.48
43875	20822	323.09	-387.74	1119.41
43875	20822	996.7	-400.44	1732.77
43875	21079	396.49	-296.71	701.69
43875	21079	1754.76	-252.68	1358.38
43875	21080	555.21	-300.4	1560.71
43875	21080	1289.55	-362.88	1541.87
43875	21336	864.87	-296.16	119.49
43875	21336	415.98	-245.54	426.83
43875	21079	1863.49	-241.21	1834.86
43875	21336	1245.72	-336.65	6.86
43875	21336	1626.84	-331.02	446.44
43875	21081	65.95	-392.18	1511
43875	21080	1705.64	-381.01	1698.78
43875	21081	284.52	-369.83	1914.96
43875	21337	38.88	-351.01	170.24
43875	21337	580.74	-353.44	182.43
43875	21081	629.19	-379.05	1687.38
43875	21337	1028.27	-393.4	174.85
43875	21081	1269.2	-420.17	1823.1
43875	21337	1574.7	-429.67	288.68
43875	21338	110.99	-424.01	82.45
43875	21338	559.13	-332.88	269.08
43875	21338	1018.71	-291.38	26.16
43875	21338	1418.94	-258.83	432.53
43875	21338	1831.32	-246.72	149.19
43875	21339	534.88	-274.9	290.97
43875	21083	427.03	-285.42	1871.87
43875	21339	1043.99	-225.91	37.65
43875	21339	1350.11	-204.32	343.89
43875	21339	632.96	-272.13	699.01
43875	21339	72.89	-231.6	489.55
43875	21339	930.88	-239.09	472.08
43875	21339	1764.79	-172.36	423.6
43875	21339	1597.09	-217.33	40.43
43875	21340	317.49	-127.81	432.44
43875	21340	528.98	-88.14	847.42
43875	21084	25.27	-171.56	1774.29
43875	21340	313.83	-129.12	15.67
43875	21340	614.64	-83.18	138.69
43875	21084	705.34	-128.05	1524.04
43875	21084	336.93	-139.26	1562.19
43875	21084	468.15	-177.17	1153.25
43875	21084	1031.34	-112.41	1532.2
43875	21079	153.59	-291.58	1013.27
43876	22862	859.12	62.12	990.71
43876	22861	1065.17	48.02	695.98
43876	22863	1523.9	32.02	581.84
43876	22863	80.4	27.19	877.95
43876	22864	354.11	10.94	639.24
43876	22864	91.66	8.54	125.8
43876	22608	72.54	36.14	1861.22
43876	22607	1879.68	68.26	1743
43876	22350	1306.91	168	1073.71
43876	22606	311.72	23.08	63.2
43876	22861	1147.27	29.84	176.93
43876	22605	1287.24	40.73	1551.33
43876	22606	482.18	-41.99	1557.06
43876	22862	1487.24	-45.85	45.63
43876	22863	619.29	37.37	158.26
43877	20823	1253.75	-468.74	1785.13
43877	20823	686.85	-368.38	679.33
43877	20824	53.68	-345.33	557.53
43877	21080	315.26	-587.09	438.35
43877	20824	1276.09	-527.35	1488
43877	20824	1458.72	-462.85	396.25
43877	20569	718.82	-281.5	1785.42
43877	20825	1626.78	-511.55	938.53
43877	20825	411.1	-424.97	1022.43
43877	21081	1041.2	-682.8	395.82
43877	20826	443.29	-689.15	1347.14
43877	21082	1342.65	-870.71	216.63
43877	20570	476.63	-425.71	1912.75
43877	20827	292.27	-641.5	105.01
43877	20826	1190.39	-351.6	389.08
43877	20570	1154.39	-312.41	940.64
43877	20314	965.19	-334.58	1884.48
43877	20315	450.36	-550.8	1600.98
43877	20314	1149.02	-389.61	907.8
43877	20827	845.73	-412.64	1533.77
43877	21083	760.31	-390.78	738.82
43877	21083	88.74	-406.22	1015.23
43877	21082	1346.41	-351.46	1338.82
43877	21082	878.65	-640.2	868.86
43877	21083	1116	-355.39	1198.29
43877	21083	1580.98	-369.72	95.12
43877	21083	1206.51	-387.93	310.02
43877	20828	99.7	-377.24	1054.1
43877	20827	1419.59	-407.33	886.93
43877	20827	1725.8	-452.65	23.24
43877	20828	576.5	-323.94	79.74
43877	20571	1169.39	-444.08	794.46
43877	20571	1138.81	-451.69	105.61
43877	20314	1529.59	-412.96	1629.5
43877	19802	1378.69	-569.41	1317.17
43877	19802	901.61	-597.91	1477.65
43877	19801	1600.46	-525.1	1798.78
43877	19801	1828.29	-554.96	532.85
43877	19801	830.48	-714.64	657.01
43877	19801	446.82	-822.68	1485.08
43877	20057	114.38	-366.31	369.12
43877	19800	1068.23	-448.65	1796.72
43877	19799	1896.34	-465.67	935.42
43877	19800	1633.39	-835.91	1031.77
43877	19800	41.53	-466.39	1846.45
43877	20056	854.62	-379.47	694.4
43877	20055	1197.26	-504.54	606.23
43877	20055	369.76	-497.23	1117.78
43877	20055	486.72	-450.79	1633.4
43877	20311	323.79	-357.41	214.16
43877	20311	1028.87	-193.85	398.12
43877	20311	1840.75	-307.36	90.37
43877	20311	391.7	-296.73	1534.85
43877	20310	1195.19	-457.02	1015.82
43877	20310	460.5	-399.49	476.01
43877	20309	1410.65	-397	803.84
43877	20310	136.1	-382.52	1666.53
43877	20565	1659.71	-419.38	568.19
43877	20566	547.51	-454.24	1413.03
43877	20566	1492.36	-436.53	625.23
43877	20310	1297.87	-561.55	1795.88
43877	20567	799.75	-448.84	944.73
43877	20567	13.95	-512.1	1863
43877	20822	1277.75	-465.38	795.08
43877	20822	104.67	-411.97	337.12
43878	22607	1623.95	30.24	1488.74
43878	22608	1119.11	75.37	1068.72
43878	22352	1125.87	43.39	1713.02
43878	22863	893.77	71.15	931.23
43878	22862	1457.52	39.06	928.11
43878	22861	1900.67	80.09	1107.2
43878	22861	1145.53	29.8	176.93
43878	22608	553.08	22.77	248.24
43878	22608	167.4	45.54	919.08
43878	22864	536.58	10.94	858.21
43878	22863	141.79	13.82	145.07
43878	22607	767.24	11.18	1667.7
43878	22607	1003.06	23.57	530.28
43878	22605	1846.84	-2.61	1560.86
43878	22606	935.29	-61.79	1708.1
43878	22351	438.25	39.34	1629.53
43878	22351	370.54	94.04	1114.13
43878	22352	676.98	80.37	1124.06
43878	22349	1810.95	27.42	1818.43
43878	22350	1650.19	152.57	1153.27
43878	22096	1191.06	70.63	1274.66
43878	22095	1376.98	-75.31	570.52
43878	22351	1067.91	84.22	515.37
43878	22351	19.15	82.7	67.15
43878	22094	1510.71	57.85	1100.06
43878	22094	1627.53	62.7	1039.7
43878	22094	1469.38	21.86	950.32
43878	22094	1506.53	34.79	986
43878	22094	1182.83	-30.62	632.34
43878	21837	653.91	31.03	84.04
43878	21838	1002.6	33.45	763.88
43878	21837	427.93	39.21	1778.35
43878	21837	506.53	80.81	863.27
43878	21583	881.52	12.79	1655.2
43878	21838	1914.22	-45.33	320.78
43878	21583	1671.11	-70.96	1187.45
43878	21583	973.42	-33.95	952.7
43878	22093	1435.22	69.71	771.36
43878	22094	482.64	-37.13	952.84
43878	21838	443.06	-71.71	1738.52
43878	21837	1692.89	5.06	913.97
43878	21837	1545.67	19.81	392.76
43878	21837	1156.67	41.09	1745.55
43878	22093	427.03	-4.98	1392.62
43878	22093	497.41	64.55	594.1
43878	22349	446.57	45.43	381.92
43878	22349	1205.12	78.18	306.41
43878	22094	681.51	102.75	1795.68
43878	22350	37.31	27.36	361.64
43878	22095	625.64	104.81	300.72
43878	21839	1369.15	60.67	1062.88
43878	21839	324.04	70.89	1143.29
43878	22094	1593.18	-49.75	18.51
43878	21582	1253.58	73.6	1584.63
43878	21838	498.58	49.4	97.07
43878	21581	1534.29	-2.72	841.2
43878	21583	129.04	-37.93	1136.59
43878	21325	1545.34	-64.14	1201.2
43879	21080	1580.95	-519.98	292.92
43879	20824	423.8	-341.84	1338.66
43879	20823	630.64	-476.48	1352.92
43879	20823	1808.55	-440.78	1590.56
43879	20823	1108.01	-201	30.13
43879	20568	0.95	-436.36	1435.32
43879	20567	1219.65	-285.34	1538.94
43879	20567	220.88	-344.09	461.15
43879	20566	778.35	-506.17	765.4
43879	20822	820.87	-474.84	241.5
43879	20311	1213.29	-365.05	1402.36
43879	20311	378.9	-468.24	853.96
43879	20310	1360.49	-670.9	224.88
43879	20054	350.79	-446.78	1442.09
43879	20053	1503.18	-318.55	1640.35
43879	20054	1245.14	-662.63	1075.92
43879	20054	1787.83	-598.6	1695
43879	20055	1707.96	-370.38	1362.08
43879	20567	1129.62	-354.19	130.13
43879	20567	1694.44	-285.38	965.21
43879	20569	1697.57	-261.32	1311.11
43879	20825	1642.57	-385.19	130.07
43879	21082	55.43	-594.02	411.56
43879	21082	27.69	-567.02	1032.95
43879	20827	148.73	-615.4	1841.09
43879	20826	1794.77	-649.26	1115
43879	20827	522.2	-554.62	763.05
43879	20827	1037.98	-472.6	62.05
43879	20571	348.3	-626.87	1293.91
43879	20571	1899.05	-414.07	1132.33
43879	20571	71.97	-389.18	379.46
43879	20314	16.78	-189.69	444.53
43879	20057	1906.68	-457.05	932.06
43879	20057	877.5	-455.09	821.51
43879	20058	365.18	-553.94	167.37
43879	19802	1845.22	-521.81	1357.22
43879	20570	1414.43	-446.64	1603.52
43879	20826	1249.98	-833.86	1382.45
43879	20825	1299.35	-572.59	1593.5
43879	20825	296.73	-479.13	1853.09
43879	21081	385.78	-504.11	644.16
43879	21080	808.34	-400.43	48.35
43879	20824	711.79	-528.38	608.98
43879	20568	694.5	-489.85	1679.62
43879	20056	1096.9	-207.18	1634.25
43879	20312	599.2	-176.97	479.17
43879	20055	1900.52	-397.43	687.09
43880	22864	496.77	10.94	811.76
43880	21581	1534.29	-2.72	920.83
43880	21582	1214.57	78.94	1559.6
43880	21837	1308.47	-1.31	1820.28
43880	21837	979.65	77.47	1837.51
43880	21837	968.12	76.03	1757.19
43880	21837	1313.03	11.68	1693.42
43880	21583	954.48	-29.75	917.96
43880	21583	879.51	13.15	1600.45
43880	21837	468.33	73.05	997.14
43880	21837	606.51	70.3	1110.25
43880	21837	418.11	94.13	683.31
43880	21837	548.85	88.52	542.09
43880	21838	1004.86	29.94	711.35
43880	22094	1601.66	67.43	1133.95
43880	22094	1444.36	13.71	927.19
43880	22094	1316.34	-2.88	886.82
43880	22094	1436.2	7.38	817.29
43880	22350	729.57	78.72	1169.18
43880	22606	1156.46	76.77	318.86
43881	22352	262.71	106.68	1246.34
43881	22095	1840.92	-57.08	654.16
43881	22096	1206.99	103.51	1760.58
43881	22351	1182.52	82.81	112.93
43881	21837	509.61	53.99	1325.82
43881	21837	554.09	72.07	388.51
43881	21837	429.51	98.38	576.22
43881	21837	599.7	65.07	1031.9
43881	21837	1536.49	-60.4	1729.41
43881	21837	1161.95	47.49	1821.34
43881	21837	1149	64.14	1666.81
43881	21837	798.22	72.71	1780.82
43881	21837	1734.57	-48.09	1155.22
43881	21837	1640.02	28.05	763.67
43882	19542	1890.47	-696.99	415.73
43882	19543	1110.93	-619.96	735.79
43882	19542	1640.15	-603.32	1230.66
43882	19799	312.2	-613.34	170.32
43882	19542	916.21	-609.58	1554.48
43882	19544	423.18	-643.83	1321.13
43882	19543	1120.92	-636.33	1503.96
43882	19544	279.54	-787.14	102.38
43882	19544	1462.3	-683.32	778.16
43882	19545	814.2	-567.26	1317.73
43882	19544	1832.65	-572.17	1688.59
43882	19545	1783.29	-636.29	333.58
43882	19545	601.04	-673.26	189.63
43882	19289	951.1	-1007.44	839.36
43882	19288	1462.92	-1036.68	852.63
43882	19289	322.27	-1026.85	534.83
43882	19288	499.32	-1007.48	785.13
43882	19543	1219.36	-665.49	164.76
43882	19287	1763.28	-977.82	1095.11
43882	19288	1875.77	-867.25	1789.94
43882	19289	1332.65	-722.85	1669.41
43882	19289	1823.11	-992.15	562.19
43882	19289	1168.67	-1047.53	278.07
43882	19290	759.86	-999.75	464.42
43882	19290	751.47	-821.18	1422.77
43882	19290	1435.73	-928.14	1140.76
43882	19290	1358.64	-723.9	1819.9
43882	19546	1059.04	-561.24	1172.68
43882	19547	97.21	-534.86	791.94
43882	19547	185.18	-705.01	191.47
43882	19291	393.64	-955.23	1064.4
43882	19291	1217.64	-921.14	1397.3
43882	19291	16.46	-875.49	1406.52
43882	19288	962.52	-709.17	1647.18
43882	19287	7.93	-922.99	1424.41
43882	19287	787.89	-921.07	1189.06
43884	21333	1774.03	-351.34	1264.27
43884	21334	108.46	-350.81	540.53
43884	21333	1585.21	-337.12	594.83
43884	21333	1449.72	-338.78	817.3
43884	21333	1100.89	-343.35	512.26
43884	21333	1258.14	-256.28	50.39
43884	21333	1561.95	-299.34	217.02
43884	21334	323.57	-343.01	1001.29
43884	21333	1335.36	-348.63	1139.66
43884	21333	1533.04	-334.51	1532.5
43884	21333	1162.62	-245.53	1684.9
43884	21589	1718.81	-298.72	255.97
43884	21589	977.19	-127.69	216.61
43884	21334	273.55	-353.48	1677.98
43884	21590	672.4	-297.61	109.43
43884	21334	734.24	-363.49	1488.89
43884	21334	782.27	-314.01	978.45
43884	21334	1358.97	-296.53	1139.07
43884	21334	825.41	-308.53	484.65
43884	21334	380.71	-355.41	123.91
43884	21334	510.76	-324.25	578.97
43884	21078	822.91	-365.37	1800.61
43884	21077	1767.07	-305.93	1666.93
43884	21078	973.48	-370.6	1161.08
43884	21335	722.18	-257.24	560.22
43884	21335	211.55	-278.64	398.1
43884	21334	1374.92	-326.77	134.71
43884	21334	1898.21	-279.53	1358.4
43884	21335	1570.55	-263.81	627.75
43884	21335	1527.69	-197.84	1122.95
43884	21336	255.46	-254.38	829.8
43884	21592	737.71	-255.74	89.02
43884	21336	1802.97	-303.67	871.65
43884	21337	1139.58	-385.24	605.81
43884	21337	1079.24	-302.77	1874.19
43884	21593	1633.43	-246.2	531.54
43884	21593	1872.7	-256.32	949.9
43884	21338	655.9	-288.48	1422.95
43884	21338	66.65	-398.13	848.03
43884	21339	1122.32	-192.91	907.65
43884	21339	1507.72	-136.12	1109.26
43884	21339	1368.11	-133.77	1439.97
43884	21339	1386.91	-120.86	1803.13
43884	21595	1488.02	-124.43	253.69
43884	21595	1842.53	-77.79	471.22
43884	21595	1099.41	-133.44	537.13
43884	21596	458.18	-34.37	539.77
43884	21596	448.79	-28.18	886.63
43884	21596	757.67	25.27	1103.61
43884	21596	864.22	2.63	683.1
43884	21596	909.21	19.23	213.57
43884	21596	413.16	-42.33	147.93
43884	21340	160.09	-57.31	1754.54
43884	21339	1743.07	-104.14	1407.67
43884	21340	1042.92	-20.81	1455.56
43884	21340	1116.02	-23.85	1724.12
43884	21340	642.42	-33.59	1318.22
43884	21340	89.77	-101.11	898
43884	21339	1509.03	-129.06	751.14
43884	21339	211.46	-254.5	783.2
43884	21337	1354.42	-379.52	840.68
43884	21337	271.26	-353.67	488.12
43884	21336	1231.88	-273.22	1216.26
43884	21335	1885.85	-169.55	1663.99
43884	21334	364.85	-365.55	1313.67
43884	21333	1010.63	-342.11	894.71
43884	21333	1409.84	-281.03	1827.45
43884	21590	89.36	-306.28	84.99
43884	21333	1865.65	-334.94	1638.2
43884	21334	58.46	-336.8	60.64
43884	21078	391.78	-350.18	1623.49
43884	21589	653.56	-84.38	306.75
43884	21333	848.37	-222.09	1501.77
43884	21589	1605.31	-252.57	592.68
43884	21589	1283.26	-187.4	392.1
43884	21590	569.34	-262.95	391.52
43884	21590	942.24	-280.18	101.2
43884	21334	1173.82	-303.74	1690.72
43884	21590	1397.23	-265.85	621.04
43884	21590	1268.48	-248.62	219.23
43884	21334	1120.86	-314.31	1295.53
43884	21334	1181.48	-287.99	767.63
43884	21334	720.97	-356.44	168.44
43884	21334	1695.89	-196.83	516
43884	21335	812.91	-170.32	907.24
43884	21335	1462.78	-244.64	211.17
43884	21336	265.63	-269.08	151.62
43884	21336	800.09	-250.3	783.62
43884	21336	1662.14	-354.16	105.83
43887	21336	532.06	-266.77	909.25
43887	21079	1266.42	-236.06	1177.02
43887	21079	864.33	-230.32	1757.51
43887	21078	1795	-322.04	768.91
43887	21078	975.12	-369.85	869.26
43887	21078	258.58	-340.35	449.97
43887	21077	1511.27	-230.75	425.04
43887	21077	1409.84	-187.93	1021.37
43887	21078	530.72	-316.13	1292.68
43887	21079	241.72	-276.89	1892.33
43887	21079	182.84	-245.08	1331.21
43887	21079	608.97	-234.43	1661.53
43887	21079	1147.35	-228.76	1844.15
43887	21080	462.98	-278.37	1798.54
43887	21336	60.79	-260.68	590.11
43887	21079	1484.24	-210.13	1478.73
43887	21079	740.4	-248.16	1085.89
43887	21080	841.13	-301.26	1720.52
43887	21080	237.15	-261.07	1663.05
43887	21336	1142.67	-285.36	849.47
43887	21336	1394.78	-310.86	267.32
43887	21080	1840.8	-433.31	1144.29
43887	21081	450.07	-366.7	1309.91
43887	21081	1040.84	-448.87	1454.84
43887	21081	940.82	-407.12	1748.1
43887	21337	812.7	-385.7	302.34
43887	21081	1616.37	-480.94	1668.81
43887	21337	1756.77	-464.53	111.04
43887	21338	40.13	-405.71	445.39
43887	21082	326.19	-330.42	1910.73
43887	21082	675.68	-328.11	1742.85
43887	21338	898.7	-294.38	298.11
43887	21338	1143.95	-280.71	617.21
43887	21338	1592.91	-269.93	987.16
43887	21338	1153.49	-294.95	910.75
43887	21338	1432.46	-246.9	94.92
43887	21338	1780.05	-248.98	573.38
43887	21340	64.65	-90.54	667.6
43887	21339	1269.86	-200.96	598.39
43887	21339	692.9	-282.59	57.46
43887	21339	238.12	-248.67	170.56
43887	21339	495.24	-248.2	1104.17
43887	21339	1211.45	-155.21	1150.44
43887	21340	308.25	-116.38	663.27
43887	21340	39.89	-171.2	181.43
43887	21083	1679.17	-215.36	1600.94
43887	21083	1909.46	-198.84	1245.61
43887	21084	102.67	-179.07	1464.85
43887	21084	504.2	-124.62	1752.06
43887	21084	840.04	-120.64	1785.87
43887	21084	201.6	-216.1	754.39
43887	21084	214.18	-196.31	1025.61
43887	21084	514.71	-196.71	845.26
43887	21084	832.04	-168.02	954.23
43887	21084	924.7	-128.21	1237.36
43887	21084	1088.39	-156.16	873.06
43887	21084	658.79	-175.75	491.56
43887	21084	322.05	-216.77	406.74
43887	21077	1124.18	-129.11	1467.41
43887	21077	914.27	-200.7	402.69
43887	21077	742.34	-199.48	142.4
43887	20821	701.18	-193.99	1697.58
43887	20821	1015.13	-203.37	1702.65
43887	20821	850.36	-212.55	1276.43
43887	20821	1455.68	-243.91	1674.92
43887	20822	194.49	-354.1	1787.3
43887	21078	594.81	-360.37	8.19
43887	21078	1057.78	-386.6	124.65
43889	20574	1837.35	396.33	67.21
43889	20318	780.22	368.85	1043.41
43889	20317	1862.71	351.83	982.01
43889	20317	582.04	272.59	1083.42
43889	20573	1299.69	187.22	405.18
43889	20574	453.79	323.57	166.68
43889	20061	605.27	180.04	1476.51
43889	20061	553.03	-48.43	337.51
43889	19804	1829.64	-131.72	1595.53
43889	20061	1201.56	165.07	6.95
43889	20062	497.57	300.44	973.3
43889	20062	1484.22	408.71	27.59
43889	20063	356.38	473.91	1199.81
43889	20318	1683.61	440.87	374.38
43889	20062	4.65	309.87	1777.08
43891	20319	894.22	398.44	911.75
43891	20318	1823.58	371.21	1085.97
43891	20062	959.57	358.35	1845.44
43891	20062	1520.09	400.86	786.82
43891	20063	423.08	476.5	208.79
43891	20062	298.74	418.92	144.7
43891	20061	1419.58	160.12	1091.43
43891	20060	1558.82	-46.79	1191.03
43891	19804	956.03	-305.18	1071.28
43891	20316	1621.05	-103.8	1048.16
43891	20572	1540.34	-337.06	922.74
43891	20573	479.3	-50.61	926.27
43891	20317	1351.35	246.67	1384.2
43891	20317	1235.38	293.92	380.09
43891	20062	1345.97	410.24	1461.26
43891	20319	822.14	399.08	76.41
43891	20063	824.91	405.79	751.4
43891	19805	625.23	74.2	1235.14
43891	20574	760.67	392.54	721.14
43891	20318	896.6	417.44	1290.25
43891	20318	573.37	378.37	111.59
43894	19801	1186.67	-609.01	79.29
43894	20315	455.78	-299.44	111.71
43894	20059	98.55	-521.92	1549.29
43894	20059	88.71	-535.52	548.05
43894	19803	615.42	-545.73	1770.07
43894	20059	864.14	-473.77	1197.95
43894	20314	1415.26	-614.58	266.94
43894	20058	1347.19	-549.81	1466.07
43894	20315	451.61	-322.94	966.38
43894	20315	1193.94	-267.02	863.27
43894	20059	943.15	-350.36	1846.76
43894	20315	1122.86	-457.29	1166.32
43894	20314	1865.46	-418.43	761.78
43894	20315	847.1	-268.87	599.67
43894	20059	1047.83	-391.59	421.91
43895	21839	635.02	75.67	1168.85
43895	21839	34.94	23.66	1278.89
43895	22095	587.12	97.85	686.93
43895	21839	877.1	82.49	1902.66
43895	22350	1650.8	152.57	1154.27
43895	22350	1308.95	167.32	1111.72
43895	22606	320.33	24.92	37.74
43895	22351	473.25	26.79	1830.08
43895	22351	524.54	26.19	1802.92
43895	22351	373.9	50.39	1584.61
43895	22351	481.49	52.25	1568.79
43895	22351	424.61	52.62	1496.11
43897	20315	1700.97	-337.64	183.38
43897	20059	1528.62	-381.84	1616.9
43897	20059	325.35	-504.9	1064.75
43897	20059	536.69	-500.6	640.28
43897	19802	1846.08	-522.86	1836.94
43897	20058	1151.01	-556.01	157.71
43897	20315	998.38	-274.09	860.35
43897	20316	522.21	-353.66	1714.34
43897	20572	97.06	-347.17	244.46
43897	20316	127.68	-395.93	1050.79
43897	20316	102.66	-401.23	1548.1
43897	20316	347.6	-410.84	399.97
43897	20315	1834.89	-339.57	511.29
43897	20060	351.65	-410.33	1289.88
43897	20059	1659.81	-444.9	1140.26
43897	20059	1608.97	-384.05	108.13
43897	20059	990.27	-452.47	980.84
43897	20315	1300.75	-313.19	209.4
43897	20572	769.82	-379.89	795.52
43897	20316	1100.28	-406.79	1609.51
43897	20316	1295.56	-114.9	322.62
43897	20060	989.02	-358.12	1159.95
43897	20060	554.75	-452.28	541.62
43897	20059	1909.44	-335.09	686.47
43897	19804	877.66	-444.47	1793.44
43897	19804	362.73	-499.68	1213.5
43897	20316	1043.88	-107.63	743.94
43908	21325	1545.34	-64.14	982.23
3861	22618	903	-236	305
24642	22618	921	-236	401
9251	22618	978	-236	100
9252	22618	1059	-236	60
36030	22106	1693	-433	1816
43874	21838	281	-75	1697
43874	22094	1870	80	1720
43874	22607	887	2	561
43874	22864	400	18	798
43875	21581	1201	-9	946
43875	22094	1870	80	1720
43875	21838	281	-75	1697
43875	21581	1459	-1	426
43878	21581	1201	-9	946
43878	21325	1521	-56	1207
43878	21581	1459	-1	426
43878	22607	887	2	561
43883	22607	887	2	561
43883	21581	1459	-1	426
43883	21838	281	-75	1697
43883	22864	400	18	798
43888	22864	400	18	798
43888	21838	281	-75	1697
43888	22607	887	2	561
43888	22094	1870	80	1720
43888	22094	1870	80	1720
43886	21581	1459	-1	426
43886	22864	400	18	798
43886	21325	1521	-56	1207
43909	21325	1521	-56	1207
43911	22094	1873	88	1862
43893	32247	1627	0	741
43893	31990	584	-23	1730
43893	31990	584	-23	1730
43893	31990	584	-23	1730
43893	31991	1803	4	1049
43888	31991	1352	0	1396
43888	31991	1171	0	1845
43888	32247	1209	0	394
43888	31991	1803	4	1049
43896	31991	1171	0	1845
43896	31735	1740	-22	551
43896	31735	1740	-22	551
43896	31735	1740	-22	551
43896	32247	1209	0	394
43880	32247	1627	0	741
43880	31991	1803	4	1049
43880	31734	1522	-22	1518
43880	31734	1522	-22	1518
43880	31734	1522	-22	1518
43876	31991	1171	0	1845
43876	32247	1627	0	741
43876	32247	1209	0	394
43907	31990	584	-23	1730
43908	31734	1522	-22	1518
43910	31735	1740	-22	551
43913	22874	846.91	-430.71	872.87
43914	22363	845.83	-319.96	999.61
43358	23088	419.28	863.31	243.46
43360	23498	393.62	-207.61	1752.47
43359	23603	232.57	1539.47	659.76
43361	23498	60.82	-216.2	1765.33