1	1	QEVENT_GUIDE	0	EventGuide(????)	xxx	xxx	xxx	xxx	xxx	xxx	
1	2	QTUTORIAL_CH	0	?? ????	SN_QTUTORIAL_CH	SN_PAY_QTUTORIAL_CH	xxx	SN_PAYCON_QTUTORIAL_CH	SN_NN_QTUTORIAL_CH	SN_NC_QTUTORIAL_CH	
1	3	QNO_CH_SMITH_1	0	<??>????? ??	SN_QNO_CH_SMITH_1	SN_PAY_QNO_CH_SMITH_1	xxx	SN_PAYCON_QNO_CH_SMITH_1	SN_NN_QNO_CH_SMITH_1	SN_NC_QNO_CH_SMITH_1	
1	4	QNO_CH_CHEF_1	0	<??>??? ??	SN_QNO_CH_CHEF_1	SN_PAY_QNO_CH_CHEF_1	xxx	SN_PAYCON_QNO_CH_CHEF_1	SN_NN_QNO_CH_CHEF_1	SN_NC_QNO_CH_CHEF_1	
1	5	QNO_CH_SOLDIER_EA1_1	3	<??>???? ??	SN_QNO_CH_SOLDIER_EA1_1	SN_PAY_QNO_CH_SOLDIER_EA1_1	xxx	SN_PAYCON_QNO_CH_SOLDIER_EA1_1	SN_NN_QNO_CH_SOLDIER_EA1_1	SN_NC_QNO_CH_SOLDIER_EA1_1	
1	6	QNO_CH_POTION_1	5	<??>???? ??	SN_QNO_CH_POTION_1	SN_PAY_QNO_CH_POTION_1	xxx	SN_PAYCON_QNO_CH_POTION_1	SN_NN_QNO_CH_POTION_1	SN_NC_QNO_CH_POTION_1	
1	7	QNO_CH_SOLDIER_EA2_1	7	<??>??? ??	SN_QNO_CH_SOLDIER_EA2_1	SN_PAY_QNO_CH_SOLDIER_EA2_1	xxx	SN_PAYCON_QNO_CH_SOLDIER_EA2_1	SN_NN_QNO_CH_SOLDIER_EA2_1	SN_NC_QNO_CH_SOLDIER_EA2_1	
1	8	QNO_CH_PRIEST_1	7	<????>? ??? ??	SN_QNO_CH_PRIEST_1	SN_PAY_QNO_CH_PRIEST_1	xxx	SN_PAYCON_QNO_CH_PRIEST_1	SN_NN_QNO_CH_PRIEST_1	SN_NC_QNO_CH_PRIEST_1	
1	9	QNO_CH_SHAMAN_1	8	<??>??? ??	SN_QNO_CH_SHAMAN_1	SN_PAY_QNO_CH_SHAMAN_1	xxx	SN_PAYCON_QNO_CH_SHAMAN_1	SN_NN_QNO_CH_SHAMAN_1	SN_NC_QNO_CH_SHAMAN_1	
1	10	QNO_CH_GENARAL_BO_1	10	<??>???? ??	SN_QNO_CH_GENARAL_BO_1	SN_PAY_QNO_CH_GENARAL_BO_1	xxx	SN_PAYCON_QNO_CH_GENARAL_BO_1	SN_NN_QNO_CH_GENARAL_BO_1	SN_NC_QNO_CH_GENARAL_BO_1	
1	11	QNO_CH_GENARAL_SP_1	13	<??>?? ??	SN_QNO_CH_GENARAL_SP_1	SN_PAY_QNO_CH_GENARAL_SP_1	xxx	SN_PAYCON_QNO_CH_GENARAL_SP_1	SN_NN_QNO_CH_GENARAL_SP_1	SN_NC_QNO_CH_GENARAL_SP_1	
1	12	QNO_CH_HORSE_1	16	<??>?? ??	SN_QNO_CH_HORSE_1	SN_PAY_QNO_CH_HORSE_1	xxx	SN_PAYCON_QNO_CH_HORSE_1	SN_NN_QNO_CH_HORSE_1	SN_NC_QNO_CH_HORSE_1	
1	13	QNO_WC_POTION_1	19	<??>???? ?	SN_QNO_WC_POTION_1	SN_PAY_QNO_WC_POTION_1	xxx	SN_PAYCON_QNO_WC_POTION_1	SN_NN_QNO_WC_POTION_1	SN_NC_QNO_WC_POTION_1	
1	14	QNO_WC_ACCESSORY_1	26	<??>????? ?????	SN_QNO_WC_ACCESSORY_1	SN_PAY_QNO_WC_ACCESSORY_1	xxx	SN_PAYCON_QNO_WC_ACCESSORY_1	SN_NN_QNO_WC_ACCESSORY_1	SN_NC_QNO_WC_ACCESSORY_1	
1	15	QNO_WC_SPECIAL_1	28	<??>???? ??	SN_QNO_WC_SPECIAL_1	SN_PAY_QNO_WC_SPECIAL_1	xxx	SN_PAYCON_QNO_WC_SPECIAL_1	SN_NN_QNO_WC_SPECIAL_1	SN_NC_QNO_WC_SPECIAL_1	
1	16	QNO_WC_WAREHOUSE_W_1	28	<??>?????? ??	SN_QNO_WC_WAREHOUSE_W_1	SN_PAY_QNO_WC_WAREHOUSE_W_1	xxx	SN_PAYCON_QNO_WC_WAREHOUSE_W_1	SN_NN_QNO_WC_WAREHOUSE_W_1	SN_NC_QNO_WC_WAREHOUSE_W_1	
1	17	QNO_WC_HORSE_1	23	<??>???? ??	SN_QNO_WC_HORSE_1	SN_PAY_QNO_WC_HORSE_1	xxx	SN_PAYCON_QNO_WC_HORSE_1	SN_NN_QNO_WC_HORSE_1	SN_NC_QNO_WC_HORSE_1	
1	18	QNO_WC_DOCTOR_1	34	<??>???? ??	SN_QNO_WC_DOCTOR_1	SN_PAY_QNO_WC_DOCTOR_1	xxx	SN_PAYCON_QNO_WC_DOCTOR_1	SN_NN_QNO_WC_DOCTOR_1	SN_NC_QNO_WC_DOCTOR_1	
1	19	QNO_WC_SMITH_1	39	<??>??? ??	SN_QNO_WC_SMITH_1	SN_PAY_QNO_WC_SMITH_1	xxx	SN_PAYCON_QNO_WC_SMITH_1	SN_NN_QNO_WC_SMITH_1	SN_NC_QNO_WC_SMITH_1	
1	20	QNO_WC_ARMOR_1	38	<??>?? ?????(????)	SN_QNO_WC_ARMOR_1	SN_PAY_QNO_WC_ARMOR_1	xxx	SN_PAYCON_QNO_WC_ARMOR_1	SN_NN_QNO_WC_ARMOR_1	SN_NC_QNO_WC_ARMOR_1	
1	21	QNO_KT_MANAGER_1	44	<????>??? ?????	SN_QNO_KT_MANAGER_1	SN_PAY_QNO_KT_MANAGER_1	xxx	SN_PAYCON_QNO_KT_MANAGER_1	SN_NN_QNO_KT_MANAGER_1	SN_NC_QNO_KT_MANAGER_1	
1	22	QNO_KT_WAREHOUSE_1	46	<????>??? ??	SN_QNO_KT_WAREHOUSE_1	SN_PAY_QNO_KT_WAREHOUSE_1	xxx	SN_PAYCON_QNO_KT_WAREHOUSE_1	SN_NN_QNO_KT_WAREHOUSE_1	SN_NC_QNO_KT_WAREHOUSE_1	
1	23	QNO_KT_SOLDIER_SO1_1	47	<????>???? ??	SN_QNO_KT_SOLDIER_SO1_1	SN_PAY_QNO_KT_SOLDIER_SO1_1	xxx	SN_PAYCON_QNO_KT_SOLDIER_SO1_1	SN_NN_QNO_KT_SOLDIER_SO1_1	SN_NC_QNO_KT_SOLDIER_SO1_1	
1	24	QNO_KT_SOLDIER_WE2_1	49	<????>??? ??	SN_QNO_KT_SOLDIER_WE2_1	SN_PAY_QNO_KT_SOLDIER_WE2_1	xxx	SN_PAYCON_QNO_KT_SOLDIER_WE2_1	SN_NN_QNO_KT_SOLDIER_WE2_1	SN_NC_QNO_KT_SOLDIER_WE2_1	
1	25	QNO_KT_ARMOR_1	51	<????>???? ?????	SN_QNO_KT_ARMOR_1	SN_PAY_QNO_KT_ARMOR_1	xxx	SN_PAYCON_QNO_KT_ARMOR_1	SN_NN_QNO_KT_ARMOR_1	SN_NC_QNO_KT_ARMOR_1	
1	26	QNO_KT_POTION_1	52	<????>???? ??	SN_QNO_KT_POTION_1	SN_PAY_QNO_KT_POTION_1	xxx	SN_PAYCON_QNO_KT_POTION_1	SN_NN_QNO_KT_POTION_1	SN_NC_QNO_KT_POTION_1	
1	27	QNO_KT_SMITH_1	59	<????>???? ??	SN_QNO_KT_SMITH_1	SN_PAY_QNO_KT_SMITH_1	xxx	SN_PAYCON_QNO_KT_SMITH_1	SN_NN_QNO_KT_SMITH_1	SN_NC_QNO_KT_SMITH_1	
1	28	QNO_WC_PRIEST1_1	21	<??>??? ??	SN_QNO_WC_PRIEST1_1	SN_PAY_QNO_WC_PRIEST1_1	xxx	SN_PAYCON_QNO_WC_PRIEST1_1	SN_NN_QNO_WC_PRIEST1_1	SN_NC_QNO_WC_PRIEST1_1	
1	29	QSP_ALL_POTION_1	20	??? ?? ???	SN_QSP_ALL_POTION_1	SN_PAY_QSP_ALL_POTION_1	xxx	SN_PAYCON_QSP_ALL_POTION_1	SN_NN_QSP_ALL_POTION_1	SN_NC_QSP_ALL_POTION_1	
1	30	QNO_WC_GENARAL_SP_1	61	<????>??? ??? ??	SN_QNO_WC_GENARAL_SP_1	SN_PAY_QNO_WC_GENARAL_SP_1	xxx	SN_PAYCON_QNO_WC_GENARAL_SP_1	SN_NN_QNO_WC_GENARAL_SP_1	SN_NC_QNO_WC_GENARAL_SP_1	
1	31	QNO_WC_GENARAL_SW_1	63	<????>????? ??	SN_QNO_WC_GENARAL_SW_1	SN_PAY_QNO_WC_GENARAL_SW_1	xxx	SN_PAYCON_QNO_WC_GENARAL_SW_1	SN_NN_QNO_WC_GENARAL_SW_1	SN_NC_QNO_WC_GENARAL_SW_1	
1	32	QNO_WC_SOLDIER_SO_1	64	<????>???? ??	SN_QNO_WC_SOLDIER_SO_1	SN_PAY_QNO_WC_SOLDIER_SO_1	xxx	SN_PAYCON_QNO_WC_SOLDIER_SO_1	SN_NN_QNO_WC_SOLDIER_SO_1	SN_NC_QNO_WC_SOLDIER_SO_1	
1	33	QNO_WC_SOLDIER_EA2_1	65	<????>???? ??	SN_QNO_WC_SOLDIER_EA2_1	SN_PAY_QNO_WC_SOLDIER_EA2_1	xxx	SN_PAYCON_QNO_WC_SOLDIER_EA2_1	SN_NN_QNO_WC_SOLDIER_EA2_1	SN_NC_QNO_WC_SOLDIER_EA2_1	
1	34	QNO_WC_GENARAL_BO_1	67	<????>???? ??	SN_QNO_WC_GENARAL_BO_1	SN_PAY_QNO_WC_GENARAL_BO_1	xxx	SN_PAYCON_QNO_WC_GENARAL_BO_1	SN_NN_QNO_WC_GENARAL_BO_1	SN_NC_QNO_WC_GENARAL_BO_1	
1	35	QNO_WC_PRIEST3_1	69	<????>??? ??	SN_QNO_WC_PRIEST3_1	SN_PAY_QNO_WC_PRIEST3_1	xxx	SN_PAYCON_QNO_WC_PRIEST3_1	SN_NN_QNO_WC_PRIEST3_1	SN_NC_QNO_WC_PRIEST3_1	
1	36	QNO_WC_WAREHOUSE_M_1	70	<????>? ??? ??	SN_QNO_WC_WAREHOUSE_M_1	SN_PAY_QNO_WC_WAREHOUSE_M_1	xxx	SN_PAYCON_QNO_WC_WAREHOUSE_M_1	SN_NN_QNO_WC_WAREHOUSE_M_1	SN_NC_QNO_WC_WAREHOUSE_M_1	
1	37	QNO_WC_PRIEST2_1	70	<????>? ?? ??	SN_QNO_WC_PRIEST2_1	SN_PAY_QNO_WC_PRIEST2_1	xxx	SN_PAYCON_QNO_WC_PRIEST2_1	SN_NN_QNO_WC_PRIEST2_1	SN_NC_QNO_WC_PRIEST2_1	
1	38	QNO_KT_SOLDIER_EA2_1	61	<?????>??? ??	SN_QNO_KT_SOLDIER_EA2_1	SN_PAY_QNO_KT_SOLDIER_EA2_1	xxx	SN_PAYCON_QNO_KT_SOLDIER_EA2_1	SN_NN_QNO_KT_SOLDIER_EA2_1	SN_NC_QNO_KT_SOLDIER_EA2_1	
1	39	QNO_KT_ACCESSORY_1	65	<?????>???? ??	SN_QNO_KT_ACCESSORY_1	SN_PAY_QNO_KT_ACCESSORY_1	xxx	SN_PAYCON_QNO_KT_ACCESSORY_1	SN_NN_QNO_KT_ACCESSORY_1	SN_NC_QNO_KT_ACCESSORY_1	
1	40	QNO_KT_SMITH_2	68	<?????>? ?? ??(???)	SN_QNO_KT_SMITH_2	SN_PAY_QNO_KT_SMITH_2	xxx	SN_PAYCON_QNO_KT_SMITH_2	SN_NN_QNO_KT_SMITH_2	SN_NC_QNO_KT_SMITH_2	
1	41	QNO_KT_ACCESSORY_2	68	<?????>? ?? ??(???)	SN_QNO_KT_ACCESSORY_2	SN_PAY_QNO_KT_ACCESSORY_2	xxx	SN_PAYCON_QNO_KT_ACCESSORY_2	SN_NN_QNO_KT_ACCESSORY_2	SN_NC_QNO_KT_ACCESSORY_2	
1	42	QNO_KT_SMITH_3	71	<?????>??? ??(???)	SN_QNO_KT_SMITH_3	SN_PAY_QNO_KT_SMITH_3	xxx	SN_PAYCON_QNO_KT_SMITH_3	SN_NN_QNO_KT_SMITH_3	SN_NC_QNO_KT_SMITH_3	
1	43	QNO_KT_ACCESSORY_3	71	<?????>??? ??(???)	SN_QNO_KT_ACCESSORY_3	SN_PAY_QNO_KT_ACCESSORY_3	xxx	SN_PAYCON_QNO_KT_ACCESSORY_3	SN_NN_QNO_KT_ACCESSORY_3	SN_NC_QNO_KT_ACCESSORY_3	
1	44	QNO_KT_SOLDIER_WE1_1	74	<?????>?? ?? ?? ??	SN_QNO_KT_SOLDIER_WE1_1	SN_PAY_QNO_KT_SOLDIER_WE1_1	xxx	SN_PAYCON_QNO_KT_SOLDIER_WE1_1	SN_NN_QNO_KT_SOLDIER_WE1_1	SN_NC_QNO_KT_SOLDIER_WE1_1	
1	45	QNO_KT_POTION_2	77	<?????>?? ??? ??	SN_QNO_KT_POTION_2	SN_PAY_QNO_KT_POTION_2	xxx	SN_PAYCON_QNO_KT_POTION_2	SN_NN_QNO_KT_POTION_2	SN_NC_QNO_KT_POTION_2	
1	46	QNO_KT_HORSE_1	79	<?????>???? ???	SN_QNO_KT_HORSE_1	SN_PAY_QNO_KT_HORSE_1	xxx	SN_PAYCON_QNO_KT_HORSE_1	SN_NN_QNO_KT_HORSE_1	SN_NC_QNO_KT_HORSE_1	
1	48	QNO_CH_SPECIAL_1	13	<????>??? ???	SN_QNO_CH_SPECIAL_1	SN_PAY_QNO_CH_SPECIAL_1	xxx	SN_PAYCON_QNO_CH_SPECIAL_1	SN_NN_QNO_CH_SPECIAL_1	SN_NC_QNO_CH_SPECIAL_1	
1	49	QNO_CH_GENARAL_SW_1	16	<????>?? ?? ?	SN_QNO_CH_GENARAL_SW_1	SN_PAY_QNO_CH_GENARAL_SW_1	xxx	SN_PAYCON_QNO_CH_GENARAL_SW_1	SN_NN_QNO_CH_GENARAL_SW_1	SN_NC_QNO_CH_GENARAL_SW_1	
1	50	QNO_CH_POTION_2	17	<????>?? ??	SN_QNO_CH_POTION_2	SN_PAY_QNO_CH_POTION_2	xxx	SN_PAYCON_QNO_CH_POTION_2	SN_NN_QNO_CH_POTION_2	SN_NC_QNO_CH_POTION_2	
1	51	QNO_WC_HORSE_2	23	<????>?? ???	SN_QNO_WC_HORSE_2	SN_PAY_QNO_WC_HORSE_2	xxx	SN_PAYCON_QNO_WC_HORSE_2	SN_NN_QNO_WC_HORSE_2	SN_NC_QNO_WC_HORSE_2	
1	53	QNO_CH_POTION_3	6	<????>??? ?	SN_QNO_CH_POTION_3	SN_PAY_QNO_CH_POTION_3	xxx	SN_PAYCON_QNO_CH_POTION_3	SN_NN_QNO_CH_POTION_3	SN_NC_QNO_CH_POTION_3	
1	54	QNO_CH_EUROPE_1	9	<????>???? ?	SN_QNO_CH_EUROPE_1	SN_PAY_QNO_CH_EUROPE_1	xxx	SN_PAYCON_QNO_CH_EUROPE_1	SN_NN_QNO_CH_EUROPE_1	SN_NC_QNO_CH_EUROPE_1	
1	55	QNO_CH_SHAMAN_2	10	<????>??? ??	SN_QNO_CH_SHAMAN_2	SN_PAY_QNO_CH_SHAMAN_2	xxx	SN_PAYCON_QNO_CH_SHAMAN_2	SN_NN_QNO_CH_SHAMAN_2	SN_NC_QNO_CH_SHAMAN_2	
1	56	QNO_CH_GENARAL_BO_2	11	<????>???? ????	SN_QNO_CH_GENARAL_BO_2	SN_PAY_QNO_CH_GENARAL_BO_2	xxx	SN_PAYCON_QNO_CH_GENARAL_BO_2	SN_NN_QNO_CH_GENARAL_BO_2	SN_NC_QNO_CH_GENARAL_BO_2	
1	57	QNO_CH_GENARAL_1	13	<????>? ?? ????1	SN_QNO_CH_GENARAL_1	SN_PAY_QNO_CH_GENARAL_1	xxx	SN_PAYCON_QNO_CH_GENARAL_1	SN_NN_QNO_CH_GENARAL_1	SN_NC_QNO_CH_GENARAL_1	
1	58	QNO_CH_SMITH_2	15	<????>??? ??	SN_QNO_CH_SMITH_2	SN_PAY_QNO_CH_SMITH_2	xxx	SN_PAYCON_QNO_CH_SMITH_2	SN_NN_QNO_CH_SMITH_2	SN_NC_QNO_CH_SMITH_2	
1	59	QNO_CH_POTION_4	17	<????>¦ ???? ??	SN_QNO_CH_POTION_4	SN_PAY_QNO_CH_POTION_4	xxx	SN_PAYCON_QNO_CH_POTION_4	SN_NN_QNO_CH_POTION_4	SN_NC_QNO_CH_POTION_4	
1	60	QNO_CH_EUROPE_2	17	<????>??? ??	SN_QNO_CH_EUROPE_2	SN_PAY_QNO_CH_EUROPE_2	xxx	SN_PAYCON_QNO_CH_EUROPE_2	SN_NN_QNO_CH_EUROPE_2	SN_NC_QNO_CH_EUROPE_2	
1	61	QNO_CH_SPECIAL_2	18	<????>??? ??	SN_QNO_CH_SPECIAL_2	SN_PAY_QNO_CH_SPECIAL_2	xxx	SN_PAYCON_QNO_CH_SPECIAL_2	SN_NN_QNO_CH_SPECIAL_2	SN_NC_QNO_CH_SPECIAL_2	
1	62	QNO_CH_FERRY2_1	19	<????>????	SN_QNO_CH_FERRY2_1	SN_PAY_QNO_CH_FERRY2_1	xxx	SN_PAYCON_QNO_CH_FERRY2_1	SN_NN_QNO_CH_FERRY2_1	SN_NC_QNO_CH_FERRY2_1	
1	63	QNO_CH_LOTTERY_1	35	<????>???? ??	SN_QNO_CH_LOTTERY_1	SN_PAY_QNO_CH_LOTTERY_1	xxx	SN_PAYCON_QNO_CH_LOTTERY_1	SN_NN_QNO_CH_LOTTERY_1	SN_NC_QNO_CH_LOTTERY_1	
1	64	QNO_CH_POTION_5	35	<????>¦ ??? ???	SN_QNO_CH_POTION_5	SN_PAY_QNO_CH_POTION_5	xxx	SN_PAYCON_QNO_CH_POTION_5	SN_NN_QNO_CH_POTION_5	SN_NC_QNO_CH_POTION_5	
1	65	QNO_CH_EUROPE_3	35	<????>¦ ??? ???	SN_QNO_CH_EUROPE_3	SN_PAY_QNO_CH_EUROPE_3	xxx	SN_PAYCON_QNO_CH_EUROPE_3	SN_NN_QNO_CH_EUROPE_3	SN_NC_QNO_CH_EUROPE_3	
1	66	QNO_CH_LOTTERY_2	35	<????>???? ??	SN_QNO_CH_LOTTERY_2	SN_PAY_QNO_CH_LOTTERY_2	xxx	SN_PAYCON_QNO_CH_LOTTERY_2	SN_NN_QNO_CH_LOTTERY_2	SN_NC_QNO_CH_LOTTERY_2	
1	67	QNO_CH_BIGMAN_1	35	<????>???? ? ???	SN_QNO_CH_BIGMAN_1	SN_PAY_QNO_CH_BIGMAN_1	xxx	SN_PAYCON_QNO_CH_BIGMAN_1	SN_NN_QNO_CH_BIGMAN_1	SN_NC_QNO_CH_BIGMAN_1	
1	68	QNO_WC_FERRY2_1	19	<????>????	SN_QNO_WC_FERRY2_1	SN_PAY_QNO_WC_FERRY2_1	xxx	SN_PAYCON_QNO_WC_FERRY2_1	SN_NN_QNO_WC_FERRY2_1	SN_NC_QNO_WC_FERRY2_1	
1	69	QNO_WC_SPECIAL_2	21	<????>???? ??	SN_QNO_WC_SPECIAL_2	SN_PAY_QNO_WC_SPECIAL_2	xxx	SN_PAYCON_QNO_WC_SPECIAL_2	SN_NN_QNO_WC_SPECIAL_2	SN_NC_QNO_WC_SPECIAL_2	
1	70	QNO_WC_DOCTOR_2	22	<????>??? ?	SN_QNO_WC_DOCTOR_2	SN_PAY_QNO_WC_DOCTOR_2	xxx	SN_PAYCON_QNO_WC_DOCTOR_2	SN_NN_QNO_WC_DOCTOR_2	SN_NC_QNO_WC_DOCTOR_2	
1	71	QNO_WC_SOLDIER_EA1_1	23	<????>???	SN_QNO_WC_SOLDIER_EA1_1	SN_PAY_QNO_WC_SOLDIER_EA1_1	xxx	SN_PAYCON_QNO_WC_SOLDIER_EA1_1	SN_NN_QNO_WC_SOLDIER_EA1_1	SN_NC_QNO_WC_SOLDIER_EA1_1	
1	72	QNO_WC_SOLDIER_EA2_2	23	<????>?? ? ?? ?? ?	SN_QNO_WC_SOLDIER_EA2_2	SN_PAY_QNO_WC_SOLDIER_EA2_2	xxx	SN_PAYCON_QNO_WC_SOLDIER_EA2_2	SN_NN_QNO_WC_SOLDIER_EA2_2	SN_NC_QNO_WC_SOLDIER_EA2_2	
1	73	QNO_WC_SOLDIER_EA2_3	24	<????>????	SN_QNO_WC_SOLDIER_EA2_3	SN_PAY_QNO_WC_SOLDIER_EA2_3	xxx	SN_PAYCON_QNO_WC_SOLDIER_EA2_3	SN_NN_QNO_WC_SOLDIER_EA2_3	SN_NC_QNO_WC_SOLDIER_EA2_3	
1	74	QNO_WC_ACCESSORY_2	26	<????>??	SN_QNO_WC_ACCESSORY_2	SN_PAY_QNO_WC_ACCESSORY_2	xxx	SN_PAYCON_QNO_WC_ACCESSORY_2	SN_NN_QNO_WC_ACCESSORY_2	SN_NC_QNO_WC_ACCESSORY_2	
1	75	QNO_WC_ACCESSORY_3	26	<????>?? ??	SN_QNO_WC_ACCESSORY_3	SN_PAY_QNO_WC_ACCESSORY_3	xxx	SN_PAYCON_QNO_WC_ACCESSORY_3	SN_NN_QNO_WC_ACCESSORY_3	SN_NC_QNO_WC_ACCESSORY_3	
1	76	QNO_WC_HORSE_3	27	<????>?? ??	SN_QNO_WC_HORSE_3	SN_PAY_QNO_WC_HORSE_3	xxx	SN_PAYCON_QNO_WC_HORSE_3	SN_NN_QNO_WC_HORSE_3	SN_NC_QNO_WC_HORSE_3	
1	77	QNO_WC_WAREHOUSE_W_2	29	<????>?? ??1	SN_QNO_WC_WAREHOUSE_W_2	SN_PAY_QNO_WC_WAREHOUSE_W_2	xxx	SN_PAYCON_QNO_WC_WAREHOUSE_W_2	SN_NN_QNO_WC_WAREHOUSE_W_2	SN_NC_QNO_WC_WAREHOUSE_W_2	
1	78	QNO_WC_POTION_2	32	<????>???? ??	SN_QNO_WC_POTION_2	SN_PAY_QNO_WC_POTION_2	xxx	SN_PAYCON_QNO_WC_POTION_2	SN_NN_QNO_WC_POTION_2	SN_NC_QNO_WC_POTION_2	
1	79	QNO_WC_POTION_3	32	<????>??? ????1	SN_QNO_WC_POTION_3	SN_PAY_QNO_WC_POTION_3	xxx	SN_PAYCON_QNO_WC_POTION_3	SN_NN_QNO_WC_POTION_3	SN_NC_QNO_WC_POTION_3	
1	80	QNO_WC_SOLDIER_WE1_1	33	<????>???? ??	SN_QNO_WC_SOLDIER_WE1_1	SN_PAY_QNO_WC_SOLDIER_WE1_1	xxx	SN_PAYCON_QNO_WC_SOLDIER_WE1_1	SN_NN_QNO_WC_SOLDIER_WE1_1	SN_NC_QNO_WC_SOLDIER_WE1_1	
1	81	QNO_WC_SOLDIER_WE2_1	33	<????>??? ??	SN_QNO_WC_SOLDIER_WE2_1	SN_PAY_QNO_WC_SOLDIER_WE2_1	xxx	SN_PAYCON_QNO_WC_SOLDIER_WE2_1	SN_NN_QNO_WC_SOLDIER_WE2_1	SN_NC_QNO_WC_SOLDIER_WE2_1	
1	82	QNO_WC_DOCTOR_3	35	<????>??? ??	SN_QNO_WC_DOCTOR_3	SN_PAY_QNO_WC_DOCTOR_3	xxx	SN_PAYCON_QNO_WC_DOCTOR_3	SN_NN_QNO_WC_DOCTOR_3	SN_NC_QNO_WC_DOCTOR_3	
1	83	QNO_WC_GENARAL_SW_2	36	<????>??? ??	SN_QNO_WC_GENARAL_SW_2	SN_PAY_QNO_WC_GENARAL_SW_2	xxx	SN_PAYCON_QNO_WC_GENARAL_SW_2	SN_NN_QNO_WC_GENARAL_SW_2	SN_NC_QNO_WC_GENARAL_SW_2	
1	84	QNO_WC_GENARAL_SW_3	37	<????>????? ?	SN_QNO_WC_GENARAL_SW_3	SN_PAY_QNO_WC_GENARAL_SW_3	xxx	SN_PAYCON_QNO_WC_GENARAL_SW_3	SN_NN_QNO_WC_GENARAL_SW_3	SN_NC_QNO_WC_GENARAL_SW_3	
1	85	QNO_WC_FERRY3_1	40	<????>??? ?	SN_QNO_WC_FERRY3_1	SN_PAY_QNO_WC_FERRY3_1	xxx	SN_PAYCON_QNO_WC_FERRY3_1	SN_NN_QNO_WC_FERRY3_1	SN_NC_QNO_WC_FERRY3_1	
1	86	QNO_WC_SMITH_2	40	<????>? ?? ???	SN_QNO_WC_SMITH_2	SN_PAY_QNO_WC_SMITH_2	xxx	SN_PAYCON_QNO_WC_SMITH_2	SN_NN_QNO_WC_SMITH_2	SN_NC_QNO_WC_SMITH_2	
1	87	QNO_WC_SMITH_3	40	<????>? ????	SN_QNO_WC_SMITH_3	SN_PAY_QNO_WC_SMITH_3	xxx	SN_PAYCON_QNO_WC_SMITH_3	SN_NN_QNO_WC_SMITH_3	SN_NC_QNO_WC_SMITH_3	
1	88	QNO_WC_FERRY4_1	35	<????>??? ???	SN_QNO_WC_FERRY4_1	SN_PAY_QNO_WC_FERRY4_1	xxx	SN_PAYCON_QNO_WC_FERRY4_1	SN_NN_QNO_WC_FERRY4_1	SN_NC_QNO_WC_FERRY4_1	
1	89	QNO_RM_VILLAGECHIEF_1	70	<???>¦ ???? ???	SN_QNO_RM_VILLAGECHIEF_1	SN_PAY_QNO_RM_VILLAGECHIEF_1	xxx	SN_PAYCON_QNO_RM_VILLAGECHIEF_1	SN_NN_QNO_RM_VILLAGECHIEF_1	SN_NC_QNO_RM_VILLAGECHIEF_1	
1	90	QNO_RM_YOUNGWOMAN1_1	72	<???>???? ??	SN_QNO_RM_YOUNGWOMAN1_1	SN_PAY_QNO_RM_YOUNGWOMAN1_1	xxx	SN_PAYCON_QNO_RM_YOUNGWOMAN1_1	SN_NN_QNO_RM_YOUNGWOMAN1_1	SN_NC_QNO_RM_YOUNGWOMAN1_1	
1	91	QNO_RM_MEETROC_1	90	<????>??? ??	SN_QNO_RM_MEETROC_1	SN_PAY_QNO_RM_MEETROC_1	xxx	SN_PAYCON_QNO_RM_MEETROC_1	SN_NN_QNO_RM_MEETROC_1	SN_NC_QNO_RM_MEETROC_1	
1	92	QNO_RM_MEETROC_2	90	<????>?? ???1	SN_QNO_RM_MEETROC_2	SN_PAY_QNO_RM_MEETROC_2	xxx	SN_PAYCON_QNO_RM_MEETROC_2	SN_NN_QNO_RM_MEETROC_2	SN_NC_QNO_RM_MEETROC_2	
1	96	QNO_RM_MEETROC_6	90	<????>?? ???5	SN_QNO_RM_MEETROC_3	SN_PAY_QNO_RM_MEETROC_3	xxx	SN_PAYCON_QNO_RM_MEETROC_6	SN_NN_QNO_RM_MEETROC_6	SN_NC_QNO_RM_MEETROC_3	
1	118	QNO_CH_GENARAL_2	13	<????>¦ ?? ????2	SN_QNO_CH_GENARAL_2	SN_PAY_QNO_CH_GENARAL_2	xxx	SN_PAYCON_QNO_CH_GENARAL_2	SN_NN_QNO_CH_GENARAL_2	SN_NC_QNO_CH_GENARAL_2	
1	119	QNO_CH_GENARAL_3	13	<????>¦ ?? ????3	SN_QNO_CH_GENARAL_3	SN_PAY_QNO_CH_GENARAL_3	xxx	SN_PAYCON_QNO_CH_GENARAL_3	SN_NN_QNO_CH_GENARAL_3	SN_NC_QNO_CH_GENARAL_3	
1	120	QNO_CH_SPECIAL_3	18	<????>¦ ??? ??2	SN_QNO_CH_SPECIAL_3	SN_PAY_QNO_CH_SPECIAL_3	xxx	SN_PAYCON_QNO_CH_SPECIAL_3	SN_NN_QNO_CH_SPECIAL_3	SN_NC_QNO_CH_SPECIAL_3	
1	121	QNO_WC_WAREHOUSE_W_3	29	<????>¦ ?? ??2	SN_QNO_WC_WAREHOUSE_W_3	SN_PAY_QNO_WC_WAREHOUSE_W_3	xxx	SN_PAYCON_QNO_WC_WAREHOUSE_W_3	SN_NN_QNO_WC_WAREHOUSE_W_3	SN_NC_QNO_WC_WAREHOUSE_W_3	
1	122	QNO_WC_POTION_4	32	<????>??? ????2	SN_QNO_WC_POTION_4	SN_PAY_QNO_WC_POTION_4	xxx	SN_PAYCON_QNO_WC_POTION_4	SN_NN_QNO_WC_POTION_4	SN_NC_QNO_WC_POTION_4	
1	123	QNO_RM_VILLAGECHIEF_2	73	<???>???? ??	SN_QNO_RM_VILLAGECHIEF_2	SN_PAY_QNO_RM_VILLAGECHIEF_2	xxx	SN_PAYCON_QNO_RM_VILLAGECHIEF_2	SN_NN_QNO_RM_VILLAGECHIEF_2	SN_NC_QNO_RM_VILLAGECHIEF_2	
1	124	QNO_RM_YOUNGWOMAN2_1	78	<???>??? ??	SN_QNO_RM_YOUNGWOMAN2_1	SN_PAY_QNO_RM_YOUNGWOMAN2_1	xxx	SN_PAYCON_QNO_RM_YOUNGWOMAN2_1	SN_NN_QNO_RM_YOUNGWOMAN2_1	SN_NC_QNO_RM_YOUNGWOMAN2_1	
1	125	QNO_RM_SLAVE2_1	75	<???>???? ??	SN_QNO_RM_SLAVE2_1	SN_PAY_QNO_RM_SLAVE2_1	xxx	SN_PAYCON_QNO_RM_SLAVE2_1	SN_NN_QNO_RM_SLAVE2_1	SN_NC_QNO_RM_SLAVE2_1	
1	126	QNO_RM_SLAVE1_1	83	<???2>???? ??	SN_QNO_RM_SLAVE1_1	SN_PAY_QNO_RM_SLAVE1_1	xxx	SN_PAYCON_QNO_RM_SLAVE1_1	SN_NN_QNO_RM_SLAVE1_1	SN_NC_QNO_RM_SLAVE1_1	
1	127	QNO_RM_FLYSHIP2_1	80	<???2>??? ??1	SN_QNO_RM_FLYSHIP2_1	SN_PAY_QNO_RM_FLYSHIP2_1	xxx	SN_PAYCON_QNO_RM_FLYSHIP2_1	SN_NN_QNO_RM_FLYSHIP2_1	SN_NC_QNO_RM_FLYSHIP2_1	
1	128	QNO_RM_FLYSHIP2_2	80	<???2>??? ??2	SN_QNO_RM_FLYSHIP2_2	SN_PAY_QNO_RM_FLYSHIP2_2	xxx	SN_PAYCON_QNO_RM_FLYSHIP2_2	SN_NN_QNO_RM_FLYSHIP2_2	SN_NC_QNO_RM_FLYSHIP2_2	
1	129	QNO_RM_FLYSHIP1_1	82	<???2>??? ??	SN_QNO_RM_FLYSHIP1_1	SN_PAY_QNO_RM_FLYSHIP1_1	xxx	SN_PAYCON_QNO_RM_FLYSHIP1_1	SN_NN_QNO_RM_FLYSHIP1_1	SN_NC_QNO_RM_FLYSHIP1_1	
1	130	QNO_RM_FLYSHIP1_2	82	<???2>???? ??	SN_QNO_RM_FLYSHIP1_2	SN_PAY_QNO_RM_FLYSHIP1_2	xxx	SN_PAYCON_QNO_RM_FLYSHIP1_2	SN_NN_QNO_RM_FLYSHIP1_2	SN_NC_QNO_RM_FLYSHIP1_2	
1	131	QNO_RM_FLYSHIP1_3	82	<???2>??? ????	SN_QNO_RM_FLYSHIP1_3	SN_PAY_QNO_RM_FLYSHIP1_3	xxx	SN_PAYCON_QNO_RM_FLYSHIP1_3	SN_NN_QNO_RM_FLYSHIP1_3	SN_NC_QNO_RM_FLYSHIP1_3	
1	132	QNO_RM_SLAVE1_2	85	<???2>?? ?? ??1	SN_QNO_RM_SLAVE1_2	SN_PAY_QNO_RM_SLAVE1_2	xxx	SN_PAYCON_QNO_RM_SLAVE1_2	SN_NN_QNO_RM_SLAVE1_2	SN_NC_QNO_RM_SLAVE1_2	
1	133	QNO_RM_SLAVE1_3	85	<???2>?? ?? ??2	SN_QNO_RM_SLAVE1_3	SN_PAY_QNO_RM_SLAVE1_3	xxx	SN_PAYCON_QNO_RM_SLAVE1_3	SN_NN_QNO_RM_SLAVE1_3	SN_NC_QNO_RM_SLAVE1_3	
1	134	QNO_RM_SLAVE1_4	85	<???2>?? ?? ??3	SN_QNO_RM_SLAVE1_4	SN_PAY_QNO_RM_SLAVE1_4	xxx	SN_PAYCON_QNO_RM_SLAVE1_4	SN_NN_QNO_RM_SLAVE1_4	SN_NC_QNO_RM_SLAVE1_4	
1	135	QNO_RM_YOUNGWOMAN1_2	87	<???2>??? ??	SN_QNO_RM_YOUNGWOMAN1_2	SN_PAY_QNO_RM_YOUNGWOMAN1_2	xxx	SN_PAYCON_QNO_RM_YOUNGWOMAN1_2	SN_NN_QNO_RM_YOUNGWOMAN1_2	SN_NC_QNO_RM_YOUNGWOMAN1_2	
1	136	QNO_RM_OLDWOMAN_1	89	<???(????)>??? 1	SN_QNO_RM_OLDWOMAN_1	SN_PAY_QNO_RM_OLDWOMAN_1	xxx	SN_PAYCON_QNO_RM_OLDWOMAN_1	SN_NN_QNO_RM_OLDWOMAN_1	SN_NC_QNO_RM_OLDWOMAN_1	
1	137	QNO_RM_OLDWOMAN_2	89	<???(????)>??? 2	SN_QNO_RM_OLDWOMAN_2	SN_PAY_QNO_RM_OLDWOMAN_2	xxx	SN_PAYCON_QNO_RM_OLDWOMAN_2	SN_NN_QNO_RM_OLDWOMAN_2	SN_NC_QNO_RM_OLDWOMAN_2	
1	138	QNO_RM_OLDWOMAN_3	89	<???(????)>??? 3	SN_QNO_RM_OLDWOMAN_3	SN_PAY_QNO_RM_OLDWOMAN_3	xxx	SN_PAYCON_QNO_RM_OLDWOMAN_3	SN_NN_QNO_RM_OLDWOMAN_3	SN_NC_QNO_RM_OLDWOMAN_3	
1	139	QNO_RM_OLDWOMAN_4	89	<???(????)>??? 4	SN_QNO_RM_OLDWOMAN_4	SN_PAY_QNO_RM_OLDWOMAN_4	xxx	SN_PAYCON_QNO_RM_OLDWOMAN_4	SN_NN_QNO_RM_OLDWOMAN_4	SN_NC_QNO_RM_OLDWOMAN_4	
1	140	QNO_RM_OLDWOMAN_5	89	<???(????)>??? 5	SN_QNO_RM_OLDWOMAN_5	SN_PAY_QNO_RM_OLDWOMAN_5	xxx	SN_PAYCON_QNO_RM_OLDWOMAN_5	SN_NN_QNO_RM_OLDWOMAN_5	SN_NC_QNO_RM_OLDWOMAN_5	
1	141	QNO_RM_OLDWOMAN_6	89	<???(????)>??? 6	SN_QNO_RM_OLDWOMAN_6	SN_PAY_QNO_RM_OLDWOMAN_6	xxx	SN_PAYCON_QNO_RM_OLDWOMAN_6	SN_NN_QNO_RM_OLDWOMAN_6	SN_NC_QNO_RM_OLDWOMAN_6	
1	142	QNO_RM_OLDWOMAN_7	89	<???(????)>??? 7	SN_QNO_RM_OLDWOMAN_7	SN_PAY_QNO_RM_OLDWOMAN_7	xxx	SN_PAYCON_QNO_RM_OLDWOMAN_7	SN_NN_QNO_RM_OLDWOMAN_7	SN_NC_QNO_RM_OLDWOMAN_7	
1	143	QNO_EU_TUTORIAL_1	1	<?? ????>1	SN_QNO_EU_TUTORIAL_1	SN_PAY_QNO_EU_TUTORIAL_1	xxx	SN_PAYCON_QNO_EU_TUTORIAL_1	SN_NN_QNO_EU_TUTORIAL_1	SN_NC_QNO_EU_TUTORIAL_1	
1	144	QNO_EU_TUTORIAL_2	1	<?? ????>2	SN_QNO_EU_TUTORIAL_2	SN_PAY_QNO_EU_TUTORIAL_2	xxx	SN_PAYCON_QNO_EU_TUTORIAL_2	SN_NN_QNO_EU_TUTORIAL_2	SN_NC_QNO_EU_TUTORIAL_2	
1	145	QNO_EU_TUTORIAL_3	1	<?? ????>3	SN_QNO_EU_TUTORIAL_3	SN_PAY_QNO_EU_TUTORIAL_3	xxx	SN_PAYCON_QNO_EU_TUTORIAL_3	SN_NN_QNO_EU_TUTORIAL_3	SN_NC_QNO_EU_TUTORIAL_3	
1	146	QNO_EU_TUTORIAL_4	1	<?? ????>4	SN_QNO_EU_TUTORIAL_4	SN_PAY_QNO_EU_TUTORIAL_4	xxx	SN_PAYCON_QNO_EU_TUTORIAL_4	SN_NN_QNO_EU_TUTORIAL_4	SN_NC_QNO_EU_TUTORIAL_4	
1	147	QNO_EU_TUTORIAL_5	1	<?? ????>5	SN_QNO_EU_TUTORIAL_5	SN_PAY_QNO_EU_TUTORIAL_5	xxx	SN_PAYCON_QNO_EU_TUTORIAL_5	SN_NN_QNO_EU_TUTORIAL_5	SN_NC_QNO_EU_TUTORIAL_5	
1	148	QNO_EU_TUTORIAL_6	1	<?? ????>6	SN_QNO_EU_TUTORIAL_6	SN_PAY_QNO_EU_TUTORIAL_6	xxx	SN_PAYCON_QNO_EU_TUTORIAL_6	SN_NN_QNO_EU_TUTORIAL_6	SN_NC_QNO_EU_TUTORIAL_6	
1	149	QNO_EU_TUTORIAL_7	1	<?? ????>7	SN_QNO_EU_TUTORIAL_7	SN_PAY_QNO_EU_TUTORIAL_7	xxx	SN_PAYCON_QNO_EU_TUTORIAL_7	SN_NN_QNO_EU_TUTORIAL_7	SN_NC_QNO_EU_TUTORIAL_7	
1	150	QNO_EU_CONS_1	3	<??????>???? ??	SN_QNO_EU_CONS_1	SN_PAY_QNO_EU_CONS_1	xxx	SN_PAYCON_QNO_EU_CONS_1	SN_NN_QNO_EU_CONS_1	SN_NC_QNO_EU_CONS_1	
1	151	QNO_EU_CONS_2	4	<??????>??? ???	SN_QNO_EU_CONS_2	SN_PAY_QNO_EU_CONS_2	xxx	SN_PAYCON_QNO_EU_CONS_2	SN_NN_QNO_EU_CONS_2	SN_NC_QNO_EU_CONS_2	
1	152	QNO_EU_CONS_3	4	<??????>??? ??1	SN_QNO_EU_CONS_3	SN_PAY_QNO_EU_CONS_3	xxx	SN_PAYCON_QNO_EU_CONS_3	SN_NN_QNO_EU_CONS_3	SN_NC_QNO_EU_CONS_3	
1	153	QNO_EU_CONS_4	5	<??????>?????	SN_QNO_EU_CONS_4	SN_PAY_QNO_EU_CONS_4	xxx	SN_PAYCON_QNO_EU_CONS_4	SN_NN_QNO_EU_CONS_4	SN_NC_QNO_EU_CONS_4	
1	154	QNO_EU_CONS_5	5	<??????>????	SN_QNO_EU_CONS_5	SN_PAY_QNO_EU_CONS_5	xxx	SN_PAYCON_QNO_EU_CONS_5	SN_NN_QNO_EU_CONS_5	SN_NC_QNO_EU_CONS_5	
1	155	QNO_EU_CONS_6	7	<??????>??? ????	SN_QNO_EU_CONS_6	SN_PAY_QNO_EU_CONS_6	xxx	SN_PAYCON_QNO_EU_CONS_6	SN_NN_QNO_EU_CONS_6	SN_NC_QNO_EU_CONS_6	
1	156	QNO_EU_CONS_7	7	<??????>??? ???	SN_QNO_EU_CONS_7	SN_PAY_QNO_EU_CONS_7	xxx	SN_PAYCON_QNO_EU_CONS_7	SN_NN_QNO_EU_CONS_7	SN_NC_QNO_EU_CONS_7	
1	157	QNO_EU_CONS_8	7	<??????>??? ??	SN_QNO_EU_CONS_8	SN_PAY_QNO_EU_CONS_8	xxx	SN_PAYCON_QNO_EU_CONS_8	SN_NN_QNO_EU_CONS_8	SN_NC_QNO_EU_CONS_8	
1	158	QNO_EU_CONS_9	8	<??????>?? ????	SN_QNO_EU_CONS_9	SN_PAY_QNO_EU_CONS_9	xxx	SN_PAYCON_QNO_EU_CONS_9	SN_NN_QNO_EU_CONS_9	SN_NC_QNO_EU_CONS_9	
1	159	QNO_EU_CONS_10	9	<??????>????	SN_QNO_EU_CONS_10	SN_PAY_QNO_EU_CONS_10	xxx	SN_PAYCON_QNO_EU_CONS_10	SN_NN_QNO_EU_CONS_10	SN_NC_QNO_EU_CONS_10	
1	160	QNO_EU_CONS_11	10	<??????>????	SN_QNO_EU_CONS_11	SN_PAY_QNO_EU_CONS_11	xxx	SN_PAYCON_QNO_EU_CONS_11	SN_NN_QNO_EU_CONS_11	SN_NC_QNO_EU_CONS_11	
1	161	QNO_EU_CONS_12	10	<??????>????? ??	SN_QNO_EU_CONS_12	SN_PAY_QNO_EU_CONS_12	xxx	SN_PAYCON_QNO_EU_CONS_12	SN_NN_QNO_EU_CONS_12	SN_NC_QNO_EU_CONS_12	
1	162	QNO_RM_SLAVE2_2	85	<???2>?? ?? ??4	SN_QNO_RM_SLAVE2_2	SN_PAY_QNO_RM_SLAVE2_2	xxx	SN_PAYCON_QNO_RM_SLAVE2_2	SN_NN_QNO_RM_SLAVE2_2	SN_NC_QNO_RM_SLAVE2_2	
1	163	QNO_EU_EASTEU_1	11	<???> ??? ??	SN_QNO_EU_EASTEU_1	SN_PAY_QNO_EU_EASTEU_1	xxx	SN_PAYCON_QNO_EU_EASTEU_1	SN_NN_QNO_EU_EASTEU_1	SN_NC_QNO_EU_EASTEU_1	
1	164	QNO_EU_EASTEU_2	11	<???> ?? ???1	SN_QNO_EU_EASTEU_2	SN_PAY_QNO_EU_EASTEU_2	xxx	SN_PAYCON_QNO_EU_EASTEU_2	SN_NN_QNO_EU_EASTEU_2	SN_NC_QNO_EU_EASTEU_2	
1	165	QNO_EU_EASTEU_3	11	<???> ?? ???2	SN_QNO_EU_EASTEU_3	SN_PAY_QNO_EU_EASTEU_3	xxx	SN_PAYCON_QNO_EU_EASTEU_3	SN_NN_QNO_EU_EASTEU_3	SN_NC_QNO_EU_EASTEU_3	
1	166	QNO_EU_EASTEU_4	12	<???> ???? ??1	SN_QNO_EU_EASTEU_4	SN_PAY_QNO_EU_EASTEU_4	xxx	SN_PAYCON_QNO_EU_EASTEU_4	SN_NN_QNO_EU_EASTEU_4	SN_NC_QNO_EU_EASTEU_4	
1	167	QNO_EU_EASTEU_5	12	<???> ???? ??2	SN_QNO_EU_EASTEU_5	SN_PAY_QNO_EU_EASTEU_5	xxx	SN_PAYCON_QNO_EU_EASTEU_5	SN_NN_QNO_EU_EASTEU_5	SN_NC_QNO_EU_EASTEU_5	
1	168	QNO_EU_EASTEU_6	13	<???> ???? ?	SN_QNO_EU_EASTEU_6	SN_PAY_QNO_EU_EASTEU_6	xxx	SN_PAYCON_QNO_EU_EASTEU_6	SN_NN_QNO_EU_EASTEU_6	SN_NC_QNO_EU_EASTEU_6	
1	169	QNO_EU_EASTEU_7	14	<???> ??? ????1	SN_QNO_EU_EASTEU_7	SN_PAY_QNO_EU_EASTEU_7	xxx	SN_PAYCON_QNO_EU_EASTEU_7	SN_NN_QNO_EU_EASTEU_7	SN_NC_QNO_EU_EASTEU_7	
1	170	QNO_EU_EASTEU_8	14	<???> ??? ????2	SN_QNO_EU_EASTEU_8	SN_PAY_QNO_EU_EASTEU_8	xxx	SN_PAYCON_QNO_EU_EASTEU_8	SN_NN_QNO_EU_EASTEU_8	SN_NC_QNO_EU_EASTEU_8	
1	171	QNO_EU_EASTEU_9	15	<???> ??? ????1	SN_QNO_EU_EASTEU_9	SN_PAY_QNO_EU_EASTEU_9	xxx	SN_PAYCON_QNO_EU_EASTEU_9	SN_NN_QNO_EU_EASTEU_9	SN_NC_QNO_EU_EASTEU_9	
1	172	QNO_EU_EASTEU_10	15	<???> ??? ????2	SN_QNO_EU_EASTEU_10	SN_PAY_QNO_EU_EASTEU_10	xxx	SN_PAYCON_QNO_EU_EASTEU_10	SN_NN_QNO_EU_EASTEU_10	SN_NC_QNO_EU_EASTEU_10	
1	173	QNO_EU_EASTEU_11	16	<???> ??? ????3	SN_QNO_EU_EASTEU_11	SN_PAY_QNO_EU_EASTEU_11	xxx	SN_PAYCON_QNO_EU_EASTEU_11	SN_NN_QNO_EU_EASTEU_11	SN_NC_QNO_EU_EASTEU_11	
1	174	QNO_EU_EASTEU_12	16	<???> ???? ?? ??1	SN_QNO_EU_EASTEU_12	SN_PAY_QNO_EU_EASTEU_12	xxx	SN_PAYCON_QNO_EU_EASTEU_12	SN_NN_QNO_EU_EASTEU_12	SN_NC_QNO_EU_EASTEU_12	
1	175	QNO_EU_EASTEU_13	16	<???> ???? ?? ??2	SN_QNO_EU_EASTEU_13	SN_PAY_QNO_EU_EASTEU_13	xxx	SN_PAYCON_QNO_EU_EASTEU_13	SN_NN_QNO_EU_EASTEU_13	SN_NC_QNO_EU_EASTEU_13	
1	176	QNO_EU_EASTEU_14	17	<???> ???? ?? ??3	SN_QNO_EU_EASTEU_14	SN_PAY_QNO_EU_EASTEU_14	xxx	SN_PAYCON_QNO_EU_EASTEU_14	SN_NN_QNO_EU_EASTEU_14	SN_NC_QNO_EU_EASTEU_14	
1	177	QNO_EU_EASTEU_15	17	<???> ????? ??1	SN_QNO_EU_EASTEU_15	SN_PAY_QNO_EU_EASTEU_15	xxx	SN_PAYCON_QNO_EU_EASTEU_15	SN_NN_QNO_EU_EASTEU_15	SN_NC_QNO_EU_EASTEU_15	
1	178	QNO_EU_EASTEU_16	17	<???> ????? ??2	SN_QNO_EU_EASTEU_16	SN_PAY_QNO_EU_EASTEU_16	xxx	SN_PAYCON_QNO_EU_EASTEU_16	SN_NN_QNO_EU_EASTEU_16	SN_NC_QNO_EU_EASTEU_16	
1	179	QNO_EU_EASTEU_17	18	<???> ????? ??3	SN_QNO_EU_EASTEU_17	SN_PAY_QNO_EU_EASTEU_17	xxx	SN_PAYCON_QNO_EU_EASTEU_17	SN_NN_QNO_EU_EASTEU_17	SN_NC_QNO_EU_EASTEU_17	
1	180	QNO_EU_EASTEU_18	18	<???> ????? ??	SN_QNO_EU_EASTEU_18	SN_PAY_QNO_EU_EASTEU_18	xxx	SN_PAYCON_QNO_EU_EASTEU_18	SN_NN_QNO_EU_EASTEU_18	SN_NC_QNO_EU_EASTEU_18	
1	181	QNO_EU_EASTEU_19	19	<???> ?????1	SN_QNO_EU_EASTEU_19	SN_PAY_QNO_EU_EASTEU_19	xxx	SN_PAYCON_QNO_EU_EASTEU_19	SN_NN_QNO_EU_EASTEU_19	SN_NC_QNO_EU_EASTEU_19	
1	182	QNO_EU_EASTEU_20	19	<???> ?????2	SN_QNO_EU_EASTEU_20	SN_PAY_QNO_EU_EASTEU_20	xxx	SN_PAYCON_QNO_EU_EASTEU_20	SN_NN_QNO_EU_EASTEU_20	SN_NC_QNO_EU_EASTEU_20	
1	183	QNO_EU_EASTEU_21	20	<???> ?????3	SN_QNO_EU_EASTEU_21	SN_PAY_QNO_EU_EASTEU_21	xxx	SN_PAYCON_QNO_EU_EASTEU_21	SN_NN_QNO_EU_EASTEU_21	SN_NC_QNO_EU_EASTEU_21	
1	184	QNO_EU_WAREHOUSE_1	21	<????> ????? ??	SN_QNO_EU_WAREHOUSE_1	SN_PAY_QNO_EU_WAREHOUSE_1	xxx	SN_PAYCON_QNO_EU_WAREHOUSE_1	SN_NN_QNO_EU_WAREHOUSE_1	SN_NC_QNO_EU_WAREHOUSE_1	
1	185	QNO_EU_FERRY2_1	21	<????> ?? ??	SN_QNO_EU_FERRY2_1	SN_PAY_QNO_EU_FERRY2_1	xxx	SN_PAYCON_QNO_EU_FERRY2_1	SN_NN_QNO_EU_FERRY2_1	SN_NC_QNO_EU_FERRY2_1	
1	186	QNO_EU_FERRY2_2	22	<????> ??? ??	SN_QNO_EU_FERRY2_2	SN_PAY_QNO_EU_FERRY2_2	xxx	SN_PAYCON_QNO_EU_FERRY2_2	SN_NN_QNO_EU_FERRY2_2	SN_NC_QNO_EU_FERRY2_2	
1	187	QNO_AM_FERRY1_1	23	<????> ?? ??	SN_QNO_AM_FERRY1_1	SN_PAY_QNO_AM_FERRY1_1	xxx	SN_PAYCON_QNO_AM_FERRY1_1	SN_NN_QNO_AM_FERRY1_1	SN_NC_QNO_AM_FERRY1_1	
1	188	QNO_AM_FERRY1_2	23	<????> ??? ????	SN_QNO_AM_FERRY1_2	SN_PAY_QNO_AM_FERRY1_2	xxx	SN_PAYCON_QNO_AM_FERRY1_2	SN_NN_QNO_AM_FERRY1_2	SN_NC_QNO_AM_FERRY1_2	
1	189	QNO_EU_GENERAL_1	23	<????> ????1	SN_QNO_EU_GENERAL_1	SN_PAY_QNO_EU_GENERAL_1	xxx	SN_PAYCON_QNO_EU_GENERAL_1	SN_NN_QNO_EU_GENERAL_1	SN_NC_QNO_EU_GENERAL_1	
1	190	QNO_EU_GENERAL_2	23	<????> ????2	SN_QNO_EU_GENERAL_2	SN_PAY_QNO_EU_GENERAL_2	xxx	SN_PAYCON_QNO_EU_GENERAL_2	SN_NN_QNO_EU_GENERAL_2	SN_NC_QNO_EU_GENERAL_2	
1	191	QNO_EU_GENERAL_3	23	<????> ????? ???	SN_QNO_EU_GENERAL_3	SN_PAY_QNO_EU_GENERAL_3	xxx	SN_PAYCON_QNO_EU_GENERAL_3	SN_NN_QNO_EU_GENERAL_3	SN_NC_QNO_EU_GENERAL_3	
1	192	QNO_EU_PRIEST_1	23	<????> ???? ???	SN_QNO_EU_PRIEST_1	SN_PAY_QNO_EU_PRIEST_1	xxx	SN_PAYCON_QNO_EU_PRIEST_1	SN_NN_QNO_EU_PRIEST_1	SN_NC_QNO_EU_PRIEST_1	
1	193	QNO_EU_GENERAL_4	24	<????> ??? ??? ??	SN_QNO_EU_GENERAL_4	SN_PAY_QNO_EU_GENERAL_4	xxx	SN_PAYCON_QNO_EU_GENERAL_4	SN_NN_QNO_EU_GENERAL_4	SN_NC_QNO_EU_GENERAL_4	
1	194	QNO_EU_GENERAL_5	25	<????> ??? ?? ??	SN_QNO_EU_GENERAL_5	SN_PAY_QNO_EU_GENERAL_5	xxx	SN_PAYCON_QNO_EU_GENERAL_5	SN_NN_QNO_EU_GENERAL_5	SN_NC_QNO_EU_GENERAL_5	
1	195	QNO_EU_WITCH_1	25	<????> ????? ?	SN_QNO_EU_WITCH_1	SN_PAY_QNO_EU_WITCH_1	xxx	SN_PAYCON_QNO_EU_WITCH_1	SN_NN_QNO_EU_WITCH_1	SN_NC_QNO_EU_WITCH_1	
1	196	QNO_EU_ADVENTURER_1	26	<????> ?? ???? ?? ?	SN_QNO_EU_ADVENTURER_1	SN_PAY_QNO_EU_ADVENTURER_1	xxx	SN_PAYCON_QNO_EU_ADVENTURER_1	SN_NN_QNO_EU_ADVENTURER_1	SN_NC_QNO_EU_ADVENTURER_1	
1	197	QNO_EU_SOLDIER_EA2_1	27	<????> ??? ??	SN_QNO_EU_SOLDIER_EA2_1	SN_PAY_QNO_EU_SOLDIER_EA2_1	xxx	SN_PAYCON_QNO_EU_SOLDIER_EA2_1	SN_NN_QNO_EU_SOLDIER_EA2_1	SN_NC_QNO_EU_SOLDIER_EA2_1	
1	198	QNO_EU_GENERAL_6	27	<????> ????	SN_QNO_EU_GENERAL_6	SN_PAY_QNO_EU_GENERAL_6	xxx	SN_PAYCON_QNO_EU_GENERAL_6	SN_NN_QNO_EU_GENERAL_6	SN_NC_QNO_EU_GENERAL_6	
1	199	QNO_EU_HORSE_1	28	<????> ???? ????	SN_QNO_EU_HORSE_1	SN_PAY_QNO_EU_HORSE_1	xxx	SN_PAYCON_QNO_EU_HORSE_1	SN_NN_QNO_EU_HORSE_1	SN_NC_QNO_EU_HORSE_1	
1	200	QNO_CA_HORSE_1	28	<????> ??? ???	SN_QNO_CA_HORSE_1	SN_PAY_QNO_CA_HORSE_1	xxx	SN_PAYCON_QNO_CA_HORSE_1	SN_NN_QNO_CA_HORSE_1	SN_NC_QNO_CA_HORSE_1	
1	201	QNO_CA_HORSE_2	29	<????> ??? ??1	SN_QNO_CA_HORSE_2	SN_PAY_QNO_CA_HORSE_2	xxx	SN_PAYCON_QNO_CA_HORSE_2	SN_NN_QNO_CA_HORSE_2	SN_NC_QNO_CA_HORSE_2	
1	202	QNO_CA_HORSE_3	29	<????> ??? ??2	SN_QNO_CA_HORSE_3	SN_PAY_QNO_CA_HORSE_3	xxx	SN_PAYCON_QNO_CA_HORSE_3	SN_NN_QNO_CA_HORSE_3	SN_NC_QNO_CA_HORSE_3	
1	203	QNO_CA_WAREHOUSE_1	29	<????> ??? ??3	SN_QNO_CA_WAREHOUSE_1	SN_PAY_QNO_CA_WAREHOUSE_1	xxx	SN_PAYCON_QNO_CA_WAREHOUSE_1	SN_NN_QNO_CA_WAREHOUSE_1	SN_NC_QNO_CA_WAREHOUSE_1	
1	204	QNO_CA_WAREHOUSE_2	29	<????> ??? ??4	SN_QNO_CA_WAREHOUSE_2	SN_PAY_QNO_CA_WAREHOUSE_2	xxx	SN_PAYCON_QNO_CA_WAREHOUSE_2	SN_NN_QNO_CA_WAREHOUSE_2	SN_NC_QNO_CA_WAREHOUSE_2	
1	205	QNO_CA_HUNTER_1	29	<????> ???? ??	SN_QNO_CA_HUNTER_1	SN_PAY_QNO_CA_HUNTER_1	xxx	SN_PAYCON_QNO_CA_HUNTER_1	SN_NN_QNO_CA_HUNTER_1	SN_NC_QNO_CA_HUNTER_1	
1	206	QNO_EU_IVY_1	30	<????> ???1	SN_QNO_EU_IVY_1	SN_PAY_QNO_EU_IVY_1	xxx	SN_PAYCON_QNO_EU_IVY_1	SN_NN_QNO_EU_IVY_1	SN_NC_QNO_EU_IVY_1	
1	207	QNO_EU_IVY_2	30	<????> ????? ????	SN_QNO_EU_IVY_2	SN_PAY_QNO_EU_IVY_2	xxx	SN_PAYCON_QNO_EU_IVY_2	SN_NN_QNO_EU_IVY_2	SN_NC_QNO_EU_IVY_2	
1	208	QNO_EU_IVY_3	30	<????> ???2	SN_QNO_EU_IVY_3	SN_PAY_QNO_EU_IVY_3	xxx	SN_PAYCON_QNO_EU_IVY_3	SN_NN_QNO_EU_IVY_3	SN_NC_QNO_EU_IVY_3	
1	209	QNO_EU_CONS_3_1	4	<??????>??? ??2	SN_QNO_EU_CONS_3_1	SN_PAY_QNO_EU_CONS_3_1	xxx	SN_PAYCON_QNO_EU_CONS_3_1	SN_NN_QNO_EU_CONS_3_1	SN_NC_QNO_EU_CONS_3_1	
1	210	QTUTORIAL_EU	0	<?? ????>	SN_QTUTORIAL_EU	SN_PAY_QTUTORIAL_EU	xxx	SN_PAYCON_QTUTORIAL_EU	SN_NN_QTUTORIAL_EU	SN_NC_QTUTORIAL_EU	
1	211	QNO_TRADE_CH_SPECIAL2_1	20	<???> ??? ???	SN_QNO_TRADE_CH_SPECIAL2_1	SN_PAY_QNO_TRADE_CH_SPECIAL2_1	xxx	SN_PAYCON_QNO_TRADE_CH_SPECIAL2_1	SN_NN_QNO_TRADE_CH_SPECIAL2_1	SN_NC_QNO_TRADE_CH_SPECIAL2_1	
1	212	QNO_TRADE_WC_SPECIAL2_1	30	<???> ??? ???	SN_QNO_TRADE_WC_SPECIAL2_1	SN_PAY_QNO_TRADE_WC_SPECIAL2_1	xxx	SN_PAYCON_QNO_TRADE_WC_SPECIAL2_1	SN_NN_QNO_TRADE_WC_SPECIAL2_1	SN_NC_QNO_TRADE_WC_SPECIAL2_1	
1	213	QNO_TRADE_TK_SPECIAL_1	60	<???> ???? ???	SN_QNO_TRADE_TK_SPECIAL_1	SN_PAY_QNO_TRADE_TK_SPECIAL_1	xxx	SN_PAYCON_QNO_TRADE_TK_SPECIAL_1	SN_NN_QNO_TRADE_TK_SPECIAL_1	SN_NC_QNO_TRADE_TK_SPECIAL_1	
1	214	QNO_TRADE_RM_SPECIAL_1	70	<???> ??? ???	SN_QNO_TRADE_RM_SPECIAL_1	SN_PAY_QNO_TRADE_RM_SPECIAL_1	xxx	SN_PAYCON_QNO_TRADE_RM_SPECIAL_1	SN_NN_QNO_TRADE_RM_SPECIAL_1	SN_NC_QNO_TRADE_RM_SPECIAL_1	
1	216	QNO_EU_EASTEU_11_1	16	<???> ??? ????4	SN_QNO_EU_EASTEU_11_1	SN_PAY_QNO_EU_EASTEU_11_1	xxx	SN_PAYCON_QNO_EU_EASTEU_11_1	SN_NN_QNO_EU_EASTEU_11_1	SN_NC_QNO_EU_EASTEU_11_1	
1	217	QNO_EU_EASTEU_14_1	17	<???> ???? ?? ??4	SN_QNO_EU_EASTEU_14_1	SN_PAY_QNO_EU_EASTEU_14_1	xxx	SN_PAYCON_QNO_EU_EASTEU_14_1	SN_NN_QNO_EU_EASTEU_14_1	SN_NC_QNO_EU_EASTEU_14_1	
1	218	QNO_EU_EASTEU_17_1	18	<???> ????? ??4	SN_QNO_EU_EASTEU_17_1	SN_PAY_QNO_EU_EASTEU_17_1	xxx	SN_PAYCON_QNO_EU_EASTEU_17_1	SN_NN_QNO_EU_EASTEU_17_1	SN_NC_QNO_EU_EASTEU_17_1	
1	219	QNO_EU_WITCH_1_1	25	<????> ???? ?? ??	SN_QNO_EU_WITCH_1_1	SN_PAY_QNO_EU_WITCH_1_1	xxx	SN_PAYCON_QNO_EU_WITCH_1_1	SN_NN_QNO_EU_WITCH_1_1	SN_NC_QNO_EU_WITCH_1_1	
1	220	QSP_CH_EXINVENTORY_1	5	<????(??)> ??? ?? ??1	SN_QSP_CH_EXINVENTORY_1	SN_PAY_QSP_CH_EXINVENTORY_1	xxx	SN_PAYCON_QSP_CH_EXINVENTORY_1	SN_NN_QSP_CH_EXINVENTORY_1	SN_NC_QSP_CH_EXINVENTORY_1	
1	221	QSP_WC_EXINVENTORY_2	30	<????(??)> ??? ?? ??2	SN_QSP_WC_EXINVENTORY_2	SN_PAY_QSP_WC_EXINVENTORY_2	xxx	SN_PAYCON_QSP_WC_EXINVENTORY_2	SN_NN_QSP_WC_EXINVENTORY_2	SN_NC_QSP_WC_EXINVENTORY_2	
1	222	QSP_KT_EXINVENTORY_3	60	<????(??)> ??? ?? ??3	SN_QSP_KT_EXINVENTORY_3	SN_PAY_QSP_KT_EXINVENTORY_3	xxx	SN_PAYCON_QSP_KT_EXINVENTORY_3	SN_NN_QSP_KT_EXINVENTORY_3	SN_NC_QSP_KT_EXINVENTORY_3	
1	223	QSP_RM_EXINVENTORY_4	90	<????(??)> ??? ?? ??4	SN_QSP_RM_EXINVENTORY_4	SN_PAY_QSP_RM_EXINVENTORY_4	xxx	SN_PAYCON_QSP_RM_EXINVENTORY_4	SN_NN_QSP_RM_EXINVENTORY_4	SN_NC_QSP_RM_EXINVENTORY_4	
1	224	QSP_ALL_POTION_3	1	<????> ??? ??(???? ???)	SN_QSP_ALL_POTION_3	SN_PAY_QSP_ALL_POTION_3	xxx	SN_PAYCON_QSP_ALL_POTION_3	SN_NN_QSP_ALL_POTION_3	SN_NC_QSP_ALL_POTION_3	
1	225	QTUTORIAL_EU_2	0	<?? ????>	SN_QTUTORIAL_EU_2	SN_PAY_QTUTORIAL_EU_2	xxx	SN_PAYCON_QTUTORIAL_EU_2	SN_NN_QTUTORIAL_EU_2	SN_NC_QTUTORIAL_EU_2	
1	226	QNO_CA_THIEF_1	31	<?????> ?? ??1	SN_QNO_CA_THIEF_1	SN_PAY_QNO_CA_THIEF_1	xxx	SN_PAYCON_QNO_CA_THIEF_1	SN_NN_QNO_CA_THIEF_1	SN_NC_QNO_CA_THIEF_1	
1	227	QNO_CA_THIEF_2	31	<?????> ?? ??2	SN_QNO_CA_THIEF_2	SN_PAY_QNO_CA_THIEF_2	xxx	SN_PAYCON_QNO_CA_THIEF_2	SN_NN_QNO_CA_THIEF_2	SN_NC_QNO_CA_THIEF_2	
1	228	QNO_CA_THIEF_3	31	<?????> ?? ??3	SN_QNO_CA_THIEF_3	SN_PAY_QNO_CA_THIEF_3	xxx	SN_PAYCON_QNO_CA_THIEF_3	SN_NN_QNO_CA_THIEF_3	SN_NC_QNO_CA_THIEF_3	
1	229	QNO_CA_THIEF_4	32	<?????> ?? ??4	SN_QNO_CA_THIEF_4	SN_PAY_QNO_CA_THIEF_4	xxx	SN_PAYCON_QNO_CA_THIEF_4	SN_NN_QNO_CA_THIEF_4	SN_NC_QNO_CA_THIEF_4	
1	230	QNO_CA_THIEF_5	32	<?????> ?? ??5	SN_QNO_CA_THIEF_5	SN_PAY_QNO_CA_THIEF_5	xxx	SN_PAYCON_QNO_CA_THIEF_5	SN_NN_QNO_CA_THIEF_5	SN_NC_QNO_CA_THIEF_5	
1	231	QNO_CA_THIEF_6_1	32	<?????> ?? ??? ??	SN_QNO_CA_THIEF_6_1	SN_PAY_QNO_CA_THIEF_6_1	xxx	SN_PAYCON_QNO_CA_THIEF_6_1	SN_NN_QNO_CA_THIEF_6_1	SN_NC_QNO_CA_THIEF_6_1	
1	232	QNO_CA_THIEF_6_2	32	<?????> ??? ??	SN_QNO_CA_THIEF_6_2	SN_PAY_QNO_CA_THIEF_6_2	xxx	SN_PAYCON_QNO_CA_THIEF_6_2	SN_NN_QNO_CA_THIEF_6_2	SN_NC_QNO_CA_THIEF_6_2	
1	233	QNO_CA_TREASURE_1	33	<?????> ??? ??1	SN_QNO_CA_TREASURE_1	SN_PAY_QNO_CA_TREASURE_1	xxx	SN_PAYCON_QNO_CA_TREASURE_1	SN_NN_QNO_CA_TREASURE_1	SN_NC_QNO_CA_TREASURE_1	
1	234	QNO_CA_TREASURE_2	33	<?????> ??? ??2	SN_QNO_CA_TREASURE_2	SN_PAY_QNO_CA_TREASURE_2	xxx	SN_PAYCON_QNO_CA_TREASURE_2	SN_NN_QNO_CA_TREASURE_2	SN_NC_QNO_CA_TREASURE_2	
1	235	QNO_CA_TREASURE_3	34	<?????> ??? ??3	SN_QNO_CA_TREASURE_3	SN_PAY_QNO_CA_TREASURE_3	xxx	SN_PAYCON_QNO_CA_TREASURE_3	SN_NN_QNO_CA_TREASURE_3	SN_NC_QNO_CA_TREASURE_3	
1	236	QNO_CA_TREASURE_4	34	<?????> ??? ??4	SN_QNO_CA_TREASURE_4	SN_PAY_QNO_CA_TREASURE_4	xxx	SN_PAYCON_QNO_CA_TREASURE_4	SN_NN_QNO_CA_TREASURE_4	SN_NC_QNO_CA_TREASURE_4	
1	237	QNO_CA_TREASURE_5	34	<?????> ??? ??5	SN_QNO_CA_TREASURE_5	SN_PAY_QNO_CA_TREASURE_5	xxx	SN_PAYCON_QNO_CA_TREASURE_5	SN_NN_QNO_CA_TREASURE_5	SN_NC_QNO_CA_TREASURE_5	
1	238	QNO_CA_POTION_1	34	<?????> ?? ??	SN_QNO_CA_POTION_1	SN_PAY_QNO_CA_POTION_1	xxx	SN_PAYCON_QNO_CA_POTION_1	SN_NN_QNO_CA_POTION_1	SN_NC_QNO_CA_POTION_1	
1	239	QNO_CA_WAREHOUSE_3	35	<?????> ??? ??1	SN_QNO_CA_WAREHOUSE_3	SN_PAY_QNO_CA_WAREHOUSE_3	xxx	SN_PAYCON_QNO_CA_WAREHOUSE_3	SN_NN_QNO_CA_WAREHOUSE_3	SN_NC_QNO_CA_WAREHOUSE_3	
1	240	QNO_CA_WAREHOUSE_4	36	<?????> ??? ??2	SN_QNO_CA_WAREHOUSE_4	SN_PAY_QNO_CA_WAREHOUSE_4	xxx	SN_PAYCON_QNO_CA_WAREHOUSE_4	SN_NN_QNO_CA_WAREHOUSE_4	SN_NC_QNO_CA_WAREHOUSE_4	
1	241	QNO_CA_SPECIAL_1	36	<?????> ??? ??	SN_QNO_CA_SPECIAL_1	SN_PAY_QNO_CA_SPECIAL_1	xxx	SN_PAYCON_QNO_CA_SPECIAL_1	SN_NN_QNO_CA_SPECIAL_1	SN_NC_QNO_CA_SPECIAL_1	
1	242	QNO_CA_SOLDIER_EA2_1	37	<?????> ??? ? ??	SN_QNO_CA_SOLDIER_EA2_1	SN_PAY_QNO_CA_SOLDIER_EA2_1	xxx	SN_PAYCON_QNO_CA_SOLDIER_EA2_1	SN_NN_QNO_CA_SOLDIER_EA2_1	SN_NC_QNO_CA_SOLDIER_EA2_1	
1	243	QNO_CA_SOLDIER_SO1_1	37	<?????> ??? ??	SN_QNO_CA_SOLDIER_SO1_1	SN_PAY_QNO_CA_SOLDIER_SO1_1	xxx	SN_PAYCON_QNO_CA_SOLDIER_SO1_1	SN_NN_QNO_CA_SOLDIER_SO1_1	SN_NC_QNO_CA_SOLDIER_SO1_1	
1	244	QNO_CA_MERCHANT_1	38	<?????> ??? ?	SN_QNO_CA_MERCHANT_1	SN_PAY_QNO_CA_MERCHANT_1	xxx	SN_PAYCON_QNO_CA_MERCHANT_1	SN_NN_QNO_CA_MERCHANT_1	SN_NC_QNO_CA_MERCHANT_1	
1	245	QNO_CA_GORIA_1	39	<?????> ??? ??1	SN_QNO_CA_GORIA_1	SN_PAY_QNO_CA_GORIA_1	xxx	SN_PAYCON_QNO_CA_GORIA_1	SN_NN_QNO_CA_GORIA_1	SN_NC_QNO_CA_GORIA_1	
1	246	QNO_CA_GORIA_2	39	<?????> ??? ??2	SN_QNO_CA_GORIA_2	SN_PAY_QNO_CA_GORIA_2	xxx	SN_PAYCON_QNO_CA_GORIA_2	SN_NN_QNO_CA_GORIA_2	SN_NC_QNO_CA_GORIA_2	
1	247	QNO_CA_GORIA_3	40	<?????> ??? ??3	SN_QNO_CA_GORIA_3	SN_PAY_QNO_CA_GORIA_3	xxx	SN_PAYCON_QNO_CA_GORIA_3	SN_NN_QNO_CA_GORIA_3	SN_NC_QNO_CA_GORIA_3	
1	248	QNO_CA_GORIA_4	40	<?????> ??? ??4	SN_QNO_CA_GORIA_4	SN_PAY_QNO_CA_GORIA_4	xxx	SN_PAYCON_QNO_CA_GORIA_4	SN_NN_QNO_CA_GORIA_4	SN_NC_QNO_CA_GORIA_4	
1	249	QNO_CA_GORIA_5	40	<?????> ??? ??5	SN_QNO_CA_GORIA_5	SN_PAY_QNO_CA_GORIA_5	xxx	SN_PAYCON_QNO_CA_GORIA_5	SN_NN_QNO_CA_GORIA_5	SN_NC_QNO_CA_GORIA_5	
1	250	QNO_CA_GORIA_6	40	<?????> ??? ??6	SN_QNO_CA_GORIA_6	SN_PAY_QNO_CA_GORIA_6	xxx	SN_PAYCON_QNO_CA_GORIA_6	SN_NN_QNO_CA_GORIA_6	SN_NC_QNO_CA_GORIA_6	
1	251	QNO_CA_GORIA_7	40	<?????> ??? ??7	SN_QNO_CA_GORIA_7	SN_PAY_QNO_CA_GORIA_7	xxx	SN_PAYCON_QNO_CA_GORIA_7	SN_NN_QNO_CA_GORIA_7	SN_NC_QNO_CA_GORIA_7	
1	252	QSP_EU_EXINVENTORY_1	5	<????(??)> ??? ?? ??1	SN_QSP_EU_EXINVENTORY_1	SN_PAY_QSP_EU_EXINVENTORY_1	xxx	SN_PAYCON_QSP_EU_EXINVENTORY_1	SN_NN_QSP_EU_EXINVENTORY_1	SN_NC_QSP_EU_EXINVENTORY_1	
1	253	QSP_CA_EXINVENTORY_2	30	<????(??)> ??? ?? ??2	SN_QSP_CA_EXINVENTORY_2	SN_PAY_QSP_CA_EXINVENTORY_2	xxx	SN_PAYCON_QSP_CA_EXINVENTORY_2	SN_NN_QSP_CA_EXINVENTORY_2	SN_NC_QSP_CA_EXINVENTORY_2	
1	254	QNO_TQ_SAMPLEARMOR_1	81	<????> ??? ??1	SN_QNO_TQ_SAMPLEARMOR_1	SN_PAY_QNO_TQ_SAMPLEARMOR_1	xxx	SN_PAYCON_QNO_TQ_SAMPLEARMOR_1	SN_NN_QNO_TQ_SAMPLEARMOR_1	SN_NC_QNO_TQ_SAMPLEARMOR_1	
1	255	QNO_TQ_HIREDSOLDIER_1	81	<????> ??? ??1	SN_QNO_TQ_HIREDSOLDIER_1	SN_PAY_QNO_TQ_HIREDSOLDIER_1	xxx	SN_PAYCON_QNO_TQ_HIREDSOLDIER_1	SN_NN_QNO_TQ_HIREDSOLDIER_1	SN_NC_QNO_TQ_HIREDSOLDIER_1	
1	256	QNO_TQ_SAMPLEARMOR_2	82	<????> ??? ??2	SN_QNO_TQ_SAMPLEARMOR_2	SN_PAY_QNO_TQ_SAMPLEARMOR_2	xxx	SN_PAYCON_QNO_TQ_SAMPLEARMOR_2	SN_NN_QNO_TQ_SAMPLEARMOR_2	SN_NC_QNO_TQ_SAMPLEARMOR_2	
1	257	QNO_TQ_SAMPLEARMOR_3	83	<????> ??? ??3	SN_QNO_TQ_SAMPLEARMOR_3	SN_PAY_QNO_TQ_SAMPLEARMOR_3	xxx	SN_PAYCON_QNO_TQ_SAMPLEARMOR_3	SN_NN_QNO_TQ_SAMPLEARMOR_3	SN_NC_QNO_TQ_SAMPLEARMOR_3	
1	258	QNO_TQ_HIREDSOLDIER_2	83	<????> ??? ??2	SN_QNO_TQ_HIREDSOLDIER_2	SN_PAY_QNO_TQ_HIREDSOLDIER_2	xxx	SN_PAYCON_QNO_TQ_HIREDSOLDIER_2	SN_NN_QNO_TQ_HIREDSOLDIER_2	SN_NC_QNO_TQ_HIREDSOLDIER_2	
1	259	QNO_TQ_HIREDSOLDIER_3	84	<????> ??? ??3	SN_QNO_TQ_HIREDSOLDIER_3	SN_PAY_QNO_TQ_HIREDSOLDIER_3	xxx	SN_PAYCON_QNO_TQ_HIREDSOLDIER_3	SN_NN_QNO_TQ_HIREDSOLDIER_3	SN_NC_QNO_TQ_HIREDSOLDIER_3	
1	260	QNO_TQ_FINDFRIEND_1	84	<????> ??? ??	SN_QNO_TQ_FINDFRIEND_1	SN_PAY_QNO_TQ_FINDFRIEND_1	xxx	SN_PAYCON_QNO_TQ_FINDFRIEND_1	SN_NN_QNO_TQ_FINDFRIEND_1	SN_NC_QNO_TQ_FINDFRIEND_1	
1	261	QNO_TQ_FINDFRIEND_2	84	<????> ??	SN_QNO_TQ_FINDFRIEND_2	SN_PAY_QNO_TQ_FINDFRIEND_2	xxx	SN_PAYCON_QNO_TQ_FINDFRIEND_2	SN_NN_QNO_TQ_FINDFRIEND_2	SN_NC_QNO_TQ_FINDFRIEND_2	
1	262	QNO_TQ_FINDFRIEND_3	85	<????> ??? ??	SN_QNO_TQ_FINDFRIEND_3	SN_PAY_QNO_TQ_FINDFRIEND_3	xxx	SN_PAYCON_QNO_TQ_FINDFRIEND_3	SN_NN_QNO_TQ_FINDFRIEND_3	SN_NC_QNO_TQ_FINDFRIEND_3	
1	263	QNO_TQ_FINDFRIEND_4	85	<????> ??? ?? ??	SN_QNO_TQ_FINDFRIEND_4	SN_PAY_QNO_TQ_FINDFRIEND_4	xxx	SN_PAYCON_QNO_TQ_FINDFRIEND_4	SN_NN_QNO_TQ_FINDFRIEND_4	SN_NC_QNO_TQ_FINDFRIEND_4	
1	264	QNO_TQ_FINDTHIEF_1	85	<????> ???? ??1	SN_QNO_TQ_FINDTHIEF_1	SN_PAY_QNO_TQ_FINDTHIEF_1	xxx	SN_PAYCON_QNO_TQ_FINDTHIEF_1	SN_NN_QNO_TQ_FINDTHIEF_1	SN_NC_QNO_TQ_FINDTHIEF_1	
1	265	QNO_TQ_FINDTHIEF_2	85	<????> ???? ??2	SN_QNO_TQ_FINDTHIEF_2	SN_PAY_QNO_TQ_FINDTHIEF_2	xxx	SN_PAYCON_QNO_TQ_FINDTHIEF_2	SN_NN_QNO_TQ_FINDTHIEF_2	SN_NC_QNO_TQ_FINDTHIEF_2	
1	266	QNO_TQ_MAGICPOWDER_1	86	<????> ??? ??1	SN_QNO_TQ_MAGICPOWDER_1	SN_PAY_QNO_TQ_MAGICPOWDER_1	xxx	SN_PAYCON_QNO_TQ_MAGICPOWDER_1	SN_NN_QNO_TQ_MAGICPOWDER_1	SN_NC_QNO_TQ_MAGICPOWDER_1	
1	267	QNO_TQ_GREATBOW_1	86	<????> ??? ?	SN_QNO_TQ_GREATBOW_1	SN_PAY_QNO_TQ_GREATBOW_1	xxx	SN_PAYCON_QNO_TQ_GREATBOW_1	SN_NN_QNO_TQ_GREATBOW_1	SN_NC_QNO_TQ_GREATBOW_1	
1	268	QNO_TQ_MAGICPOWDER_2	87	<????> ??? ??2	SN_QNO_TQ_MAGICPOWDER_2	SN_PAY_QNO_TQ_MAGICPOWDER_2	xxx	SN_PAYCON_QNO_TQ_MAGICPOWDER_2	SN_NN_QNO_TQ_MAGICPOWDER_2	SN_NC_QNO_TQ_MAGICPOWDER_2	
1	269	QNO_TQ_MAGICPOWDER_3	88	<????> ??? ??3	SN_QNO_TQ_MAGICPOWDER_3	SN_PAY_QNO_TQ_MAGICPOWDER_3	xxx	SN_PAYCON_QNO_TQ_MAGICPOWDER_3	SN_NN_QNO_TQ_MAGICPOWDER_3	SN_NC_QNO_TQ_MAGICPOWDER_3	
1	270	QNO_TQ_SPEAR_1	88	<????> ??? ?1	SN_QNO_TQ_SPEAR_1	SN_PAY_QNO_TQ_SPEAR_1	xxx	SN_PAYCON_QNO_TQ_SPEAR_1	SN_NN_QNO_TQ_SPEAR_1	SN_NC_QNO_TQ_SPEAR_1	
1	271	QNO_TQ_SPEAR_2	89	<????> ??? ?2	SN_QNO_TQ_SPEAR_2	SN_PAY_QNO_TQ_SPEAR_2	xxx	SN_PAYCON_QNO_TQ_SPEAR_2	SN_NN_QNO_TQ_SPEAR_2	SN_NC_QNO_TQ_SPEAR_2	
1	272	QNO_TQ_SPEAR_3	90	<????> ??? ?3	SN_QNO_TQ_SPEAR_3	SN_PAY_QNO_TQ_SPEAR_3	xxx	SN_PAYCON_QNO_TQ_SPEAR_3	SN_NN_QNO_TQ_SPEAR_3	SN_NC_QNO_TQ_SPEAR_3	
1	273	QNO_TQ_STONEBOARD_1	90	<????> ????1	SN_QNO_TQ_STONEBOARD_1	SN_PAY_QNO_TQ_STONEBOARD_1	xxx	SN_PAYCON_QNO_TQ_STONEBOARD_1	SN_NN_QNO_TQ_STONEBOARD_1	SN_NC_QNO_TQ_STONEBOARD_1	
1	274	QNO_TQ_STONEBOARD_2	90	<????> ????2	SN_QNO_TQ_STONEBOARD_2	SN_PAY_QNO_TQ_STONEBOARD_2	xxx	SN_PAYCON_QNO_TQ_STONEBOARD_2	SN_NN_QNO_TQ_STONEBOARD_2	SN_NC_QNO_TQ_STONEBOARD_2	
1	275	QNO_TQ_STONEBOARD_3	90	<????> ????3	SN_QNO_TQ_STONEBOARD_3	SN_PAY_QNO_TQ_STONEBOARD_3	xxx	SN_PAYCON_QNO_TQ_STONEBOARD_3	SN_NN_QNO_TQ_STONEBOARD_3	SN_NC_QNO_TQ_STONEBOARD_3	
1	276	QNO_TQ_STONEBOARD_4	90	<????> ????4	SN_QNO_TQ_STONEBOARD_4	SN_PAY_QNO_TQ_STONEBOARD_4	xxx	SN_PAYCON_QNO_TQ_STONEBOARD_4	SN_NN_QNO_TQ_STONEBOARD_4	SN_NC_QNO_TQ_STONEBOARD_4	
1	277	QNO_TQ_STONEBOARD_5	90	<????> ????5	SN_QNO_TQ_STONEBOARD_5	SN_PAY_QNO_TQ_STONEBOARD_5	xxx	SN_PAYCON_QNO_TQ_STONEBOARD_5	SN_NN_QNO_TQ_STONEBOARD_5	SN_NC_QNO_TQ_STONEBOARD_5	
1	278	QNO_TQ_BESTMEDIC_1	90	<????> ??? ???1	SN_QNO_TQ_BESTMEDIC_1	SN_PAY_QNO_TQ_BESTMEDIC_1	xxx	SN_PAYCON_QNO_TQ_BESTMEDIC_1	SN_NN_QNO_TQ_BESTMEDIC_1	SN_NC_QNO_TQ_BESTMEDIC_1	
1	279	QNO_TQ_BESTMEDIC_2	91	<????> ??? ???2	SN_QNO_TQ_BESTMEDIC_2	SN_PAY_QNO_TQ_BESTMEDIC_2	xxx	SN_PAYCON_QNO_TQ_BESTMEDIC_2	SN_NN_QNO_TQ_BESTMEDIC_2	SN_NC_QNO_TQ_BESTMEDIC_2	
1	280	QNO_TQ_PRESENT_1	91	<????> ???? ??1	SN_QNO_TQ_PRESENT_1	SN_PAY_QNO_TQ_PRESENT_1	xxx	SN_PAYCON_QNO_TQ_PRESENT_1	SN_NN_QNO_TQ_PRESENT_1	SN_NC_QNO_TQ_PRESENT_1	
1	281	QNO_TQ_BESTMEDIC_3	92	<????> ??? ???3	SN_QNO_TQ_BESTMEDIC_3	SN_PAY_QNO_TQ_BESTMEDIC_3	xxx	SN_PAYCON_QNO_TQ_BESTMEDIC_3	SN_NN_QNO_TQ_BESTMEDIC_3	SN_NC_QNO_TQ_BESTMEDIC_3	
1	282	QNO_TQ_PRESENT_2	93	<????> ???? ??2	SN_QNO_TQ_PRESENT_2	SN_PAY_QNO_TQ_PRESENT_2	xxx	SN_PAYCON_QNO_TQ_PRESENT_2	SN_NN_QNO_TQ_PRESENT_2	SN_NC_QNO_TQ_PRESENT_2	
1	283	QNO_TQ_PIETY_1	94	<????> ??? ??	SN_QNO_TQ_PIETY_1	SN_PAY_QNO_TQ_PIETY_1	xxx	SN_PAYCON_QNO_TQ_PIETY_1	SN_NN_QNO_TQ_PIETY_1	SN_NC_QNO_TQ_PIETY_1	
1	284	QNO_TQ_ORNAMENT_1	94	<????> ???? ??1	SN_QNO_TQ_ORNAMENT_1	SN_PAY_QNO_TQ_ORNAMENT_1	xxx	SN_PAYCON_QNO_TQ_ORNAMENT_1	SN_NN_QNO_TQ_ORNAMENT_1	SN_NC_QNO_TQ_ORNAMENT_1	
1	285	QNO_TQ_ORNAMENT_2	94	<????> ???? ??2	SN_QNO_TQ_ORNAMENT_2	SN_PAY_QNO_TQ_ORNAMENT_2	xxx	SN_PAYCON_QNO_TQ_ORNAMENT_2	SN_NN_QNO_TQ_ORNAMENT_2	SN_NC_QNO_TQ_ORNAMENT_2	
1	286	QNO_TQ_ORNAMENT_3	94	<????> ???? ??3	SN_QNO_TQ_ORNAMENT_3	SN_PAY_QNO_TQ_ORNAMENT_3	xxx	SN_PAYCON_QNO_TQ_ORNAMENT_3	SN_NN_QNO_TQ_ORNAMENT_3	SN_NC_QNO_TQ_ORNAMENT_3	
1	287	QNO_TQ_ORNAMENT_4	95	<????> ???? ??	SN_QNO_TQ_ORNAMENT_4	SN_PAY_QNO_TQ_ORNAMENT_4	xxx	SN_PAYCON_QNO_TQ_ORNAMENT_4	SN_NN_QNO_TQ_ORNAMENT_4	SN_NC_QNO_TQ_ORNAMENT_4	
1	288	QNO_TQ_OLDMAN_1	95	<????> ????	SN_QNO_TQ_OLDMAN_1	SN_PAY_QNO_TQ_OLDMAN_1	xxx	SN_PAYCON_QNO_TQ_OLDMAN_1	SN_NN_QNO_TQ_OLDMAN_1	SN_NC_QNO_TQ_OLDMAN_1	
1	289	QNO_TQ_WINDMONSTER_1	96	<????> ??? ???	SN_QNO_TQ_WINDMONSTER_1	SN_PAY_QNO_TQ_WINDMONSTER_1	xxx	SN_PAYCON_QNO_TQ_WINDMONSTER_1	SN_NN_QNO_TQ_WINDMONSTER_1	SN_NC_QNO_TQ_WINDMONSTER_1	
1	290	QNO_TQ_JEALOUSY_1	97	<????> ??? ??	SN_QNO_TQ_JEALOUSY_1	SN_PAY_QNO_TQ_JEALOUSY_1	xxx	SN_PAYCON_QNO_TQ_JEALOUSY_1	SN_NN_QNO_TQ_JEALOUSY_1	SN_NC_QNO_TQ_JEALOUSY_1	
1	291	QNO_TQ_GENERALORDER_1	98	<????> ??? ????	SN_QNO_TQ_GENERALORDER_1	SN_PAY_QNO_TQ_GENERALORDER_1	xxx	SN_PAYCON_QNO_TQ_GENERALORDER_1	SN_NN_QNO_TQ_GENERALORDER_1	SN_NC_QNO_TQ_GENERALORDER_1	
1	292	QNO_TQ_GENERALORDER_2	98	<????> ?? ??	SN_QNO_TQ_GENERALORDER_2	SN_PAY_QNO_TQ_GENERALORDER_2	xxx	SN_PAYCON_QNO_TQ_GENERALORDER_2	SN_NN_QNO_TQ_GENERALORDER_2	SN_NC_QNO_TQ_GENERALORDER_2	
1	293	QNO_TQ_GENERALORDER_3	99	<????> ??? ??	SN_QNO_TQ_GENERALORDER_3	SN_PAY_QNO_TQ_GENERALORDER_3	xxx	SN_PAYCON_QNO_TQ_GENERALORDER_3	SN_NN_QNO_TQ_GENERALORDER_3	SN_NC_QNO_TQ_GENERALORDER_3	
1	294	QNO_TQ_GENERALORDER_4	99	<????> ????	SN_QNO_TQ_GENERALORDER_4	SN_PAY_QNO_TQ_GENERALORDER_4	xxx	SN_PAYCON_QNO_TQ_GENERALORDER_4	SN_NN_QNO_TQ_GENERALORDER_4	SN_NC_QNO_TQ_GENERALORDER_4	
1	295	QNO_TQ_BAEKRYOUNG_1	98	<??> ??? ??	SN_QNO_TQ_BAEKRYOUNG_1	SN_PAY_QNO_TQ_BAEKRYOUNG_1	xxx	SN_PAYCON_QNO_TQ_BAEKRYOUNG_1	SN_NN_QNO_TQ_BAEKRYOUNG_1	SN_NC_QNO_TQ_BAEKRYOUNG_1	
1	296	QNO_TQ_BAEKRYOUNG_2	98	<??> ??	SN_QNO_TQ_BAEKRYOUNG_2	SN_PAY_QNO_TQ_BAEKRYOUNG_2	xxx	SN_PAYCON_QNO_TQ_BAEKRYOUNG_2	SN_NN_QNO_TQ_BAEKRYOUNG_2	SN_NC_QNO_TQ_BAEKRYOUNG_2	
1	297	QNO_TQ_BAEKRYOUNG_3	98	<??> ?? ??	SN_QNO_TQ_BAEKRYOUNG_3	SN_PAY_QNO_TQ_BAEKRYOUNG_3	xxx	SN_PAYCON_QNO_TQ_BAEKRYOUNG_3	SN_NN_QNO_TQ_BAEKRYOUNG_3	SN_NC_QNO_TQ_BAEKRYOUNG_3	
1	298	QNO_TQ_BAEKRYOUNG_4	98	<??> ??? ??	SN_QNO_TQ_BAEKRYOUNG_4	SN_PAY_QNO_TQ_BAEKRYOUNG_4	xxx	SN_PAYCON_QNO_TQ_BAEKRYOUNG_4	SN_NN_QNO_TQ_BAEKRYOUNG_4	SN_NC_QNO_TQ_BAEKRYOUNG_4	
1	299	QNO_TQ_BAEKRYOUNG_5	98	<??> ???? ??	SN_QNO_TQ_BAEKRYOUNG_5	SN_PAY_QNO_TQ_BAEKRYOUNG_5	xxx	SN_PAYCON_QNO_TQ_BAEKRYOUNG_5	SN_NN_QNO_TQ_BAEKRYOUNG_5	SN_NC_QNO_TQ_BAEKRYOUNG_5	
1	300	QNO_TQ_BAEKRYOUNG_6	98	<??> ??? ??1	SN_QNO_TQ_BAEKRYOUNG_6	SN_PAY_QNO_TQ_BAEKRYOUNG_6	xxx	SN_PAYCON_QNO_TQ_BAEKRYOUNG_6	SN_NN_QNO_TQ_BAEKRYOUNG_6	SN_NC_QNO_TQ_BAEKRYOUNG_6	
1	301	QNO_TQ_BAEKRYOUNG_7	98	<??> ??? ??2	SN_QNO_TQ_BAEKRYOUNG_7	SN_PAY_QNO_TQ_BAEKRYOUNG_7	xxx	SN_PAYCON_QNO_TQ_BAEKRYOUNG_7	SN_NN_QNO_TQ_BAEKRYOUNG_7	SN_NC_QNO_TQ_BAEKRYOUNG_7	
1	302	QNO_TQ_BAEKRYOUNG_8	98	<??> ???? ??	SN_QNO_TQ_BAEKRYOUNG_8	SN_PAY_QNO_TQ_BAEKRYOUNG_8	xxx	SN_PAYCON_QNO_TQ_BAEKRYOUNG_8	SN_NN_QNO_TQ_BAEKRYOUNG_8	SN_NC_QNO_TQ_BAEKRYOUNG_8	
1	303	QNO_TQ_BAEKRYOUNG_9	98	<??> ???? ?? ??	SN_QNO_TQ_BAEKRYOUNG_9	SN_PAY_QNO_TQ_BAEKRYOUNG_9	xxx	SN_PAYCON_QNO_TQ_BAEKRYOUNG_9	SN_NN_QNO_TQ_BAEKRYOUNG_9	SN_NC_QNO_TQ_BAEKRYOUNG_9	
1	304	QNO_TQ_BAEKRYOUNG_10	98	<??> ??? ???	SN_QNO_TQ_BAEKRYOUNG_10	SN_PAY_QNO_TQ_BAEKRYOUNG_10	xxx	SN_PAYCON_QNO_TQ_BAEKRYOUNG_10	SN_NN_QNO_TQ_BAEKRYOUNG_10	SN_NC_QNO_TQ_BAEKRYOUNG_10	
1	305	QNO_TQ_BAEKRYOUNG_11	98	<??> ????	SN_QNO_TQ_BAEKRYOUNG_11	SN_PAY_QNO_TQ_BAEKRYOUNG_11	xxx	SN_PAYCON_QNO_TQ_BAEKRYOUNG_11	SN_NN_QNO_TQ_BAEKRYOUNG_11	SN_NC_QNO_TQ_BAEKRYOUNG_11	
1	306	QNO_TQ_BAEKRYOUNG_12	99	<??> ???? ??	SN_QNO_TQ_BAEKRYOUNG_12	SN_PAY_QNO_TQ_BAEKRYOUNG_12	xxx	SN_PAYCON_QNO_TQ_BAEKRYOUNG_12	SN_NN_QNO_TQ_BAEKRYOUNG_12	SN_NC_QNO_TQ_BAEKRYOUNG_12	
1	307	QNO_TQ_BAEKRYOUNG_13	99	<??> ?????	SN_QNO_TQ_BAEKRYOUNG_13	SN_PAY_QNO_TQ_BAEKRYOUNG_13	xxx	SN_PAYCON_QNO_TQ_BAEKRYOUNG_13	SN_NN_QNO_TQ_BAEKRYOUNG_13	SN_NC_QNO_TQ_BAEKRYOUNG_13	
1	308	QNO_TQ_BAEKRYOUNG_14	99	<??> ??	SN_QNO_TQ_BAEKRYOUNG_14	SN_PAY_QNO_TQ_BAEKRYOUNG_14	xxx	SN_PAYCON_QNO_TQ_BAEKRYOUNG_14	SN_NN_QNO_TQ_BAEKRYOUNG_14	SN_NC_QNO_TQ_BAEKRYOUNG_14	
1	309	QNO_TQ_BAEKRYOUNG_15	99	<??> ??	SN_QNO_TQ_BAEKRYOUNG_15	SN_PAY_QNO_TQ_BAEKRYOUNG_15	xxx	SN_PAYCON_QNO_TQ_BAEKRYOUNG_15	SN_NN_QNO_TQ_BAEKRYOUNG_15	SN_NC_QNO_TQ_BAEKRYOUNG_15	
1	310	QNO_TQ_BAEKRYOUNG_16	99	<??> ??	SN_QNO_TQ_BAEKRYOUNG_16	SN_PAY_QNO_TQ_BAEKRYOUNG_16	xxx	SN_PAYCON_QNO_TQ_BAEKRYOUNG_16	SN_NN_QNO_TQ_BAEKRYOUNG_16	SN_NC_QNO_TQ_BAEKRYOUNG_16	
1	311	QNO_TQ_BAEKRYOUNG_17	100	<??> ??? ?	SN_QNO_TQ_BAEKRYOUNG_17	SN_PAY_QNO_TQ_BAEKRYOUNG_17	xxx	SN_PAYCON_QNO_TQ_BAEKRYOUNG_17	SN_NN_QNO_TQ_BAEKRYOUNG_17	SN_NC_QNO_TQ_BAEKRYOUNG_17	
1	312	QNO_TQ_BAEKRYOUNG_18	100	<??> ?? ??	SN_QNO_TQ_BAEKRYOUNG_18	SN_PAY_QNO_TQ_BAEKRYOUNG_18	xxx	SN_PAYCON_QNO_TQ_BAEKRYOUNG_18	SN_NN_QNO_TQ_BAEKRYOUNG_18	SN_NC_QNO_TQ_BAEKRYOUNG_18	
1	346	QNO_CH_HWAN_1_1	95	<2??> ??? ??1	SN_QNO_CH_HWAN_1_1	SN_PAY_QNO_CH_HWAN_1_1	xxx	SN_PAYCON_QNO_CH_HWAN_1_1	SN_NN_QNO_CH_HWAN_1_1	SN_NC_QNO_CH_HWAN_1_1	
1	347	QNO_CH_HWAN_1_2	95	<2??> ??? ??	SN_QNO_CH_HWAN_1_2	SN_PAY_QNO_CH_HWAN_1_2	xxx	SN_PAYCON_QNO_CH_HWAN_1_2	SN_NN_QNO_CH_HWAN_1_2	SN_NC_QNO_CH_HWAN_1_2	
1	348	QNO_CH_HWAN_1_3	95	<2??> ????? ??	SN_QNO_CH_HWAN_1_3	SN_PAY_QNO_CH_HWAN_1_3	xxx	SN_PAYCON_QNO_CH_HWAN_1_3	SN_NN_QNO_CH_HWAN_1_3	SN_NC_QNO_CH_HWAN_1_3	
1	349	QNO_CH_HWAN_1_3_1	95	<2??> ??? ???	SN_QNO_CH_HWAN_1_3_1	SN_PAY_QNO_CH_HWAN_1_3_1	xxx	SN_PAYCON_QNO_CH_HWAN_1_3_1	SN_NN_QNO_CH_HWAN_1_3_1	SN_NC_QNO_CH_HWAN_1_3_1	
1	350	QNO_CH_HWAN_1_4	95	<2??> ???? ????	SN_QNO_CH_HWAN_1_4	SN_PAY_QNO_CH_HWAN_1_4	xxx	SN_PAYCON_QNO_CH_HWAN_1_4	SN_NN_QNO_CH_HWAN_1_4	SN_NC_QNO_CH_HWAN_1_4	
1	351	QNO_CH_HWAN_1_4_1	95	<2??> ??? ??	SN_QNO_CH_HWAN_1_4_1	SN_PAY_QNO_CH_HWAN_1_4_1	xxx	SN_PAYCON_QNO_CH_HWAN_1_4_1	SN_NN_QNO_CH_HWAN_1_4_1	SN_NC_QNO_CH_HWAN_1_4_1	
1	352	QNO_CH_HWAN_1_5	95	<2??> ??? ??	SN_QNO_CH_HWAN_1_5	SN_PAY_QNO_CH_HWAN_1_5	xxx	SN_PAYCON_QNO_CH_HWAN_1_5	SN_NN_QNO_CH_HWAN_1_5	SN_NC_QNO_CH_HWAN_1_5	
1	353	QNO_CH_HWAN_1_6	95	<2??> ??? ?	SN_QNO_CH_HWAN_1_6	SN_PAY_QNO_CH_HWAN_1_6	xxx	SN_PAYCON_QNO_CH_HWAN_1_6	SN_NN_QNO_CH_HWAN_1_6	SN_NC_QNO_CH_HWAN_1_6	
1	354	QNO_CH_HWAN_2_1	100	<2??> ??? ??2	SN_QNO_CH_HWAN_2_1	SN_PAY_QNO_CH_HWAN_2_1	xxx	SN_PAYCON_QNO_CH_HWAN_2_1	SN_NN_QNO_CH_HWAN_2_1	SN_NC_QNO_CH_HWAN_2_1	
1	355	QNO_CH_HWAN_2_2	100	<2??> ??? ??	SN_QNO_CH_HWAN_2_2	SN_PAY_QNO_CH_HWAN_2_2	xxx	SN_PAYCON_QNO_CH_HWAN_2_2	SN_NN_QNO_CH_HWAN_2_2	SN_NC_QNO_CH_HWAN_2_2	
1	356	QNO_CH_HWAN_2_3	100	<2??> ??? ????	SN_QNO_CH_HWAN_2_3	SN_PAY_QNO_CH_HWAN_2_3	xxx	SN_PAYCON_QNO_CH_HWAN_2_3	SN_NN_QNO_CH_HWAN_2_3	SN_NC_QNO_CH_HWAN_2_3	
1	357	QNO_CH_HWAN_2_4	100	<2??> ???? ??	SN_QNO_CH_HWAN_2_4	SN_PAY_QNO_CH_HWAN_2_4	xxx	SN_PAYCON_QNO_CH_HWAN_2_4	SN_NN_QNO_CH_HWAN_2_4	SN_NC_QNO_CH_HWAN_2_4	
1	358	QNO_CH_HWAN_2_5	100	<2??> ??? ??	SN_QNO_CH_HWAN_2_5	SN_PAY_QNO_CH_HWAN_2_5	xxx	SN_PAYCON_QNO_CH_HWAN_2_5	SN_NN_QNO_CH_HWAN_2_5	SN_NC_QNO_CH_HWAN_2_5	
1	359	QNO_CH_HWAN_2_6	100	<2??> ? ?? ??	SN_QNO_CH_HWAN_2_6	SN_PAY_QNO_CH_HWAN_2_6	xxx	SN_PAYCON_QNO_CH_HWAN_2_6	SN_NN_QNO_CH_HWAN_2_6	SN_NC_QNO_CH_HWAN_2_6	
1	360	QNO_EU_HWAN_1_1	95	<2??> ??? ??1	SN_QNO_EU_HWAN_1_1	SN_PAY_QNO_EU_HWAN_1_1	xxx	SN_PAYCON_QNO_EU_HWAN_1_1	SN_NN_QNO_EU_HWAN_1_1	SN_NC_QNO_EU_HWAN_1_1	
1	361	QNO_EU_HWAN_1_2	95	<2??> ??? ??	SN_QNO_EU_HWAN_1_2	SN_PAY_QNO_EU_HWAN_1_2	xxx	SN_PAYCON_QNO_EU_HWAN_1_2	SN_NN_QNO_EU_HWAN_1_2	SN_NC_QNO_EU_HWAN_1_2	
1	362	QNO_EU_HWAN_1_3	95	<2??> ????? ??	SN_QNO_EU_HWAN_1_3	SN_PAY_QNO_EU_HWAN_1_3	xxx	SN_PAYCON_QNO_EU_HWAN_1_3	SN_NN_QNO_EU_HWAN_1_3	SN_NC_QNO_EU_HWAN_1_3	
1	363	QNO_EU_HWAN_1_3_1	95	<2??> ??? ???	SN_QNO_EU_HWAN_1_3_1	SN_PAY_QNO_EU_HWAN_1_3_1	xxx	SN_PAYCON_QNO_EU_HWAN_1_3_1	SN_NN_QNO_EU_HWAN_1_3_1	SN_NC_QNO_EU_HWAN_1_3_1	
1	364	QNO_EU_HWAN_1_4	95	<2??> ??? ??? ??	SN_QNO_EU_HWAN_1_4	SN_PAY_QNO_EU_HWAN_1_4	xxx	SN_PAYCON_QNO_EU_HWAN_1_4	SN_NN_QNO_EU_HWAN_1_4	SN_NC_QNO_EU_HWAN_1_4	
1	365	QNO_EU_HWAN_1_4_1	95	<2??> ??? ??	SN_QNO_EU_HWAN_1_4_1	SN_PAY_QNO_EU_HWAN_1_4_1	xxx	SN_PAYCON_QNO_EU_HWAN_1_4_1	SN_NN_QNO_EU_HWAN_1_4_1	SN_NC_QNO_EU_HWAN_1_4_1	
1	366	QNO_EU_HWAN_1_5	95	<2??> ??? ??	SN_QNO_EU_HWAN_1_5	SN_PAY_QNO_EU_HWAN_1_5	xxx	SN_PAYCON_QNO_EU_HWAN_1_5	SN_NN_QNO_EU_HWAN_1_5	SN_NC_QNO_EU_HWAN_1_5	
1	367	QNO_EU_HWAN_1_6	95	<2??> ??? ?	SN_QNO_EU_HWAN_1_6	SN_PAY_QNO_EU_HWAN_1_6	xxx	SN_PAYCON_QNO_EU_HWAN_1_6	SN_NN_QNO_EU_HWAN_1_6	SN_NC_QNO_EU_HWAN_1_6	
1	368	QNO_EU_HWAN_2_1	100	<2??> ??? ??2	SN_QNO_EU_HWAN_2_1	SN_PAY_QNO_EU_HWAN_2_1	xxx	SN_PAYCON_QNO_EU_HWAN_2_1	SN_NN_QNO_EU_HWAN_2_1	SN_NC_QNO_EU_HWAN_2_1	
1	369	QNO_EU_HWAN_2_2	100	<2??> ??? ??	SN_QNO_EU_HWAN_2_2	SN_PAY_QNO_EU_HWAN_2_2	xxx	SN_PAYCON_QNO_EU_HWAN_2_2	SN_NN_QNO_EU_HWAN_2_2	SN_NC_QNO_EU_HWAN_2_2	
1	370	QNO_EU_HWAN_2_3	100	<2??> ??? ????	SN_QNO_EU_HWAN_2_3	SN_PAY_QNO_EU_HWAN_2_3	xxx	SN_PAYCON_QNO_EU_HWAN_2_3	SN_NN_QNO_EU_HWAN_2_3	SN_NC_QNO_EU_HWAN_2_3	
1	371	QNO_EU_HWAN_2_4	100	<2??> ???? ??	SN_QNO_EU_HWAN_2_4	SN_PAY_QNO_EU_HWAN_2_4	xxx	SN_PAYCON_QNO_EU_HWAN_2_4	SN_NN_QNO_EU_HWAN_2_4	SN_NC_QNO_EU_HWAN_2_4	
1	372	QNO_EU_HWAN_2_5	100	<2??> ??? ??	SN_QNO_EU_HWAN_2_5	SN_PAY_QNO_EU_HWAN_2_5	xxx	SN_PAYCON_QNO_EU_HWAN_2_5	SN_NN_QNO_EU_HWAN_2_5	SN_NC_QNO_EU_HWAN_2_5	
1	373	QNO_EU_HWAN_2_6	100	<2??> ? ?? ??	SN_QNO_EU_HWAN_2_6	SN_PAY_QNO_EU_HWAN_2_6	xxx	SN_PAYCON_QNO_EU_HWAN_2_6	SN_NN_QNO_EU_HWAN_2_6	SN_NC_QNO_EU_HWAN_2_6	
1	374	QNO_RM_MEETROC_ECT_1	90	<????> ???? ??1	SN_QNO_RM_MEETROC_ECT_1	SN_PAY_QNO_RM_MEETROC_ECT_1	xxx	SN_PAYCON_QNO_RM_MEETROC_ECT_1	SN_NN_QNO_RM_MEETROC_ECT_1	SN_NC_QNO_RM_MEETROC_ECT_1	
1	375	QNO_RM_MEETROC_ECT_2	90	<????> ???? ??2	SN_QNO_RM_MEETROC_ECT_2	SN_PAY_QNO_RM_MEETROC_ECT_2	xxx	SN_PAYCON_QNO_RM_MEETROC_ECT_2	SN_NN_QNO_RM_MEETROC_ECT_2	SN_NC_QNO_RM_MEETROC_ECT_2	
1	376	QNO_RM_MEETROC_ECT_3	90	<????> ???? ??3	SN_QNO_RM_MEETROC_ECT_3	SN_PAY_QNO_RM_MEETROC_ECT_3	xxx	SN_PAYCON_QNO_RM_MEETROC_ECT_3	SN_NN_QNO_RM_MEETROC_ECT_3	SN_NC_QNO_RM_MEETROC_ECT_3	
1	377	QNO_RM_ARCHEMY_1	90	<????> ??? ?? (??? ??)	SN_QNO_RM_ARCHEMY_1	SN_PAY_QNO_RM_ARCHEMY_1	xxx	SN_PAYCON_QNO_RM_ARCHEMY_1	SN_NN_QNO_RM_ARCHEMY_1	SN_NC_QNO_RM_ARCHEMY_1	
1	378	QNO_RM_ARCHEMY_2	90	<????> ??? ?? (??? ?? ??)	SN_QNO_RM_ARCHEMY_2	SN_PAY_QNO_RM_ARCHEMY_2	xxx	SN_PAYCON_QNO_RM_ARCHEMY_2	SN_NN_QNO_RM_ARCHEMY_2	SN_NC_QNO_RM_ARCHEMY_2	
1	379	QNO_RM_ARCHEMY_3	90	<????> ??? ?? (??? ?? ??)	SN_QNO_RM_ARCHEMY_3	SN_PAY_QNO_RM_ARCHEMY_3	xxx	SN_PAYCON_QNO_RM_ARCHEMY_3	SN_NN_QNO_RM_ARCHEMY_3	SN_NC_QNO_RM_ARCHEMY_3	
1	380	QNO_RM_ARCHEMY_4	90	<????> ??? ?? (??? ??)	SN_QNO_RM_ARCHEMY_4	SN_PAY_QNO_RM_ARCHEMY_4	xxx	SN_PAYCON_QNO_RM_ARCHEMY_4	SN_NN_QNO_RM_ARCHEMY_4	SN_NC_QNO_RM_ARCHEMY_4	
1	381	QNO_RM_ARCHEMY_5	90	<????> ??? ?? (???? ??)	SN_QNO_RM_ARCHEMY_5	SN_PAY_QNO_RM_ARCHEMY_5	xxx	SN_PAYCON_QNO_RM_ARCHEMY_5	SN_NN_QNO_RM_ARCHEMY_5	SN_NC_QNO_RM_ARCHEMY_5	
1	382	QNO_RM_ARCHEMY_6	90	<????> ??? ?? (????? ??)	SN_QNO_RM_ARCHEMY_6	SN_PAY_QNO_RM_ARCHEMY_6	xxx	SN_PAYCON_QNO_RM_ARCHEMY_6	SN_NN_QNO_RM_ARCHEMY_6	SN_NC_QNO_RM_ARCHEMY_6	
1	383	QNO_RM_ARCHEMY_7	90	<????> ??? ?? (??? ??)	SN_QNO_RM_ARCHEMY_7	SN_PAY_QNO_RM_ARCHEMY_7	xxx	SN_PAYCON_QNO_RM_ARCHEMY_7	SN_NN_QNO_RM_ARCHEMY_7	SN_NC_QNO_RM_ARCHEMY_7	
1	384	QNO_RM_ARCHEMY_8	90	<????> ??? ?? (?? ??)	SN_QNO_RM_ARCHEMY_8	SN_PAY_QNO_RM_ARCHEMY_8	xxx	SN_PAYCON_QNO_RM_ARCHEMY_8	SN_NN_QNO_RM_ARCHEMY_8	SN_NC_QNO_RM_ARCHEMY_8	
1	385	QEV_ALL_BASIC_1	5	<????> ??? ?? 5Lv	SN_QEV_ALL_BASIC_1	SN_PAY_QEV_ALL_BASIC_1	xxx	SN_PAYCON_QEV_ALL_BASIC_1	SN_NN_QEV_ALL_BASIC_1	SN_NC_QEV_ALL_BASIC_1	
1	386	QEV_ALL_BASIC_2	8	<????> ??? ?? 8Lv	SN_QEV_ALL_BASIC_2	SN_PAY_QEV_ALL_BASIC_2	xxx	SN_PAYCON_QEV_ALL_BASIC_2	SN_NN_QEV_ALL_BASIC_2	SN_NC_QEV_ALL_BASIC_2	
1	387	QEV_ALL_BASIC_3	10	<????> ??? ?? 10Lv	SN_QEV_ALL_BASIC_3	SN_PAY_QEV_ALL_BASIC_3	xxx	SN_PAYCON_QEV_ALL_BASIC_3	SN_NN_QEV_ALL_BASIC_3	SN_NC_QEV_ALL_BASIC_3	
1	388	QEV_ALL_BASIC_4	16	<????> ??? ?? 16Lv	SN_QEV_ALL_BASIC_4	SN_PAY_QEV_ALL_BASIC_4	xxx	SN_PAYCON_QEV_ALL_BASIC_4	SN_NN_QEV_ALL_BASIC_4	SN_NC_QEV_ALL_BASIC_4	
1	389	QEV_ALL_BASIC_5	20	<????> ??? ?? 20Lv	SN_QEV_ALL_BASIC_5	SN_PAY_QEV_ALL_BASIC_5	xxx	SN_PAYCON_QEV_ALL_BASIC_5	SN_NN_QEV_ALL_BASIC_5	SN_NC_QEV_ALL_BASIC_5	
1	390	QEV_ALL_BASIC_6	24	<????> ??? ?? 24Lv	SN_QEV_ALL_BASIC_6	SN_PAY_QEV_ALL_BASIC_6	xxx	SN_PAYCON_QEV_ALL_BASIC_6	SN_NN_QEV_ALL_BASIC_6	SN_NC_QEV_ALL_BASIC_6	
1	391	QEV_ALL_BASIC_7	30	<????> ??? ?? 30Lv	SN_QEV_ALL_BASIC_7	SN_PAY_QEV_ALL_BASIC_7	xxx	SN_PAYCON_QEV_ALL_BASIC_7	SN_NN_QEV_ALL_BASIC_7	SN_NC_QEV_ALL_BASIC_7	
1	392	QEV_ALL_BASIC_8	32	<????> ??? ?? 32Lv	SN_QEV_ALL_BASIC_8	SN_PAY_QEV_ALL_BASIC_8	xxx	SN_PAYCON_QEV_ALL_BASIC_8	SN_NN_QEV_ALL_BASIC_8	SN_NC_QEV_ALL_BASIC_8	
1	393	QEV_ALL_BASIC_9	40	<????> ??? ?? 40Lv	SN_QEV_ALL_BASIC_9	SN_PAY_QEV_ALL_BASIC_9	xxx	SN_PAYCON_QEV_ALL_BASIC_9	SN_NN_QEV_ALL_BASIC_9	SN_NC_QEV_ALL_BASIC_9	
1	394	QEV_ALL_BASIC_10	42	<????> ??? ?? 42Lv	SN_QEV_ALL_BASIC_10	SN_PAY_QEV_ALL_BASIC_10	xxx	SN_PAYCON_QEV_ALL_BASIC_10	SN_NN_QEV_ALL_BASIC_10	SN_NC_QEV_ALL_BASIC_10	
1	395	QEV_ALL_BASIC_11	50	<????> ??? ?? 50Lv	SN_QEV_ALL_BASIC_11	SN_PAY_QEV_ALL_BASIC_11	xxx	SN_PAYCON_QEV_ALL_BASIC_11	SN_NN_QEV_ALL_BASIC_11	SN_NC_QEV_ALL_BASIC_11	
1	396	QEV_ALL_BASIC_12	60	<????> ??? ?? 60Lv	SN_QEV_ALL_BASIC_12	SN_PAY_QEV_ALL_BASIC_12	xxx	SN_PAYCON_QEV_ALL_BASIC_12	SN_NN_QEV_ALL_BASIC_12	SN_NC_QEV_ALL_BASIC_12	
1	397	QEV_ALL_BASIC_0	1	<????> ??? ?? 1Lv	SN_QEV_ALL_BASIC_0	SN_PAY_QEV_ALL_BASIC_0	xxx	SN_PAYCON_QEV_ALL_BASIC_0	SN_NN_QEV_ALL_BASIC_0	SN_NC_QEV_ALL_BASIC_0	
1	424	QNO_SD_NO_001	100	<???> ??? ??? (1)	SN_QNO_SD_NO_001	SN_PAY_QNO_SD_NO_001	xxx	SN_PAYCON_QNO_SD_NO_001	SN_NN_QNO_SD_NO_001	SN_NC_QNO_SD_NO_001	
1	425	QNO_SD_NO_002	100	<???> ??? ??? (2)	SN_QNO_SD_NO_002	SN_PAY_QNO_SD_NO_002	xxx	SN_PAYCON_QNO_SD_NO_002	SN_NN_QNO_SD_NO_002	SN_NC_QNO_SD_NO_002	
1	426	QNO_SD_NO_003	100	<???> ?? ??	SN_QNO_SD_NO_003	SN_PAY_QNO_SD_NO_003	xxx	SN_PAYCON_QNO_SD_NO_003	SN_NN_QNO_SD_NO_003	SN_NC_QNO_SD_NO_003	
1	427	QNO_SD_NO_004	101	<???> ??? (????)	SN_QNO_SD_NO_004	SN_PAY_QNO_SD_NO_004	xxx	SN_PAYCON_QNO_SD_NO_004	SN_NN_QNO_SD_NO_004	SN_NC_QNO_SD_NO_004	
1	428	QNO_SD_NO_005	101	<???> ??? (????)	SN_QNO_SD_NO_005	SN_PAY_QNO_SD_NO_005	xxx	SN_PAYCON_QNO_SD_NO_005	SN_NN_QNO_SD_NO_005	SN_NC_QNO_SD_NO_005	
1	429	QNO_SD_NO_006	101	<???> ??? (????)	SN_QNO_SD_NO_006	SN_PAY_QNO_SD_NO_006	xxx	SN_PAYCON_QNO_SD_NO_006	SN_NN_QNO_SD_NO_006	SN_NC_QNO_SD_NO_006	
1	430	QNO_SD_NO_007	101	<???> ??? (??? ??)	SN_QNO_SD_NO_007	SN_PAY_QNO_SD_NO_007	xxx	SN_PAYCON_QNO_SD_NO_007	SN_NN_QNO_SD_NO_007	SN_NC_QNO_SD_NO_007	
1	431	QNO_SD_NO_008	101	<???> ?? ?? ?? ?? (1)	SN_QNO_SD_NO_008	SN_PAY_QNO_SD_NO_008	xxx	SN_PAYCON_QNO_SD_NO_008	SN_NN_QNO_SD_NO_008	SN_NC_QNO_SD_NO_008	
1	432	QNO_SD_NO_009	101	<???> ?? ?? ?? ?? (2)	SN_QNO_SD_NO_009	SN_PAY_QNO_SD_NO_009	xxx	SN_PAYCON_QNO_SD_NO_009	SN_NN_QNO_SD_NO_009	SN_NC_QNO_SD_NO_009	
1	433	QNO_SD_NO_010	101	<???> ?? ?? ?? ?? (1)	SN_QNO_SD_NO_010	SN_PAY_QNO_SD_NO_010	xxx	SN_PAYCON_QNO_SD_NO_010	SN_NN_QNO_SD_NO_010	SN_NC_QNO_SD_NO_010	
1	434	QNO_SD_NO_011	101	<???> ?? ?? ?? ?? (2)	SN_QNO_SD_NO_011	SN_PAY_QNO_SD_NO_011	xxx	SN_PAYCON_QNO_SD_NO_011	SN_NN_QNO_SD_NO_011	SN_NC_QNO_SD_NO_011	
1	435	QNO_SD_NO_012	101	<???> ?? ?? ?? ??	SN_QNO_SD_NO_012	SN_PAY_QNO_SD_NO_012	xxx	SN_PAYCON_QNO_SD_NO_012	SN_NN_QNO_SD_NO_012	SN_NC_QNO_SD_NO_012	
1	436	QNO_SD_NO_013	101	<???> ??? ?? ?? ??	SN_QNO_SD_NO_013	SN_PAY_QNO_SD_NO_013	xxx	SN_PAYCON_QNO_SD_NO_013	SN_NN_QNO_SD_NO_013	SN_NC_QNO_SD_NO_013	
1	437	QNO_SD_NO_014	101	<???> ??? ??	SN_QNO_SD_NO_014	SN_PAY_QNO_SD_NO_014	xxx	SN_PAYCON_QNO_SD_NO_014	SN_NN_QNO_SD_NO_014	SN_NC_QNO_SD_NO_014	
1	438	QNO_SD_NO_015	102	<???> ???? ?? (??)	SN_QNO_SD_NO_015	SN_PAY_QNO_SD_NO_015	xxx	SN_PAYCON_QNO_SD_NO_015	SN_NN_QNO_SD_NO_015	SN_NC_QNO_SD_NO_015	
1	439	QNO_SD_NO_016	102	<???> ???? ?? (??? ??)	SN_QNO_SD_NO_016	SN_PAY_QNO_SD_NO_016	xxx	SN_PAYCON_QNO_SD_NO_016	SN_NN_QNO_SD_NO_016	SN_NC_QNO_SD_NO_016	
1	440	QNO_SD_NO_017	102	<???> ??? ?	SN_QNO_SD_NO_017	SN_PAY_QNO_SD_NO_017	xxx	SN_PAYCON_QNO_SD_NO_017	SN_NN_QNO_SD_NO_017	SN_NC_QNO_SD_NO_017	
1	441	QNO_SD_NO_018	102	<???> ???? ??	SN_QNO_SD_NO_018	SN_PAY_QNO_SD_NO_018	xxx	SN_PAYCON_QNO_SD_NO_018	SN_NN_QNO_SD_NO_018	SN_NC_QNO_SD_NO_018	
1	442	QNO_SD_NO_019	102	<???> ??? ?? (??)	SN_QNO_SD_NO_019	SN_PAY_QNO_SD_NO_019	xxx	SN_PAYCON_QNO_SD_NO_019	SN_NN_QNO_SD_NO_019	SN_NC_QNO_SD_NO_019	
1	443	QNO_SD_NO_020	102	<???> ??? ?? (???)	SN_QNO_SD_NO_020	SN_PAY_QNO_SD_NO_020	xxx	SN_PAYCON_QNO_SD_NO_020	SN_NN_QNO_SD_NO_020	SN_NC_QNO_SD_NO_020	
1	444	QNO_SD_NO_021	102	<???> ???? ?? ? (1)	SN_QNO_SD_NO_021	SN_PAY_QNO_SD_NO_021	xxx	SN_PAYCON_QNO_SD_NO_021	SN_NN_QNO_SD_NO_021	SN_NC_QNO_SD_NO_021	
1	445	QNO_SD_NO_022	102	<???> ???? ?? ? (2)	SN_QNO_SD_NO_022	SN_PAY_QNO_SD_NO_022	xxx	SN_PAYCON_QNO_SD_NO_022	SN_NN_QNO_SD_NO_022	SN_NC_QNO_SD_NO_022	
1	446	QNO_SD_NO_023	102	<???> ???? ?? ? (3)	SN_QNO_SD_NO_023	SN_PAY_QNO_SD_NO_023	xxx	SN_PAYCON_QNO_SD_NO_023	SN_NN_QNO_SD_NO_023	SN_NC_QNO_SD_NO_023	
1	447	QNO_SD_NO_024	103	<???> ??? ? ??	SN_QNO_SD_NO_024	SN_PAY_QNO_SD_NO_024	xxx	SN_PAYCON_QNO_SD_NO_024	SN_NN_QNO_SD_NO_024	SN_NC_QNO_SD_NO_024	
1	448	QNO_SD_NO_025	103	<???> ??? ???	SN_QNO_SD_NO_025	SN_PAY_QNO_SD_NO_025	xxx	SN_PAYCON_QNO_SD_NO_025	SN_NN_QNO_SD_NO_025	SN_NC_QNO_SD_NO_025	
1	449	QNO_SD_NO_026	103	<???> ??? ??	SN_QNO_SD_NO_026	SN_PAY_QNO_SD_NO_026	xxx	SN_PAYCON_QNO_SD_NO_026	SN_NN_QNO_SD_NO_026	SN_NC_QNO_SD_NO_026	
1	450	QNO_SD_NO_027	103	<???> ??? ??	SN_QNO_SD_NO_027	SN_PAY_QNO_SD_NO_027	xxx	SN_PAYCON_QNO_SD_NO_027	SN_NN_QNO_SD_NO_027	SN_NC_QNO_SD_NO_027	
1	451	QNO_SD_NO_028	104	<???> ??? ?? ? (1)	SN_QNO_SD_NO_028	SN_PAY_QNO_SD_NO_028	xxx	SN_PAYCON_QNO_SD_NO_028	SN_NN_QNO_SD_NO_028	SN_NC_QNO_SD_NO_028	
1	452	QNO_SD_NO_029	104	<???> ??? ?? ? (2)	SN_QNO_SD_NO_029	SN_PAY_QNO_SD_NO_029	xxx	SN_PAYCON_QNO_SD_NO_029	SN_NN_QNO_SD_NO_029	SN_NC_QNO_SD_NO_029	
1	453	QNO_SD_NO_030	104	<???> ??? ?? ? (3)	SN_QNO_SD_NO_030	SN_PAY_QNO_SD_NO_030	xxx	SN_PAYCON_QNO_SD_NO_030	SN_NN_QNO_SD_NO_030	SN_NC_QNO_SD_NO_030	
1	454	QNO_SD_NO_031	104	<???> ???? ???	SN_QNO_SD_NO_031	SN_PAY_QNO_SD_NO_031	xxx	SN_PAYCON_QNO_SD_NO_031	SN_NN_QNO_SD_NO_031	SN_NC_QNO_SD_NO_031	
1	455	QNO_SD_NO_032	104	<???> ???? ??	SN_QNO_SD_NO_032	SN_PAY_QNO_SD_NO_032	xxx	SN_PAYCON_QNO_SD_NO_032	SN_NN_QNO_SD_NO_032	SN_NC_QNO_SD_NO_032	
1	456	QNO_SD_NO_033	104	<???> ??? (1)	SN_QNO_SD_NO_033	SN_PAY_QNO_SD_NO_033	xxx	SN_PAYCON_QNO_SD_NO_033	SN_NN_QNO_SD_NO_033	SN_NC_QNO_SD_NO_033	
1	457	QNO_SD_NO_034	104	<???> ??? (2)	SN_QNO_SD_NO_034	SN_PAY_QNO_SD_NO_034	xxx	SN_PAYCON_QNO_SD_NO_034	SN_NN_QNO_SD_NO_034	SN_NC_QNO_SD_NO_034	
1	458	QNO_SD_NO_035	104	<???> ??? (3)	SN_QNO_SD_NO_035	SN_PAY_QNO_SD_NO_035	xxx	SN_PAYCON_QNO_SD_NO_035	SN_NN_QNO_SD_NO_035	SN_NC_QNO_SD_NO_035	
1	459	QNO_SD_NO_036	105	<???> ??? ??	SN_QNO_SD_NO_036	SN_PAY_QNO_SD_NO_036	xxx	SN_PAYCON_QNO_SD_NO_036	SN_NN_QNO_SD_NO_036	SN_NC_QNO_SD_NO_036	
1	460	QNO_SD_NO_038	105	<???> ?? ?? (????)	SN_QNO_SD_NO_038	SN_PAY_QNO_SD_NO_038	xxx	SN_PAYCON_QNO_SD_NO_038	SN_NN_QNO_SD_NO_038	SN_NC_QNO_SD_NO_038	
1	461	QNO_SD_NO_039	105	<???> ?? ?? (????)	SN_QNO_SD_NO_039	SN_PAY_QNO_SD_NO_039	xxx	SN_PAYCON_QNO_SD_NO_039	SN_NN_QNO_SD_NO_039	SN_NC_QNO_SD_NO_039	
1	462	QNO_SD_NO_040	105	<???> ???? ???	SN_QNO_SD_NO_040	SN_PAY_QNO_SD_NO_040	xxx	SN_PAYCON_QNO_SD_NO_040	SN_NN_QNO_SD_NO_040	SN_NC_QNO_SD_NO_040	
1	463	QNO_SD_NO_041	106	<???> ??? ??? ??? (1)	SN_QNO_SD_NO_041	SN_PAY_QNO_SD_NO_041	xxx	SN_PAYCON_QNO_SD_NO_041	SN_NN_QNO_SD_NO_041	SN_NC_QNO_SD_NO_041	
1	464	QNO_SD_NO_042	106	<???> ?? ?? (??)	SN_QNO_SD_NO_042	SN_PAY_QNO_SD_NO_042	xxx	SN_PAYCON_QNO_SD_NO_042	SN_NN_QNO_SD_NO_042	SN_NC_QNO_SD_NO_042	
1	465	QNO_SD_NO_043	106	<???> ?? ?? (?????)	SN_QNO_SD_NO_043	SN_PAY_QNO_SD_NO_043	xxx	SN_PAYCON_QNO_SD_NO_043	SN_NN_QNO_SD_NO_043	SN_NC_QNO_SD_NO_043	
1	466	QNO_SD_NO_044	106	<???> ??? ? (1)	SN_QNO_SD_NO_044	SN_PAY_QNO_SD_NO_044	xxx	SN_PAYCON_QNO_SD_NO_044	SN_NN_QNO_SD_NO_044	SN_NC_QNO_SD_NO_044	
1	467	QNO_SD_NO_045	106	<???> ??? ? (2)	SN_QNO_SD_NO_045	SN_PAY_QNO_SD_NO_045	xxx	SN_PAYCON_QNO_SD_NO_045	SN_NN_QNO_SD_NO_045	SN_NC_QNO_SD_NO_045	
1	468	QNO_SD_NO_046	106	<???> ??? ? (3)	SN_QNO_SD_NO_046	SN_PAY_QNO_SD_NO_046	xxx	SN_PAYCON_QNO_SD_NO_046	SN_NN_QNO_SD_NO_046	SN_NC_QNO_SD_NO_046	
1	469	QNO_SD_NO_047	108	<???> ??? ????	SN_QNO_SD_NO_047	SN_PAY_QNO_SD_NO_047	xxx	SN_PAYCON_QNO_SD_NO_047	SN_NN_QNO_SD_NO_047	SN_NC_QNO_SD_NO_047	
1	470	QNO_SD_NO_048	108	<???> ??? ??? ??? (2)	SN_QNO_SD_NO_048	SN_PAY_QNO_SD_NO_048	xxx	SN_PAYCON_QNO_SD_NO_048	SN_NN_QNO_SD_NO_048	SN_NC_QNO_SD_NO_048	
1	471	QNO_SD_NO_049	108	<???> ???	SN_QNO_SD_NO_049	SN_PAY_QNO_SD_NO_049	xxx	SN_PAYCON_QNO_SD_NO_049	SN_NN_QNO_SD_NO_049	SN_NC_QNO_SD_NO_049	
1	472	QNO_SD_NO_050	108	<???> ??? ??(??)	SN_QNO_SD_NO_050	SN_PAY_QNO_SD_NO_050	xxx	SN_PAYCON_QNO_SD_NO_050	SN_NN_QNO_SD_NO_050	SN_NC_QNO_SD_NO_050	
1	473	QNO_SD_NO_051	109	<???> ???? ?? ???	SN_QNO_SD_NO_051	SN_PAY_QNO_SD_NO_051	xxx	SN_PAYCON_QNO_SD_NO_051	SN_NN_QNO_SD_NO_051	SN_NC_QNO_SD_NO_051	
1	474	QNO_SD_NO_052	109	<???> ???	SN_QNO_SD_NO_052	SN_PAY_QNO_SD_NO_052	xxx	SN_PAYCON_QNO_SD_NO_052	SN_NN_QNO_SD_NO_052	SN_NC_QNO_SD_NO_052	
1	475	QNO_SD_NO_053	110	<???> ???? ???	SN_QNO_SD_NO_053	SN_PAY_QNO_SD_NO_053	xxx	SN_PAYCON_QNO_SD_NO_053	SN_NN_QNO_SD_NO_053	SN_NC_QNO_SD_NO_053	
1	476	QNO_SD_NO_054	110	<???> ??? ??	SN_QNO_SD_NO_054	SN_PAY_QNO_SD_NO_054	xxx	SN_PAYCON_QNO_SD_NO_054	SN_NN_QNO_SD_NO_054	SN_NC_QNO_SD_NO_054	
1	477	QNO_SD_NO_055	110	<???> ??? ???	SN_QNO_SD_NO_055	SN_PAY_QNO_SD_NO_055	xxx	SN_PAYCON_QNO_SD_NO_055	SN_NN_QNO_SD_NO_055	SN_NC_QNO_SD_NO_055	
1	478	QNO_SD_RE_001	100	<???> ???? ?	SN_QNO_SD_RE_001	SN_PAY_QNO_SD_RE_001	xxx	SN_PAYCON_QNO_SD_RE_001	SN_NN_QNO_SD_RE_001	SN_NC_QNO_SD_RE_001	
1	479	QNO_SD_RE_002	101	<???> ???? ??(1)	SN_QNO_SD_RE_002	SN_PAY_QNO_SD_RE_002	xxx	SN_PAYCON_QNO_SD_RE_002	SN_NN_QNO_SD_RE_002	SN_NC_QNO_SD_RE_002	
1	480	QNO_SD_RE_003	101	<???> ???? ?? (2)	SN_QNO_SD_RE_003	SN_PAY_QNO_SD_RE_003	xxx	SN_PAYCON_QNO_SD_RE_003	SN_NN_QNO_SD_RE_003	SN_NC_QNO_SD_RE_003	
1	481	QNO_SD_RE_004	101	<???> ???? ?? (3)	SN_QNO_SD_RE_004	SN_PAY_QNO_SD_RE_004	xxx	SN_PAYCON_QNO_SD_RE_004	SN_NN_QNO_SD_RE_004	SN_NC_QNO_SD_RE_004	
1	482	QNO_SD_RE_005	102	<???> ??? ?? (1)	SN_QNO_SD_RE_005	SN_PAY_QNO_SD_RE_005	xxx	SN_PAYCON_QNO_SD_RE_005	SN_NN_QNO_SD_RE_005	SN_NC_QNO_SD_RE_005	
1	483	QNO_SD_RE_006	102	<???> ??? ?? (2)	SN_QNO_SD_RE_006	SN_PAY_QNO_SD_RE_006	xxx	SN_PAYCON_QNO_SD_RE_006	SN_NN_QNO_SD_RE_006	SN_NC_QNO_SD_RE_006	
1	484	QNO_SD_RE_007	102	<???> ??? ?? (3)	SN_QNO_SD_RE_007	SN_PAY_QNO_SD_RE_007	xxx	SN_PAYCON_QNO_SD_RE_007	SN_NN_QNO_SD_RE_007	SN_NC_QNO_SD_RE_007	
1	485	QNO_SD_RE_008	104	<???> ??? ? (1)	SN_QNO_SD_RE_008	SN_PAY_QNO_SD_RE_008	xxx	SN_PAYCON_QNO_SD_RE_008	SN_NN_QNO_SD_RE_008	SN_NC_QNO_SD_RE_008	
1	486	QNO_SD_RE_009	104	<???> ??? ? (2)	SN_QNO_SD_RE_009	SN_PAY_QNO_SD_RE_009	xxx	SN_PAYCON_QNO_SD_RE_009	SN_NN_QNO_SD_RE_009	SN_NC_QNO_SD_RE_009	
1	487	QNO_SD_RE_010	104	<???> ??? ? (3)	SN_QNO_SD_RE_010	SN_PAY_QNO_SD_RE_010	xxx	SN_PAYCON_QNO_SD_RE_010	SN_NN_QNO_SD_RE_010	SN_NC_QNO_SD_RE_010	
1	488	QNO_SD_RE_011	106	<???> ????? (1)	SN_QNO_SD_RE_011	SN_PAY_QNO_SD_RE_011	xxx	SN_PAYCON_QNO_SD_RE_011	SN_NN_QNO_SD_RE_011	SN_NC_QNO_SD_RE_011	
1	489	QNO_SD_RE_012	106	<???> ????? (2)	SN_QNO_SD_RE_012	SN_PAY_QNO_SD_RE_012	xxx	SN_PAYCON_QNO_SD_RE_012	SN_NN_QNO_SD_RE_012	SN_NC_QNO_SD_RE_012	
1	490	QNO_SD_RE_013	106	<???> ????? (3)	SN_QNO_SD_RE_013	SN_PAY_QNO_SD_RE_013	xxx	SN_PAYCON_QNO_SD_RE_013	SN_NN_QNO_SD_RE_013	SN_NC_QNO_SD_RE_013	
1	491	QNO_SD_RE_014	107	<???> ????? ??	SN_QNO_SD_RE_014	SN_PAY_QNO_SD_RE_014	xxx	SN_PAYCON_QNO_SD_RE_014	SN_NN_QNO_SD_RE_014	SN_NC_QNO_SD_RE_014	
1	492	QNO_SD_RE_015	107	<???> ??? ?? (1)	SN_QNO_SD_RE_015	SN_PAY_QNO_SD_RE_015	xxx	SN_PAYCON_QNO_SD_RE_015	SN_NN_QNO_SD_RE_015	SN_NC_QNO_SD_RE_015	
1	493	QNO_SD_RE_016	107	<???> ??? ?? (2)	SN_QNO_SD_RE_016	SN_PAY_QNO_SD_RE_016	xxx	SN_PAYCON_QNO_SD_RE_016	SN_NN_QNO_SD_RE_016	SN_NC_QNO_SD_RE_016	
1	494	QNO_SD_RE_017	107	<???> ??? ?? (3)	SN_QNO_SD_RE_017	SN_PAY_QNO_SD_RE_017	xxx	SN_PAYCON_QNO_SD_RE_017	SN_NN_QNO_SD_RE_017	SN_NC_QNO_SD_RE_017	
1	495	QNO_SD_RE_018	107	<???> ???? ?? (1)	SN_QNO_SD_RE_018	SN_PAY_QNO_SD_RE_018	xxx	SN_PAYCON_QNO_SD_RE_018	SN_NN_QNO_SD_RE_018	SN_NC_QNO_SD_RE_018	
1	496	QNO_SD_RE_019	107	<???> ???? ?? (2)	SN_QNO_SD_RE_019	SN_PAY_QNO_SD_RE_019	xxx	SN_PAYCON_QNO_SD_RE_019	SN_NN_QNO_SD_RE_019	SN_NC_QNO_SD_RE_019	
1	497	QNO_SD_RE_020	107	<???> ???? ?? (3)	SN_QNO_SD_RE_020	SN_PAY_QNO_SD_RE_020	xxx	SN_PAYCON_QNO_SD_RE_020	SN_NN_QNO_SD_RE_020	SN_NC_QNO_SD_RE_020	
1	498	QNO_SD_RE_021	107	<???> ??? ?? (1)	SN_QNO_SD_RE_021	SN_PAY_QNO_SD_RE_021	xxx	SN_PAYCON_QNO_SD_RE_021	SN_NN_QNO_SD_RE_021	SN_NC_QNO_SD_RE_021	
1	499	QNO_SD_RE_022	107	<???> ??? ?? (2)	SN_QNO_SD_RE_022	SN_PAY_QNO_SD_RE_022	xxx	SN_PAYCON_QNO_SD_RE_022	SN_NN_QNO_SD_RE_022	SN_NC_QNO_SD_RE_022	
1	500	QNO_SD_RE_023	107	<???> ??? ?? (3)	SN_QNO_SD_RE_023	SN_PAY_QNO_SD_RE_023	xxx	SN_PAYCON_QNO_SD_RE_023	SN_NN_QNO_SD_RE_023	SN_NC_QNO_SD_RE_023	
1	501	QNO_SD_RE_024	107	<???> ???? ?? (1)	SN_QNO_SD_RE_024	SN_PAY_QNO_SD_RE_024	xxx	SN_PAYCON_QNO_SD_RE_024	SN_NN_QNO_SD_RE_024	SN_NC_QNO_SD_RE_024	
1	502	QNO_SD_RE_025	107	<???> ???? ?? (2)	SN_QNO_SD_RE_025	SN_PAY_QNO_SD_RE_025	xxx	SN_PAYCON_QNO_SD_RE_025	SN_NN_QNO_SD_RE_025	SN_NC_QNO_SD_RE_025	
1	503	QNO_SD_RE_026	107	<???> ???? ?? (3)	SN_QNO_SD_RE_026	SN_PAY_QNO_SD_RE_026	xxx	SN_PAYCON_QNO_SD_RE_026	SN_NN_QNO_SD_RE_026	SN_NC_QNO_SD_RE_026	
1	504	QNO_SD_RE_027	107	<???> ???? ?? (1)	SN_QNO_SD_RE_027	SN_PAY_QNO_SD_RE_027	xxx	SN_PAYCON_QNO_SD_RE_027	SN_NN_QNO_SD_RE_027	SN_NC_QNO_SD_RE_027	
1	505	QNO_SD_RE_028	107	<???> ???? ?? (2)	SN_QNO_SD_RE_028	SN_PAY_QNO_SD_RE_028	xxx	SN_PAYCON_QNO_SD_RE_028	SN_NN_QNO_SD_RE_028	SN_NC_QNO_SD_RE_028	
1	506	QNO_SD_RE_029	107	<???> ?????? ??	SN_QNO_SD_RE_029	SN_PAY_QNO_SD_RE_029	xxx	SN_PAYCON_QNO_SD_RE_029	SN_NN_QNO_SD_RE_029	SN_NC_QNO_SD_RE_029	
1	507	QNO_SD_RE_030	107	<???> ??? ?? (???)	SN_QNO_SD_RE_030	SN_PAY_QNO_SD_RE_030	xxx	SN_PAYCON_QNO_SD_RE_030	SN_NN_QNO_SD_RE_030	SN_NC_QNO_SD_RE_030	
1	508	QNO_SD_RE_031	107	<???> ??? ?? (?????)	SN_QNO_SD_RE_031	SN_PAY_QNO_SD_RE_031	xxx	SN_PAYCON_QNO_SD_RE_031	SN_NN_QNO_SD_RE_031	SN_NC_QNO_SD_RE_031	
1	509	QNO_SD_RE_032	108	<???> ?? ?? (1)	SN_QNO_SD_RE_032	SN_PAY_QNO_SD_RE_032	xxx	SN_PAYCON_QNO_SD_RE_032	SN_NN_QNO_SD_RE_032	SN_NC_QNO_SD_RE_032	
1	510	QNO_SD_RE_033	108	<???> ?? ?? (2)	SN_QNO_SD_RE_033	SN_PAY_QNO_SD_RE_033	xxx	SN_PAYCON_QNO_SD_RE_033	SN_NN_QNO_SD_RE_033	SN_NC_QNO_SD_RE_033	
1	511	QNO_SD_RE_034	108	<???> ?? ?? (3)	SN_QNO_SD_RE_034	SN_PAY_QNO_SD_RE_034	xxx	SN_PAYCON_QNO_SD_RE_034	SN_NN_QNO_SD_RE_034	SN_NC_QNO_SD_RE_034	
1	512	QNO_SD_RE_035	109	<???> ??? ??	SN_QNO_SD_RE_035	SN_PAY_QNO_SD_RE_035	xxx	SN_PAYCON_QNO_SD_RE_035	SN_NN_QNO_SD_RE_035	SN_NC_QNO_SD_RE_035	
1	513	QNO_SD_RE_036	109	<???> ????? ??	SN_QNO_SD_RE_036	SN_PAY_QNO_SD_RE_036	xxx	SN_PAYCON_QNO_SD_RE_036	SN_NN_QNO_SD_RE_036	SN_NC_QNO_SD_RE_036	
1	514	QNO_SD_RE_037	110	<???> ??? ???? (1)	SN_QNO_SD_RE_037	SN_PAY_QNO_SD_RE_037	xxx	SN_PAYCON_QNO_SD_RE_037	SN_NN_QNO_SD_RE_037	SN_NC_QNO_SD_RE_037	
1	515	QNO_SD_RE_038	110	<???> ??? ???? (2)	SN_QNO_SD_RE_038	SN_PAY_QNO_SD_RE_038	xxx	SN_PAYCON_QNO_SD_RE_038	SN_NN_QNO_SD_RE_038	SN_NC_QNO_SD_RE_038	
1	516	QNO_SD_RE_039	110	<???> ??? ???? (3)	SN_QNO_SD_RE_039	SN_PAY_QNO_SD_RE_039	xxx	SN_PAYCON_QNO_SD_RE_039	SN_NN_QNO_SD_RE_039	SN_NC_QNO_SD_RE_039	
1	517	QNO_SD_RE_040	110	<???> ??? ???? (4)	SN_QNO_SD_RE_040	SN_PAY_QNO_SD_RE_040	xxx	SN_PAYCON_QNO_SD_RE_040	SN_NN_QNO_SD_RE_040	SN_NC_QNO_SD_RE_040	
1	518	QNO_SD_RE_041	110	<???> ??? ???? (5)	SN_QNO_SD_RE_041	SN_PAY_QNO_SD_RE_041	xxx	SN_PAYCON_QNO_SD_RE_041	SN_NN_QNO_SD_RE_041	SN_NC_QNO_SD_RE_041	
1	519	QNO_SD_RE_042	110	<???> ??? ???? (6)	SN_QNO_SD_RE_042	SN_PAY_QNO_SD_RE_042	xxx	SN_PAYCON_QNO_SD_RE_042	SN_NN_QNO_SD_RE_042	SN_NC_QNO_SD_RE_042	
1	520	QNO_SD_RE_043	110	<???> ??? ???? (7)	SN_QNO_SD_RE_043	SN_PAY_QNO_SD_RE_043	xxx	SN_PAYCON_QNO_SD_RE_043	SN_NN_QNO_SD_RE_043	SN_NC_QNO_SD_RE_043	
1	521	QNO_SD_RE_044	110	<???> ??? ?? (1)	SN_QNO_SD_RE_044	SN_PAY_QNO_SD_RE_044	xxx	SN_PAYCON_QNO_SD_RE_044	SN_NN_QNO_SD_RE_044	SN_NC_QNO_SD_RE_044	
1	522	QNO_SD_RE_045	110	<???> ??? ?? (2)	SN_QNO_SD_RE_045	SN_PAY_QNO_SD_RE_045	xxx	SN_PAYCON_QNO_SD_RE_045	SN_NN_QNO_SD_RE_045	SN_NC_QNO_SD_RE_045	
1	523	QNO_SD_RE_046	110	<???> ??? ?? (3)	SN_QNO_SD_RE_046	SN_PAY_QNO_SD_RE_046	xxx	SN_PAYCON_QNO_SD_RE_046	SN_NN_QNO_SD_RE_046	SN_NC_QNO_SD_RE_046	
1	524	QNO_SD_MA_001	100	<??? ??> ????? ??	SN_QNO_SD_MA_001	SN_PAY_QNO_SD_MA_001	xxx	SN_PAYCON_QNO_SD_MA_001	SN_NN_QNO_SD_MA_001	SN_NC_QNO_SD_MA_001	
1	525	QNO_SD_MA_002	100	<??? ??> ??? ??	SN_QNO_SD_MA_002	SN_PAY_QNO_SD_MA_002	xxx	SN_PAYCON_QNO_SD_MA_002	SN_NN_QNO_SD_MA_002	SN_NC_QNO_SD_MA_002	
1	526	QNO_SD_MA_003	100	<??? ??> ??? ??	SN_QNO_SD_MA_003	SN_PAY_QNO_SD_MA_003	xxx	SN_PAYCON_QNO_SD_MA_003	SN_NN_QNO_SD_MA_003	SN_NC_QNO_SD_MA_003	
1	527	QNO_SD_MA_004	100	<??? ??> ?? ??	SN_QNO_SD_MA_004	SN_PAY_QNO_SD_MA_004	xxx	SN_PAYCON_QNO_SD_MA_004	SN_NN_QNO_SD_MA_004	SN_NC_QNO_SD_MA_004	
1	528	QNO_SD_MA_005	101	<??? ??> ???? ?? (1)	SN_QNO_SD_MA_005	SN_PAY_QNO_SD_MA_005	xxx	SN_PAYCON_QNO_SD_MA_005	SN_NN_QNO_SD_MA_005	SN_NC_QNO_SD_MA_005	
1	529	QNO_SD_MA_006	101	<??? ??> ???? ?? (2)	SN_QNO_SD_MA_006	SN_PAY_QNO_SD_MA_006	xxx	SN_PAYCON_QNO_SD_MA_006	SN_NN_QNO_SD_MA_006	SN_NC_QNO_SD_MA_006	
1	530	QNO_SD_MA_007	101	<??? ??> ????? ??	SN_QNO_SD_MA_007	SN_PAY_QNO_SD_MA_007	xxx	SN_PAYCON_QNO_SD_MA_007	SN_NN_QNO_SD_MA_007	SN_NC_QNO_SD_MA_007	
1	531	QNO_SD_MA_008	101	<??? ??> ??? ?? (1)	SN_QNO_SD_MA_008	SN_PAY_QNO_SD_MA_008	xxx	SN_PAYCON_QNO_SD_MA_008	SN_NN_QNO_SD_MA_008	SN_NC_QNO_SD_MA_008	
1	532	QNO_SD_MA_009	101	<??? ??> ??? ?? (2)	SN_QNO_SD_MA_009	SN_PAY_QNO_SD_MA_009	xxx	SN_PAYCON_QNO_SD_MA_009	SN_NN_QNO_SD_MA_009	SN_NC_QNO_SD_MA_009	
1	533	QNO_SD_MA_010	101	<??? ??> ??? ??	SN_QNO_SD_MA_010	SN_PAY_QNO_SD_MA_010	xxx	SN_PAYCON_QNO_SD_MA_010	SN_NN_QNO_SD_MA_010	SN_NC_QNO_SD_MA_010	
1	534	QNO_SD_MA_011	101	<??? ??> ??? ?? ??	SN_QNO_SD_MA_011	SN_PAY_QNO_SD_MA_011	xxx	SN_PAYCON_QNO_SD_MA_011	SN_NN_QNO_SD_MA_011	SN_NC_QNO_SD_MA_011	
1	535	QNO_SD_MA_012	102	<??? ??> ???? ?? (1)	SN_QNO_SD_MA_012	SN_PAY_QNO_SD_MA_012	xxx	SN_PAYCON_QNO_SD_MA_012	SN_NN_QNO_SD_MA_012	SN_NC_QNO_SD_MA_012	
1	536	QNO_SD_MA_013	104	<??? ??> ???? ?? (2)	SN_QNO_SD_MA_013	SN_PAY_QNO_SD_MA_013	xxx	SN_PAYCON_QNO_SD_MA_013	SN_NN_QNO_SD_MA_013	SN_NC_QNO_SD_MA_013	
1	537	QNO_SD_MA_014	105	<??? ??> ???? ?? (3)	SN_QNO_SD_MA_014	SN_PAY_QNO_SD_MA_014	xxx	SN_PAYCON_QNO_SD_MA_014	SN_NN_QNO_SD_MA_014	SN_NC_QNO_SD_MA_014	
1	538	QNO_SD_MA_015	103	<??? ??> ????? ??	SN_QNO_SD_MA_015	SN_PAY_QNO_SD_MA_015	xxx	SN_PAYCON_QNO_SD_MA_015	SN_NN_QNO_SD_MA_015	SN_NC_QNO_SD_MA_015	
1	539	QNO_SD_MA_016	105	<??? ??> ?? ??	SN_QNO_SD_MA_016	SN_PAY_QNO_SD_MA_016	xxx	SN_PAYCON_QNO_SD_MA_016	SN_NN_QNO_SD_MA_016	SN_NC_QNO_SD_MA_016	
1	540	QNO_SD_MA_017	105	<??? ??> ???? ?? (1)	SN_QNO_SD_MA_017	SN_PAY_QNO_SD_MA_017	xxx	SN_PAYCON_QNO_SD_MA_017	SN_NN_QNO_SD_MA_017	SN_NC_QNO_SD_MA_017	
1	541	QNO_SD_MA_018	106	<??? ??> ???? ?? (2)	SN_QNO_SD_MA_018	SN_PAY_QNO_SD_MA_018	xxx	SN_PAYCON_QNO_SD_MA_018	SN_NN_QNO_SD_MA_018	SN_NC_QNO_SD_MA_018	
1	542	QNO_SD_MA_019	107	<??? ??> ???? ?? (3)	SN_QNO_SD_MA_019	SN_PAY_QNO_SD_MA_019	xxx	SN_PAYCON_QNO_SD_MA_019	SN_NN_QNO_SD_MA_019	SN_NC_QNO_SD_MA_019	
1	543	QNO_SD_MA_020	108	<??? ??> ???? ?? (4)	SN_QNO_SD_MA_020	SN_PAY_QNO_SD_MA_020	xxx	SN_PAYCON_QNO_SD_MA_020	SN_NN_QNO_SD_MA_020	SN_NC_QNO_SD_MA_020	
1	544	QNO_SD_MA_021	109	<??? ??> ???? ?? (5)	SN_QNO_SD_MA_021	SN_PAY_QNO_SD_MA_021	xxx	SN_PAYCON_QNO_SD_MA_021	SN_NN_QNO_SD_MA_021	SN_NC_QNO_SD_MA_021	
1	545	QNO_SD_MA_022	106	<??? ??> ?? ?? ??	SN_QNO_SD_MA_022	SN_PAY_QNO_SD_MA_022	xxx	SN_PAYCON_QNO_SD_MA_022	SN_NN_QNO_SD_MA_022	SN_NC_QNO_SD_MA_022	
1	546	QNO_SD_MA_023	107	<??? ??> ??? ?? ?? (1)	SN_QNO_SD_MA_023	SN_PAY_QNO_SD_MA_023	xxx	SN_PAYCON_QNO_SD_MA_023	SN_NN_QNO_SD_MA_023	SN_NC_QNO_SD_MA_023	
1	547	QNO_SD_MA_024	108	<??? ??> ??? ?? ?? (2)	SN_QNO_SD_MA_024	SN_PAY_QNO_SD_MA_024	xxx	SN_PAYCON_QNO_SD_MA_024	SN_NN_QNO_SD_MA_024	SN_NC_QNO_SD_MA_024	
1	548	QNO_SD_MA_025	108	<??? ??> ??? ?? ?? (3)	SN_QNO_SD_MA_025	SN_PAY_QNO_SD_MA_025	xxx	SN_PAYCON_QNO_SD_MA_025	SN_NN_QNO_SD_MA_025	SN_NC_QNO_SD_MA_025	
1	549	QNO_SD_MA_026	109	<??? ??> ??? ?? ?? (4)	SN_QNO_SD_MA_026	SN_PAY_QNO_SD_MA_026	xxx	SN_PAYCON_QNO_SD_MA_026	SN_NN_QNO_SD_MA_026	SN_NC_QNO_SD_MA_026	
1	550	QNO_SD_MA_027	110	<??? ??> ??? ?? ?? (5)	SN_QNO_SD_MA_027	SN_PAY_QNO_SD_MA_027	xxx	SN_PAYCON_QNO_SD_MA_027	SN_NN_QNO_SD_MA_027	SN_NC_QNO_SD_MA_027	
1	551	QNO_SD_MA_028	107	<??? ??> ??? ??	SN_QNO_SD_MA_028	SN_PAY_QNO_SD_MA_028	xxx	SN_PAYCON_QNO_SD_MA_028	SN_NN_QNO_SD_MA_028	SN_NC_QNO_SD_MA_028	
1	552	QNO_SD_MA_029	110	<??? ??> ???? ?? (1)	SN_QNO_SD_MA_029	SN_PAY_QNO_SD_MA_029	xxx	SN_PAYCON_QNO_SD_MA_029	SN_NN_QNO_SD_MA_029	SN_NC_QNO_SD_MA_029	
1	553	QNO_SD_MA_030	110	<??? ??> ???? ?? (2)	SN_QNO_SD_MA_030	SN_PAY_QNO_SD_MA_030	xxx	SN_PAYCON_QNO_SD_MA_030	SN_NN_QNO_SD_MA_030	SN_NC_QNO_SD_MA_030	
1	554	QNO_SD_MA_031	110	<??? ??> ???? ?? (3)	SN_QNO_SD_MA_031	SN_PAY_QNO_SD_MA_031	xxx	SN_PAYCON_QNO_SD_MA_031	SN_NN_QNO_SD_MA_031	SN_NC_QNO_SD_MA_031	
1	555	QNO_SD_MA_032	110	<??? ??> ???? ?? (4)	SN_QNO_SD_MA_032	SN_PAY_QNO_SD_MA_032	xxx	SN_PAYCON_QNO_SD_MA_032	SN_NN_QNO_SD_MA_032	SN_NC_QNO_SD_MA_032	
1	556	QNO_SD_MA_033	110	<??? ??> ???? ?? (5)	SN_QNO_SD_MA_033	SN_PAY_QNO_SD_MA_033	xxx	SN_PAYCON_QNO_SD_MA_033	SN_NN_QNO_SD_MA_033	SN_NC_QNO_SD_MA_033	
1	557	QNO_SD_MA_034	110	<??? ??> ??? ??	SN_QNO_SD_MA_034	SN_PAY_QNO_SD_MA_034	xxx	SN_PAYCON_QNO_SD_MA_034	SN_NN_QNO_SD_MA_034	SN_NC_QNO_SD_MA_034	
1	558	QNO_SD_MA_035	108	<??? ??> ??? ??	SN_QNO_SD_MA_035	SN_PAY_QNO_SD_MA_035	xxx	SN_PAYCON_QNO_SD_MA_035	SN_NN_QNO_SD_MA_035	SN_NC_QNO_SD_MA_035	
1	559	QNO_SD_SU_001	100	<???> ?? ?? (1)	SN_QNO_SD_SU_001	SN_PAY_QNO_SD_SU_001	xxx	SN_PAYCON_QNO_SD_SU_001	SN_NN_QNO_SD_SU_001	SN_NC_QNO_SD_SU_001	
1	560	QNO_SD_SU_002	100	<???> ?? ?? (2)	SN_QNO_SD_SU_002	SN_PAY_QNO_SD_SU_002	xxx	SN_PAYCON_QNO_SD_SU_002	SN_NN_QNO_SD_SU_002	SN_NC_QNO_SD_SU_002	
1	561	QNO_SD_SU_003	101	<???> ?? ??? (??)	SN_QNO_SD_SU_003	SN_PAY_QNO_SD_SU_003	xxx	SN_PAYCON_QNO_SD_SU_003	SN_NN_QNO_SD_SU_003	SN_NC_QNO_SD_SU_003	
1	562	QNO_SD_SU_004	101	<???> ?? ??? (???)	SN_QNO_SD_SU_004	SN_PAY_QNO_SD_SU_004	xxx	SN_PAYCON_QNO_SD_SU_004	SN_NN_QNO_SD_SU_004	SN_NC_QNO_SD_SU_004	
1	563	QNO_SD_SU_005	101	<???> ?? ??? (??? ???)	SN_QNO_SD_SU_005	SN_PAY_QNO_SD_SU_005	xxx	SN_PAYCON_QNO_SD_SU_005	SN_NN_QNO_SD_SU_005	SN_NC_QNO_SD_SU_005	
1	564	QNO_SD_SU_006	101	<???> ???? (?? ???)	SN_QNO_SD_SU_006	SN_PAY_QNO_SD_SU_006	xxx	SN_PAYCON_QNO_SD_SU_006	SN_NN_QNO_SD_SU_006	SN_NC_QNO_SD_SU_006	
1	565	QNO_SD_SU_007	102	<???> ?? ??? (??)	SN_QNO_SD_SU_007	SN_PAY_QNO_SD_SU_007	xxx	SN_PAYCON_QNO_SD_SU_007	SN_NN_QNO_SD_SU_007	SN_NC_QNO_SD_SU_007	
1	566	QNO_SD_SU_008	102	<???> ?? ??? (?? ????)	SN_QNO_SD_SU_008	SN_PAY_QNO_SD_SU_008	xxx	SN_PAYCON_QNO_SD_SU_008	SN_NN_QNO_SD_SU_008	SN_NC_QNO_SD_SU_008	
1	567	QNO_SD_SU_009	102	<???> ?? ??? (?? ????)	SN_QNO_SD_SU_009	SN_PAY_QNO_SD_SU_009	xxx	SN_PAYCON_QNO_SD_SU_009	SN_NN_QNO_SD_SU_009	SN_NC_QNO_SD_SU_009	
1	568	QNO_SD_SU_010	102	<???> ???? (??? ??)	SN_QNO_SD_SU_010	SN_PAY_QNO_SD_SU_010	xxx	SN_PAYCON_QNO_SD_SU_010	SN_NN_QNO_SD_SU_010	SN_NC_QNO_SD_SU_010	
1	569	QNO_SD_SU_011	103	<???> ???? (?? ????)	SN_QNO_SD_SU_011	SN_PAY_QNO_SD_SU_011	xxx	SN_PAYCON_QNO_SD_SU_011	SN_NN_QNO_SD_SU_011	SN_NC_QNO_SD_SU_011	
1	570	QNO_SD_SU_012	103	<???> ???? (?? ???)	SN_QNO_SD_SU_012	SN_PAY_QNO_SD_SU_012	xxx	SN_PAYCON_QNO_SD_SU_012	SN_NN_QNO_SD_SU_012	SN_NC_QNO_SD_SU_012	
1	571	QNO_SD_SU_013	104	<???> ???? (??? ???)	SN_QNO_SD_SU_013	SN_PAY_QNO_SD_SU_013	xxx	SN_PAYCON_QNO_SD_SU_013	SN_NN_QNO_SD_SU_013	SN_NC_QNO_SD_SU_013	
1	572	QNO_SD_SU_014	104	<???> ???? (??? ????)	SN_QNO_SD_SU_014	SN_PAY_QNO_SD_SU_014	xxx	SN_PAYCON_QNO_SD_SU_014	SN_NN_QNO_SD_SU_014	SN_NC_QNO_SD_SU_014	
1	573	QNO_SD_SU_015	104	<???> ???? (????)	SN_QNO_SD_SU_015	SN_PAY_QNO_SD_SU_015	xxx	SN_PAYCON_QNO_SD_SU_015	SN_NN_QNO_SD_SU_015	SN_NC_QNO_SD_SU_015	
1	574	QNO_SD_SU_016	105	<???> ?? ?? (?? ????)	SN_QNO_SD_SU_016	SN_PAY_QNO_SD_SU_016	xxx	SN_PAYCON_QNO_SD_SU_016	SN_NN_QNO_SD_SU_016	SN_NC_QNO_SD_SU_016	
1	575	QNO_SD_SU_017	106	<???> ?? ?? (?? ????)	SN_QNO_SD_SU_017	SN_PAY_QNO_SD_SU_017	xxx	SN_PAYCON_QNO_SD_SU_017	SN_NN_QNO_SD_SU_017	SN_NC_QNO_SD_SU_017	
1	576	QNO_SD_SU_018	107	<???> ?? ?? (?? ????)	SN_QNO_SD_SU_018	SN_PAY_QNO_SD_SU_018	xxx	SN_PAYCON_QNO_SD_SU_018	SN_NN_QNO_SD_SU_018	SN_NC_QNO_SD_SU_018	
1	577	QNO_SD_SU_019	108	<???> ?? ?? (?? ???)	SN_QNO_SD_SU_019	SN_PAY_QNO_SD_SU_019	xxx	SN_PAYCON_QNO_SD_SU_019	SN_NN_QNO_SD_SU_019	SN_NC_QNO_SD_SU_019	
1	578	QNO_SD_SU_020	109	<???> ?? ?? (?? ????)	SN_QNO_SD_SU_020	SN_PAY_QNO_SD_SU_020	xxx	SN_PAYCON_QNO_SD_SU_020	SN_NN_QNO_SD_SU_020	SN_NC_QNO_SD_SU_020	
1	579	QNO_SD_SU_021	105	<???> ???? (??)	SN_QNO_SD_SU_021	SN_PAY_QNO_SD_SU_021	xxx	SN_PAYCON_QNO_SD_SU_021	SN_NN_QNO_SD_SU_021	SN_NC_QNO_SD_SU_021	
1	580	QNO_SD_SU_022	105	<???> ???? (???)	SN_QNO_SD_SU_022	SN_PAY_QNO_SD_SU_022	xxx	SN_PAYCON_QNO_SD_SU_022	SN_NN_QNO_SD_SU_022	SN_NC_QNO_SD_SU_022	
1	581	QNO_SD_SU_023	106	<???> ???? (????)	SN_QNO_SD_SU_023	SN_PAY_QNO_SD_SU_023	xxx	SN_PAYCON_QNO_SD_SU_023	SN_NN_QNO_SD_SU_023	SN_NC_QNO_SD_SU_023	
1	582	QNO_SD_SU_024	107	<???> ???? (????)	SN_QNO_SD_SU_024	SN_PAY_QNO_SD_SU_024	xxx	SN_PAYCON_QNO_SD_SU_024	SN_NN_QNO_SD_SU_024	SN_NC_QNO_SD_SU_024	
1	583	QNO_SD_SU_025	107	<???> ???? (?? ??)	SN_QNO_SD_SU_025	SN_PAY_QNO_SD_SU_025	xxx	SN_PAYCON_QNO_SD_SU_025	SN_NN_QNO_SD_SU_025	SN_NC_QNO_SD_SU_025	
1	584	QNO_SD_SU_026	107	<???> ???? (????)	SN_QNO_SD_SU_026	SN_PAY_QNO_SD_SU_026	xxx	SN_PAYCON_QNO_SD_SU_026	SN_NN_QNO_SD_SU_026	SN_NC_QNO_SD_SU_026	
1	585	QNO_SD_SU_027	108	<???> ?? ?? (?? ????)	SN_QNO_SD_SU_027	SN_PAY_QNO_SD_SU_027	xxx	SN_PAYCON_QNO_SD_SU_027	SN_NN_QNO_SD_SU_027	SN_NC_QNO_SD_SU_027	
1	586	QNO_SD_SU_028	109	<???> ?? ?? (?? ????)	SN_QNO_SD_SU_028	SN_PAY_QNO_SD_SU_028	xxx	SN_PAYCON_QNO_SD_SU_028	SN_NN_QNO_SD_SU_028	SN_NC_QNO_SD_SU_028	
1	587	QNO_SD_SU_029	110	<???> ?? ?? (?? ????)	SN_QNO_SD_SU_029	SN_PAY_QNO_SD_SU_029	xxx	SN_PAYCON_QNO_SD_SU_029	SN_NN_QNO_SD_SU_029	SN_NC_QNO_SD_SU_029	
1	588	QNO_SD_SU_030	110	<???> ?? ?? (?? ???)	SN_QNO_SD_SU_030	SN_PAY_QNO_SD_SU_030	xxx	SN_PAYCON_QNO_SD_SU_030	SN_NN_QNO_SD_SU_030	SN_NC_QNO_SD_SU_030	
1	589	QNO_SD_SU_031	110	<???> ?? ?? (?? ????)	SN_QNO_SD_SU_031	SN_PAY_QNO_SD_SU_031	xxx	SN_PAYCON_QNO_SD_SU_031	SN_NN_QNO_SD_SU_031	SN_NC_QNO_SD_SU_031	
1	590	QNO_SD_SU_032	108	<???> ???? (????)	SN_QNO_SD_SU_032	SN_PAY_QNO_SD_SU_032	xxx	SN_PAYCON_QNO_SD_SU_032	SN_NN_QNO_SD_SU_032	SN_NC_QNO_SD_SU_032	
1	591	QNO_SD_SU_033	108	<???> ???? (???)	SN_QNO_SD_SU_033	SN_PAY_QNO_SD_SU_033	xxx	SN_PAYCON_QNO_SD_SU_033	SN_NN_QNO_SD_SU_033	SN_NC_QNO_SD_SU_033	
1	592	QNO_SD_SU_034	109	<???> ???? (???)	SN_QNO_SD_SU_034	SN_PAY_QNO_SD_SU_034	xxx	SN_PAYCON_QNO_SD_SU_034	SN_NN_QNO_SD_SU_034	SN_NC_QNO_SD_SU_034	
1	593	QNO_SD_SU_035	109	<???> ???? (???? ??)	SN_QNO_SD_SU_035	SN_PAY_QNO_SD_SU_035	xxx	SN_PAYCON_QNO_SD_SU_035	SN_NN_QNO_SD_SU_035	SN_NC_QNO_SD_SU_035	
1	594	QNO_SD_SU_036	106	<???> ???? (?? ??)	SN_QNO_SD_SU_036	SN_PAY_QNO_SD_SU_036	xxx	SN_PAYCON_QNO_SD_SU_036	SN_NN_QNO_SD_SU_036	SN_NC_QNO_SD_SU_036	
1	595	QNO_SD_SU_037	109	<???> ???? (???)	SN_QNO_SD_SU_037	SN_PAY_QNO_SD_SU_037	xxx	SN_PAYCON_QNO_SD_SU_037	SN_NN_QNO_SD_SU_037	SN_NC_QNO_SD_SU_037	
1	596	QNO_SD_SU_038	110	<???> ???? (???)	SN_QNO_SD_SU_038	SN_PAY_QNO_SD_SU_038	xxx	SN_PAYCON_QNO_SD_SU_038	SN_NN_QNO_SD_SU_038	SN_NC_QNO_SD_SU_038	
1	597	QNO_SD_SU_039	106	<???> ???? (??)	SN_QNO_SD_SU_039	SN_PAY_QNO_SD_SU_039	xxx	SN_PAYCON_QNO_SD_SU_039	SN_NN_QNO_SD_SU_039	SN_NC_QNO_SD_SU_039	
1	598	QNO_SD_SU_040	110	<???> ?? ?? (?? ????)	SN_QNO_SD_SU_040	SN_PAY_QNO_SD_SU_040	xxx	SN_PAYCON_QNO_SD_SU_040	SN_NN_QNO_SD_SU_040	SN_NC_QNO_SD_SU_040	
1	599	QNO_SD_SU_041	110	<???> ?? ?? (?? ????)	SN_QNO_SD_SU_041	SN_PAY_QNO_SD_SU_041	xxx	SN_PAYCON_QNO_SD_SU_041	SN_NN_QNO_SD_SU_041	SN_NC_QNO_SD_SU_041	
1	600	QNO_SD_SU_042	110	<???> ?? ?? (?? ????)	SN_QNO_SD_SU_042	SN_PAY_QNO_SD_SU_042	xxx	SN_PAYCON_QNO_SD_SU_042	SN_NN_QNO_SD_SU_042	SN_NC_QNO_SD_SU_042	
1	601	QNO_SD_SU_043	110	<???> ?? ?? (?? ???)	SN_QNO_SD_SU_043	SN_PAY_QNO_SD_SU_043	xxx	SN_PAYCON_QNO_SD_SU_043	SN_NN_QNO_SD_SU_043	SN_NC_QNO_SD_SU_043	
1	602	QNO_SD_SU_044	110	<???> ?? ?? (?? ????)	SN_QNO_SD_SU_044	SN_PAY_QNO_SD_SU_044	xxx	SN_PAYCON_QNO_SD_SU_044	SN_NN_QNO_SD_SU_044	SN_NC_QNO_SD_SU_044	
1	603	QNO_SD_SU_045	100	<???> ??? ??	SN_QNO_SD_SU_045	SN_PAY_QNO_SD_SU_045	xxx	SN_PAYCON_QNO_SD_SU_045	SN_NN_QNO_SD_SU_045	SN_NC_QNO_SD_SU_045	
1	604	QNO_SD_GU_001	105	<???> ?? ??? ?? (??)	SN_QNO_SD_GU_001	SN_PAY_QNO_SD_GU_001	xxx	SN_PAYCON_QNO_SD_GU_001	SN_NN_QNO_SD_GU_001	SN_NC_QNO_SD_GU_001	
1	605	QNO_SD_GU_002	105	<???> ?? ??? ?? (??)	SN_QNO_SD_GU_002	SN_PAY_QNO_SD_GU_002	xxx	SN_PAYCON_QNO_SD_GU_002	SN_NN_QNO_SD_GU_002	SN_NC_QNO_SD_GU_002	
1	606	QNO_SD_GU_003	105	<???> ?? ??? ?? (??)	SN_QNO_SD_GU_003	SN_PAY_QNO_SD_GU_003	xxx	SN_PAYCON_QNO_SD_GU_003	SN_NN_QNO_SD_GU_003	SN_NC_QNO_SD_GU_003	
1	607	QNO_SD_GU_004	105	<???> ?? ?? ?? (1)	SN_QNO_SD_GU_004	SN_PAY_QNO_SD_GU_004	xxx	SN_PAYCON_QNO_SD_GU_004	SN_NN_QNO_SD_GU_004	SN_NC_QNO_SD_GU_004	
1	608	QNO_SD_GU_005	105	<???> ?? ?? ?? (2)	SN_QNO_SD_GU_005	SN_PAY_QNO_SD_GU_005	xxx	SN_PAYCON_QNO_SD_GU_005	SN_NN_QNO_SD_GU_005	SN_NC_QNO_SD_GU_005	
1	609	QNO_SD_GU_006	105	<???> ??? ?? (1)	SN_QNO_SD_GU_006	SN_PAY_QNO_SD_GU_006	xxx	SN_PAYCON_QNO_SD_GU_006	SN_NN_QNO_SD_GU_006	SN_NC_QNO_SD_GU_006	
1	610	QNO_SD_GU_007	105	<???> ??? ?? (2)	SN_QNO_SD_GU_007	SN_PAY_QNO_SD_GU_007	xxx	SN_PAYCON_QNO_SD_GU_007	SN_NN_QNO_SD_GU_007	SN_NC_QNO_SD_GU_007	
1	611	QNO_SD_GU_008	105	<???> ?? ?? (1)	SN_QNO_SD_GU_008	SN_PAY_QNO_SD_GU_008	xxx	SN_PAYCON_QNO_SD_GU_008	SN_NN_QNO_SD_GU_008	SN_NC_QNO_SD_GU_008	
1	613	QNO_SD_GU_010	105	<???> ?? ?? ?? (1)	SN_QNO_SD_GU_010	SN_PAY_QNO_SD_GU_010	xxx	SN_PAYCON_QNO_SD_GU_010	SN_NN_QNO_SD_GU_010	SN_NC_QNO_SD_GU_010	
1	614	QNO_SD_GU_011	105	<???> ?? ?? ?? (2)	SN_QNO_SD_GU_011	SN_PAY_QNO_SD_GU_011	xxx	SN_PAYCON_QNO_SD_GU_011	SN_NN_QNO_SD_GU_011	SN_NC_QNO_SD_GU_011	
1	615	QNO_SD_GU_012	105	<???> ??? ?? (1)	SN_QNO_SD_GU_012	SN_PAY_QNO_SD_GU_012	xxx	SN_PAYCON_QNO_SD_GU_012	SN_NN_QNO_SD_GU_012	SN_NC_QNO_SD_GU_012	
1	616	QNO_SD_GU_013	105	<???> ??? ?? (2)	SN_QNO_SD_GU_013	SN_PAY_QNO_SD_GU_013	xxx	SN_PAYCON_QNO_SD_GU_013	SN_NN_QNO_SD_GU_013	SN_NC_QNO_SD_GU_013	
1	617	QNO_SD_GU_014	105	<???> ?? ?? (1)	SN_QNO_SD_GU_014	SN_PAY_QNO_SD_GU_014	xxx	SN_PAYCON_QNO_SD_GU_014	SN_NN_QNO_SD_GU_014	SN_NC_QNO_SD_GU_014	
1	619	QNO_SD_GU_016	105	<???> ?? ?? ?? (1)	SN_QNO_SD_GU_016	SN_PAY_QNO_SD_GU_016	xxx	SN_PAYCON_QNO_SD_GU_016	SN_NN_QNO_SD_GU_016	SN_NC_QNO_SD_GU_016	
1	620	QNO_SD_GU_017	105	<???> ?? ?? ?? (2)	SN_QNO_SD_GU_017	SN_PAY_QNO_SD_GU_017	xxx	SN_PAYCON_QNO_SD_GU_017	SN_NN_QNO_SD_GU_017	SN_NC_QNO_SD_GU_017	
1	621	QNO_SD_GU_018	105	<???> ??? ?? (1)	SN_QNO_SD_GU_018	SN_PAY_QNO_SD_GU_018	xxx	SN_PAYCON_QNO_SD_GU_018	SN_NN_QNO_SD_GU_018	SN_NC_QNO_SD_GU_018	
1	622	QNO_SD_GU_019	105	<???> ??? ?? (2)	SN_QNO_SD_GU_019	SN_PAY_QNO_SD_GU_019	xxx	SN_PAYCON_QNO_SD_GU_019	SN_NN_QNO_SD_GU_019	SN_NC_QNO_SD_GU_019	
1	623	QNO_SD_GU_020	105	<???> ?? ?? (1)	SN_QNO_SD_GU_020	SN_PAY_QNO_SD_GU_020	xxx	SN_PAYCON_QNO_SD_GU_020	SN_NN_QNO_SD_GU_020	SN_NC_QNO_SD_GU_020	
1	625	QNO_SD_GU_022	105	<???> ?? ?? ?? (3)	SN_QNO_SD_GU_022	SN_PAY_QNO_SD_GU_022	xxx	SN_PAYCON_QNO_SD_GU_022	SN_NN_QNO_SD_GU_022	SN_NC_QNO_SD_GU_022	
1	626	QNO_SD_GU_023	105	<???> ?? ?? ?? (4)	SN_QNO_SD_GU_023	SN_PAY_QNO_SD_GU_023	xxx	SN_PAYCON_QNO_SD_GU_023	SN_NN_QNO_SD_GU_023	SN_NC_QNO_SD_GU_023	
1	627	QNO_SD_GU_024	105	<???> ?? ?? ?? (5)	SN_QNO_SD_GU_024	SN_PAY_QNO_SD_GU_024	xxx	SN_PAYCON_QNO_SD_GU_024	SN_NN_QNO_SD_GU_024	SN_NC_QNO_SD_GU_024	
1	628	QNO_SD_GU_025	105	<???> ?? ?? ?? (6)	SN_QNO_SD_GU_025	SN_PAY_QNO_SD_GU_025	xxx	SN_PAYCON_QNO_SD_GU_025	SN_NN_QNO_SD_GU_025	SN_NC_QNO_SD_GU_025	
1	629	QNO_SD_GU_026	105	<???> ??? ?? (3)	SN_QNO_SD_GU_026	SN_PAY_QNO_SD_GU_026	xxx	SN_PAYCON_QNO_SD_GU_026	SN_NN_QNO_SD_GU_026	SN_NC_QNO_SD_GU_026	
1	631	QNO_SD_GU_028	105	<???> ?? ?? ?? (3)	SN_QNO_SD_GU_028	SN_PAY_QNO_SD_GU_028	xxx	SN_PAYCON_QNO_SD_GU_028	SN_NN_QNO_SD_GU_028	SN_NC_QNO_SD_GU_028	
1	632	QNO_SD_GU_029	105	<???> ?? ?? ?? (4)	SN_QNO_SD_GU_029	SN_PAY_QNO_SD_GU_029	xxx	SN_PAYCON_QNO_SD_GU_029	SN_NN_QNO_SD_GU_029	SN_NC_QNO_SD_GU_029	
1	633	QNO_SD_GU_030	105	<???> ?? ?? ?? (5)	SN_QNO_SD_GU_030	SN_PAY_QNO_SD_GU_030	xxx	SN_PAYCON_QNO_SD_GU_030	SN_NN_QNO_SD_GU_030	SN_NC_QNO_SD_GU_030	
1	634	QNO_SD_GU_031	105	<???> ?? ?? ?? (6)	SN_QNO_SD_GU_031	SN_PAY_QNO_SD_GU_031	xxx	SN_PAYCON_QNO_SD_GU_031	SN_NN_QNO_SD_GU_031	SN_NC_QNO_SD_GU_031	
1	635	QNO_SD_GU_032	105	<???> ??? ?? (3)	SN_QNO_SD_GU_032	SN_PAY_QNO_SD_GU_032	xxx	SN_PAYCON_QNO_SD_GU_032	SN_NN_QNO_SD_GU_032	SN_NC_QNO_SD_GU_032	
1	637	QNO_SD_GU_034	105	<???> ?? ?? ?? (3)	SN_QNO_SD_GU_034	SN_PAY_QNO_SD_GU_034	xxx	SN_PAYCON_QNO_SD_GU_034	SN_NN_QNO_SD_GU_034	SN_NC_QNO_SD_GU_034	
1	638	QNO_SD_GU_035	105	<???> ?? ?? ?? (4)	SN_QNO_SD_GU_035	SN_PAY_QNO_SD_GU_035	xxx	SN_PAYCON_QNO_SD_GU_035	SN_NN_QNO_SD_GU_035	SN_NC_QNO_SD_GU_035	
1	639	QNO_SD_GU_036	105	<???> ?? ?? ?? (5)	SN_QNO_SD_GU_036	SN_PAY_QNO_SD_GU_036	xxx	SN_PAYCON_QNO_SD_GU_036	SN_NN_QNO_SD_GU_036	SN_NC_QNO_SD_GU_036	
1	640	QNO_SD_GU_037	105	<???> ?? ?? ?? (6)	SN_QNO_SD_GU_037	SN_PAY_QNO_SD_GU_037	xxx	SN_PAYCON_QNO_SD_GU_037	SN_NN_QNO_SD_GU_037	SN_NC_QNO_SD_GU_037	
1	641	QNO_SD_GU_038	105	<???> ??? ?? (3)	SN_QNO_SD_GU_038	SN_PAY_QNO_SD_GU_038	xxx	SN_PAYCON_QNO_SD_GU_038	SN_NN_QNO_SD_GU_038	SN_NC_QNO_SD_GU_038	
1	643	QNO_SD_HW_001	105	<???> ??? ??? ?	SN_QNO_SD_HW_001	SN_PAY_QNO_SD_HW_001	xxx	SN_PAYCON_QNO_SD_HW_001	SN_NN_QNO_SD_HW_001	SN_NC_QNO_SD_HW_001	
1	644	QNO_SD_HW_002	105	<???> ?? ??? ?????	SN_QNO_SD_HW_002	SN_PAY_QNO_SD_HW_002	xxx	SN_PAYCON_QNO_SD_HW_002	SN_NN_QNO_SD_HW_002	SN_NC_QNO_SD_HW_002	
1	645	QNO_SD_HW_003	105	<???> ?? ??? ?????	SN_QNO_SD_HW_003	SN_PAY_QNO_SD_HW_003	xxx	SN_PAYCON_QNO_SD_HW_003	SN_NN_QNO_SD_HW_003	SN_NC_QNO_SD_HW_003	
1	646	QNO_SD_HW_004	105	<???> ?? ??? ?????	SN_QNO_SD_HW_004	SN_PAY_QNO_SD_HW_004	xxx	SN_PAYCON_QNO_SD_HW_004	SN_NN_QNO_SD_HW_004	SN_NC_QNO_SD_HW_004	
1	647	QNO_SD_HW_005	105	<???> ?? ???? ?????	SN_QNO_SD_HW_005	SN_PAY_QNO_SD_HW_005	xxx	SN_PAYCON_QNO_SD_HW_005	SN_NN_QNO_SD_HW_005	SN_NC_QNO_SD_HW_005	
1	648	QNO_SD_HW_006	105	<???> ?? ??? ?????	SN_QNO_SD_HW_006	SN_PAY_QNO_SD_HW_006	xxx	SN_PAYCON_QNO_SD_HW_006	SN_NN_QNO_SD_HW_006	SN_NC_QNO_SD_HW_006	
1	649	QNO_SD_HW_007	105	<???> ?? ??? ?????	SN_QNO_SD_HW_007	SN_PAY_QNO_SD_HW_007	xxx	SN_PAYCON_QNO_SD_HW_007	SN_NN_QNO_SD_HW_007	SN_NC_QNO_SD_HW_007	
1	650	QNO_SD_HW_008	105	<???> ?? ?? ?????	SN_QNO_SD_HW_008	SN_PAY_QNO_SD_HW_008	xxx	SN_PAYCON_QNO_SD_HW_008	SN_NN_QNO_SD_HW_008	SN_NC_QNO_SD_HW_008	
1	651	QNO_SD_HW_009	110	<???> ??? ??? ? (??)	SN_QNO_SD_HW_009	SN_PAY_QNO_SD_HW_009	xxx	SN_PAYCON_QNO_SD_HW_009	SN_NN_QNO_SD_HW_009	SN_NC_QNO_SD_HW_009	
1	652	QNO_SD_HW_010	110	<???> ?? ??? ?????	SN_QNO_SD_HW_010	SN_PAY_QNO_SD_HW_010	xxx	SN_PAYCON_QNO_SD_HW_010	SN_NN_QNO_SD_HW_010	SN_NC_QNO_SD_HW_010	
1	653	QNO_SD_HW_011	110	<???> ?? ??? ?????	SN_QNO_SD_HW_011	SN_PAY_QNO_SD_HW_011	xxx	SN_PAYCON_QNO_SD_HW_011	SN_NN_QNO_SD_HW_011	SN_NC_QNO_SD_HW_011	
1	654	QNO_SD_HW_012	110	<???> ?? ??? ?????	SN_QNO_SD_HW_012	SN_PAY_QNO_SD_HW_012	xxx	SN_PAYCON_QNO_SD_HW_012	SN_NN_QNO_SD_HW_012	SN_NC_QNO_SD_HW_012	
1	655	QNO_SD_HW_013	110	<???> ?? ???? ?????	SN_QNO_SD_HW_013	SN_PAY_QNO_SD_HW_013	xxx	SN_PAYCON_QNO_SD_HW_013	SN_NN_QNO_SD_HW_013	SN_NC_QNO_SD_HW_013	
1	656	QNO_SD_HW_014	110	<???> ?? ??? ?????	SN_QNO_SD_HW_014	SN_PAY_QNO_SD_HW_014	xxx	SN_PAYCON_QNO_SD_HW_014	SN_NN_QNO_SD_HW_014	SN_NC_QNO_SD_HW_014	
1	657	QNO_SD_HW_015	110	<???> ?? ??? ?????	SN_QNO_SD_HW_015	SN_PAY_QNO_SD_HW_015	xxx	SN_PAYCON_QNO_SD_HW_015	SN_NN_QNO_SD_HW_015	SN_NC_QNO_SD_HW_015	
1	658	QNO_SD_HW_016	110	<???> ?? ?? ?????	SN_QNO_SD_HW_016	SN_PAY_QNO_SD_HW_016	xxx	SN_PAYCON_QNO_SD_HW_016	SN_NN_QNO_SD_HW_016	SN_NC_QNO_SD_HW_016	
1	659	QNO_SD_HW_017	105	<???> ? ?? ?? (??)	SN_QNO_SD_HW_017	SN_PAY_QNO_SD_HW_017	xxx	SN_PAYCON_QNO_SD_HW_017	SN_NN_QNO_SD_HW_017	SN_NC_QNO_SD_HW_017	
1	660	QNO_SD_HW_018	105	<???> ? ??? ?? ???	SN_QNO_SD_HW_018	SN_PAY_QNO_SD_HW_018	xxx	SN_PAYCON_QNO_SD_HW_018	SN_NN_QNO_SD_HW_018	SN_NC_QNO_SD_HW_018	
1	661	QNO_SD_HW_019	110	<???> ? ?? ?? (??)	SN_QNO_SD_HW_019	SN_PAY_QNO_SD_HW_019	xxx	SN_PAYCON_QNO_SD_HW_019	SN_NN_QNO_SD_HW_019	SN_NC_QNO_SD_HW_019	
1	662	QNO_SD_HW_020	110	<???> ????	SN_QNO_SD_HW_020	SN_PAY_QNO_SD_HW_020	xxx	SN_PAYCON_QNO_SD_HW_020	SN_NN_QNO_SD_HW_020	SN_NC_QNO_SD_HW_020	
1	663	QNO_SD_HW_021	105	<???> ? ?? ?? (??)	SN_QNO_SD_HW_021	SN_PAY_QNO_SD_HW_021	xxx	SN_PAYCON_QNO_SD_HW_021	SN_NN_QNO_SD_HW_021	SN_NC_QNO_SD_HW_021	
1	664	QNO_SD_HW_022	105	<???> ? ??? ?? ???	SN_QNO_SD_HW_022	SN_PAY_QNO_SD_HW_022	xxx	SN_PAYCON_QNO_SD_HW_022	SN_NN_QNO_SD_HW_022	SN_NC_QNO_SD_HW_022	
1	665	QNO_SD_HW_023	110	<???> ? ?? ?? (??)	SN_QNO_SD_HW_023	SN_PAY_QNO_SD_HW_023	xxx	SN_PAYCON_QNO_SD_HW_023	SN_NN_QNO_SD_HW_023	SN_NC_QNO_SD_HW_023	
1	666	QNO_SD_HW_024	110	<???> ????	SN_QNO_SD_HW_024	SN_PAY_QNO_SD_HW_024	xxx	SN_PAYCON_QNO_SD_HW_024	SN_NN_QNO_SD_HW_024	SN_NC_QNO_SD_HW_024	
1	667	QNO_KT_PLUS_001	46	<??> ??? ?? ??	SN_QNO_KT_PLUS_001	SN_PAY_QNO_KT_PLUS_001	xxx	SN_PAYCON_QNO_KT_PLUS_001	SN_NN_QNO_KT_PLUS_001	SN_NC_QNO_KT_PLUS_001	
1	668	QNO_KT_PLUS_002	45	<??> ???? ??	SN_QNO_KT_PLUS_002	SN_PAY_QNO_KT_PLUS_002	xxx	SN_PAYCON_QNO_KT_PLUS_002	SN_NN_QNO_KT_PLUS_002	SN_NC_QNO_KT_PLUS_002	
1	669	QNO_KT_PLUS_003	48	<??> ?? ?? ??	SN_QNO_KT_PLUS_003	SN_PAY_QNO_KT_PLUS_003	xxx	SN_PAYCON_QNO_KT_PLUS_003	SN_NN_QNO_KT_PLUS_003	SN_NC_QNO_KT_PLUS_003	
1	670	QNO_KT_PLUS_004	47	<??> ??? ?? ???	SN_QNO_KT_PLUS_004	SN_PAY_QNO_KT_PLUS_004	xxx	SN_PAYCON_QNO_KT_PLUS_004	SN_NN_QNO_KT_PLUS_004	SN_NC_QNO_KT_PLUS_004	
1	671	QNO_KT_PLUS_005	43	<??> ???? ?? ???	SN_QNO_KT_PLUS_005	SN_PAY_QNO_KT_PLUS_005	xxx	SN_PAYCON_QNO_KT_PLUS_005	SN_NN_QNO_KT_PLUS_005	SN_NC_QNO_KT_PLUS_005	
1	672	QNO_KT_PLUS_006	44	<??> ?? ??? ? ?? (1)	SN_QNO_KT_PLUS_006	SN_PAY_QNO_KT_PLUS_006	xxx	SN_PAYCON_QNO_KT_PLUS_006	SN_NN_QNO_KT_PLUS_006	SN_NC_QNO_KT_PLUS_006	
1	673	QNO_KT_PLUS_007	44	<??> ??? ??	SN_QNO_KT_PLUS_007	SN_PAY_QNO_KT_PLUS_007	xxx	SN_PAYCON_QNO_KT_PLUS_007	SN_NN_QNO_KT_PLUS_007	SN_NC_QNO_KT_PLUS_007	
1	674	QNO_KT_PLUS_008	46	<??> ??? ?	SN_QNO_KT_PLUS_008	SN_PAY_QNO_KT_PLUS_008	xxx	SN_PAYCON_QNO_KT_PLUS_008	SN_NN_QNO_KT_PLUS_008	SN_NC_QNO_KT_PLUS_008	
1	675	QNO_KT_PLUS_009	49	<??> ??? ?? ??	SN_QNO_KT_PLUS_009	SN_PAY_QNO_KT_PLUS_009	xxx	SN_PAYCON_QNO_KT_PLUS_009	SN_NN_QNO_KT_PLUS_009	SN_NC_QNO_KT_PLUS_009	
1	676	QNO_KT_PLUS_010	50	<??> ?? ??	SN_QNO_KT_PLUS_010	SN_PAY_QNO_KT_PLUS_010	xxx	SN_PAYCON_QNO_KT_PLUS_010	SN_NN_QNO_KT_PLUS_010	SN_NC_QNO_KT_PLUS_010	
1	677	QNO_KT_PLUS_011	45	<??> ?? ??? ??	SN_QNO_KT_PLUS_011	SN_PAY_QNO_KT_PLUS_011	xxx	SN_PAYCON_QNO_KT_PLUS_011	SN_NN_QNO_KT_PLUS_011	SN_NC_QNO_KT_PLUS_011	
1	678	QNO_KT_PLUS_012	49	<??> ??? ??	SN_QNO_KT_PLUS_012	SN_PAY_QNO_KT_PLUS_012	xxx	SN_PAYCON_QNO_KT_PLUS_012	SN_NN_QNO_KT_PLUS_012	SN_NC_QNO_KT_PLUS_012	
1	679	QNO_KT_PLUS_013	44	<??> ?? ??? ??	SN_QNO_KT_PLUS_013	SN_PAY_QNO_KT_PLUS_013	xxx	SN_PAYCON_QNO_KT_PLUS_013	SN_NN_QNO_KT_PLUS_013	SN_NC_QNO_KT_PLUS_013	
1	680	QNO_KT_PLUS_014	50	<??> ?? ??? ???	SN_QNO_KT_PLUS_014	SN_PAY_QNO_KT_PLUS_014	xxx	SN_PAYCON_QNO_KT_PLUS_014	SN_NN_QNO_KT_PLUS_014	SN_NC_QNO_KT_PLUS_014	
1	681	QNO_KT_PLUS_015	57	<??> ?? ?? ??	SN_QNO_KT_PLUS_015	SN_PAY_QNO_KT_PLUS_015	xxx	SN_PAYCON_QNO_KT_PLUS_015	SN_NN_QNO_KT_PLUS_015	SN_NC_QNO_KT_PLUS_015	
1	682	QNO_KT_PLUS_016	54	<??> ???? ??	SN_QNO_KT_PLUS_016	SN_PAY_QNO_KT_PLUS_016	xxx	SN_PAYCON_QNO_KT_PLUS_016	SN_NN_QNO_KT_PLUS_016	SN_NC_QNO_KT_PLUS_016	
1	683	QNO_KT_PLUS_017	55	<??> ??? ???	SN_QNO_KT_PLUS_017	SN_PAY_QNO_KT_PLUS_017	xxx	SN_PAYCON_QNO_KT_PLUS_017	SN_NN_QNO_KT_PLUS_017	SN_NC_QNO_KT_PLUS_017	
1	684	QNO_KT_PLUS_018	54	<??> ??? ??? ??	SN_QNO_KT_PLUS_018	SN_PAY_QNO_KT_PLUS_018	xxx	SN_PAYCON_QNO_KT_PLUS_018	SN_NN_QNO_KT_PLUS_018	SN_NC_QNO_KT_PLUS_018	
1	685	QNO_KT_PLUS_019	56	<??> ??? ?? ??	SN_QNO_KT_PLUS_019	SN_PAY_QNO_KT_PLUS_019	xxx	SN_PAYCON_QNO_KT_PLUS_019	SN_NN_QNO_KT_PLUS_019	SN_NC_QNO_KT_PLUS_019	
1	686	QNO_KT_PLUS_020	58	<??> ?? ??? ??	SN_QNO_KT_PLUS_020	SN_PAY_QNO_KT_PLUS_020	xxx	SN_PAYCON_QNO_KT_PLUS_020	SN_NN_QNO_KT_PLUS_020	SN_NC_QNO_KT_PLUS_020	
1	687	QNO_KT_PLUS_021	55	<??> ????? ???	SN_QNO_KT_PLUS_021	SN_PAY_QNO_KT_PLUS_021	xxx	SN_PAYCON_QNO_KT_PLUS_021	SN_NN_QNO_KT_PLUS_021	SN_NC_QNO_KT_PLUS_021	
1	688	QNO_KT_PLUS_022	57	<??> ??? ?? ??	SN_QNO_KT_PLUS_022	SN_PAY_QNO_KT_PLUS_022	xxx	SN_PAYCON_QNO_KT_PLUS_022	SN_NN_QNO_KT_PLUS_022	SN_NC_QNO_KT_PLUS_022	
1	689	QNO_KT_PLUS_023	56	<??> ??? ???	SN_QNO_KT_PLUS_023	SN_PAY_QNO_KT_PLUS_023	xxx	SN_PAYCON_QNO_KT_PLUS_023	SN_NN_QNO_KT_PLUS_023	SN_NC_QNO_KT_PLUS_023	
1	690	QNO_KT_PLUS_024	57	<??> ?? ??? ???	SN_QNO_KT_PLUS_024	SN_PAY_QNO_KT_PLUS_024	xxx	SN_PAYCON_QNO_KT_PLUS_024	SN_NN_QNO_KT_PLUS_024	SN_NC_QNO_KT_PLUS_024	
1	691	QNO_KT_PLUS_025	57	<??> ??? ???	SN_QNO_KT_PLUS_025	SN_PAY_QNO_KT_PLUS_025	xxx	SN_PAYCON_QNO_KT_PLUS_025	SN_NN_QNO_KT_PLUS_025	SN_NC_QNO_KT_PLUS_025	
1	692	QNO_KT_PLUS_026	58	<??> ?? ? ?? ?? ??	SN_QNO_KT_PLUS_026	SN_PAY_QNO_KT_PLUS_026	xxx	SN_PAYCON_QNO_KT_PLUS_026	SN_NN_QNO_KT_PLUS_026	SN_NC_QNO_KT_PLUS_026	
1	693	QNO_KT_PLUS_027	51	<??> ?? ?? ??? ??	SN_QNO_KT_PLUS_027	SN_PAY_QNO_KT_PLUS_027	xxx	SN_PAYCON_QNO_KT_PLUS_027	SN_NN_QNO_KT_PLUS_027	SN_NC_QNO_KT_PLUS_027	
1	694	QNO_KT_PLUS_028	52	<??> ?? ??? ? ?? (2)	SN_QNO_KT_PLUS_028	SN_PAY_QNO_KT_PLUS_028	xxx	SN_PAYCON_QNO_KT_PLUS_028	SN_NN_QNO_KT_PLUS_028	SN_NC_QNO_KT_PLUS_028	
1	695	QNO_KT_PLUS_029	52	<??> ?? ??	SN_QNO_KT_PLUS_029	SN_PAY_QNO_KT_PLUS_029	xxx	SN_PAYCON_QNO_KT_PLUS_029	SN_NN_QNO_KT_PLUS_029	SN_NC_QNO_KT_PLUS_029	
1	696	QNO_KT_PLUS_030	53	<??> ???? ??	SN_QNO_KT_PLUS_030	SN_PAY_QNO_KT_PLUS_030	xxx	SN_PAYCON_QNO_KT_PLUS_030	SN_NN_QNO_KT_PLUS_030	SN_NC_QNO_KT_PLUS_030	
1	697	QNO_KT_PLUS_031	59	<??> ???? ???	SN_QNO_KT_PLUS_031	SN_PAY_QNO_KT_PLUS_031	xxx	SN_PAYCON_QNO_KT_PLUS_031	SN_NN_QNO_KT_PLUS_031	SN_NC_QNO_KT_PLUS_031	
1	698	QNO_KT_PLUS_032	60	<??> ?? ??	SN_QNO_KT_PLUS_032	SN_PAY_QNO_KT_PLUS_032	xxx	SN_PAYCON_QNO_KT_PLUS_032	SN_NN_QNO_KT_PLUS_032	SN_NC_QNO_KT_PLUS_032	
1	699	QNO_KT_PLUS_033	71	<?????> ?? ??	SN_QNO_KT_PLUS_033	SN_PAY_QNO_KT_PLUS_033	xxx	SN_PAYCON_QNO_KT_PLUS_033	SN_NN_QNO_KT_PLUS_033	SN_NC_QNO_KT_PLUS_033	
1	700	QNO_KT_PLUS_034	73	<?????> ??? ??	SN_QNO_KT_PLUS_034	SN_PAY_QNO_KT_PLUS_034	xxx	SN_PAYCON_QNO_KT_PLUS_034	SN_NN_QNO_KT_PLUS_034	SN_NC_QNO_KT_PLUS_034	
1	701	QNO_KT_PLUS_035	76	<?????> ????? ???	SN_QNO_KT_PLUS_035	SN_PAY_QNO_KT_PLUS_035	xxx	SN_PAYCON_QNO_KT_PLUS_035	SN_NN_QNO_KT_PLUS_035	SN_NC_QNO_KT_PLUS_035	
1	702	QNO_KT_PLUS_036	74	<?????> ??? ??	SN_QNO_KT_PLUS_036	SN_PAY_QNO_KT_PLUS_036	xxx	SN_PAYCON_QNO_KT_PLUS_036	SN_NN_QNO_KT_PLUS_036	SN_NC_QNO_KT_PLUS_036	
1	703	QNO_KT_PLUS_037	77	<?????> ?? ??? ??	SN_QNO_KT_PLUS_037	SN_PAY_QNO_KT_PLUS_037	xxx	SN_PAYCON_QNO_KT_PLUS_037	SN_NN_QNO_KT_PLUS_037	SN_NC_QNO_KT_PLUS_037	
1	704	QNO_KT_PLUS_038	79	<?????> ??? ??	SN_QNO_KT_PLUS_038	SN_PAY_QNO_KT_PLUS_038	xxx	SN_PAYCON_QNO_KT_PLUS_038	SN_NN_QNO_KT_PLUS_038	SN_NC_QNO_KT_PLUS_038	
1	705	QNO_KT_PLUS_039	80	<?????> ??? ???	SN_QNO_KT_PLUS_039	SN_PAY_QNO_KT_PLUS_039	xxx	SN_PAYCON_QNO_KT_PLUS_039	SN_NN_QNO_KT_PLUS_039	SN_NC_QNO_KT_PLUS_039	
1	706	QNO_KT_PLUS_040	78	<?????> ?? ??? ??	SN_QNO_KT_PLUS_040	SN_PAY_QNO_KT_PLUS_040	xxx	SN_PAYCON_QNO_KT_PLUS_040	SN_NN_QNO_KT_PLUS_040	SN_NC_QNO_KT_PLUS_040	
1	717	QNO_FW_RB1_001	60	<??? ??> ?? ?? ?? ???	SN_QNO_FW_RB1_001	SN_PAY_QNO_FW_RB1_001	xxx	SN_PAYCON_QNO_FW_RB1_001	SN_NN_QNO_FW_RB1_001	SN_NC_QNO_FW_RB1_001	
1	718	QNO_FW_RB1_002	35	<??? ??> ??? ??? ??	SN_QNO_FW_RB1_002	SN_PAY_QNO_FW_RB1_002	xxx	SN_PAYCON_QNO_FW_RB1_002	SN_NN_QNO_FW_RB1_002	SN_NC_QNO_FW_RB1_002	
1	719	QNO_FW_RB1_003	35	<??? ??> ??? ??	SN_QNO_FW_RB1_003	SN_PAY_QNO_FW_RB1_003	xxx	SN_PAYCON_QNO_FW_RB1_003	SN_NN_QNO_FW_RB1_003	SN_NC_QNO_FW_RB1_003	
1	720	QNO_FW_RB1_004	35	<??? ??> ?? ??	SN_QNO_FW_RB1_004	SN_PAY_QNO_FW_RB1_004	xxx	SN_PAYCON_QNO_FW_RB1_004	SN_NN_QNO_FW_RB1_004	SN_NC_QNO_FW_RB1_004	
1	721	QNO_FW_RB1_005	35	<??? ??> ?? ??	SN_QNO_FW_RB1_005	SN_PAY_QNO_FW_RB1_005	xxx	SN_PAYCON_QNO_FW_RB1_005	SN_NN_QNO_FW_RB1_005	SN_NC_QNO_FW_RB1_005	
1	722	QNO_FW_RB1_006	37	<??? ??> ??? ??	SN_QNO_FW_RB1_006	SN_PAY_QNO_FW_RB1_006	xxx	SN_PAYCON_QNO_FW_RB1_006	SN_NN_QNO_FW_RB1_006	SN_NC_QNO_FW_RB1_006	
1	723	QNO_FW_RB1_007	35	<??? ??> ?? ?? ??	SN_QNO_FW_RB1_007	SN_PAY_QNO_FW_RB1_007	xxx	SN_PAYCON_QNO_FW_RB1_007	SN_NN_QNO_FW_RB1_007	SN_NC_QNO_FW_RB1_007	
1	724	QNO_FW_RB1_008	39	<??? ??> ??? ??	SN_QNO_FW_RB1_008	SN_PAY_QNO_FW_RB1_008	xxx	SN_PAYCON_QNO_FW_RB1_008	SN_NN_QNO_FW_RB1_008	SN_NC_QNO_FW_RB1_008	
1	725	QNO_FW_RB1_009	35	<??? ??> ??? ??? ??	SN_QNO_FW_RB1_009	SN_PAY_QNO_FW_RB1_009	xxx	SN_PAYCON_QNO_FW_RB1_009	SN_NN_QNO_FW_RB1_009	SN_NC_QNO_FW_RB1_009	
1	726	QNO_FW_RB1_010	39	<??? ??> ?? ?? ?? ??	SN_QNO_FW_RB1_010	SN_PAY_QNO_FW_RB1_010	xxx	SN_PAYCON_QNO_FW_RB1_010	SN_NN_QNO_FW_RB1_010	SN_NC_QNO_FW_RB1_010	
1	727	QNO_FW_RB1_011	51	<??? ??> ??? ??? ????	SN_QNO_FW_RB1_011	SN_PAY_QNO_FW_RB1_011	xxx	SN_PAYCON_QNO_FW_RB1_011	SN_NN_QNO_FW_RB1_011	SN_NC_QNO_FW_RB1_011	
1	728	QNO_FW_RB1_012	51	<??? ??> ??? ???? ??? ???	SN_QNO_FW_RB1_012	SN_PAY_QNO_FW_RB1_012	xxx	SN_PAYCON_QNO_FW_RB1_012	SN_NN_QNO_FW_RB1_012	SN_NC_QNO_FW_RB1_012	
1	729	QNO_FW_RB1_013	51	<??? ??> ?? ??? ??	SN_QNO_FW_RB1_013	SN_PAY_QNO_FW_RB1_013	xxx	SN_PAYCON_QNO_FW_RB1_013	SN_NN_QNO_FW_RB1_013	SN_NC_QNO_FW_RB1_013	
1	730	QNO_FW_RB1_014	52	<??? ??> ??? ?? ??	SN_QNO_FW_RB1_014	SN_PAY_QNO_FW_RB1_014	xxx	SN_PAYCON_QNO_FW_RB1_014	SN_NN_QNO_FW_RB1_014	SN_NC_QNO_FW_RB1_014	
1	731	QNO_FW_RB1_015	53	<??? ??> ??	SN_QNO_FW_RB1_015	SN_PAY_QNO_FW_RB1_015	xxx	SN_PAYCON_QNO_FW_RB1_015	SN_NN_QNO_FW_RB1_015	SN_NC_QNO_FW_RB1_015	
1	732	QNO_FW_RB1_016	61	<??? ??> ?? ???? ??? ??	SN_QNO_FW_RB1_016	SN_PAY_QNO_FW_RB1_016	xxx	SN_PAYCON_QNO_FW_RB1_016	SN_NN_QNO_FW_RB1_016	SN_NC_QNO_FW_RB1_016	
1	733	QNO_FW_RB1_017	61	<??? ??> ?? ?? ?? (1)	SN_QNO_FW_RB1_017	SN_PAY_QNO_FW_RB1_017	xxx	SN_PAYCON_QNO_FW_RB1_017	SN_NN_QNO_FW_RB1_017	SN_NC_QNO_FW_RB1_017	
1	734	QNO_FW_RB1_018	62	<??? ??> ?? ?? ?? (2)	SN_QNO_FW_RB1_018	SN_PAY_QNO_FW_RB1_018	xxx	SN_PAYCON_QNO_FW_RB1_019	SN_NN_QNO_FW_RB1_018	SN_NC_QNO_FW_RB1_018	
1	735	QNO_FW_RB1_019	61	<??? ??> ?? ?? ?? (3)	SN_QNO_FW_RB1_019	SN_PAY_QNO_FW_RB1_019	xxx	SN_PAYCON_QNO_FW_RB1_018	SN_NN_QNO_FW_RB1_019	SN_NC_QNO_FW_RB1_019	
1	736	QNO_FW_RB1_020	63	<??? ??> ?? ?? ?? (4)	SN_QNO_FW_RB1_020	SN_PAY_QNO_FW_RB1_020	xxx	SN_PAYCON_QNO_FW_RB1_020	SN_NN_QNO_FW_RB1_020	SN_NC_QNO_FW_RB1_020	
1	737	QNO_FW_RB1_021	63	<??? ??> ?? ?? ?? (5)	SN_QNO_FW_RB1_021	SN_PAY_QNO_FW_RB1_021	xxx	SN_PAYCON_QNO_FW_RB1_021	SN_NN_QNO_FW_RB1_021	SN_NC_QNO_FW_RB1_021	
1	738	QNO_FW_RB1_022	63	<??? ??> ?? ??	SN_QNO_FW_RB1_022	SN_PAY_QNO_FW_RB1_022	xxx	SN_PAYCON_QNO_FW_RB1_022	SN_NN_QNO_FW_RB1_022	SN_NC_QNO_FW_RB1_022	
1	739	QNO_FW_RB2_001	70	<??? ??> ?? ???	SN_QNO_FW_RB2_001	SN_PAY_QNO_FW_RB2_001	xxx	SN_PAYCON_QNO_FW_RB2_001	SN_NN_QNO_FW_RB2_001	SN_NC_QNO_FW_RB2_001	
1	740	QNO_FW_RB2_002	70	<??? ??> ?? ???	SN_QNO_FW_RB2_002	SN_PAY_QNO_FW_RB2_002	xxx	SN_PAYCON_QNO_FW_RB2_002	SN_NN_QNO_FW_RB2_002	SN_NC_QNO_FW_RB2_002	
1	741	QNO_FW_RB2_003	36	<??? ??> ???? ??	SN_QNO_FW_RB2_003	SN_PAY_QNO_FW_RB2_003	xxx	SN_PAYCON_QNO_FW_RB2_003	SN_NN_QNO_FW_RB2_003	SN_NC_QNO_FW_RB2_003	
1	742	QNO_FW_RB2_004	36	<??? ??> ??? ?? ??	SN_QNO_FW_RB2_004	SN_PAY_QNO_FW_RB2_004	xxx	SN_PAYCON_QNO_FW_RB2_004	SN_NN_QNO_FW_RB2_004	SN_NC_QNO_FW_RB2_004	
1	743	QNO_FW_RB2_005	36	<??? ??> ?? ??? ?? ??	SN_QNO_FW_RB2_005	SN_PAY_QNO_FW_RB2_005	xxx	SN_PAYCON_QNO_FW_RB2_005	SN_NN_QNO_FW_RB2_005	SN_NC_QNO_FW_RB2_005	
1	744	QNO_FW_RB2_006	51	<??? ??> ????? ???	SN_QNO_FW_RB2_006	SN_PAY_QNO_FW_RB2_006	xxx	SN_PAYCON_QNO_FW_RB2_006	SN_NN_QNO_FW_RB2_006	SN_NC_QNO_FW_RB2_006	
1	745	QNO_FW_RB2_007	52	<??? ??> ??? ?? ??	SN_QNO_FW_RB2_007	SN_PAY_QNO_FW_RB2_007	xxx	SN_PAYCON_QNO_FW_RB2_007	SN_NN_QNO_FW_RB2_007	SN_NC_QNO_FW_RB2_007	
1	746	QNO_FW_RB2_008	63	<??? ??> ?? ???? ??	SN_QNO_FW_RB2_008	SN_PAY_QNO_FW_RB2_008	xxx	SN_PAYCON_QNO_FW_RB2_008	SN_NN_QNO_FW_RB2_008	SN_NC_QNO_FW_RB2_008	
1	747	QNO_FW_RB2_009	63	<??? ??> ?? ?? ??	SN_QNO_FW_RB2_009	SN_PAY_QNO_FW_RB2_009	xxx	SN_PAYCON_QNO_FW_RB2_009	SN_NN_QNO_FW_RB2_009	SN_NC_QNO_FW_RB2_009	
1	748	QNO_FW_RB2_010	63	<??? ??> ??? ?????..	SN_QNO_FW_RB2_010	SN_PAY_QNO_FW_RB2_010	xxx	SN_PAYCON_QNO_FW_RB2_010	SN_NN_QNO_FW_RB2_010	SN_NC_QNO_FW_RB2_010	
1	749	QNO_FW_RB2_011	63	<??? ??> ?? ?? ??	SN_QNO_FW_RB2_011	SN_PAY_QNO_FW_RB2_011	xxx	SN_PAYCON_QNO_FW_RB2_011	SN_NN_QNO_FW_RB2_011	SN_NC_QNO_FW_RB2_011	
1	750	QNO_FW_RB2_012	36	<??? ??> ???? ?? ??	SN_QNO_FW_RB2_012	SN_PAY_QNO_FW_RB2_012	xxx	SN_PAYCON_QNO_FW_RB2_012	SN_NN_QNO_FW_RB2_012	SN_NC_QNO_FW_RB2_012	
1	751	QNO_FW_RB2_013	36	<??? ??> ?? ??? ??	SN_QNO_FW_RB2_013	SN_PAY_QNO_FW_RB2_013	xxx	SN_PAYCON_QNO_FW_RB2_013	SN_NN_QNO_FW_RB2_013	SN_NC_QNO_FW_RB2_013	
1	752	QNO_FW_RB2_014	39	<??? ??> ??? ??	SN_QNO_FW_RB2_014	SN_PAY_QNO_FW_RB2_014	xxx	SN_PAYCON_QNO_FW_RB2_014	SN_NN_QNO_FW_RB2_014	SN_NC_QNO_FW_RB2_014	
1	753	QNO_FW_RB2_015	51	<??? ??> ?? ?????…	SN_QNO_FW_RB2_015	SN_PAY_QNO_FW_RB2_015	xxx	SN_PAYCON_QNO_FW_RB2_015	SN_NN_QNO_FW_RB2_015	SN_NC_QNO_FW_RB2_015	
1	754	QNO_FW_RB2_016	52	<??? ??> ??? ??	SN_QNO_FW_RB2_016	SN_PAY_QNO_FW_RB2_016	xxx	SN_PAYCON_QNO_FW_RB2_016	SN_NN_QNO_FW_RB2_016	SN_NC_QNO_FW_RB2_016	
1	755	QNO_FW_RB2_017	51	<??? ??> ?? ??	SN_QNO_FW_RB2_017	SN_PAY_QNO_FW_RB2_017	xxx	SN_PAYCON_QNO_FW_RB2_017	SN_NN_QNO_FW_RB2_017	SN_NC_QNO_FW_RB2_017	
1	756	QNO_FW_RB2_018	61	<??? ??> ??? ???? ??	SN_QNO_FW_RB2_018	SN_PAY_QNO_FW_RB2_018	xxx	SN_PAYCON_QNO_FW_RB2_018	SN_NN_QNO_FW_RB2_018	SN_NC_QNO_FW_RB2_018	
1	757	QNO_FW_BA1_001	90	<??? ??> ??? ?? ???	SN_QNO_FW_BA1_001	SN_PAY_QNO_FW_BA1_001	xxx	SN_PAYCON_QNO_FW_BA1_001	SN_NN_QNO_FW_BA1_001	SN_NC_QNO_FW_BA1_001	
1	758	QNO_FW_BA1_002	71	<??? ??> ??? ??	SN_QNO_FW_BA1_002	SN_PAY_QNO_FW_BA1_002	xxx	SN_PAYCON_QNO_FW_BA1_002	SN_NN_QNO_FW_BA1_002	SN_NC_QNO_FW_BA1_002	
1	759	QNO_FW_BA1_003	71	<??? ??> ?? ?? ??	SN_QNO_FW_BA1_003	SN_PAY_QNO_FW_BA1_003	xxx	SN_PAYCON_QNO_FW_BA1_003	SN_NN_QNO_FW_BA1_003	SN_NC_QNO_FW_BA1_003	
1	760	QNO_FW_BA1_004	71	<??? ??> ?? ??? ??	SN_QNO_FW_BA1_004	SN_PAY_QNO_FW_BA1_004	xxx	SN_PAYCON_QNO_FW_BA1_004	SN_NN_QNO_FW_BA1_004	SN_NC_QNO_FW_BA1_004	
1	761	QNO_FW_BA1_005	72	<??? ??> ?? ??? ??? ???	SN_QNO_FW_BA1_005	SN_PAY_QNO_FW_BA1_005	xxx	SN_PAYCON_QNO_FW_BA1_005	SN_NN_QNO_FW_BA1_005	SN_NC_QNO_FW_BA1_005	
1	762	QNO_FW_BA1_006	72	<??? ??> ??? ??? ???	SN_QNO_FW_BA1_006	SN_PAY_QNO_FW_BA1_006	xxx	SN_PAYCON_QNO_FW_BA1_006	SN_NN_QNO_FW_BA1_006	SN_NC_QNO_FW_BA1_006	
1	763	QNO_FW_BA1_007	71	<??? ??> ?? ???	SN_QNO_FW_BA1_007	SN_PAY_QNO_FW_BA1_007	xxx	SN_PAYCON_QNO_FW_BA1_007	SN_NN_QNO_FW_BA1_007	SN_NC_QNO_FW_BA1_007	
1	764	QNO_FW_BA1_008	73	<??? ??> ???? ??	SN_QNO_FW_BA1_008	SN_PAY_QNO_FW_BA1_008	xxx	SN_PAYCON_QNO_FW_BA1_008	SN_NN_QNO_FW_BA1_008	SN_NC_QNO_FW_BA1_008	
1	765	QNO_FW_BA1_009	83	<??? ??> ??? ?? ?? (1)	SN_QNO_FW_BA1_009	SN_PAY_QNO_FW_BA1_009	xxx	SN_PAYCON_QNO_FW_BA1_009	SN_NN_QNO_FW_BA1_009	SN_NC_QNO_FW_BA1_009	
1	766	QNO_FW_BA1_010	83	<??? ??> ??? ?? ?? (2)	SN_QNO_FW_BA1_010	SN_PAY_QNO_FW_BA1_010	xxx	SN_PAYCON_QNO_FW_BA1_010	SN_NN_QNO_FW_BA1_010	SN_NC_QNO_FW_BA1_010	
1	767	QNO_FW_BA1_011	83	<??? ??> ??? ?? (1)	SN_QNO_FW_BA1_011	SN_PAY_QNO_FW_BA1_011	xxx	SN_PAYCON_QNO_FW_BA1_011	SN_NN_QNO_FW_BA1_011	SN_NC_QNO_FW_BA1_011	
1	768	QNO_FW_BA1_012	83	<??? ??> ??? ?? (2)	SN_QNO_FW_BA1_012	SN_PAY_QNO_FW_BA1_012	xxx	SN_PAYCON_QNO_FW_BA1_012	SN_NN_QNO_FW_BA1_012	SN_NC_QNO_FW_BA1_012	
1	769	QNO_FW_BA1_013	83	<??? ??> ??? ??	SN_QNO_FW_BA1_013	SN_PAY_QNO_FW_BA1_013	xxx	SN_PAYCON_QNO_FW_BA1_013	SN_NN_QNO_FW_BA1_013	SN_NC_QNO_FW_BA1_013	
1	770	QNO_FW_BA2_001	90	<??? ??> ?? ?? ???	SN_QNO_FW_BA2_001	SN_PAY_QNO_FW_BA2_001	xxx	SN_PAYCON_QNO_FW_BA2_001	SN_NN_QNO_FW_BA2_001	SN_NC_QNO_FW_BA2_001	
1	771	QNO_FW_BA2_002	90	<??? ??> ?? ???	SN_QNO_FW_BA2_002	SN_PAY_QNO_FW_BA2_002	xxx	SN_PAYCON_QNO_FW_BA2_002	SN_NN_QNO_FW_BA2_002	SN_NC_QNO_FW_BA2_002	
1	772	QNO_FW_BA2_003	71	<??? ??> ???? ??	SN_QNO_FW_BA2_003	SN_PAY_QNO_FW_BA2_003	xxx	SN_PAYCON_QNO_FW_BA2_003	SN_NN_QNO_FW_BA2_003	SN_NC_QNO_FW_BA2_003	
1	773	QNO_FW_BA2_004	71	<??? ??> ?? ??? ??	SN_QNO_FW_BA2_004	SN_PAY_QNO_FW_BA2_004	xxx	SN_PAYCON_QNO_FW_BA2_004	SN_NN_QNO_FW_BA2_004	SN_NC_QNO_FW_BA2_004	
1	774	QNO_FW_BA2_005	72	<??? ??> ??? ??? ?	SN_QNO_FW_BA2_005	SN_PAY_QNO_FW_BA2_005	xxx	SN_PAYCON_QNO_FW_BA2_005	SN_NN_QNO_FW_BA2_005	SN_NC_QNO_FW_BA2_005	
1	775	QNO_FW_BA2_006	72	<??? ??> ???? ???? ??	SN_QNO_FW_BA2_006	SN_PAY_QNO_FW_BA2_006	xxx	SN_PAYCON_QNO_FW_BA2_006	SN_NN_QNO_FW_BA2_006	SN_NC_QNO_FW_BA2_006	
1	776	QNO_FW_BA2_007	82	<??? ??> ??? ???	SN_QNO_FW_BA2_007	SN_PAY_QNO_FW_BA2_007	xxx	SN_PAYCON_QNO_FW_BA2_007	SN_NN_QNO_FW_BA2_007	SN_NC_QNO_FW_BA2_007	
1	777	QNO_FW_BA2_008	83	<??? ??> ????	SN_QNO_FW_BA2_008	SN_PAY_QNO_FW_BA2_008	xxx	SN_PAYCON_QNO_FW_BA2_008	SN_NN_QNO_FW_BA2_008	SN_NC_QNO_FW_BA2_008	
1	778	QNO_FW_BA2_009	83	<??? ??> ?? ???? ??	SN_QNO_FW_BA2_009	SN_PAY_QNO_FW_BA2_009	xxx	SN_PAYCON_QNO_FW_BA2_009	SN_NN_QNO_FW_BA2_009	SN_NC_QNO_FW_BA2_009	
1	779	QNO_FW_BA2_010	83	<??? ??> ??? ??? ??	SN_QNO_FW_BA2_010	SN_PAY_QNO_FW_BA2_010	xxx	SN_PAYCON_QNO_FW_BA2_010	SN_NN_QNO_FW_BA2_010	SN_NC_QNO_FW_BA2_010	
1	780	QNO_FW_BA2_011	71	<??? ??> ??? ??	SN_QNO_FW_BA2_011	SN_PAY_QNO_FW_BA2_011	xxx	SN_PAYCON_QNO_FW_BA2_011	SN_NN_QNO_FW_BA2_011	SN_NC_QNO_FW_BA2_011	
1	781	QNO_FW_BA2_012	73	<??? ??> ??? ???	SN_QNO_FW_BA2_012	SN_PAY_QNO_FW_BA2_012	xxx	SN_PAYCON_QNO_FW_BA2_012	SN_NN_QNO_FW_BA2_012	SN_NC_QNO_FW_BA2_012	
1	782	QNO_FW_BA2_013	73	<??? ??> ?? ??	SN_QNO_FW_BA2_013	SN_PAY_QNO_FW_BA2_013	xxx	SN_PAYCON_QNO_FW_BA2_013	SN_NN_QNO_FW_BA2_013	SN_NC_QNO_FW_BA2_013	
1	783	QNO_FW_BA2_014	82	<??? ??> ???? ???	SN_QNO_FW_BA2_014	SN_PAY_QNO_FW_BA2_014	xxx	SN_PAYCON_QNO_FW_BA2_014	SN_NN_QNO_FW_BA2_014	SN_NC_QNO_FW_BA2_014	
1	784	QNO_FW_GS1_001	100	<??? ??> ??? ?? ???	SN_QNO_FW_GS1_001	SN_PAY_QNO_FW_GS1_001	xxx	SN_PAYCON_QNO_FW_GS1_001	SN_NN_QNO_FW_GS1_001	SN_NC_QNO_FW_GS1_001	
1	785	QNO_FW_GS1_002	91	<??? ??> ??? ????	SN_QNO_FW_GS1_002	SN_PAY_QNO_FW_GS1_002	xxx	SN_PAYCON_QNO_FW_GS1_002	SN_NN_QNO_FW_GS1_002	SN_NC_QNO_FW_GS1_002	
1	786	QNO_FW_GS1_003	91	<??? ??> ??? ?? (1)	SN_QNO_FW_GS1_003	SN_PAY_QNO_FW_GS1_003	xxx	SN_PAYCON_QNO_FW_GS1_003	SN_NN_QNO_FW_GS1_003	SN_NC_QNO_FW_GS1_003	
1	787	QNO_FW_GS1_004	92	<??? ??> ??? ?? (2)	SN_QNO_FW_GS1_004	SN_PAY_QNO_FW_GS1_004	xxx	SN_PAYCON_QNO_FW_GS1_004	SN_NN_QNO_FW_GS1_004	SN_NC_QNO_FW_GS1_004	
1	788	QNO_FW_GS1_005	100	<??? ??> ??? ??	SN_QNO_FW_GS1_005	SN_PAY_QNO_FW_GS1_005	xxx	SN_PAYCON_QNO_FW_GS1_005	SN_NN_QNO_FW_GS1_005	SN_NC_QNO_FW_GS1_005	
1	789	QNO_FW_GS2_001	100	<??? ??> ?? ???	SN_QNO_FW_GS2_001	SN_PAY_QNO_FW_GS2_001	xxx	SN_PAYCON_QNO_FW_GS2_001	SN_NN_QNO_FW_GS2_001	SN_NC_QNO_FW_GS2_001	
1	790	QNO_FW_GS2_002	91	<??? ??> ??? ??? ??	SN_QNO_FW_GS2_002	SN_PAY_QNO_FW_GS2_002	xxx	SN_PAYCON_QNO_FW_GS2_002	SN_NN_QNO_FW_GS2_002	SN_NC_QNO_FW_GS2_002	
1	791	QNO_FW_GS2_003	91	<??? ??> ???? ??? ??	SN_QNO_FW_GS2_003	SN_PAY_QNO_FW_GS2_003	xxx	SN_PAYCON_QNO_FW_GS2_003	SN_NN_QNO_FW_GS2_003	SN_NC_QNO_FW_GS2_003	
1	792	QNO_FW_GS2_004	92	<??? ??> ???? ???	SN_QNO_FW_GS2_004	SN_PAY_QNO_FW_GS2_004	xxx	SN_PAYCON_QNO_FW_GS2_004	SN_NN_QNO_FW_GS2_004	SN_NC_QNO_FW_GS2_004	
1	793	QNO_FW_GS2_005	92	<??? ??> ??? ?? ??	SN_QNO_FW_GS2_005	SN_PAY_QNO_FW_GS2_005	xxx	SN_PAYCON_QNO_FW_GS2_005	SN_NN_QNO_FW_GS2_005	SN_NC_QNO_FW_GS2_005	
1	794	QNO_FW_GS2_006	92	<??? ??> ???? ???	SN_QNO_FW_GS2_006	SN_PAY_QNO_FW_GS2_006	xxx	SN_PAYCON_QNO_FW_GS2_006	SN_NN_QNO_FW_GS2_006	SN_NC_QNO_FW_GS2_006	
1	795	QNO_FW_GS2_007	93	<??? ??> ?? ?? ??	SN_QNO_FW_GS2_007	SN_PAY_QNO_FW_GS2_007	xxx	SN_PAYCON_QNO_FW_GS2_007	SN_NN_QNO_FW_GS2_007	SN_NC_QNO_FW_GS2_007	
1	796	QNO_FW_GS2_008	93	<??? ??> ??? ??? ??	SN_QNO_FW_GS2_008	SN_PAY_QNO_FW_GS2_008	xxx	SN_PAYCON_QNO_FW_GS2_008	SN_NN_QNO_FW_GS2_008	SN_NC_QNO_FW_GS2_008	
1	797	QNO_FW_GS2_009	91	<??? ??> ?? ???? ???	SN_QNO_FW_GS2_009	SN_PAY_QNO_FW_GS2_009	xxx	SN_PAYCON_QNO_FW_GS2_009	SN_NN_QNO_FW_GS2_009	SN_NC_QNO_FW_GS2_009	
1	798	QNO_FW_GS2_010	92	<??? ??> ??? ??? ???	SN_QNO_FW_GS2_010	SN_PAY_QNO_FW_GS2_010	xxx	SN_PAYCON_QNO_FW_GS2_010	SN_NN_QNO_FW_GS2_010	SN_NC_QNO_FW_GS2_010	
1	799	QNO_FW_RS1_001	110	<??? ??> ??? ?? ???	SN_QNO_FW_RS1_001	SN_PAY_QNO_FW_RS1_001	xxx	SN_PAYCON_QNO_FW_RS1_001	SN_NN_QNO_FW_RS1_001	SN_NC_QNO_FW_RS1_001	
1	800	QNO_FW_RS1_002	101	<??? ??> ??? ???? ???	SN_QNO_FW_RS1_002	SN_PAY_QNO_FW_RS1_002	xxx	SN_PAYCON_QNO_FW_RS1_002	SN_NN_QNO_FW_RS1_002	SN_NC_QNO_FW_RS1_002	
1	801	QNO_FW_RS1_003	101	<??? ??> ?? ?? (1)	SN_QNO_FW_RS1_003	SN_PAY_QNO_FW_RS1_003	xxx	SN_PAYCON_QNO_FW_RS1_003	SN_NN_QNO_FW_RS1_003	SN_NC_QNO_FW_RS1_003	
1	802	QNO_FW_RS1_004	102	<??? ??> ?? ?? (2)	SN_QNO_FW_RS1_004	SN_PAY_QNO_FW_RS1_004	xxx	SN_PAYCON_QNO_FW_RS1_004	SN_NN_QNO_FW_RS1_004	SN_NC_QNO_FW_RS1_004	
1	803	QNO_FW_RS1_005	102	<??? ??> ?? ?? (3)	SN_QNO_FW_RS1_005	SN_PAY_QNO_FW_RS1_005	xxx	SN_PAYCON_QNO_FW_RS1_005	SN_NN_QNO_FW_RS1_005	SN_NC_QNO_FW_RS1_005	
1	804	QNO_FW_RS1_006	103	<??? ??> ??? ??	SN_QNO_FW_RS1_006	SN_PAY_QNO_FW_RS1_006	xxx	SN_PAYCON_QNO_FW_RS1_006	SN_NN_QNO_FW_RS1_006	SN_NC_QNO_FW_RS1_006	
1	805	QNO_FW_RS2_001	110	<??? ??> ?? ???	SN_QNO_FW_RS2_001	SN_PAY_QNO_FW_RS2_001	xxx	SN_PAYCON_QNO_FW_RS2_001	SN_NN_QNO_FW_RS2_001	SN_NC_QNO_FW_RS2_001	
1	806	QNO_FW_RS2_002	103	<??? ??> ??? ?? ? ??	SN_QNO_FW_RS2_002	SN_PAY_QNO_FW_RS2_002	xxx	SN_PAYCON_QNO_FW_RS2_002	SN_NN_QNO_FW_RS2_002	SN_NC_QNO_FW_RS2_002	
1	807	QNO_FW_RS2_003	103	<??? ??> ??? ?? ??	SN_QNO_FW_RS2_003	SN_PAY_QNO_FW_RS2_003	xxx	SN_PAYCON_QNO_FW_RS2_003	SN_NN_QNO_FW_RS2_003	SN_NC_QNO_FW_RS2_003	
1	808	QNO_FW_RS2_004	103	<??? ??> ?? ??? ??	SN_QNO_FW_RS2_004	SN_PAY_QNO_FW_RS2_004	xxx	SN_PAYCON_QNO_FW_RS2_004	SN_NN_QNO_FW_RS2_004	SN_NC_QNO_FW_RS2_004	
1	809	QNO_FW_RS2_005	101	<??? ??> ??? ???	SN_QNO_FW_RS2_005	SN_PAY_QNO_FW_RS2_005	xxx	SN_PAYCON_QNO_FW_RS2_005	SN_NN_QNO_FW_RS2_005	SN_NC_QNO_FW_RS2_005	
1	810	QNO_FW_RS2_006	102	<??? ??> ???? ??? ?	SN_QNO_FW_RS2_006	SN_PAY_QNO_FW_RS2_006	xxx	SN_PAYCON_QNO_FW_RS2_006	SN_NN_QNO_FW_RS2_006	SN_NC_QNO_FW_RS2_006	
1	811	QNO_FW_RS2_007	102	<??? ??> ??? ?? ?	SN_QNO_FW_RS2_007	SN_PAY_QNO_FW_RS2_007	xxx	SN_PAYCON_QNO_FW_RS2_007	SN_NN_QNO_FW_RS2_007	SN_NC_QNO_FW_RS2_007	
1	812	QNO_FW_RS2_008	102	<??? ??> ??? ???	SN_QNO_FW_RS2_008	SN_PAY_QNO_FW_RS2_008	xxx	SN_PAYCON_QNO_FW_RS2_008	SN_NN_QNO_FW_RS2_008	SN_NC_QNO_FW_RS2_008	
1	813	QNO_FW_RS2_009	103	<??? ??> ??? ??	SN_QNO_FW_RS2_009	SN_PAY_QNO_FW_RS2_009	xxx	SN_PAYCON_QNO_FW_RS2_009	SN_NN_QNO_FW_RS2_009	SN_NC_QNO_FW_RS2_009	
1	814	QNO_FW_RS2_010	103	<??? ??> ?? ??	SN_QNO_FW_RS2_010	SN_PAY_QNO_FW_RS2_010	xxx	SN_PAYCON_QNO_FW_RS2_010	SN_NN_QNO_FW_RS2_010	SN_NC_QNO_FW_RS2_010	
1	815	QNO_TRADE_HUNTER_A_001	1	<?? ???> ??? ??, ??! (1~9??)	SN_QNO_TRADE_HUNTER_A_001	SN_PAY_QNO_TRADE_HUNTER_A_001	xxx	SN_PAYCON_QNO_TRADE_HUNTER_A_001	SN_NN_QNO_TRADE_HUNTER_A_001	SN_NC_QNO_TRADE_HUNTER_A_001	
1	816	QNO_TRADE_HUNTER_A_002	10	<?? ???> ??? ??, ???! (10~19??)	SN_QNO_TRADE_HUNTER_A_002	SN_PAY_QNO_TRADE_HUNTER_A_002	xxx	SN_PAYCON_QNO_TRADE_HUNTER_A_002	SN_NN_QNO_TRADE_HUNTER_A_002	SN_NC_QNO_TRADE_HUNTER_A_002	
1	817	QNO_TRADE_HUNTER_A_003	20	<?? ???> ??? ??, ???! (20~29??)	SN_QNO_TRADE_HUNTER_A_003	SN_PAY_QNO_TRADE_HUNTER_A_003	xxx	SN_PAYCON_QNO_TRADE_HUNTER_A_003	SN_NN_QNO_TRADE_HUNTER_A_003	SN_NC_QNO_TRADE_HUNTER_A_003	
1	818	QNO_TRADE_HUNTER_A_004	30	<?? ???> ??? ??, ?? ??! (30~39??)	SN_QNO_TRADE_HUNTER_A_004	SN_PAY_QNO_TRADE_HUNTER_A_004	xxx	SN_PAYCON_QNO_TRADE_HUNTER_A_004	SN_NN_QNO_TRADE_HUNTER_A_004	SN_NC_QNO_TRADE_HUNTER_A_004	
1	819	QNO_TRADE_HUNTER_A_005	40	<?? ???> ??? ??, ???! (40~49??)	SN_QNO_TRADE_HUNTER_A_005	SN_PAY_QNO_TRADE_HUNTER_A_005	xxx	SN_PAYCON_QNO_TRADE_HUNTER_A_005	SN_NN_QNO_TRADE_HUNTER_A_005	SN_NC_QNO_TRADE_HUNTER_A_005	
1	820	QNO_TRADE_HUNTER_A_006	50	<?? ???> ??? ??, ??! (50~59??)	SN_QNO_TRADE_HUNTER_A_006	SN_PAY_QNO_TRADE_HUNTER_A_006	xxx	SN_PAYCON_QNO_TRADE_HUNTER_A_006	SN_NN_QNO_TRADE_HUNTER_A_006	SN_NC_QNO_TRADE_HUNTER_A_006	
1	821	QNO_TRADE_HUNTER_A_007	60	<?? ???> ??? ??, ?? ??! (60~69??)	SN_QNO_TRADE_HUNTER_A_007	SN_PAY_QNO_TRADE_HUNTER_A_007	xxx	SN_PAYCON_QNO_TRADE_HUNTER_A_007	SN_NN_QNO_TRADE_HUNTER_A_007	SN_NC_QNO_TRADE_HUNTER_A_007	
1	822	QNO_TRADE_HUNTER_A_008	70	<?? ???> ??? ??, ?? ?? ???! (70~79??)	SN_QNO_TRADE_HUNTER_A_008	SN_PAY_QNO_TRADE_HUNTER_A_008	xxx	SN_PAYCON_QNO_TRADE_HUNTER_A_008	SN_NN_QNO_TRADE_HUNTER_A_008	SN_NC_QNO_TRADE_HUNTER_A_008	
1	823	QNO_TRADE_HUNTER_A_009	80	<?? ???> ??? ??, ?? ???! (80~89??)	SN_QNO_TRADE_HUNTER_A_009	SN_PAY_QNO_TRADE_HUNTER_A_009	xxx	SN_PAYCON_QNO_TRADE_HUNTER_A_009	SN_NN_QNO_TRADE_HUNTER_A_009	SN_NC_QNO_TRADE_HUNTER_A_009	
1	824	QNO_TRADE_HUNTER_A_010	90	<?? ???> ??? ??, ???! (90~99??)	SN_QNO_TRADE_HUNTER_A_010	SN_PAY_QNO_TRADE_HUNTER_A_010	xxx	SN_PAYCON_QNO_TRADE_HUNTER_A_010	SN_NN_QNO_TRADE_HUNTER_A_010	SN_NC_QNO_TRADE_HUNTER_A_010	
1	825	QNO_TRADE_HUNTER_A_011	100	<?? ???> ??? ??, ?? ??! (100~109??)	SN_QNO_TRADE_HUNTER_A_011	SN_PAY_QNO_TRADE_HUNTER_A_011	xxx	SN_PAYCON_QNO_TRADE_HUNTER_A_011	SN_NN_QNO_TRADE_HUNTER_A_011	SN_NC_QNO_TRADE_HUNTER_A_011	
1	827	QNO_TRADE_HUNTER_A_013	1	<?? ???> ??? ??, ??! (1~9??)	SN_QNO_TRADE_HUNTER_A_013	SN_PAY_QNO_TRADE_HUNTER_A_013	xxx	SN_PAYCON_QNO_TRADE_HUNTER_A_013	SN_NN_QNO_TRADE_HUNTER_A_013	SN_NC_QNO_TRADE_HUNTER_A_013	
1	828	QNO_TRADE_HUNTER_A_014	10	<?? ???> ??? ??, ???! (10~19??)	SN_QNO_TRADE_HUNTER_A_014	SN_PAY_QNO_TRADE_HUNTER_A_014	xxx	SN_PAYCON_QNO_TRADE_HUNTER_A_014	SN_NN_QNO_TRADE_HUNTER_A_014	SN_NC_QNO_TRADE_HUNTER_A_014	
1	829	QNO_TRADE_HUNTER_A_015	20	<?? ???> ??? ??, ???! (20~29??)	SN_QNO_TRADE_HUNTER_A_015	SN_PAY_QNO_TRADE_HUNTER_A_015	xxx	SN_PAYCON_QNO_TRADE_HUNTER_A_015	SN_NN_QNO_TRADE_HUNTER_A_015	SN_NC_QNO_TRADE_HUNTER_A_015	
1	830	QNO_TRADE_HUNTER_A_016	30	<?? ???> ??? ??, ?? ??! (30~39??)	SN_QNO_TRADE_HUNTER_A_016	SN_PAY_QNO_TRADE_HUNTER_A_016	xxx	SN_PAYCON_QNO_TRADE_HUNTER_A_016	SN_NN_QNO_TRADE_HUNTER_A_016	SN_NC_QNO_TRADE_HUNTER_A_016	
1	831	QNO_TRADE_HUNTER_A_017	40	<?? ???> ??? ??, ???! (40~49??)	SN_QNO_TRADE_HUNTER_A_017	SN_PAY_QNO_TRADE_HUNTER_A_017	xxx	SN_PAYCON_QNO_TRADE_HUNTER_A_017	SN_NN_QNO_TRADE_HUNTER_A_017	SN_NC_QNO_TRADE_HUNTER_A_017	
1	832	QNO_TRADE_HUNTER_A_018	50	<?? ???> ??? ??, ??! (50~59??)	SN_QNO_TRADE_HUNTER_A_018	SN_PAY_QNO_TRADE_HUNTER_A_018	xxx	SN_PAYCON_QNO_TRADE_HUNTER_A_018	SN_NN_QNO_TRADE_HUNTER_A_018	SN_NC_QNO_TRADE_HUNTER_A_018	
1	833	QNO_TRADE_HUNTER_B_001	10	<?? ???> ??? ?? (10??)	SN_QNO_TRADE_HUNTER_B_001	SN_PAY_QNO_TRADE_HUNTER_B_001	xxx	SN_PAYCON_QNO_TRADE_HUNTER_B_001	SN_NN_QNO_TRADE_HUNTER_B_001	SN_NC_QNO_TRADE_HUNTER_B_001	
1	834	QNO_TRADE_HUNTER_B_002	15	<?? ???> ??? ?? (15??)	SN_QNO_TRADE_HUNTER_B_002	SN_PAY_QNO_TRADE_HUNTER_B_002	xxx	SN_PAYCON_QNO_TRADE_HUNTER_B_002	SN_NN_QNO_TRADE_HUNTER_B_002	SN_NC_QNO_TRADE_HUNTER_B_002	
1	835	QNO_TRADE_HUNTER_B_003	20	<?? ???> ??? ?? (20??)	SN_QNO_TRADE_HUNTER_B_003	SN_PAY_QNO_TRADE_HUNTER_B_003	xxx	SN_PAYCON_QNO_TRADE_HUNTER_B_003	SN_NN_QNO_TRADE_HUNTER_B_003	SN_NC_QNO_TRADE_HUNTER_B_003	
1	836	QNO_TRADE_HUNTER_B_004	25	<?? ???> ??? ?? (25??)	SN_QNO_TRADE_HUNTER_B_004	SN_PAY_QNO_TRADE_HUNTER_B_004	xxx	SN_PAYCON_QNO_TRADE_HUNTER_B_004	SN_NN_QNO_TRADE_HUNTER_B_004	SN_NC_QNO_TRADE_HUNTER_B_004	
1	837	QNO_TRADE_HUNTER_B_005	30	<?? ???> ??? ?? (30??)	SN_QNO_TRADE_HUNTER_B_005	SN_PAY_QNO_TRADE_HUNTER_B_005	xxx	SN_PAYCON_QNO_TRADE_HUNTER_B_005	SN_NN_QNO_TRADE_HUNTER_B_005	SN_NC_QNO_TRADE_HUNTER_B_005	
1	838	QNO_TRADE_HUNTER_B_006	35	<?? ???> ??? ?? (35??)	SN_QNO_TRADE_HUNTER_B_006	SN_PAY_QNO_TRADE_HUNTER_B_006	xxx	SN_PAYCON_QNO_TRADE_HUNTER_B_006	SN_NN_QNO_TRADE_HUNTER_B_006	SN_NC_QNO_TRADE_HUNTER_B_006	
1	839	QNO_TRADE_HUNTER_B_007	40	<?? ???> ??? ?? (40??)	SN_QNO_TRADE_HUNTER_B_007	SN_PAY_QNO_TRADE_HUNTER_B_007	xxx	SN_PAYCON_QNO_TRADE_HUNTER_B_007	SN_NN_QNO_TRADE_HUNTER_B_007	SN_NC_QNO_TRADE_HUNTER_B_007	
1	840	QNO_TRADE_HUNTER_B_008	45	<?? ???> ??? ?? (45??)	SN_QNO_TRADE_HUNTER_B_008	SN_PAY_QNO_TRADE_HUNTER_B_008	xxx	SN_PAYCON_QNO_TRADE_HUNTER_B_008	SN_NN_QNO_TRADE_HUNTER_B_008	SN_NC_QNO_TRADE_HUNTER_B_008	
1	841	QNO_TRADE_HUNTER_B_009	50	<?? ???> ??? ?? (50??)	SN_QNO_TRADE_HUNTER_B_009	SN_PAY_QNO_TRADE_HUNTER_B_009	xxx	SN_PAYCON_QNO_TRADE_HUNTER_B_009	SN_NN_QNO_TRADE_HUNTER_B_009	SN_NC_QNO_TRADE_HUNTER_B_009	
1	842	QNO_TRADE_HUNTER_B_010	55	<?? ???> ??? ?? (55??)	SN_QNO_TRADE_HUNTER_B_010	SN_PAY_QNO_TRADE_HUNTER_B_010	xxx	SN_PAYCON_QNO_TRADE_HUNTER_B_010	SN_NN_QNO_TRADE_HUNTER_B_010	SN_NC_QNO_TRADE_HUNTER_B_010	
1	843	QNO_TRADE_HUNTER_B_011	60	<?? ???> ??? ?? (60??)	SN_QNO_TRADE_HUNTER_B_011	SN_PAY_QNO_TRADE_HUNTER_B_011	xxx	SN_PAYCON_QNO_TRADE_HUNTER_B_011	SN_NN_QNO_TRADE_HUNTER_B_011	SN_NC_QNO_TRADE_HUNTER_B_011	
1	844	QNO_TRADE_HUNTER_B_012	65	<?? ???> ??? ?? (65??)	SN_QNO_TRADE_HUNTER_B_012	SN_PAY_QNO_TRADE_HUNTER_B_012	xxx	SN_PAYCON_QNO_TRADE_HUNTER_B_012	SN_NN_QNO_TRADE_HUNTER_B_012	SN_NC_QNO_TRADE_HUNTER_B_012	
1	845	QNO_TRADE_HUNTER_B_013	70	<?? ???> ??? ?? (70??)	SN_QNO_TRADE_HUNTER_B_013	SN_PAY_QNO_TRADE_HUNTER_B_013	xxx	SN_PAYCON_QNO_TRADE_HUNTER_B_013	SN_NN_QNO_TRADE_HUNTER_B_013	SN_NC_QNO_TRADE_HUNTER_B_013	
1	846	QNO_TRADE_HUNTER_B_014	75	<?? ???> ??? ?? (75??)	SN_QNO_TRADE_HUNTER_B_014	SN_PAY_QNO_TRADE_HUNTER_B_014	xxx	SN_PAYCON_QNO_TRADE_HUNTER_B_014	SN_NN_QNO_TRADE_HUNTER_B_014	SN_NC_QNO_TRADE_HUNTER_B_014	
1	847	QNO_TRADE_HUNTER_B_015	80	<?? ???> ??? ?? (80??)	SN_QNO_TRADE_HUNTER_B_015	SN_PAY_QNO_TRADE_HUNTER_B_015	xxx	SN_PAYCON_QNO_TRADE_HUNTER_B_015	SN_NN_QNO_TRADE_HUNTER_B_015	SN_NC_QNO_TRADE_HUNTER_B_015	
1	848	QNO_TRADE_HUNTER_B_016	85	<?? ???> ??? ?? (85??)	SN_QNO_TRADE_HUNTER_B_016	SN_PAY_QNO_TRADE_HUNTER_B_016	xxx	SN_PAYCON_QNO_TRADE_HUNTER_B_016	SN_NN_QNO_TRADE_HUNTER_B_016	SN_NC_QNO_TRADE_HUNTER_B_016	
1	849	QNO_TRADE_HUNTER_B_017	90	<?? ???> ??? ?? (90??)	SN_QNO_TRADE_HUNTER_B_017	SN_PAY_QNO_TRADE_HUNTER_B_017	xxx	SN_PAYCON_QNO_TRADE_HUNTER_B_017	SN_NN_QNO_TRADE_HUNTER_B_017	SN_NC_QNO_TRADE_HUNTER_B_017	
1	850	QNO_TRADE_HUNTER_B_018	95	<?? ???> ??? ?? (95??)	SN_QNO_TRADE_HUNTER_B_018	SN_PAY_QNO_TRADE_HUNTER_B_018	xxx	SN_PAYCON_QNO_TRADE_HUNTER_B_018	SN_NN_QNO_TRADE_HUNTER_B_018	SN_NC_QNO_TRADE_HUNTER_B_018	
1	851	QNO_TRADE_HUNTER_B_019	100	<?? ???> ??? ?? (100??)	SN_QNO_TRADE_HUNTER_B_019	SN_PAY_QNO_TRADE_HUNTER_B_019	xxx	SN_PAYCON_QNO_TRADE_HUNTER_B_019	SN_NN_QNO_TRADE_HUNTER_B_019	SN_NC_QNO_TRADE_HUNTER_B_019	
1	852	QNO_TRADE_HUNTER_B_020	105	<?? ???> ??? ?? (105??)	SN_QNO_TRADE_HUNTER_B_020	SN_PAY_QNO_TRADE_HUNTER_B_020	xxx	SN_PAYCON_QNO_TRADE_HUNTER_B_020	SN_NN_QNO_TRADE_HUNTER_B_020	SN_NC_QNO_TRADE_HUNTER_B_020	
1	853	QNO_TRADE_HUNTER_B_021	110	<?? ???> ??? ?? (110??)	SN_QNO_TRADE_HUNTER_B_021	SN_PAY_QNO_TRADE_HUNTER_B_021	xxx	SN_PAYCON_QNO_TRADE_HUNTER_B_021	SN_NN_QNO_TRADE_HUNTER_B_021	SN_NC_QNO_TRADE_HUNTER_B_021	
1	855	QNO_TRADE_HUNTER_B_023	10	<?? ???> ??? ?? (10??)	SN_QNO_TRADE_HUNTER_B_023	SN_PAY_QNO_TRADE_HUNTER_B_023	xxx	SN_PAYCON_QNO_TRADE_HUNTER_B_023	SN_NN_QNO_TRADE_HUNTER_B_023	SN_NC_QNO_TRADE_HUNTER_B_023	
1	856	QNO_TRADE_HUNTER_B_024	15	<?? ???> ??? ?? (15??)	SN_QNO_TRADE_HUNTER_B_024	SN_PAY_QNO_TRADE_HUNTER_B_024	xxx	SN_PAYCON_QNO_TRADE_HUNTER_B_024	SN_NN_QNO_TRADE_HUNTER_B_024	SN_NC_QNO_TRADE_HUNTER_B_024	
1	857	QNO_TRADE_HUNTER_B_025	20	<?? ???> ??? ?? (20??)	SN_QNO_TRADE_HUNTER_B_025	SN_PAY_QNO_TRADE_HUNTER_B_025	xxx	SN_PAYCON_QNO_TRADE_HUNTER_B_025	SN_NN_QNO_TRADE_HUNTER_B_025	SN_NC_QNO_TRADE_HUNTER_B_025	
1	858	QNO_TRADE_HUNTER_B_026	25	<?? ???> ??? ?? (25??)	SN_QNO_TRADE_HUNTER_B_026	SN_PAY_QNO_TRADE_HUNTER_B_026	xxx	SN_PAYCON_QNO_TRADE_HUNTER_B_026	SN_NN_QNO_TRADE_HUNTER_B_026	SN_NC_QNO_TRADE_HUNTER_B_026	
1	859	QNO_TRADE_HUNTER_B_027	30	<?? ???> ??? ?? (30??)	SN_QNO_TRADE_HUNTER_B_027	SN_PAY_QNO_TRADE_HUNTER_B_027	xxx	SN_PAYCON_QNO_TRADE_HUNTER_B_027	SN_NN_QNO_TRADE_HUNTER_B_027	SN_NC_QNO_TRADE_HUNTER_B_027	
1	860	QNO_TRADE_HUNTER_B_028	35	<?? ???> ??? ?? (35??)	SN_QNO_TRADE_HUNTER_B_028	SN_PAY_QNO_TRADE_HUNTER_B_028	xxx	SN_PAYCON_QNO_TRADE_HUNTER_B_028	SN_NN_QNO_TRADE_HUNTER_B_028	SN_NC_QNO_TRADE_HUNTER_B_028	
1	861	QNO_TRADE_HUNTER_B_029	40	<?? ???> ??? ?? (40??)	SN_QNO_TRADE_HUNTER_B_029	SN_PAY_QNO_TRADE_HUNTER_B_029	xxx	SN_PAYCON_QNO_TRADE_HUNTER_B_029	SN_NN_QNO_TRADE_HUNTER_B_029	SN_NC_QNO_TRADE_HUNTER_B_029	
1	862	QNO_TRADE_HUNTER_B_030	45	<?? ???> ??? ?? (45??)	SN_QNO_TRADE_HUNTER_B_030	SN_PAY_QNO_TRADE_HUNTER_B_030	xxx	SN_PAYCON_QNO_TRADE_HUNTER_B_030	SN_NN_QNO_TRADE_HUNTER_B_030	SN_NC_QNO_TRADE_HUNTER_B_030	
1	863	QNO_TRADE_HUNTER_B_031	50	<?? ???> ??? ?? (50??)	SN_QNO_TRADE_HUNTER_B_031	SN_PAY_QNO_TRADE_HUNTER_B_031	xxx	SN_PAYCON_QNO_TRADE_HUNTER_B_031	SN_NN_QNO_TRADE_HUNTER_B_031	SN_NC_QNO_TRADE_HUNTER_B_031	
1	864	QNO_TRADE_HUNTER_B_032	55	<?? ???> ??? ?? (55??)	SN_QNO_TRADE_HUNTER_B_032	SN_PAY_QNO_TRADE_HUNTER_B_032	xxx	SN_PAYCON_QNO_TRADE_HUNTER_B_032	SN_NN_QNO_TRADE_HUNTER_B_032	SN_NC_QNO_TRADE_HUNTER_B_032	
1	865	QNO_TRADE_THIEF_A_001	1	<?? ???> ??? ??, ??! (1~9??)	SN_QNO_TRADE_THIEF_A_001	SN_PAY_QNO_TRADE_THIEF_A_001	xxx	SN_PAYCON_QNO_TRADE_THIEF_A_001	SN_NN_QNO_TRADE_THIEF_A_001	SN_NC_QNO_TRADE_THIEF_A_001	
1	866	QNO_TRADE_THIEF_A_002	10	<?? ???> ??? ??, ???! (10~19??)	SN_QNO_TRADE_THIEF_A_002	SN_PAY_QNO_TRADE_THIEF_A_002	xxx	SN_PAYCON_QNO_TRADE_THIEF_A_002	SN_NN_QNO_TRADE_THIEF_A_002	SN_NC_QNO_TRADE_THIEF_A_002	
1	867	QNO_TRADE_THIEF_A_003	20	<?? ???> ??? ??, ???! (20~29??)	SN_QNO_TRADE_THIEF_A_003	SN_PAY_QNO_TRADE_THIEF_A_003	xxx	SN_PAYCON_QNO_TRADE_THIEF_A_003	SN_NN_QNO_TRADE_THIEF_A_003	SN_NC_QNO_TRADE_THIEF_A_003	
1	868	QNO_TRADE_THIEF_A_004	30	<?? ???> ??? ??, ???! (30~39??)	SN_QNO_TRADE_THIEF_A_004	SN_PAY_QNO_TRADE_THIEF_A_004	xxx	SN_PAYCON_QNO_TRADE_THIEF_A_004	SN_NN_QNO_TRADE_THIEF_A_004	SN_NC_QNO_TRADE_THIEF_A_004	
1	869	QNO_TRADE_THIEF_A_005	40	<?? ???> ??? ??, ???! (40~49??)	SN_QNO_TRADE_THIEF_A_005	SN_PAY_QNO_TRADE_THIEF_A_005	xxx	SN_PAYCON_QNO_TRADE_THIEF_A_005	SN_NN_QNO_TRADE_THIEF_A_005	SN_NC_QNO_TRADE_THIEF_A_005	
1	870	QNO_TRADE_THIEF_A_006	50	<?? ???> ??? ??, ??! (50~59??)	SN_QNO_TRADE_THIEF_A_006	SN_PAY_QNO_TRADE_THIEF_A_006	xxx	SN_PAYCON_QNO_TRADE_THIEF_A_006	SN_NN_QNO_TRADE_THIEF_A_006	SN_NC_QNO_TRADE_THIEF_A_006	
1	871	QNO_TRADE_THIEF_A_007	60	<?? ???> ??? ??, ?? ??! (60~69??)	SN_QNO_TRADE_THIEF_A_007	SN_PAY_QNO_TRADE_THIEF_A_007	xxx	SN_PAYCON_QNO_TRADE_THIEF_A_007	SN_NN_QNO_TRADE_THIEF_A_007	SN_NC_QNO_TRADE_THIEF_A_007	
1	872	QNO_TRADE_THIEF_A_008	70	<?? ???> ??? ??, ???! (70~79??)	SN_QNO_TRADE_THIEF_A_008	SN_PAY_QNO_TRADE_THIEF_A_008	xxx	SN_PAYCON_QNO_TRADE_THIEF_A_008	SN_NN_QNO_TRADE_THIEF_A_008	SN_NC_QNO_TRADE_THIEF_A_008	
1	873	QNO_TRADE_THIEF_A_009	80	<?? ???> ??? ??, ??? ??! (80~89??)	SN_QNO_TRADE_THIEF_A_009	SN_PAY_QNO_TRADE_THIEF_A_009	xxx	SN_PAYCON_QNO_TRADE_THIEF_A_009	SN_NN_QNO_TRADE_THIEF_A_009	SN_NC_QNO_TRADE_THIEF_A_009	
1	874	QNO_TRADE_THIEF_A_010	90	<?? ???> ??? ??, ??! (90~99??)	SN_QNO_TRADE_THIEF_A_010	SN_PAY_QNO_TRADE_THIEF_A_010	xxx	SN_PAYCON_QNO_TRADE_THIEF_A_010	SN_NN_QNO_TRADE_THIEF_A_010	SN_NC_QNO_TRADE_THIEF_A_010	
1	875	QNO_TRADE_THIEF_A_011	100	<?? ???> ??? ??, ?? ??! (100~109??)	SN_QNO_TRADE_THIEF_A_011	SN_PAY_QNO_TRADE_THIEF_A_011	xxx	SN_PAYCON_QNO_TRADE_THIEF_A_011	SN_NN_QNO_TRADE_THIEF_A_011	SN_NC_QNO_TRADE_THIEF_A_011	
1	877	QNO_TRADE_THIEF_A_013	1	<?? ???> ??? ??, ??! (1~9??)	SN_QNO_TRADE_THIEF_A_013	SN_PAY_QNO_TRADE_THIEF_A_013	xxx	SN_PAYCON_QNO_TRADE_THIEF_A_013	SN_NN_QNO_TRADE_THIEF_A_013	SN_NC_QNO_TRADE_THIEF_A_013	
1	878	QNO_TRADE_THIEF_A_014	10	<?? ???> ??? ??, ???! (10~19??)	SN_QNO_TRADE_THIEF_A_014	SN_PAY_QNO_TRADE_THIEF_A_014	xxx	SN_PAYCON_QNO_TRADE_THIEF_A_014	SN_NN_QNO_TRADE_THIEF_A_014	SN_NC_QNO_TRADE_THIEF_A_014	
1	879	QNO_TRADE_THIEF_A_015	20	<?? ???> ??? ??, ???! (20~29??)	SN_QNO_TRADE_THIEF_A_015	SN_PAY_QNO_TRADE_THIEF_A_015	xxx	SN_PAYCON_QNO_TRADE_THIEF_A_015	SN_NN_QNO_TRADE_THIEF_A_015	SN_NC_QNO_TRADE_THIEF_A_015	
1	880	QNO_TRADE_THIEF_A_016	30	<?? ???> ??? ??, ???! (30~39??)	SN_QNO_TRADE_THIEF_A_016	SN_PAY_QNO_TRADE_THIEF_A_016	xxx	SN_PAYCON_QNO_TRADE_THIEF_A_016	SN_NN_QNO_TRADE_THIEF_A_016	SN_NC_QNO_TRADE_THIEF_A_016	
1	881	QNO_TRADE_THIEF_A_017	40	<?? ???> ??? ??, ???! (40~49??)	SN_QNO_TRADE_THIEF_A_017	SN_PAY_QNO_TRADE_THIEF_A_017	xxx	SN_PAYCON_QNO_TRADE_THIEF_A_017	SN_NN_QNO_TRADE_THIEF_A_017	SN_NC_QNO_TRADE_THIEF_A_017	
1	882	QNO_TRADE_THIEF_A_018	50	<?? ???> ??? ??, ??! (50~59??)	SN_QNO_TRADE_THIEF_A_018	SN_PAY_QNO_TRADE_THIEF_A_018	xxx	SN_PAYCON_QNO_TRADE_THIEF_A_018	SN_NN_QNO_TRADE_THIEF_A_018	SN_NC_QNO_TRADE_THIEF_A_018	
1	883	QNO_TRADE_THIEF_B_001	10	<?? ???> ??? ?? (10??)	SN_QNO_TRADE_THIEF_B_001	SN_PAY_QNO_TRADE_THIEF_B_001	xxx	SN_PAYCON_QNO_TRADE_THIEF_B_001	SN_NN_QNO_TRADE_THIEF_B_001	SN_NC_QNO_TRADE_THIEF_B_001	
1	884	QNO_TRADE_THIEF_B_002	15	<?? ???> ??? ?? (15??)	SN_QNO_TRADE_THIEF_B_002	SN_PAY_QNO_TRADE_THIEF_B_002	xxx	SN_PAYCON_QNO_TRADE_THIEF_B_002	SN_NN_QNO_TRADE_THIEF_B_002	SN_NC_QNO_TRADE_THIEF_B_002	
1	885	QNO_TRADE_THIEF_B_003	20	<?? ???> ??? ?? (20??)	SN_QNO_TRADE_THIEF_B_003	SN_PAY_QNO_TRADE_THIEF_B_003	xxx	SN_PAYCON_QNO_TRADE_THIEF_B_003	SN_NN_QNO_TRADE_THIEF_B_003	SN_NC_QNO_TRADE_THIEF_B_003	
1	886	QNO_TRADE_THIEF_B_004	25	<?? ???> ??? ?? (25??)	SN_QNO_TRADE_THIEF_B_004	SN_PAY_QNO_TRADE_THIEF_B_004	xxx	SN_PAYCON_QNO_TRADE_THIEF_B_004	SN_NN_QNO_TRADE_THIEF_B_004	SN_NC_QNO_TRADE_THIEF_B_004	
1	887	QNO_TRADE_THIEF_B_005	30	<?? ???> ??? ?? (30??)	SN_QNO_TRADE_THIEF_B_005	SN_PAY_QNO_TRADE_THIEF_B_005	xxx	SN_PAYCON_QNO_TRADE_THIEF_B_005	SN_NN_QNO_TRADE_THIEF_B_005	SN_NC_QNO_TRADE_THIEF_B_005	
1	888	QNO_TRADE_THIEF_B_006	35	<?? ???> ??? ?? (35??)	SN_QNO_TRADE_THIEF_B_006	SN_PAY_QNO_TRADE_THIEF_B_006	xxx	SN_PAYCON_QNO_TRADE_THIEF_B_006	SN_NN_QNO_TRADE_THIEF_B_006	SN_NC_QNO_TRADE_THIEF_B_006	
1	889	QNO_TRADE_THIEF_B_007	40	<?? ???> ??? ?? (40??)	SN_QNO_TRADE_THIEF_B_007	SN_PAY_QNO_TRADE_THIEF_B_007	xxx	SN_PAYCON_QNO_TRADE_THIEF_B_007	SN_NN_QNO_TRADE_THIEF_B_007	SN_NC_QNO_TRADE_THIEF_B_007	
1	890	QNO_TRADE_THIEF_B_008	45	<?? ???> ??? ?? (45??)	SN_QNO_TRADE_THIEF_B_008	SN_PAY_QNO_TRADE_THIEF_B_008	xxx	SN_PAYCON_QNO_TRADE_THIEF_B_008	SN_NN_QNO_TRADE_THIEF_B_008	SN_NC_QNO_TRADE_THIEF_B_008	
1	891	QNO_TRADE_THIEF_B_009	50	<?? ???> ??? ?? (50??)	SN_QNO_TRADE_THIEF_B_009	SN_PAY_QNO_TRADE_THIEF_B_009	xxx	SN_PAYCON_QNO_TRADE_THIEF_B_009	SN_NN_QNO_TRADE_THIEF_B_009	SN_NC_QNO_TRADE_THIEF_B_009	
1	892	QNO_TRADE_THIEF_B_010	55	<?? ???> ??? ?? (55??)	SN_QNO_TRADE_THIEF_B_010	SN_PAY_QNO_TRADE_THIEF_B_010	xxx	SN_PAYCON_QNO_TRADE_THIEF_B_010	SN_NN_QNO_TRADE_THIEF_B_010	SN_NC_QNO_TRADE_THIEF_B_010	
1	893	QNO_TRADE_THIEF_B_011	60	<?? ???> ??? ?? (60??)	SN_QNO_TRADE_THIEF_B_011	SN_PAY_QNO_TRADE_THIEF_B_011	xxx	SN_PAYCON_QNO_TRADE_THIEF_B_011	SN_NN_QNO_TRADE_THIEF_B_011	SN_NC_QNO_TRADE_THIEF_B_011	
1	894	QNO_TRADE_THIEF_B_012	65	<?? ???> ??? ?? (65??)	SN_QNO_TRADE_THIEF_B_012	SN_PAY_QNO_TRADE_THIEF_B_012	xxx	SN_PAYCON_QNO_TRADE_THIEF_B_012	SN_NN_QNO_TRADE_THIEF_B_012	SN_NC_QNO_TRADE_THIEF_B_012	
1	895	QNO_TRADE_THIEF_B_013	70	<?? ???> ??? ?? (70??)	SN_QNO_TRADE_THIEF_B_013	SN_PAY_QNO_TRADE_THIEF_B_013	xxx	SN_PAYCON_QNO_TRADE_THIEF_B_013	SN_NN_QNO_TRADE_THIEF_B_013	SN_NC_QNO_TRADE_THIEF_B_013	
1	896	QNO_TRADE_THIEF_B_014	75	<?? ???> ??? ?? (75??)	SN_QNO_TRADE_THIEF_B_014	SN_PAY_QNO_TRADE_THIEF_B_014	xxx	SN_PAYCON_QNO_TRADE_THIEF_B_014	SN_NN_QNO_TRADE_THIEF_B_014	SN_NC_QNO_TRADE_THIEF_B_014	
1	897	QNO_TRADE_THIEF_B_015	80	<?? ???> ??? ?? (80??)	SN_QNO_TRADE_THIEF_B_015	SN_PAY_QNO_TRADE_THIEF_B_015	xxx	SN_PAYCON_QNO_TRADE_THIEF_B_015	SN_NN_QNO_TRADE_THIEF_B_015	SN_NC_QNO_TRADE_THIEF_B_015	
1	898	QNO_TRADE_THIEF_B_016	85	<?? ???> ??? ?? (85??)	SN_QNO_TRADE_THIEF_B_016	SN_PAY_QNO_TRADE_THIEF_B_016	xxx	SN_PAYCON_QNO_TRADE_THIEF_B_016	SN_NN_QNO_TRADE_THIEF_B_016	SN_NC_QNO_TRADE_THIEF_B_016	
1	899	QNO_TRADE_THIEF_B_017	90	<?? ???> ??? ?? (90??)	SN_QNO_TRADE_THIEF_B_017	SN_PAY_QNO_TRADE_THIEF_B_017	xxx	SN_PAYCON_QNO_TRADE_THIEF_B_017	SN_NN_QNO_TRADE_THIEF_B_017	SN_NC_QNO_TRADE_THIEF_B_017	
1	900	QNO_TRADE_THIEF_B_018	95	<?? ???> ??? ?? (95??)	SN_QNO_TRADE_THIEF_B_018	SN_PAY_QNO_TRADE_THIEF_B_018	xxx	SN_PAYCON_QNO_TRADE_THIEF_B_018	SN_NN_QNO_TRADE_THIEF_B_018	SN_NC_QNO_TRADE_THIEF_B_018	
1	901	QNO_TRADE_THIEF_B_019	100	<?? ???> ??? ?? (100??)	SN_QNO_TRADE_THIEF_B_019	SN_PAY_QNO_TRADE_THIEF_B_019	xxx	SN_PAYCON_QNO_TRADE_THIEF_B_019	SN_NN_QNO_TRADE_THIEF_B_019	SN_NC_QNO_TRADE_THIEF_B_019	
1	902	QNO_TRADE_THIEF_B_020	105	<?? ???> ??? ?? (105??)	SN_QNO_TRADE_THIEF_B_020	SN_PAY_QNO_TRADE_THIEF_B_020	xxx	SN_PAYCON_QNO_TRADE_THIEF_B_020	SN_NN_QNO_TRADE_THIEF_B_020	SN_NC_QNO_TRADE_THIEF_B_020	
1	903	QNO_TRADE_THIEF_B_021	110	<?? ???> ??? ?? (110??)	SN_QNO_TRADE_THIEF_B_021	SN_PAY_QNO_TRADE_THIEF_B_021	xxx	SN_PAYCON_QNO_TRADE_THIEF_B_021	SN_NN_QNO_TRADE_THIEF_B_021	SN_NC_QNO_TRADE_THIEF_B_021	
1	905	QNO_TRADE_THIEF_B_023	10	<?? ???> ??? ?? (10??)	SN_QNO_TRADE_THIEF_B_023	SN_PAY_QNO_TRADE_THIEF_B_023	xxx	SN_PAYCON_QNO_TRADE_THIEF_B_023	SN_NN_QNO_TRADE_THIEF_B_023	SN_NC_QNO_TRADE_THIEF_B_023	
1	906	QNO_TRADE_THIEF_B_024	15	<?? ???> ??? ?? (15??)	SN_QNO_TRADE_THIEF_B_024	SN_PAY_QNO_TRADE_THIEF_B_024	xxx	SN_PAYCON_QNO_TRADE_THIEF_B_024	SN_NN_QNO_TRADE_THIEF_B_024	SN_NC_QNO_TRADE_THIEF_B_024	
1	907	QNO_TRADE_THIEF_B_025	20	<?? ???> ??? ?? (20??)	SN_QNO_TRADE_THIEF_B_025	SN_PAY_QNO_TRADE_THIEF_B_025	xxx	SN_PAYCON_QNO_TRADE_THIEF_B_025	SN_NN_QNO_TRADE_THIEF_B_025	SN_NC_QNO_TRADE_THIEF_B_025	
1	908	QNO_TRADE_THIEF_B_026	25	<?? ???> ??? ?? (25??)	SN_QNO_TRADE_THIEF_B_026	SN_PAY_QNO_TRADE_THIEF_B_026	xxx	SN_PAYCON_QNO_TRADE_THIEF_B_026	SN_NN_QNO_TRADE_THIEF_B_026	SN_NC_QNO_TRADE_THIEF_B_026	
1	909	QNO_TRADE_THIEF_B_027	30	<?? ???> ??? ?? (30??)	SN_QNO_TRADE_THIEF_B_027	SN_PAY_QNO_TRADE_THIEF_B_027	xxx	SN_PAYCON_QNO_TRADE_THIEF_B_027	SN_NN_QNO_TRADE_THIEF_B_027	SN_NC_QNO_TRADE_THIEF_B_027	
1	910	QNO_TRADE_THIEF_B_028	35	<?? ???> ??? ?? (35??)	SN_QNO_TRADE_THIEF_B_028	SN_PAY_QNO_TRADE_THIEF_B_028	xxx	SN_PAYCON_QNO_TRADE_THIEF_B_028	SN_NN_QNO_TRADE_THIEF_B_028	SN_NC_QNO_TRADE_THIEF_B_028	
1	911	QNO_TRADE_THIEF_B_029	40	<?? ???> ??? ?? (40??)	SN_QNO_TRADE_THIEF_B_029	SN_PAY_QNO_TRADE_THIEF_B_029	xxx	SN_PAYCON_QNO_TRADE_THIEF_B_029	SN_NN_QNO_TRADE_THIEF_B_029	SN_NC_QNO_TRADE_THIEF_B_029	
1	912	QNO_TRADE_THIEF_B_030	45	<?? ???> ??? ?? (45??)	SN_QNO_TRADE_THIEF_B_030	SN_PAY_QNO_TRADE_THIEF_B_030	xxx	SN_PAYCON_QNO_TRADE_THIEF_B_030	SN_NN_QNO_TRADE_THIEF_B_030	SN_NC_QNO_TRADE_THIEF_B_030	
1	913	QNO_TRADE_THIEF_B_031	50	<?? ???> ??? ?? (50??)	SN_QNO_TRADE_THIEF_B_031	SN_PAY_QNO_TRADE_THIEF_B_031	xxx	SN_PAYCON_QNO_TRADE_THIEF_B_031	SN_NN_QNO_TRADE_THIEF_B_031	SN_NC_QNO_TRADE_THIEF_B_031	
1	914	QNO_TRADE_THIEF_B_032	55	<?? ???> ??? ?? (55??)	SN_QNO_TRADE_THIEF_B_032	SN_PAY_QNO_TRADE_THIEF_B_032	xxx	SN_PAYCON_QNO_TRADE_THIEF_B_032	SN_NN_QNO_TRADE_THIEF_B_032	SN_NC_QNO_TRADE_THIEF_B_032	
1	915	QNO_JUPITER_MAIN_001	111	???? ?? ?? ??	SN_QNO_JUPITER_MAIN_001	SN_PAY_QNO_JUPITER_MAIN_001	xxx	SN_PAYCON_QNO_JUPITER_MAIN_001	SN_NN_QNO_JUPITER_MAIN_001	SN_NC_QNO_JUPITER_MAIN_001	
1	916	QNO_JUPITER_MAIN_002	111	?? ?? (1)	SN_QNO_JUPITER_MAIN_002	SN_PAY_QNO_JUPITER_MAIN_002	xxx	SN_PAYCON_QNO_JUPITER_MAIN_002	SN_NN_QNO_JUPITER_MAIN_002	SN_NC_QNO_JUPITER_MAIN_002	
1	917	QNO_JUPITER_MAIN_003	113	?? ?? (2)	SN_QNO_JUPITER_MAIN_003	SN_PAY_QNO_JUPITER_MAIN_003	xxx	SN_PAYCON_QNO_JUPITER_MAIN_003	SN_NN_QNO_JUPITER_MAIN_003	SN_NC_QNO_JUPITER_MAIN_003	
1	918	QNO_JUPITER_MAIN_004	113	?? ?? (3)	SN_QNO_JUPITER_MAIN_004	SN_PAY_QNO_JUPITER_MAIN_004	xxx	SN_PAYCON_QNO_JUPITER_MAIN_004	SN_NN_QNO_JUPITER_MAIN_004	SN_NC_QNO_JUPITER_MAIN_004	
1	919	QNO_JUPITER_MAIN_005	111	???? ??	SN_QNO_JUPITER_MAIN_005	SN_PAY_QNO_JUPITER_MAIN_005	xxx	SN_PAYCON_QNO_JUPITER_MAIN_005	SN_NN_QNO_JUPITER_MAIN_005	SN_NC_QNO_JUPITER_MAIN_005	
1	920	QNO_JUPITER_MAIN_006	111	??? ?? (1)	SN_QNO_JUPITER_MAIN_006	SN_PAY_QNO_JUPITER_MAIN_006	xxx	SN_PAYCON_QNO_JUPITER_MAIN_006	SN_NN_QNO_JUPITER_MAIN_006	SN_NC_QNO_JUPITER_MAIN_006	
1	921	QNO_JUPITER_MAIN_007	111	??? ?? (2)	SN_QNO_JUPITER_MAIN_007	SN_PAY_QNO_JUPITER_MAIN_007	xxx	SN_PAYCON_QNO_JUPITER_MAIN_007	SN_NN_QNO_JUPITER_MAIN_007	SN_NC_QNO_JUPITER_MAIN_007	
1	922	QNO_JUPITER_MAIN_008	111	??? ?? (1)	SN_QNO_JUPITER_MAIN_008	SN_PAY_QNO_JUPITER_MAIN_008	xxx	SN_PAYCON_QNO_JUPITER_MAIN_008	SN_NN_QNO_JUPITER_MAIN_008	SN_NC_QNO_JUPITER_MAIN_008	
1	923	QNO_JUPITER_MAIN_009	111	??? ?? (2)	SN_QNO_JUPITER_MAIN_009	SN_PAY_QNO_JUPITER_MAIN_009	xxx	SN_PAYCON_QNO_JUPITER_MAIN_009	SN_NN_QNO_JUPITER_MAIN_009	SN_NC_QNO_JUPITER_MAIN_009	
1	924	QNO_JUPITER_MAIN_010	111	? ?? ??	SN_QNO_JUPITER_MAIN_010	SN_PAY_QNO_JUPITER_MAIN_010	xxx	SN_PAYCON_QNO_JUPITER_MAIN_010	SN_NN_QNO_JUPITER_MAIN_010	SN_NC_QNO_JUPITER_MAIN_010	
1	925	QNO_JUPITER_MAIN_011	113	?? ? ? ?????…	SN_QNO_JUPITER_MAIN_011	SN_PAY_QNO_JUPITER_MAIN_011	xxx	SN_PAYCON_QNO_JUPITER_MAIN_011	SN_NN_QNO_JUPITER_MAIN_011	SN_NC_QNO_JUPITER_MAIN_011	
1	926	QNO_JUPITER_MAIN_012	114	?? (1)	SN_QNO_JUPITER_MAIN_012	SN_PAY_QNO_JUPITER_MAIN_012	xxx	SN_PAYCON_QNO_JUPITER_MAIN_012	SN_NN_QNO_JUPITER_MAIN_012	SN_NC_QNO_JUPITER_MAIN_012	
1	927	QNO_JUPITER_MAIN_013	115	?? (2)	SN_QNO_JUPITER_MAIN_013	SN_PAY_QNO_JUPITER_MAIN_013	xxx	SN_PAYCON_QNO_JUPITER_MAIN_013	SN_NN_QNO_JUPITER_MAIN_013	SN_NC_QNO_JUPITER_MAIN_013	
1	928	QNO_JUPITER_MAIN_014	115	?? (3)	SN_QNO_JUPITER_MAIN_014	SN_PAY_QNO_JUPITER_MAIN_014	xxx	SN_PAYCON_QNO_JUPITER_MAIN_014	SN_NN_QNO_JUPITER_MAIN_014	SN_NC_QNO_JUPITER_MAIN_014	
1	929	QNO_JUPITER_MAIN_015	113	??	SN_QNO_JUPITER_MAIN_015	SN_PAY_QNO_JUPITER_MAIN_015	xxx	SN_PAYCON_QNO_JUPITER_MAIN_015	SN_NN_QNO_JUPITER_MAIN_015	SN_NC_QNO_JUPITER_MAIN_015	
1	930	QNO_JUPITER_MAIN_016	115	??? ??	SN_QNO_JUPITER_MAIN_016	SN_PAY_QNO_JUPITER_MAIN_016	xxx	SN_PAYCON_QNO_JUPITER_MAIN_016	SN_NN_QNO_JUPITER_MAIN_016	SN_NC_QNO_JUPITER_MAIN_016	
1	931	QNO_JUPITER_MAIN_017	113	??? ?? ??	SN_QNO_JUPITER_MAIN_017	SN_PAY_QNO_JUPITER_MAIN_017	xxx	SN_PAYCON_QNO_JUPITER_MAIN_017	SN_NN_QNO_JUPITER_MAIN_017	SN_NC_QNO_JUPITER_MAIN_017	
1	932	QNO_JUPITER_MAIN_018	120	???? ??	SN_QNO_JUPITER_MAIN_018	SN_PAY_QNO_JUPITER_MAIN_018	xxx	SN_PAYCON_QNO_JUPITER_MAIN_018	SN_NN_QNO_JUPITER_MAIN_018	SN_NC_QNO_JUPITER_MAIN_018	
1	933	QNO_JUPITER_MAIN_019	113	???? ??? ?? (1)	SN_QNO_JUPITER_MAIN_019	SN_PAY_QNO_JUPITER_MAIN_019	xxx	SN_PAYCON_QNO_JUPITER_MAIN_019	SN_NN_QNO_JUPITER_MAIN_019	SN_NC_QNO_JUPITER_MAIN_019	
1	934	QNO_JUPITER_MAIN_020	113	???? ??? ?? (2)	SN_QNO_JUPITER_MAIN_020	SN_PAY_QNO_JUPITER_MAIN_020	xxx	SN_PAYCON_QNO_JUPITER_MAIN_020	SN_NN_QNO_JUPITER_MAIN_020	SN_NC_QNO_JUPITER_MAIN_020	
1	935	QNO_JUPITER_MAIN_021	117	??? ? ??	SN_QNO_JUPITER_MAIN_021	SN_PAY_QNO_JUPITER_MAIN_021	xxx	SN_PAYCON_QNO_JUPITER_MAIN_021	SN_NN_QNO_JUPITER_MAIN_021	SN_NC_QNO_JUPITER_MAIN_021	
1	936	QNO_JUPITER_MAIN_022	118	??? ? ??? (1)	SN_QNO_JUPITER_MAIN_022	SN_PAY_QNO_JUPITER_MAIN_022	xxx	SN_PAYCON_QNO_JUPITER_MAIN_022	SN_NN_QNO_JUPITER_MAIN_022	SN_NC_QNO_JUPITER_MAIN_022	
1	937	QNO_JUPITER_MAIN_023	118	??? ? ??? (2)	SN_QNO_JUPITER_MAIN_023	SN_PAY_QNO_JUPITER_MAIN_023	xxx	SN_PAYCON_QNO_JUPITER_MAIN_023	SN_NN_QNO_JUPITER_MAIN_023	SN_NC_QNO_JUPITER_MAIN_023	
1	938	QNO_JUPITER_MAIN_024	116	???? ???…	SN_QNO_JUPITER_MAIN_024	SN_PAY_QNO_JUPITER_MAIN_024	xxx	SN_PAYCON_QNO_JUPITER_MAIN_024	SN_NN_QNO_JUPITER_MAIN_024	SN_NC_QNO_JUPITER_MAIN_024	
1	939	QNO_JUPITER_MAIN_025	116	?? ??? ??? ??	SN_QNO_JUPITER_MAIN_025	SN_PAY_QNO_JUPITER_MAIN_025	xxx	SN_PAYCON_QNO_JUPITER_MAIN_025	SN_NN_QNO_JUPITER_MAIN_025	SN_NC_QNO_JUPITER_MAIN_025	
1	940	QNO_JUPITER_MAIN_026	116	?????? ?? ??	SN_QNO_JUPITER_MAIN_026	SN_PAY_QNO_JUPITER_MAIN_026	xxx	SN_PAYCON_QNO_JUPITER_MAIN_026	SN_NN_QNO_JUPITER_MAIN_026	SN_NC_QNO_JUPITER_MAIN_026	
1	941	QNO_JUPITER_MAIN_027	120	??????? ?? ??	SN_QNO_JUPITER_MAIN_027	SN_PAY_QNO_JUPITER_MAIN_027	xxx	SN_PAYCON_QNO_JUPITER_MAIN_027	SN_NN_QNO_JUPITER_MAIN_027	SN_NC_QNO_JUPITER_MAIN_027	
1	942	QNO_JUPITER_MAIN_028	118	??? ??	SN_QNO_JUPITER_MAIN_028	SN_PAY_QNO_JUPITER_MAIN_028	xxx	SN_PAYCON_QNO_JUPITER_MAIN_028	SN_NN_QNO_JUPITER_MAIN_028	SN_NC_QNO_JUPITER_MAIN_028	
1	943	QNO_JUPITER_MAIN_029	118	??? ??	SN_QNO_JUPITER_MAIN_029	SN_PAY_QNO_JUPITER_MAIN_029	xxx	SN_PAYCON_QNO_JUPITER_MAIN_029	SN_NN_QNO_JUPITER_MAIN_029	SN_NC_QNO_JUPITER_MAIN_029	
1	944	QNO_JUPITER_MAIN_030	120	?? ?? ??	SN_QNO_JUPITER_MAIN_030	SN_PAY_QNO_JUPITER_MAIN_030	xxx	SN_PAYCON_QNO_JUPITER_MAIN_030	SN_NN_QNO_JUPITER_MAIN_030	SN_NC_QNO_JUPITER_MAIN_030	
1	945	QNO_JUPITER_MAIN_031	118	???? ?? ??	SN_QNO_JUPITER_MAIN_031	SN_PAY_QNO_JUPITER_MAIN_031	xxx	SN_PAYCON_QNO_JUPITER_MAIN_031	SN_NN_QNO_JUPITER_MAIN_031	SN_NC_QNO_JUPITER_MAIN_031	
1	946	QNO_JUPITER_SUB_001	111	??? ???	SN_QNO_JUPITER_SUB_001	SN_PAY_QNO_JUPITER_SUB_001	xxx	SN_PAYCON_QNO_JUPITER_SUB_001	SN_NN_QNO_JUPITER_SUB_001	SN_NC_QNO_JUPITER_SUB_001	
1	947	QNO_JUPITER_SUB_002	115	?? ?? (1)	SN_QNO_JUPITER_SUB_002	SN_PAY_QNO_JUPITER_SUB_002	xxx	SN_PAYCON_QNO_JUPITER_SUB_002	SN_NN_QNO_JUPITER_SUB_002	SN_NC_QNO_JUPITER_SUB_002	
1	948	QNO_JUPITER_SUB_003	112	?? ?? (2)	SN_QNO_JUPITER_SUB_003	SN_PAY_QNO_JUPITER_SUB_003	xxx	SN_PAYCON_QNO_JUPITER_SUB_003	SN_NN_QNO_JUPITER_SUB_003	SN_NC_QNO_JUPITER_SUB_003	
1	949	QNO_JUPITER_SUB_004	113	?? ?? (3)	SN_QNO_JUPITER_SUB_004	SN_PAY_QNO_JUPITER_SUB_004	xxx	SN_PAYCON_QNO_JUPITER_SUB_004	SN_NN_QNO_JUPITER_SUB_004	SN_NC_QNO_JUPITER_SUB_004	
1	950	QNO_JUPITER_SUB_005	113	?? ?? ??	SN_QNO_JUPITER_SUB_005	SN_PAY_QNO_JUPITER_SUB_005	xxx	SN_PAYCON_QNO_JUPITER_SUB_005	SN_NN_QNO_JUPITER_SUB_005	SN_NC_QNO_JUPITER_SUB_005	
1	951	QNO_JUPITER_SUB_006	112	??? ??	SN_QNO_JUPITER_SUB_006	SN_PAY_QNO_JUPITER_SUB_006	xxx	SN_PAYCON_QNO_JUPITER_SUB_006	SN_NN_QNO_JUPITER_SUB_006	SN_NC_QNO_JUPITER_SUB_006	
1	952	QNO_JUPITER_SUB_007	115	??? ??	SN_QNO_JUPITER_SUB_007	SN_PAY_QNO_JUPITER_SUB_007	xxx	SN_PAYCON_QNO_JUPITER_SUB_007	SN_NN_QNO_JUPITER_SUB_007	SN_NC_QNO_JUPITER_SUB_007	
1	953	QNO_JUPITER_SUB_008	115	???? ??	SN_QNO_JUPITER_SUB_008	SN_PAY_QNO_JUPITER_SUB_008	xxx	SN_PAYCON_QNO_JUPITER_SUB_008	SN_NN_QNO_JUPITER_SUB_008	SN_NC_QNO_JUPITER_SUB_008	
1	954	QNO_JUPITER_SUB_009	115	???? ???	SN_QNO_JUPITER_SUB_009	SN_PAY_QNO_JUPITER_SUB_009	xxx	SN_PAYCON_QNO_JUPITER_SUB_009	SN_NN_QNO_JUPITER_SUB_009	SN_NC_QNO_JUPITER_SUB_009	
1	955	QNO_JUPITER_SUB_010	113	??? ??? ???…	SN_QNO_JUPITER_SUB_010	SN_PAY_QNO_JUPITER_SUB_010	xxx	SN_PAYCON_QNO_JUPITER_SUB_010	SN_NN_QNO_JUPITER_SUB_010	SN_NC_QNO_JUPITER_SUB_010	
1	956	QNO_JUPITER_SUB_011	115	??? ???	SN_QNO_JUPITER_SUB_011	SN_PAY_QNO_JUPITER_SUB_011	xxx	SN_PAYCON_QNO_JUPITER_SUB_011	SN_NN_QNO_JUPITER_SUB_011	SN_NC_QNO_JUPITER_SUB_011	
1	957	QNO_JUPITER_SUB_012	116	?! ??? ???	SN_QNO_JUPITER_SUB_012	SN_PAY_QNO_JUPITER_SUB_012	xxx	SN_PAYCON_QNO_JUPITER_SUB_012	SN_NN_QNO_JUPITER_SUB_012	SN_NC_QNO_JUPITER_SUB_012	
1	958	QNO_JUPITER_SUB_013	117	??? ??	SN_QNO_JUPITER_SUB_013	SN_PAY_QNO_JUPITER_SUB_013	xxx	SN_PAYCON_QNO_JUPITER_SUB_013	SN_NN_QNO_JUPITER_SUB_013	SN_NC_QNO_JUPITER_SUB_013	
1	959	QNO_JUPITER_SUB_014	115	??? ??	SN_QNO_JUPITER_SUB_014	SN_PAY_QNO_JUPITER_SUB_014	xxx	SN_PAYCON_QNO_JUPITER_SUB_014	SN_NN_QNO_JUPITER_SUB_014	SN_NC_QNO_JUPITER_SUB_014	
1	960	QNO_JUPITER_SUB_015	120	??? ??	SN_QNO_JUPITER_SUB_015	SN_PAY_QNO_JUPITER_SUB_015	xxx	SN_PAYCON_QNO_JUPITER_SUB_015	SN_NN_QNO_JUPITER_SUB_015	SN_NC_QNO_JUPITER_SUB_015	
1	961	QNO_JUPITER_SUB_016	117	?? ??	SN_QNO_JUPITER_SUB_016	SN_PAY_QNO_JUPITER_SUB_016	xxx	SN_PAYCON_QNO_JUPITER_SUB_016	SN_NN_QNO_JUPITER_SUB_016	SN_NC_QNO_JUPITER_SUB_016	
1	962	QNO_JUPITER_SUB_017	118	????	SN_QNO_JUPITER_SUB_017	SN_PAY_QNO_JUPITER_SUB_017	xxx	SN_PAYCON_QNO_JUPITER_SUB_017	SN_NN_QNO_JUPITER_SUB_017	SN_NC_QNO_JUPITER_SUB_017	
1	963	QNO_JUPITER_SUB_018	118	?? ?? ?? ??	SN_QNO_JUPITER_SUB_018	SN_PAY_QNO_JUPITER_SUB_018	xxx	SN_PAYCON_QNO_JUPITER_SUB_018	SN_NN_QNO_JUPITER_SUB_018	SN_NC_QNO_JUPITER_SUB_018	
1	964	QNO_JUPITER_SUB_019	116	??? ? ?? (1)	SN_QNO_JUPITER_SUB_019	SN_PAY_QNO_JUPITER_SUB_019	xxx	SN_PAYCON_QNO_JUPITER_SUB_019	SN_NN_QNO_JUPITER_SUB_019	SN_NC_QNO_JUPITER_SUB_019	
1	965	QNO_JUPITER_SUB_020	118	??? ? ?? (2)	SN_QNO_JUPITER_SUB_020	SN_PAY_QNO_JUPITER_SUB_020	xxx	SN_PAYCON_QNO_JUPITER_SUB_020	SN_NN_QNO_JUPITER_SUB_020	SN_NC_QNO_JUPITER_SUB_020	
1	966	QNO_JUPITER_SUB_021	117	?? ??? ???	SN_QNO_JUPITER_SUB_021	SN_PAY_QNO_JUPITER_SUB_021	xxx	SN_PAYCON_QNO_JUPITER_SUB_021	SN_NN_QNO_JUPITER_SUB_021	SN_NC_QNO_JUPITER_SUB_021	
1	967	QNO_JUPITER_SUB_022	115	??? ??	SN_QNO_JUPITER_SUB_022	SN_PAY_QNO_JUPITER_SUB_022	xxx	SN_PAYCON_QNO_JUPITER_SUB_022	SN_NN_QNO_JUPITER_SUB_022	SN_NC_QNO_JUPITER_SUB_022	
1	968	QNO_JUPITER_SUB_023	112	?? ?? (1)	SN_QNO_JUPITER_SUB_023	SN_PAY_QNO_JUPITER_SUB_023	xxx	SN_PAYCON_QNO_JUPITER_SUB_023	SN_NN_QNO_JUPITER_SUB_023	SN_NC_QNO_JUPITER_SUB_023	
1	969	QNO_JUPITER_SUB_024	113	?? ?? (2)	SN_QNO_JUPITER_SUB_024	SN_PAY_QNO_JUPITER_SUB_024	xxx	SN_PAYCON_QNO_JUPITER_SUB_024	SN_NN_QNO_JUPITER_SUB_024	SN_NC_QNO_JUPITER_SUB_024	
1	970	QNO_JUPITER_SUB_025	113	??? ??	SN_QNO_JUPITER_SUB_025	SN_PAY_QNO_JUPITER_SUB_025	xxx	SN_PAYCON_QNO_JUPITER_SUB_025	SN_NN_QNO_JUPITER_SUB_025	SN_NC_QNO_JUPITER_SUB_025	
1	971	QNO_JUPITER_SUB_026	113	???? ??	SN_QNO_JUPITER_SUB_026	SN_PAY_QNO_JUPITER_SUB_026	xxx	SN_PAYCON_QNO_JUPITER_SUB_026	SN_NN_QNO_JUPITER_SUB_026	SN_NC_QNO_JUPITER_SUB_026	
1	972	QNO_JUPITER_SUB_027	113	??	SN_QNO_JUPITER_SUB_027	SN_PAY_QNO_JUPITER_SUB_027	xxx	SN_PAYCON_QNO_JUPITER_SUB_027	SN_NN_QNO_JUPITER_SUB_027	SN_NC_QNO_JUPITER_SUB_027	
1	973	QNO_JUPITER_SUB_028	115	?? ?? ?	SN_QNO_JUPITER_SUB_028	SN_PAY_QNO_JUPITER_SUB_028	xxx	SN_PAYCON_QNO_JUPITER_SUB_028	SN_NN_QNO_JUPITER_SUB_028	SN_NC_QNO_JUPITER_SUB_028	
1	974	QNO_JUPITER_SUB_029	115	?? ??	SN_QNO_JUPITER_SUB_029	SN_PAY_QNO_JUPITER_SUB_029	xxx	SN_PAYCON_QNO_JUPITER_SUB_029	SN_NN_QNO_JUPITER_SUB_029	SN_NC_QNO_JUPITER_SUB_029	
1	975	QNO_JUPITER_SUB_030	120	??	SN_QNO_JUPITER_SUB_030	SN_PAY_QNO_JUPITER_SUB_030	xxx	SN_PAYCON_QNO_JUPITER_SUB_030	SN_NN_QNO_JUPITER_SUB_030	SN_NC_QNO_JUPITER_SUB_030	
1	976	QNO_JUPITER_SUB_031	115	??? ??? ?? (1)	SN_QNO_JUPITER_SUB_031	SN_PAY_QNO_JUPITER_SUB_031	xxx	SN_PAYCON_QNO_JUPITER_SUB_031	SN_NN_QNO_JUPITER_SUB_031	SN_NC_QNO_JUPITER_SUB_031	
1	977	QNO_JUPITER_SUB_032	115	??? ??? ?? (2)	SN_QNO_JUPITER_SUB_032	SN_PAY_QNO_JUPITER_SUB_032	xxx	SN_PAYCON_QNO_JUPITER_SUB_032	SN_NN_QNO_JUPITER_SUB_032	SN_NC_QNO_JUPITER_SUB_032	
1	978	QNO_JUPITER_SUB_033	116	??? ?? (1)	SN_QNO_JUPITER_SUB_033	SN_PAY_QNO_JUPITER_SUB_033	xxx	SN_PAYCON_QNO_JUPITER_SUB_033	SN_NN_QNO_JUPITER_SUB_033	SN_NC_QNO_JUPITER_SUB_033	
1	979	QNO_JUPITER_SUB_034	116	??? ?? (2)	SN_QNO_JUPITER_SUB_034	SN_PAY_QNO_JUPITER_SUB_034	xxx	SN_PAYCON_QNO_JUPITER_SUB_034	SN_NN_QNO_JUPITER_SUB_034	SN_NC_QNO_JUPITER_SUB_034	
1	980	QNO_JUPITER_SUB_035	118	???? ??	SN_QNO_JUPITER_SUB_035	SN_PAY_QNO_JUPITER_SUB_035	xxx	SN_PAYCON_QNO_JUPITER_SUB_035	SN_NN_QNO_JUPITER_SUB_035	SN_NC_QNO_JUPITER_SUB_035	
1	981	QNO_JUPITER_SUB_036	117	??? ?? ??	SN_QNO_JUPITER_SUB_036	SN_PAY_QNO_JUPITER_SUB_036	xxx	SN_PAYCON_QNO_JUPITER_SUB_036	SN_NN_QNO_JUPITER_SUB_036	SN_NC_QNO_JUPITER_SUB_036	
1	982	QNO_JUPITER_SUB_037	118	???? ???	SN_QNO_JUPITER_SUB_037	SN_PAY_QNO_JUPITER_SUB_037	xxx	SN_PAYCON_QNO_JUPITER_SUB_037	SN_NN_QNO_JUPITER_SUB_037	SN_NC_QNO_JUPITER_SUB_037	
1	983	QNO_JUPITER_SUB_038	120	?????? ??	SN_QNO_JUPITER_SUB_038	SN_PAY_QNO_JUPITER_SUB_038	xxx	SN_PAYCON_QNO_JUPITER_SUB_038	SN_NN_QNO_JUPITER_SUB_038	SN_NC_QNO_JUPITER_SUB_038	
1	984	QNO_JUPITER_SUB_039	118	?? ??	SN_QNO_JUPITER_SUB_039	SN_PAY_QNO_JUPITER_SUB_039	xxx	SN_PAYCON_QNO_JUPITER_SUB_039	SN_NN_QNO_JUPITER_SUB_039	SN_NC_QNO_JUPITER_SUB_039	
1	985	QNO_JUPITER_SUB_040	118	??? ???!!	SN_QNO_JUPITER_SUB_040	SN_PAY_QNO_JUPITER_SUB_040	xxx	SN_PAYCON_QNO_JUPITER_SUB_040	SN_NN_QNO_JUPITER_SUB_040	SN_NC_QNO_JUPITER_SUB_040	
1	986	QNO_JUPITER_SUB_041	118	??? ??	SN_QNO_JUPITER_SUB_041	SN_PAY_QNO_JUPITER_SUB_041	xxx	SN_PAYCON_QNO_JUPITER_SUB_041	SN_NN_QNO_JUPITER_SUB_041	SN_NC_QNO_JUPITER_SUB_041	
1	987	QNO_JUPITER_SUB_042	118	??? ??? ??? ?? ?	SN_QNO_JUPITER_SUB_042	SN_PAY_QNO_JUPITER_SUB_042	xxx	SN_PAYCON_QNO_JUPITER_SUB_042	SN_NN_QNO_JUPITER_SUB_042	SN_NC_QNO_JUPITER_SUB_042	
1	988	QNO_JUPITER_SUB_043	120	?? ??	SN_QNO_JUPITER_SUB_043	SN_PAY_QNO_JUPITER_SUB_043	xxx	SN_PAYCON_QNO_JUPITER_SUB_043	SN_NN_QNO_JUPITER_SUB_043	SN_NC_QNO_JUPITER_SUB_043	
1	989	QNO_JUPITER_SUB_044	111	?? ??? ???	SN_QNO_JUPITER_SUB_044	SN_PAY_QNO_JUPITER_SUB_044	xxx	SN_PAYCON_QNO_JUPITER_SUB_044	SN_NN_QNO_JUPITER_SUB_044	SN_NC_QNO_JUPITER_SUB_044	
1	990	QNO_JUPITER_SUB_045	120	?????	SN_QNO_JUPITER_SUB_045	SN_PAY_QNO_JUPITER_SUB_045	xxx	SN_PAYCON_QNO_JUPITER_SUB_045	SN_NN_QNO_JUPITER_SUB_045	SN_NC_QNO_JUPITER_SUB_045	
1	991	QNO_JUPITER_SUB_046	120	????? ?? ??	SN_QNO_JUPITER_SUB_046	SN_PAY_QNO_JUPITER_SUB_046	xxx	SN_PAYCON_QNO_JUPITER_SUB_046	SN_NN_QNO_JUPITER_SUB_046	SN_NC_QNO_JUPITER_SUB_046	
1	992	QNO_JUPITER_SUB_047	112	??? ?? ??	SN_QNO_JUPITER_SUB_047	SN_PAY_QNO_JUPITER_SUB_047	xxx	SN_PAYCON_QNO_JUPITER_SUB_047	SN_NN_QNO_JUPITER_SUB_047	SN_NC_QNO_JUPITER_SUB_047	
1	993	QNO_JUPITER_SUB_048	112	???? ?? (1)	SN_QNO_JUPITER_SUB_048	SN_PAY_QNO_JUPITER_SUB_048	xxx	SN_PAYCON_QNO_JUPITER_SUB_048	SN_NN_QNO_JUPITER_SUB_048	SN_NC_QNO_JUPITER_SUB_048	
1	994	QNO_JUPITER_SUB_049	113	???? ?? (2)	SN_QNO_JUPITER_SUB_049	SN_PAY_QNO_JUPITER_SUB_049	xxx	SN_PAYCON_QNO_JUPITER_SUB_049	SN_NN_QNO_JUPITER_SUB_049	SN_NC_QNO_JUPITER_SUB_049	
1	995	QNO_JUPITER_SUB_050	114	??? ???? ?	SN_QNO_JUPITER_SUB_050	SN_PAY_QNO_JUPITER_SUB_050	xxx	SN_PAYCON_QNO_JUPITER_SUB_050	SN_NN_QNO_JUPITER_SUB_050	SN_NC_QNO_JUPITER_SUB_050	
1	996	QNO_JUPITER_SUB_051	116	??? ?? (1)	SN_QNO_JUPITER_SUB_051	SN_PAY_QNO_JUPITER_SUB_051	xxx	SN_PAYCON_QNO_JUPITER_SUB_051	SN_NN_QNO_JUPITER_SUB_051	SN_NC_QNO_JUPITER_SUB_051	
1	997	QNO_JUPITER_SUB_052	117	??? ?? (2)	SN_QNO_JUPITER_SUB_052	SN_PAY_QNO_JUPITER_SUB_052	xxx	SN_PAYCON_QNO_JUPITER_SUB_052	SN_NN_QNO_JUPITER_SUB_052	SN_NC_QNO_JUPITER_SUB_052	
1	998	QNO_JUPITER_SUB_053	119	??? ??…	SN_QNO_JUPITER_SUB_053	SN_PAY_QNO_JUPITER_SUB_053	xxx	SN_PAYCON_QNO_JUPITER_SUB_053	SN_NN_QNO_JUPITER_SUB_053	SN_NC_QNO_JUPITER_SUB_053	
1	999	QNO_JUPITER_SUB_054	119	??? ??	SN_QNO_JUPITER_SUB_054	SN_PAY_QNO_JUPITER_SUB_054	xxx	SN_PAYCON_QNO_JUPITER_SUB_054	SN_NN_QNO_JUPITER_SUB_054	SN_NC_QNO_JUPITER_SUB_054	
1	1000	QNO_JUPITER_SUB_055	119	??? ??	SN_QNO_JUPITER_SUB_055	SN_PAY_QNO_JUPITER_SUB_055	xxx	SN_PAYCON_QNO_JUPITER_SUB_055	SN_NN_QNO_JUPITER_SUB_055	SN_NC_QNO_JUPITER_SUB_055	
1	1001	QNO_JUPITER_SUB_056	119	??? ??	SN_QNO_JUPITER_SUB_056	SN_PAY_QNO_JUPITER_SUB_056	xxx	SN_PAYCON_QNO_JUPITER_SUB_056	SN_NN_QNO_JUPITER_SUB_056	SN_NC_QNO_JUPITER_SUB_056	
1	1002	QNO_JUPITER_SUB_057	120	?? ??? ?	SN_QNO_JUPITER_SUB_057	SN_PAY_QNO_JUPITER_SUB_057	xxx	SN_PAYCON_QNO_JUPITER_SUB_057	SN_NN_QNO_JUPITER_SUB_057	SN_NC_QNO_JUPITER_SUB_057	
1	1003	QNO_JUPITER_MAIN_032	111	??? ?? ????…	SN_QNO_JUPITER_MAIN_032	SN_PAY_QNO_JUPITER_MAIN_032	xxx	SN_PAYCON_QNO_JUPITER_MAIN_032	SN_NN_QNO_JUPITER_MAIN_032	SN_NC_QNO_JUPITER_MAIN_032	
1	1004	QNO_JUPITER_MAIN_033	111	??? ?? ????…	SN_QNO_JUPITER_MAIN_033	SN_PAY_QNO_JUPITER_MAIN_033	xxx	SN_PAYCON_QNO_JUPITER_MAIN_033	SN_NN_QNO_JUPITER_MAIN_033	SN_NC_QNO_JUPITER_MAIN_033	
1	1005	QNO_JUPITER_MAIN_034	113	??? ?? ????…	SN_QNO_JUPITER_MAIN_034	SN_PAY_QNO_JUPITER_MAIN_034	xxx	SN_PAYCON_QNO_JUPITER_MAIN_034	SN_NN_QNO_JUPITER_MAIN_034	SN_NC_QNO_JUPITER_MAIN_034	
1	1006	QNO_JUPITER_MAIN_035	116	???? ??? ????…	SN_QNO_JUPITER_MAIN_035	SN_PAY_QNO_JUPITER_MAIN_035	xxx	SN_PAYCON_QNO_JUPITER_MAIN_035	SN_NN_QNO_JUPITER_MAIN_035	SN_NC_QNO_JUPITER_MAIN_035	
1	1007	QNO_JUPITER_MAIN_036	116	???? ??? ????…	SN_QNO_JUPITER_MAIN_036	SN_PAY_QNO_JUPITER_MAIN_036	xxx	SN_PAYCON_QNO_JUPITER_MAIN_036	SN_NN_QNO_JUPITER_MAIN_036	SN_NC_QNO_JUPITER_MAIN_036	
1	1008	QNO_JUPITER_MAIN_037	118	???? ??? ????…	SN_QNO_JUPITER_MAIN_037	SN_PAY_QNO_JUPITER_MAIN_037	xxx	SN_PAYCON_QNO_JUPITER_MAIN_037	SN_NN_QNO_JUPITER_MAIN_037	SN_NC_QNO_JUPITER_MAIN_037	
1	1009	QNO_JUPITER_MAIN_038	118	?? ?? ?? ??	SN_QNO_JUPITER_MAIN_038	SN_PAY_QNO_JUPITER_MAIN_038	xxx	SN_PAYCON_QNO_JUPITER_MAIN_038	SN_NN_QNO_JUPITER_MAIN_038	SN_NC_QNO_JUPITER_MAIN_038	
1	1010	QNO_JUPITER_SUB_058	111	??? ??	SN_QNO_JUPITER_SUB_058	SN_PAY_QNO_JUPITER_SUB_058	xxx	SN_PAYCON_QNO_JUPITER_SUB_058	SN_NN_QNO_JUPITER_SUB_058	SN_NC_QNO_JUPITER_SUB_058	
1	1011	QNO_JUPITER_SUB_059	111	??? ?? (?? ??)	SN_QNO_JUPITER_SUB_059	SN_PAY_QNO_JUPITER_SUB_059	xxx	SN_PAYCON_QNO_JUPITER_SUB_059	SN_NN_QNO_JUPITER_SUB_059	SN_NC_QNO_JUPITER_SUB_059	
1	1012	QNO_JUPITER_SUB_060	112	??? ??	SN_QNO_JUPITER_SUB_060	SN_PAY_QNO_JUPITER_SUB_060	xxx	SN_PAYCON_QNO_JUPITER_SUB_060	SN_NN_QNO_JUPITER_SUB_060	SN_NC_QNO_JUPITER_SUB_060	
1	1013	QNO_JUPITER_SUB_061	112	??? ?? (?? ??)	SN_QNO_JUPITER_SUB_061	SN_PAY_QNO_JUPITER_SUB_061	xxx	SN_PAYCON_QNO_JUPITER_SUB_061	SN_NN_QNO_JUPITER_SUB_061	SN_NC_QNO_JUPITER_SUB_061	
1	1014	QNO_JUPITER_SUB_062	112	??? ? ?!	SN_QNO_JUPITER_SUB_062	SN_PAY_QNO_JUPITER_SUB_062	xxx	SN_PAYCON_QNO_JUPITER_SUB_062	SN_NN_QNO_JUPITER_SUB_062	SN_NC_QNO_JUPITER_SUB_062	
1	1015	QNO_JUPITER_SUB_063	112	??? ? ?! (?? ??)	SN_QNO_JUPITER_SUB_063	SN_PAY_QNO_JUPITER_SUB_063	xxx	SN_PAYCON_QNO_JUPITER_SUB_063	SN_NN_QNO_JUPITER_SUB_063	SN_NC_QNO_JUPITER_SUB_063	
1	1016	QNO_JUPITER_SUB_064	113	? ?? ?? ?? ?	SN_QNO_JUPITER_SUB_064	SN_PAY_QNO_JUPITER_SUB_064	xxx	SN_PAYCON_QNO_JUPITER_SUB_064	SN_NN_QNO_JUPITER_SUB_064	SN_NC_QNO_JUPITER_SUB_064	
1	1017	QNO_JUPITER_SUB_065	113	? ?? ?? ?? ? (?? ??)	SN_QNO_JUPITER_SUB_065	SN_PAY_QNO_JUPITER_SUB_065	xxx	SN_PAYCON_QNO_JUPITER_SUB_065	SN_NN_QNO_JUPITER_SUB_065	SN_NC_QNO_JUPITER_SUB_065	
1	1018	QNO_JUPITER_SUB_066	113	??? ??	SN_QNO_JUPITER_SUB_066	SN_PAY_QNO_JUPITER_SUB_066	xxx	SN_PAYCON_QNO_JUPITER_SUB_066	SN_NN_QNO_JUPITER_SUB_066	SN_NC_QNO_JUPITER_SUB_066	
1	1019	QNO_JUPITER_SUB_067	113	??? ?? (?? ??)	SN_QNO_JUPITER_SUB_067	SN_PAY_QNO_JUPITER_SUB_067	xxx	SN_PAYCON_QNO_JUPITER_SUB_067	SN_NN_QNO_JUPITER_SUB_067	SN_NC_QNO_JUPITER_SUB_067	
1	1020	QNO_JUPITER_SUB_068	114	??? ??? ? ??! (1)	SN_QNO_JUPITER_SUB_068	SN_PAY_QNO_JUPITER_SUB_068	xxx	SN_PAYCON_QNO_JUPITER_SUB_068	SN_NN_QNO_JUPITER_SUB_068	SN_NC_QNO_JUPITER_SUB_068	
1	1021	QNO_JUPITER_SUB_069	114	??? ??? ? ??! (1) (?? ??)	SN_QNO_JUPITER_SUB_069	SN_PAY_QNO_JUPITER_SUB_069	xxx	SN_PAYCON_QNO_JUPITER_SUB_069	SN_NN_QNO_JUPITER_SUB_069	SN_NC_QNO_JUPITER_SUB_069	
1	1022	QNO_JUPITER_SUB_070	115	??? ??? ? ??! (2)	SN_QNO_JUPITER_SUB_070	SN_PAY_QNO_JUPITER_SUB_070	xxx	SN_PAYCON_QNO_JUPITER_SUB_070	SN_NN_QNO_JUPITER_SUB_070	SN_NC_QNO_JUPITER_SUB_070	
1	1023	QNO_JUPITER_SUB_071	115	??? ??? ? ??! (2) (?? ??)	SN_QNO_JUPITER_SUB_071	SN_PAY_QNO_JUPITER_SUB_071	xxx	SN_PAYCON_QNO_JUPITER_SUB_071	SN_NN_QNO_JUPITER_SUB_071	SN_NC_QNO_JUPITER_SUB_071	
1	1024	QNO_JUPITER_SUB_072	115	??? ????	SN_QNO_JUPITER_SUB_072	SN_PAY_QNO_JUPITER_SUB_072	xxx	SN_PAYCON_QNO_JUPITER_SUB_072	SN_NN_QNO_JUPITER_SUB_072	SN_NC_QNO_JUPITER_SUB_072	
1	1025	QNO_JUPITER_SUB_073	115	??? ???? (?? ??)	SN_QNO_JUPITER_SUB_073	SN_PAY_QNO_JUPITER_SUB_073	xxx	SN_PAYCON_QNO_JUPITER_SUB_073	SN_NN_QNO_JUPITER_SUB_073	SN_NC_QNO_JUPITER_SUB_073	
1	1026	QNO_JUPITER_SUB_074	116	???? ?? ?? (1)	SN_QNO_JUPITER_SUB_074	SN_PAY_QNO_JUPITER_SUB_074	xxx	SN_PAYCON_QNO_JUPITER_SUB_074	SN_NN_QNO_JUPITER_SUB_074	SN_NC_QNO_JUPITER_SUB_074	
1	1027	QNO_JUPITER_SUB_075	116	???? ?? ?? (1) (?? ??)	SN_QNO_JUPITER_SUB_075	SN_PAY_QNO_JUPITER_SUB_075	xxx	SN_PAYCON_QNO_JUPITER_SUB_075	SN_NN_QNO_JUPITER_SUB_075	SN_NC_QNO_JUPITER_SUB_075	
1	1028	QNO_JUPITER_SUB_076	116	???? ?? ?? (2)	SN_QNO_JUPITER_SUB_076	SN_PAY_QNO_JUPITER_SUB_076	xxx	SN_PAYCON_QNO_JUPITER_SUB_076	SN_NN_QNO_JUPITER_SUB_076	SN_NC_QNO_JUPITER_SUB_076	
1	1029	QNO_JUPITER_SUB_077	116	???? ?? ?? (2) (?? ??)	SN_QNO_JUPITER_SUB_077	SN_PAY_QNO_JUPITER_SUB_077	xxx	SN_PAYCON_QNO_JUPITER_SUB_077	SN_NN_QNO_JUPITER_SUB_077	SN_NC_QNO_JUPITER_SUB_077	
1	1030	QNO_JUPITER_SUB_078	117	????? ???	SN_QNO_JUPITER_SUB_078	SN_PAY_QNO_JUPITER_SUB_078	xxx	SN_PAYCON_QNO_JUPITER_SUB_078	SN_NN_QNO_JUPITER_SUB_078	SN_NC_QNO_JUPITER_SUB_078	
1	1031	QNO_JUPITER_SUB_079	117	????? ??? (?? ??)	SN_QNO_JUPITER_SUB_079	SN_PAY_QNO_JUPITER_SUB_079	xxx	SN_PAYCON_QNO_JUPITER_SUB_079	SN_NN_QNO_JUPITER_SUB_079	SN_NC_QNO_JUPITER_SUB_079	
1	1032	QNO_JUPITER_SUB_080	117	??	SN_QNO_JUPITER_SUB_080	SN_PAY_QNO_JUPITER_SUB_080	xxx	SN_PAYCON_QNO_JUPITER_SUB_080	SN_NN_QNO_JUPITER_SUB_080	SN_NC_QNO_JUPITER_SUB_080	
1	1033	QNO_JUPITER_SUB_081	117	?? (?? ??)	SN_QNO_JUPITER_SUB_081	SN_PAY_QNO_JUPITER_SUB_081	xxx	SN_PAYCON_QNO_JUPITER_SUB_081	SN_NN_QNO_JUPITER_SUB_081	SN_NC_QNO_JUPITER_SUB_081	
1	1034	QNO_JUPITER_SUB_082	118	?? ??	SN_QNO_JUPITER_SUB_082	SN_PAY_QNO_JUPITER_SUB_082	xxx	SN_PAYCON_QNO_JUPITER_SUB_082	SN_NN_QNO_JUPITER_SUB_082	SN_NC_QNO_JUPITER_SUB_082	
1	1035	QNO_JUPITER_SUB_083	118	?? ?? (?? ??)	SN_QNO_JUPITER_SUB_083	SN_PAY_QNO_JUPITER_SUB_083	xxx	SN_PAYCON_QNO_JUPITER_SUB_083	SN_NN_QNO_JUPITER_SUB_083	SN_NC_QNO_JUPITER_SUB_083	
1	1036	QNO_JUPITER_SUB_084	119	?? ??	SN_QNO_JUPITER_SUB_084	SN_PAY_QNO_JUPITER_SUB_084	xxx	SN_PAYCON_QNO_JUPITER_SUB_084	SN_NN_QNO_JUPITER_SUB_084	SN_NC_QNO_JUPITER_SUB_084	
1	1037	QNO_JUPITER_SUB_085	119	?? ?? (?? ??)	SN_QNO_JUPITER_SUB_085	SN_PAY_QNO_JUPITER_SUB_085	xxx	SN_PAYCON_QNO_JUPITER_SUB_085	SN_NN_QNO_JUPITER_SUB_085	SN_NC_QNO_JUPITER_SUB_085	
1	1038	QNO_JUPITER_SUB_086	119	? ?? ? ???!	SN_QNO_JUPITER_SUB_086	SN_PAY_QNO_JUPITER_SUB_086	xxx	SN_PAYCON_QNO_JUPITER_SUB_086	SN_NN_QNO_JUPITER_SUB_086	SN_NC_QNO_JUPITER_SUB_086	
1	1039	QNO_JUPITER_SUB_087	119	? ?? ? ???! (?? ??)	SN_QNO_JUPITER_SUB_087	SN_PAY_QNO_JUPITER_SUB_087	xxx	SN_PAYCON_QNO_JUPITER_SUB_087	SN_NN_QNO_JUPITER_SUB_087	SN_NC_QNO_JUPITER_SUB_087	
1	1040	QNO_JUPITER_SUB_088	120	?? ??? ?	SN_QNO_JUPITER_SUB_088	SN_PAY_QNO_JUPITER_SUB_088	xxx	SN_PAYCON_QNO_JUPITER_SUB_088	SN_NN_QNO_JUPITER_SUB_088	SN_NC_QNO_JUPITER_SUB_088	
1	1041	QNO_JUPITER_SUB_089	120	?? ??? ? (?? ??)	SN_QNO_JUPITER_SUB_089	SN_PAY_QNO_JUPITER_SUB_089	xxx	SN_PAYCON_QNO_JUPITER_SUB_089	SN_NN_QNO_JUPITER_SUB_089	SN_NC_QNO_JUPITER_SUB_089	
1	1438	QNO_AR_001	121	<????> ??? ???? ?	SN_QNO_AR_001	SN_PAY_QNO_AR_001	xxx	SN_PAYCON_QNO_AR_001	SN_NN_QNO_AR_001	SN_NC_QNO_AR_001	
1	1439	QNO_AR_002	121	<????> ??? ??	SN_QNO_AR_002	SN_PAY_QNO_AR_002	xxx	SN_PAYCON_QNO_AR_002	SN_NN_QNO_AR_002	SN_NC_QNO_AR_002	
1	1440	QNO_AR_003	121	<????> ??? ??	SN_QNO_AR_003	SN_PAY_QNO_AR_003	xxx	SN_PAYCON_QNO_AR_003	SN_NN_QNO_AR_003	SN_NC_QNO_AR_003	
1	1441	QNO_AR_004	121	<????> ??? ??	SN_QNO_AR_004	SN_PAY_QNO_AR_004	xxx	SN_PAYCON_QNO_AR_004	SN_NN_QNO_AR_004	SN_NC_QNO_AR_004	
1	1442	QNO_AR_005	121	<????> ??? ???	SN_QNO_AR_005	SN_PAY_QNO_AR_005	xxx	SN_PAYCON_QNO_AR_005	SN_NN_QNO_AR_005	SN_NC_QNO_AR_005	
1	1443	QNO_AR_006	121	<????> ???? ?? ???	SN_QNO_AR_006	SN_PAY_QNO_AR_006	xxx	SN_PAYCON_QNO_AR_006	SN_NN_QNO_AR_006	SN_NC_QNO_AR_006	
1	1444	QNO_AR_007	121	<????> ??? ???	SN_QNO_AR_007	SN_PAY_QNO_AR_007	xxx	SN_PAYCON_QNO_AR_007	SN_NN_QNO_AR_007	SN_NC_QNO_AR_007	
1	1445	QNO_AR_008	121	<????> ??? ?? ??	SN_QNO_AR_008	SN_PAY_QNO_AR_008	xxx	SN_PAYCON_QNO_AR_008	SN_NN_QNO_AR_008	SN_NC_QNO_AR_008	
1	1446	QNO_AR_009	121	<????> ??? ?? ???	SN_QNO_AR_009	SN_PAY_QNO_AR_009	xxx	SN_PAYCON_QNO_AR_009	SN_NN_QNO_AR_009	SN_NC_QNO_AR_009	
1	1447	QNO_AR_010	121	<????> ??? ? ????..	SN_QNO_AR_010	SN_PAY_QNO_AR_010	xxx	SN_PAYCON_QNO_AR_010	SN_NN_QNO_AR_010	SN_NC_QNO_AR_010	
1	1448	QNO_AR_011	121	<????> ??? ?? ??	SN_QNO_AR_011	SN_PAY_QNO_AR_011	xxx	SN_PAYCON_QNO_AR_011	SN_NN_QNO_AR_011	SN_NC_QNO_AR_011	
1	1449	QNO_AR_012	121	<????> ?? ?? ???	SN_QNO_AR_012	SN_PAY_QNO_AR_012	xxx	SN_PAYCON_QNO_AR_012	SN_NN_QNO_AR_012	SN_NC_QNO_AR_012	
1	1450	QNO_AR_013	121	<????> ?? ???? ??	SN_QNO_AR_013	SN_PAY_QNO_AR_013	xxx	SN_PAYCON_QNO_AR_013	SN_NN_QNO_AR_013	SN_NC_QNO_AR_013	
1	1451	QNO_AR_014	121	<????> ?? ???? ????	SN_QNO_AR_014	SN_PAY_QNO_AR_014	xxx	SN_PAYCON_QNO_AR_014	SN_NN_QNO_AR_014	SN_NC_QNO_AR_014	
1	1452	QNO_AR_015	121	<????> ??? ??? ???	SN_QNO_AR_015	SN_PAY_QNO_AR_015	xxx	SN_PAYCON_QNO_AR_015	SN_NN_QNO_AR_015	SN_NC_QNO_AR_015	
1	1453	QNO_AR_016	121	<????> ??? ?? ?????	SN_QNO_AR_016	SN_PAY_QNO_AR_016	xxx	SN_PAYCON_QNO_AR_016	SN_NN_QNO_AR_016	SN_NC_QNO_AR_016	
1	1454	QNO_AR_017	121	<????> ?? ???? ??	SN_QNO_AR_017	SN_PAY_QNO_AR_017	xxx	SN_PAYCON_QNO_AR_017	SN_NN_QNO_AR_017	SN_NC_QNO_AR_017	
1	1455	QNO_AR_018	121	<????> ??? ???	SN_QNO_AR_018	SN_PAY_QNO_AR_018	xxx	SN_PAYCON_QNO_AR_018	SN_NN_QNO_AR_018	SN_NC_QNO_AR_018	
1	1456	QNO_AR_019	121	<????> ??? ???	SN_QNO_AR_019	SN_PAY_QNO_AR_019	xxx	SN_PAYCON_QNO_AR_019	SN_NN_QNO_AR_019	SN_NC_QNO_AR_019	
1	1457	QNO_AR_020	122	<????> ??? ?? ??	SN_QNO_AR_020	SN_PAY_QNO_AR_020	xxx	SN_PAYCON_QNO_AR_020	SN_NN_QNO_AR_020	SN_NC_QNO_AR_020	
1	1458	QNO_AR_021	122	<????> ??? ?? ??? ????	SN_QNO_AR_021	SN_PAY_QNO_AR_021	xxx	SN_PAYCON_QNO_AR_021	SN_NN_QNO_AR_021	SN_NC_QNO_AR_021	
1	1459	QNO_AR_022	122	<????> ????? ? ???	SN_QNO_AR_022	SN_PAY_QNO_AR_022	xxx	SN_PAYCON_QNO_AR_022	SN_NN_QNO_AR_022	SN_NC_QNO_AR_022	
1	1460	QNO_AR_023	122	<????> ?? ???? ??	SN_QNO_AR_023	SN_PAY_QNO_AR_023	xxx	SN_PAYCON_QNO_AR_023	SN_NN_QNO_AR_023	SN_NC_QNO_AR_023	
1	1461	QNO_AR_024	122	<????> ???? ??	SN_QNO_AR_024	SN_PAY_QNO_AR_024	xxx	SN_PAYCON_QNO_AR_024	SN_NN_QNO_AR_024	SN_NC_QNO_AR_024	
1	1462	QNO_AR_025	122	<????> ??? ???	SN_QNO_AR_025	SN_PAY_QNO_AR_025	xxx	SN_PAYCON_QNO_AR_025	SN_NN_QNO_AR_025	SN_NC_QNO_AR_025	
1	1463	QNO_AR_026	122	<????> ??? ??? ???	SN_QNO_AR_026	SN_PAY_QNO_AR_026	xxx	SN_PAYCON_QNO_AR_026	SN_NN_QNO_AR_026	SN_NC_QNO_AR_026	
1	1464	QNO_AR_027	122	<????> ?? ??? ?? ??	SN_QNO_AR_027	SN_PAY_QNO_AR_027	xxx	SN_PAYCON_QNO_AR_027	SN_NN_QNO_AR_027	SN_NC_QNO_AR_027	
1	1465	QNO_AR_028	122	<????> ?? ???? ???	SN_QNO_AR_028	SN_PAY_QNO_AR_028	xxx	SN_PAYCON_QNO_AR_028	SN_NN_QNO_AR_028	SN_NC_QNO_AR_028	
1	1466	QNO_AR_029	123	<????> ??? ? ? ?? ??	SN_QNO_AR_029	SN_PAY_QNO_AR_029	xxx	SN_PAYCON_QNO_AR_029	SN_NN_QNO_AR_029	SN_NC_QNO_AR_029	
1	1467	QNO_AR_030	123	<????> ??? ???	SN_QNO_AR_030	SN_PAY_QNO_AR_030	xxx	SN_PAYCON_QNO_AR_030	SN_NN_QNO_AR_030	SN_NC_QNO_AR_030	
1	1468	QNO_AR_031	123	<????> ??? ??? ???	SN_QNO_AR_031	SN_PAY_QNO_AR_031	xxx	SN_PAYCON_QNO_AR_031	SN_NN_QNO_AR_031	SN_NC_QNO_AR_031	
1	1469	QNO_AR_032	122	<????> ? ?? ??? ?? ????	SN_QNO_AR_032	SN_PAY_QNO_AR_032	xxx	SN_PAYCON_QNO_AR_032	SN_NN_QNO_AR_032	SN_NC_QNO_AR_032	
1	1470	QNO_AR_033	123	<????> ?? ?? ?? ???	SN_QNO_AR_033	SN_PAY_QNO_AR_033	xxx	SN_PAYCON_QNO_AR_033	SN_NN_QNO_AR_033	SN_NC_QNO_AR_033	
1	1471	QNO_AR_034	123	<????> ??? ????	SN_QNO_AR_034	SN_PAY_QNO_AR_034	xxx	SN_PAYCON_QNO_AR_034	SN_NN_QNO_AR_034	SN_NC_QNO_AR_034	
1	1472	QNO_AR_035	123	<????> ??? ??? ??	SN_QNO_AR_035	SN_PAY_QNO_AR_035	xxx	SN_PAYCON_QNO_AR_035	SN_NN_QNO_AR_035	SN_NC_QNO_AR_035	
1	1473	QNO_AR_036	123	<????> ?? ??? ??	SN_QNO_AR_036	SN_PAY_QNO_AR_036	xxx	SN_PAYCON_QNO_AR_036	SN_NN_QNO_AR_036	SN_NC_QNO_AR_036	
1	1474	QNO_AR_037	123	<????> ?? ??	SN_QNO_AR_037	SN_PAY_QNO_AR_037	xxx	SN_PAYCON_QNO_AR_037	SN_NN_QNO_AR_037	SN_NC_QNO_AR_037	
1	1475	QNO_AR_038	123	<????> ????? ??	SN_QNO_AR_038	SN_PAY_QNO_AR_038	xxx	SN_PAYCON_QNO_AR_038	SN_NN_QNO_AR_038	SN_NC_QNO_AR_038	
1	1476	QNO_AR_039	123	<????> ??? ? ????	SN_QNO_AR_039	SN_PAY_QNO_AR_039	xxx	SN_PAYCON_QNO_AR_039	SN_NN_QNO_AR_039	SN_NC_QNO_AR_039	
1	1477	QNO_AR_040	123	<????> ???? ????? ??	SN_QNO_AR_040	SN_PAY_QNO_AR_040	xxx	SN_PAYCON_QNO_AR_040	SN_NN_QNO_AR_040	SN_NC_QNO_AR_040	
1	1478	QNO_AR_041	123	<????> ?? ??? ??	SN_QNO_AR_041	SN_PAY_QNO_AR_041	xxx	SN_PAYCON_QNO_AR_041	SN_NN_QNO_AR_041	SN_NC_QNO_AR_041	
1	1479	QNO_AR_042	123	<????> ???? ?????	SN_QNO_AR_042	SN_PAY_QNO_AR_042	xxx	SN_PAYCON_QNO_AR_042	SN_NN_QNO_AR_042	SN_NC_QNO_AR_042	
1	1480	QNO_AR_043	123	<????> ??? ??? ??	SN_QNO_AR_043	SN_PAY_QNO_AR_043	xxx	SN_PAYCON_QNO_AR_043	SN_NN_QNO_AR_043	SN_NC_QNO_AR_043	
1	1481	QNO_AR_044	123	<????> ???? ?? ???	SN_QNO_AR_044	SN_PAY_QNO_AR_044	xxx	SN_PAYCON_QNO_AR_044	SN_NN_QNO_AR_044	SN_NC_QNO_AR_044	
1	1482	QNO_AR_045	123	<????> ??? ??	SN_QNO_AR_045	SN_PAY_QNO_AR_045	xxx	SN_PAYCON_QNO_AR_045	SN_NN_QNO_AR_045	SN_NC_QNO_AR_045	
1	1483	QNO_AR_046	124	<????> ?? ??? ??	SN_QNO_AR_046	SN_PAY_QNO_AR_046	xxx	SN_PAYCON_QNO_AR_046	SN_NN_QNO_AR_046	SN_NC_QNO_AR_046	
1	1484	QNO_AR_047	124	<????> ??? ??? ???	SN_QNO_AR_047	SN_PAY_QNO_AR_047	xxx	SN_PAYCON_QNO_AR_047	SN_NN_QNO_AR_047	SN_NC_QNO_AR_047	
1	1485	QNO_AR_048	124	<????> ??? ?? ??	SN_QNO_AR_048	SN_PAY_QNO_AR_048	xxx	SN_PAYCON_QNO_AR_048	SN_NN_QNO_AR_048	SN_NC_QNO_AR_048	
1	1486	QNO_AR_049	124	<????> ??? ??? ??	SN_QNO_AR_049	SN_PAY_QNO_AR_049	xxx	SN_PAYCON_QNO_AR_049	SN_NN_QNO_AR_049	SN_NC_QNO_AR_049	
1	1487	QNO_AR_050	124	<????> ???? ???	SN_QNO_AR_050	SN_PAY_QNO_AR_050	xxx	SN_PAYCON_QNO_AR_050	SN_NN_QNO_AR_050	SN_NC_QNO_AR_050	
1	1488	QNO_AR_051	124	<????> ??? ??	SN_QNO_AR_051	SN_PAY_QNO_AR_051	xxx	SN_PAYCON_QNO_AR_051	SN_NN_QNO_AR_051	SN_NC_QNO_AR_051	
1	1489	QNO_AR_052	125	<????> ??? ??? ???	SN_QNO_AR_052	SN_PAY_QNO_AR_052	xxx	SN_PAYCON_QNO_AR_052	SN_NN_QNO_AR_052	SN_NC_QNO_AR_052	
1	1490	QNO_AR_053	125	<????> ????? ??	SN_QNO_AR_053	SN_PAY_QNO_AR_053	xxx	SN_PAYCON_QNO_AR_053	SN_NN_QNO_AR_053	SN_NC_QNO_AR_053	
1	1491	QNO_AR_054	125	<????> ???? ??? ????	SN_QNO_AR_054	SN_PAY_QNO_AR_054	xxx	SN_PAYCON_QNO_AR_054	SN_NN_QNO_AR_054	SN_NC_QNO_AR_054	
1	1492	QNO_AR_055	125	<????> ???? ??	SN_QNO_AR_055	SN_PAY_QNO_AR_055	xxx	SN_PAYCON_QNO_AR_055	SN_NN_QNO_AR_055	SN_NC_QNO_AR_055	
1	1493	QNO_AR_056	125	<????> ?? ???? ??	SN_QNO_AR_056	SN_PAY_QNO_AR_056	xxx	SN_PAYCON_QNO_AR_056	SN_NN_QNO_AR_056	SN_NC_QNO_AR_056	
1	1494	QNO_AR_057	125	<????> ??? ?? ???	SN_QNO_AR_057	SN_PAY_QNO_AR_057	xxx	SN_PAYCON_QNO_AR_057	SN_NN_QNO_AR_057	SN_NC_QNO_AR_057	
1	1495	QNO_AR_058	125	<????> ?? ?? ??	SN_QNO_AR_058	SN_PAY_QNO_AR_058	xxx	SN_PAYCON_QNO_AR_058	SN_NN_QNO_AR_058	SN_NC_QNO_AR_058	
1	1496	QNO_AR_059	125	<????> ??? ?? ? ?	SN_QNO_AR_059	SN_PAY_QNO_AR_059	xxx	SN_PAYCON_QNO_AR_059	SN_NN_QNO_AR_059	SN_NC_QNO_AR_059	
1	1497	QNO_AR_060	125	<????> ?? ??? ??	SN_QNO_AR_060	SN_PAY_QNO_AR_060	xxx	SN_PAYCON_QNO_AR_060	SN_NN_QNO_AR_060	SN_NC_QNO_AR_060	
1	1498	QNO_AR_061	124	<????> ???? ??	SN_QNO_AR_061	SN_PAY_QNO_AR_061	xxx	SN_PAYCON_QNO_AR_061	SN_NN_QNO_AR_061	SN_NC_QNO_AR_061	
1	1499	QNO_AR_062	124	<????> ????? ??	SN_QNO_AR_062	SN_PAY_QNO_AR_062	xxx	SN_PAYCON_QNO_AR_062	SN_NN_QNO_AR_062	SN_NC_QNO_AR_062	
1	1500	QNO_AR_063	123	<????> ?? ??? ??	SN_QNO_AR_063	SN_PAY_QNO_AR_063	xxx	SN_PAYCON_QNO_AR_063	SN_NN_QNO_AR_063	SN_NC_QNO_AR_063	
1	1501	QNO_AR_064	124	<????> ???? ??	SN_QNO_AR_064	SN_PAY_QNO_AR_064	xxx	SN_PAYCON_QNO_AR_064	SN_NN_QNO_AR_064	SN_NC_QNO_AR_064	
1	1502	QNO_AR_065	124	<????> ??? ??	SN_QNO_AR_065	SN_PAY_QNO_AR_065	xxx	SN_PAYCON_QNO_AR_065	SN_NN_QNO_AR_065	SN_NC_QNO_AR_065	
1	1503	QNO_AR_066	125	<????> ???? ??	SN_QNO_AR_066	SN_PAY_QNO_AR_066	xxx	SN_PAYCON_QNO_AR_066	SN_NN_QNO_AR_066	SN_NC_QNO_AR_066	
1	1504	QNO_AR_067	125	<????> ???? ??	SN_QNO_AR_067	SN_PAY_QNO_AR_067	xxx	SN_PAYCON_QNO_AR_067	SN_NN_QNO_AR_067	SN_NC_QNO_AR_067	
1	1505	QNO_AR_068	125	<????> ????? ??	SN_QNO_AR_068	SN_PAY_QNO_AR_068	xxx	SN_PAYCON_QNO_AR_068	SN_NN_QNO_AR_068	SN_NC_QNO_AR_068	
1	1506	QNO_AR_069	125	<????> ???? ??	SN_QNO_AR_069	SN_PAY_QNO_AR_069	xxx	SN_PAYCON_QNO_AR_069	SN_NN_QNO_AR_069	SN_NC_QNO_AR_069	
//A'Dan Z'Ye Silkroad Private Server Editleri
