1	15	MALL_ARCHEMY_ASTRAL	PACKAGE_ITEM_ETC_ARCHEMY_MAGICSTONE_ASTRAL_01	0	-1	xxx	-1	xxx	-1	xxx	-1	xxx	
1	15	MALL_ARCHEMY_ASTRAL	PACKAGE_ITEM_ETC_ARCHEMY_MAGICSTONE_ASTRAL_02	1	-1	xxx	-1	xxx	-1	xxx	-1	xxx	
1	15	MALL_ARCHEMY_ASTRAL	PACKAGE_ITEM_ETC_ARCHEMY_MAGICSTONE_ASTRAL_03	2	-1	xxx	-1	xxx	-1	xxx	-1	xxx	
1	15	MALL_ARCHEMY_ASTRAL	PACKAGE_ITEM_ETC_ARCHEMY_MAGICSTONE_ASTRAL_04	3	-1	xxx	-1	xxx	-1	xxx	-1	xxx	
1	15	MALL_ARCHEMY_ASTRAL	PACKAGE_ITEM_ETC_ARCHEMY_MAGICSTONE_ASTRAL_05	4	-1	xxx	-1	xxx	-1	xxx	-1	xxx	
1	15	MALL_ARCHEMY_ASTRAL	PACKAGE_ITEM_ETC_ARCHEMY_MAGICSTONE_ASTRAL_06	5	-1	xxx	-1	xxx	-1	xxx	-1	xxx	
1	15	MALL_ARCHEMY_ASTRAL	PACKAGE_ITEM_ETC_ARCHEMY_MAGICSTONE_ASTRAL_07	6	-1	xxx	-1	xxx	-1	xxx	-1	xxx	
1	15	MALL_ARCHEMY_ASTRAL	PACKAGE_ITEM_ETC_ARCHEMY_MAGICSTONE_ASTRAL_08	7	-1	xxx	-1	xxx	-1	xxx	-1	xxx	
1	15	MALL_ARCHEMY_ASTRAL	PACKAGE_ITEM_ETC_ARCHEMY_MAGICSTONE_ASTRAL_09	8	-1	xxx	-1	xxx	-1	xxx	-1	xxx	
1	15	MALL_ARCHEMY_ASTRAL	PACKAGE_ITEM_ETC_ARCHEMY_MAGICSTONE_ASTRAL_10	9	-1	xxx	-1	xxx	-1	xxx	-1	xxx	
1	15	MALL_ARCHEMY_ASTRAL	PACKAGE_ITEM_ETC_ARCHEMY_MAGICSTONE_ASTRAL_11	10	-1	xxx	-1	xxx	-1	xxx	-1	xxx	
1	15	MALL_ARCHEMY_ATHANASIA	PACKAGE_ITEM_ETC_ARCHEMY_MAGICSTONE_ATHANASIA_01	0	-1	xxx	-1	xxx	-1	xxx	-1	xxx	
1	15	MALL_ARCHEMY_ATHANASIA	PACKAGE_ITEM_ETC_ARCHEMY_MAGICSTONE_ATHANASIA_02	1	-1	xxx	-1	xxx	-1	xxx	-1	xxx	
1	15	MALL_ARCHEMY_ATHANASIA	PACKAGE_ITEM_ETC_ARCHEMY_MAGICSTONE_ATHANASIA_03	2	-1	xxx	-1	xxx	-1	xxx	-1	xxx	
1	15	MALL_ARCHEMY_ATHANASIA	PACKAGE_ITEM_ETC_ARCHEMY_MAGICSTONE_ATHANASIA_04	3	-1	xxx	-1	xxx	-1	xxx	-1	xxx	
1	15	MALL_ARCHEMY_ATHANASIA	PACKAGE_ITEM_ETC_ARCHEMY_MAGICSTONE_ATHANASIA_05	4	-1	xxx	-1	xxx	-1	xxx	-1	xxx	
1	15	MALL_ARCHEMY_ATHANASIA	PACKAGE_ITEM_ETC_ARCHEMY_MAGICSTONE_ATHANASIA_06	5	-1	xxx	-1	xxx	-1	xxx	-1	xxx	
1	15	MALL_ARCHEMY_ATHANASIA	PACKAGE_ITEM_ETC_ARCHEMY_MAGICSTONE_ATHANASIA_07	6	-1	xxx	-1	xxx	-1	xxx	-1	xxx	
1	15	MALL_ARCHEMY_ATHANASIA	PACKAGE_ITEM_ETC_ARCHEMY_MAGICSTONE_ATHANASIA_08	7	-1	xxx	-1	xxx	-1	xxx	-1	xxx	
1	15	MALL_ARCHEMY_ATHANASIA	PACKAGE_ITEM_ETC_ARCHEMY_MAGICSTONE_ATHANASIA_09	8	-1	xxx	-1	xxx	-1	xxx	-1	xxx	
1	15	MALL_ARCHEMY_ATHANASIA	PACKAGE_ITEM_ETC_ARCHEMY_MAGICSTONE_ATHANASIA_10	9	-1	xxx	-1	xxx	-1	xxx	-1	xxx	
1	15	MALL_ARCHEMY_ATHANASIA	PACKAGE_ITEM_ETC_ARCHEMY_MAGICSTONE_ATHANASIA_11	10	-1	xxx	-1	xxx	-1	xxx	-1	xxx	
1	15	MALL_ARCHEMY_ETC	PACKAGE_ITEM_ETC_ARCHEMY_RONDO_03	0	-1	xxx	-1	xxx	-1	xxx	-1	xxx	
1	15	MALL_ARCHEMY_ETC	PACKAGE_ITEM_MALL_TRADE_MAGICRUNE_SEAL	1	-1	xxx	-1	xxx	-1	xxx	-1	xxx	
1	15	MALL_ARCHEMY_ETC	PACKAGE_ITEM_MALL_TRADE_STATEMENT	3	-1	xxx	-1	xxx	-1	xxx	-1	xxx	
1	15	MALL_ARCHEMY_ETC	PACKAGE_ITEM_MALL_TRADE_STRENTHRUNE_SEAL	2	-1	xxx	-1	xxx	-1	xxx	-1	xxx	
1	15	MALL_CONSUME_COMMUNITY	PACKAGE_ITEM_MALL_GLOBAL_CHATTING	0	-1	xxx	-1	xxx	-1	xxx	-1	xxx	
1	15	MALL_CONSUME_ETC	PACKAGE_ITEM_MALL_BOLT	9	-1	xxx	-1	xxx	-1	xxx	-1	xxx	
1	15	MALL_CONSUME_ETC	PACKAGE_ITEM_MALL_EQUIP_TRANSGENDER_1	4	-1	xxx	-1	xxx	-1	xxx	-1	xxx	
1	15	MALL_CONSUME_ETC	PACKAGE_ITEM_MALL_EQUIP_TRANSGENDER_2	5	-1	xxx	-1	xxx	-1	xxx	-1	xxx	
1	15	MALL_CONSUME_ETC	PACKAGE_ITEM_MALL_EQUIP_TRANSGENDER_3	6	-1	xxx	-1	xxx	-1	xxx	-1	xxx	
1	15	MALL_CONSUME_ETC	PACKAGE_ITEM_MALL_EQUIP_TRANSGENDER_4	7	-1	xxx	-1	xxx	-1	xxx	-1	xxx	
1	15	MALL_CONSUME_ETC	PACKAGE_ITEM_MALL_QUIVER	8	-1	xxx	-1	xxx	-1	xxx	-1	xxx	
1	15	MALL_CONSUME_ETC	PACKAGE_ITEM_MALL_REPAIR_HAMMER	3	-1	xxx	-1	xxx	-1	xxx	-1	xxx	
1	15	MALL_CONSUME_SCROLL	PACKAGE_ITEM_MALL_DAMAGE_ABS_20P_SCROLL	9	-1	xxx	-1	xxx	-1	xxx	-1	xxx	
1	15	MALL_CONSUME_SCROLL	PACKAGE_ITEM_MALL_DAMAGE_INC_20P_SCROLL	8	-1	xxx	-1	xxx	-1	xxx	-1	xxx	
1	15	MALL_CONSUME_SCROLL	PACKAGE_ITEM_MALL_RESURRECTION_100P_SCROLL	12	-1	xxx	-1	xxx	-1	xxx	-1	xxx	
1	15	MALL_CONSUME_SCROLL	PACKAGE_ITEM_MALL_RESURRECTION_60P_SCROLL	11	-1	xxx	-1	xxx	-1	xxx	-1	xxx	
1	15	MALL_CONSUME_SCROLL	PACKAGE_ITEM_MALL_RETURN_SCROLL_HIGH_SPEED	10	-1	xxx	-1	xxx	-1	xxx	-1	xxx	
1	15	MALL_CONSUME_SCROLL	PACKAGE_ITEM_MALL_REVERSE_RETURN_SCROLL	13	-1	xxx	-1	xxx	-1	xxx	-1	xxx	
1	15	MALL_CONSUME_SPECIAL	PACKAGE_ITEM_MALL_CHAR_SKIN_CHANGE_SCROLL	6	-1	xxx	-1	xxx	-1	xxx	-1	xxx	
1	15	MALL_CONSUME_SPECIAL	PACKAGE_ITEM_MALL_GACHA_CARD	11	-1	xxx	-1	xxx	-1	xxx	-1	xxx	
1	15	MALL_CONSUME_SPECIAL	PACKAGE_ITEM_MALL_GOLD_TIME_SERVICE_TICKET_4W	2	-1	xxx	-1	xxx	-1	xxx	-1	xxx	
1	15	MALL_CONSUME_SPECIAL	PACKAGE_ITEM_MALL_OPEN_MARKET_TICKET	0	-1	xxx	-1	xxx	-1	xxx	-1	xxx	
1	15	MALL_CONSUME_SPECIAL	PACKAGE_ITEM_MALL_SILVER_TIME_SERVICE_TICKET_4W	8	-1	xxx	-1	xxx	-1	xxx	-1	xxx	
1	15	MALL_CONSUME_SPECIAL	PACKAGE_ITEM_MALL_SKILL_GOLD_TIME_SERVICE_TICKET_4W	4	-1	xxx	-1	xxx	-1	xxx	-1	xxx	
1	15	MALL_CONSUME_SPECIAL	PACKAGE_ITEM_MALL_SKILL_RESTORATION_POTION	5	-1	xxx	-1	xxx	-1	xxx	-1	xxx	
1	15	MALL_CONSUME_SPECIAL	PACKAGE_ITEM_MALL_SKILL_SILVER_TIME_SERVICE_TICKET_4W	10	-1	xxx	-1	xxx	-1	xxx	-1	xxx	
1	15	MALL_PET_A_GROWTH	PACKAGE_ITEM_COS_P_BEAR_SCROLL	4	-1	xxx	-1	xxx	-1	xxx	-1	xxx	
1	15	MALL_PET_A_GROWTH	PACKAGE_ITEM_COS_P_FLUTE_WHITE	0	-1	xxx	-1	xxx	-1	xxx	-1	xxx	
1	15	MALL_PET_A_GROWTH	PACKAGE_ITEM_COS_P_FOX_SCROLL	2	-1	xxx	-1	xxx	-1	xxx	-1	xxx	
1	15	MALL_PET_A_GROWTH	PACKAGE_ITEM_COS_P_KANGAROO_SCROLL	1	-1	xxx	-1	xxx	-1	xxx	-1	xxx	
1	15	MALL_PET_A_GROWTH	PACKAGE_ITEM_COS_P_PENGUIN_SCROLL	3	-1	xxx	-1	xxx	-1	xxx	-1	xxx	
1	15	MALL_PET_A_GROWTH	PACKAGE_ITEM_COS_P_RAVEN_SCROLL	5	-1	xxx	-1	xxx	-1	xxx	-1	xxx	
1	15	MALL_PET_B_SILK	PACKAGE_ITEM_COS_P_BROWNIE_SCROLL	3	-1	xxx	-1	xxx	-1	xxx	-1	xxx	
1	15	MALL_PET_B_SILK	PACKAGE_ITEM_COS_P_CAT_SCROLL	2	-1	xxx	-1	xxx	-1	xxx	-1	xxx	
1	15	MALL_PET_B_SILK	PACKAGE_ITEM_COS_P_GGLIDER_SCROLL	1	-1	xxx	-1	xxx	-1	xxx	-1	xxx	
1	15	MALL_PET_B_SILK	PACKAGE_ITEM_COS_P_MYOWON_SCROLL	7	-1	xxx	-1	xxx	-1	xxx	-1	xxx	
1	15	MALL_PET_B_SILK	PACKAGE_ITEM_COS_P_RABBIT_SCROLL_SILK	5	-1	xxx	-1	xxx	-1	xxx	-1	xxx	
1	15	MALL_PET_B_SILK	PACKAGE_ITEM_COS_P_RACCOONDOG_SCROLL	0	-1	xxx	-1	xxx	-1	xxx	-1	xxx	
1	15	MALL_PET_B_SILK	PACKAGE_ITEM_COS_P_SEOWON_SCROLL	6	-1	xxx	-1	xxx	-1	xxx	-1	xxx	
1	15	MALL_PET_B_SILK	PACKAGE_ITEM_COS_P_SPOT_RABBIT_SCROLL	4	-1	xxx	-1	xxx	-1	xxx	-1	xxx	
1	15	MALL_PET_C_VEHICLE	PACKAGE_ITEM_COS_C_OSTRICH_SCROLL	4	-1	xxx	-1	xxx	-1	xxx	-1	xxx	
1	15	MALL_PET_C_VEHICLE	PACKAGE_ITEM_COS_C_PEGASUS_SCROLL	3	-1	xxx	-1	xxx	-1	xxx	-1	xxx	
1	15	MALL_PET_C_VEHICLE	PACKAGE_ITEM_COS_C_SCARABAEUS_SCROLL	2	-1	xxx	-1	xxx	-1	xxx	-1	xxx	
1	15	MALL_PET_C_VEHICLE	PACKAGE_ITEM_COS_C_TIGER_SCROLL	1	-1	xxx	-1	xxx	-1	xxx	-1	xxx	
1	15	MALL_PET_C_VEHICLE	PACKAGE_ITEM_COS_C_WILDPIG_SCROLL	0	-1	xxx	-1	xxx	-1	xxx	-1	xxx	
1	15	MALL_PET_E_STORES	PACKAGE_ITEM_COS_P_EXTENSION	0	-1	xxx	-1	xxx	-1	xxx	-1	xxx	
1	15	MALL_PET_E_STORES	PACKAGE_ITEM_MALL_PET_GROWTH_POTION	1	-1	xxx	-1	xxx	-1	xxx	-1	xxx	
1	15	MALL_PREMIUM_NASRUN_ETC	PACKAGE_ITEM_MALL_NASRUN_EXTENSION	0	-1	xxx	-1	xxx	-1	xxx	-1	xxx	
1	15	MALL_PREMIUM_PREMIUM	PACKAGE_ITEM_MALL_PREMIUM_VIETNAM_GOLDTIME_PLUS	1	-1	xxx	-1	xxx	-1	xxx	-1	xxx	
1	15	STORE_BJ_BATTLEAIDE_TAB1	PACKAGE_ITEM_COS_GUARD_CH_BOW_01	3	-1	xxx	-1	xxx	-1	xxx	-1	xxx	
1	15	STORE_BJ_BATTLEAIDE_TAB1	PACKAGE_ITEM_COS_GUARD_CH_BOW_02	2	-1	xxx	-1	xxx	-1	xxx	-1	xxx	
1	15	STORE_BJ_BATTLEAIDE_TAB1	PACKAGE_ITEM_COS_GUARD_CH_SPEAR_01	1	-1	xxx	-1	xxx	-1	xxx	-1	xxx	
1	15	STORE_BJ_BATTLEAIDE_TAB1	PACKAGE_ITEM_COS_GUARD_CH_SPEAR_02	0	-1	xxx	-1	xxx	-1	xxx	-1	xxx	
1	15	STORE_CA_ACCESSORY_TAB1	PACKAGE_ITEM_EU_EARRING_03_A	3	-1	xxx	-1	xxx	-1	xxx	-1	xxx	
1	15	STORE_CA_ACCESSORY_TAB1	PACKAGE_ITEM_EU_EARRING_04_A	4	-1	xxx	-1	xxx	-1	xxx	-1	xxx	
1	15	STORE_CA_ACCESSORY_TAB1	PACKAGE_ITEM_EU_EARRING_05_A	5	-1	xxx	-1	xxx	-1	xxx	-1	xxx	
1	15	STORE_CA_ACCESSORY_TAB1	PACKAGE_ITEM_EU_NECKLACE_03_A	6	-1	xxx	-1	xxx	-1	xxx	-1	xxx	
1	15	STORE_CA_ACCESSORY_TAB1	PACKAGE_ITEM_EU_NECKLACE_04_A	7	-1	xxx	-1	xxx	-1	xxx	-1	xxx	
1	15	STORE_CA_ACCESSORY_TAB1	PACKAGE_ITEM_EU_NECKLACE_05_A	8	-1	xxx	-1	xxx	-1	xxx	-1	xxx	
1	15	STORE_CA_ACCESSORY_TAB1	PACKAGE_ITEM_EU_RING_03_A	0	-1	xxx	-1	xxx	-1	xxx	-1	xxx	
1	15	STORE_CA_ACCESSORY_TAB1	PACKAGE_ITEM_EU_RING_04_A	1	-1	xxx	-1	xxx	-1	xxx	-1	xxx	
1	15	STORE_CA_ACCESSORY_TAB1	PACKAGE_ITEM_EU_RING_05_A	2	-1	xxx	-1	xxx	-1	xxx	-1	xxx	
1	15	STORE_CA_ACCESSORY_TAB2	PACKAGE_ITEM_ETC_SCROLL_RETURN_01	0	-1	xxx	-1	xxx	-1	xxx	-1	xxx	
1	15	STORE_CA_ACCESSORY_TAB2	PACKAGE_ITEM_ETC_SCROLL_RETURN_02	1	-1	xxx	-1	xxx	-1	xxx	-1	xxx	
1	15	STORE_CA_ACCESSORY_TAB3	PACKAGE_ITEM_ETC_ARCHEMY_POTION_SPEED_05	9	-1	xxx	-1	xxx	-1	xxx	-1	xxx	
1	15	STORE_CA_ACCESSORY_TAB3	PACKAGE_ITEM_ETC_ARCHEMY_POTION_SPEED_11	10	-1	xxx	-1	xxx	-1	xxx	-1	xxx	
1	15	STORE_CA_ACCESSORY_TAB3	PACKAGE_ITEM_ETC_ARCHEMY_REINFORCE_PROB_UP_A_03	1	-1	xxx	-1	xxx	-1	xxx	-1	xxx	
1	15	STORE_CA_ACCESSORY_TAB3	PACKAGE_ITEM_ETC_ARCHEMY_REINFORCE_PROB_UP_A_04	2	-1	xxx	-1	xxx	-1	xxx	-1	xxx	
1	15	STORE_CA_ACCESSORY_TAB3	PACKAGE_ITEM_ETC_ARCHEMY_REINFORCE_PROB_UP_A_05	3	-1	xxx	-1	xxx	-1	xxx	-1	xxx	
1	15	STORE_CA_ACCESSORY_TAB3	PACKAGE_ITEM_ETC_ARCHEMY_REINFORCE_PROB_UP_A_06	4	-1	xxx	-1	xxx	-1	xxx	-1	xxx	
1	15	STORE_CA_ACCESSORY_TAB3	PACKAGE_ITEM_ETC_ARCHEMY_REINFORCE_PROB_UP_A_07	5	-1	xxx	-1	xxx	-1	xxx	-1	xxx	
1	15	STORE_CA_ACCESSORY_TAB3	PACKAGE_ITEM_ETC_ARCHEMY_REINFORCE_PROB_UP_A_08	6	-1	xxx	-1	xxx	-1	xxx	-1	xxx	
1	15	STORE_CA_ACCESSORY_TAB3	PACKAGE_ITEM_ETC_ARCHEMY_REINFORCE_PROB_UP_A_09	7	-1	xxx	-1	xxx	-1	xxx	-1	xxx	
1	15	STORE_CA_ACCESSORY_TAB3	PACKAGE_ITEM_ETC_ARCHEMY_REINFORCE_PROB_UP_A_10	8	-1	xxx	-1	xxx	-1	xxx	-1	xxx	
1	15	STORE_CA_ACCESSORY_TAB3	PACKAGE_ITEM_ETC_ARCHEMY_RONDO_01	11	-1	xxx	-1	xxx	-1	xxx	-1	xxx	
1	15	STORE_CA_ACCESSORY_TAB3	PACKAGE_ITEM_ETC_ARCHEMY_RONDO_02	12	-1	xxx	-1	xxx	-1	xxx	-1	xxx	
1	15	STORE_CA_ACCESSORY_TAB3	PACKAGE_ITEM_ETC_TRADE_MATERIAL_DESTROYSTONE	0	-1	xxx	-1	xxx	-1	xxx	-1	xxx	
1	15	STORE_CA_ARMOR_TAB1	PACKAGE_ITEM_EU_M_HEAVY_03_AA_A	12	-1	xxx	-1	xxx	-1	xxx	-1	xxx	
1	15	STORE_CA_ARMOR_TAB1	PACKAGE_ITEM_EU_M_HEAVY_03_BA_A	6	-1	xxx	-1	xxx	-1	xxx	-1	xxx	
1	15	STORE_CA_ARMOR_TAB1	PACKAGE_ITEM_EU_M_HEAVY_03_CA_A	0	-1	xxx	-1	xxx	-1	xxx	-1	xxx	
1	15	STORE_CA_ARMOR_TAB1	PACKAGE_ITEM_EU_M_HEAVY_03_FA_A	15	-1	xxx	-1	xxx	-1	xxx	-1	xxx	
1	15	STORE_CA_ARMOR_TAB1	PACKAGE_ITEM_EU_M_HEAVY_03_LA_A	9	-1	xxx	-1	xxx	-1	xxx	-1	xxx	
1	15	STORE_CA_ARMOR_TAB1	PACKAGE_ITEM_EU_M_HEAVY_03_SA_A	3	-1	xxx	-1	xxx	-1	xxx	-1	xxx	
1	15	STORE_CA_ARMOR_TAB1	PACKAGE_ITEM_EU_M_HEAVY_04_AA_A	13	-1	xxx	-1	xxx	-1	xxx	-1	xxx	
1	15	STORE_CA_ARMOR_TAB1	PACKAGE_ITEM_EU_M_HEAVY_04_BA_A	7	-1	xxx	-1	xxx	-1	xxx	-1	xxx	
1	15	STORE_CA_ARMOR_TAB1	PACKAGE_ITEM_EU_M_HEAVY_04_CA_A	1	-1	xxx	-1	xxx	-1	xxx	-1	xxx	
1	15	STORE_CA_ARMOR_TAB1	PACKAGE_ITEM_EU_M_HEAVY_04_FA_A	16	-1	xxx	-1	xxx	-1	xxx	-1	xxx	
1	15	STORE_CA_ARMOR_TAB1	PACKAGE_ITEM_EU_M_HEAVY_04_LA_A	10	-1	xxx	-1	xxx	-1	xxx	-1	xxx	
1	15	STORE_CA_ARMOR_TAB1	PACKAGE_ITEM_EU_M_HEAVY_04_SA_A	4	-1	xxx	-1	xxx	-1	xxx	-1	xxx	
1	15	STORE_CA_ARMOR_TAB1	PACKAGE_ITEM_EU_M_HEAVY_05_AA_A	14	-1	xxx	-1	xxx	-1	xxx	-1	xxx	
1	15	STORE_CA_ARMOR_TAB1	PACKAGE_ITEM_EU_M_HEAVY_05_BA_A	8	-1	xxx	-1	xxx	-1	xxx	-1	xxx	
1	15	STORE_CA_ARMOR_TAB1	PACKAGE_ITEM_EU_M_HEAVY_05_CA_A	2	-1	xxx	-1	xxx	-1	xxx	-1	xxx	
1	15	STORE_CA_ARMOR_TAB1	PACKAGE_ITEM_EU_M_HEAVY_05_FA_A	17	-1	xxx	-1	xxx	-1	xxx	-1	xxx	
1	15	STORE_CA_ARMOR_TAB1	PACKAGE_ITEM_EU_M_HEAVY_05_LA_A	11	-1	xxx	-1	xxx	-1	xxx	-1	xxx	
1	15	STORE_CA_ARMOR_TAB1	PACKAGE_ITEM_EU_M_HEAVY_05_SA_A	5	-1	xxx	-1	xxx	-1	xxx	-1	xxx	
1	15	STORE_CA_ARMOR_TAB2	PACKAGE_ITEM_EU_M_LIGHT_03_AA_A	12	-1	xxx	-1	xxx	-1	xxx	-1	xxx	
1	15	STORE_CA_ARMOR_TAB2	PACKAGE_ITEM_EU_M_LIGHT_03_BA_A	6	-1	xxx	-1	xxx	-1	xxx	-1	xxx	
1	15	STORE_CA_ARMOR_TAB2	PACKAGE_ITEM_EU_M_LIGHT_03_CA_A	0	-1	xxx	-1	xxx	-1	xxx	-1	xxx	
1	15	STORE_CA_ARMOR_TAB2	PACKAGE_ITEM_EU_M_LIGHT_03_FA_A	15	-1	xxx	-1	xxx	-1	xxx	-1	xxx	
1	15	STORE_CA_ARMOR_TAB2	PACKAGE_ITEM_EU_M_LIGHT_03_LA_A	9	-1	xxx	-1	xxx	-1	xxx	-1	xxx	
1	15	STORE_CA_ARMOR_TAB2	PACKAGE_ITEM_EU_M_LIGHT_03_SA_A	3	-1	xxx	-1	xxx	-1	xxx	-1	xxx	
1	15	STORE_CA_ARMOR_TAB2	PACKAGE_ITEM_EU_M_LIGHT_04_AA_A	13	-1	xxx	-1	xxx	-1	xxx	-1	xxx	
1	15	STORE_CA_ARMOR_TAB2	PACKAGE_ITEM_EU_M_LIGHT_04_BA_A	7	-1	xxx	-1	xxx	-1	xxx	-1	xxx	
1	15	STORE_CA_ARMOR_TAB2	PACKAGE_ITEM_EU_M_LIGHT_04_CA_A	1	-1	xxx	-1	xxx	-1	xxx	-1	xxx	
1	15	STORE_CA_ARMOR_TAB2	PACKAGE_ITEM_EU_M_LIGHT_04_FA_A	16	-1	xxx	-1	xxx	-1	xxx	-1	xxx	
1	15	STORE_CA_ARMOR_TAB2	PACKAGE_ITEM_EU_M_LIGHT_04_LA_A	10	-1	xxx	-1	xxx	-1	xxx	-1	xxx	
1	15	STORE_CA_ARMOR_TAB2	PACKAGE_ITEM_EU_M_LIGHT_04_SA_A	4	-1	xxx	-1	xxx	-1	xxx	-1	xxx	
1	15	STORE_CA_ARMOR_TAB2	PACKAGE_ITEM_EU_M_LIGHT_05_AA_A	14	-1	xxx	-1	xxx	-1	xxx	-1	xxx	
1	15	STORE_CA_ARMOR_TAB2	PACKAGE_ITEM_EU_M_LIGHT_05_BA_A	8	-1	xxx	-1	xxx	-1	xxx	-1	xxx	
1	15	STORE_CA_ARMOR_TAB2	PACKAGE_ITEM_EU_M_LIGHT_05_CA_A	2	-1	xxx	-1	xxx	-1	xxx	-1	xxx	
1	15	STORE_CA_ARMOR_TAB2	PACKAGE_ITEM_EU_M_LIGHT_05_FA_A	17	-1	xxx	-1	xxx	-1	xxx	-1	xxx	
1	15	STORE_CA_ARMOR_TAB2	PACKAGE_ITEM_EU_M_LIGHT_05_LA_A	11	-1	xxx	-1	xxx	-1	xxx	-1	xxx	
1	15	STORE_CA_ARMOR_TAB2	PACKAGE_ITEM_EU_M_LIGHT_05_SA_A	5	-1	xxx	-1	xxx	-1	xxx	-1	xxx	
1	15	STORE_CA_ARMOR_TAB3	PACKAGE_ITEM_EU_M_CLOTHES_03_AA_A	12	-1	xxx	-1	xxx	-1	xxx	-1	xxx	
1	15	STORE_CA_ARMOR_TAB3	PACKAGE_ITEM_EU_M_CLOTHES_03_BA_A	6	-1	xxx	-1	xxx	-1	xxx	-1	xxx	
1	15	STORE_CA_ARMOR_TAB3	PACKAGE_ITEM_EU_M_CLOTHES_03_CA_A	0	-1	xxx	-1	xxx	-1	xxx	-1	xxx	
1	15	STORE_CA_ARMOR_TAB3	PACKAGE_ITEM_EU_M_CLOTHES_03_FA_A	15	-1	xxx	-1	xxx	-1	xxx	-1	xxx	
1	15	STORE_CA_ARMOR_TAB3	PACKAGE_ITEM_EU_M_CLOTHES_03_LA_A	9	-1	xxx	-1	xxx	-1	xxx	-1	xxx	
1	15	STORE_CA_ARMOR_TAB3	PACKAGE_ITEM_EU_M_CLOTHES_03_SA_A	3	-1	xxx	-1	xxx	-1	xxx	-1	xxx	
1	15	STORE_CA_ARMOR_TAB3	PACKAGE_ITEM_EU_M_CLOTHES_04_AA_A	13	-1	xxx	-1	xxx	-1	xxx	-1	xxx	
1	15	STORE_CA_ARMOR_TAB3	PACKAGE_ITEM_EU_M_CLOTHES_04_BA_A	7	-1	xxx	-1	xxx	-1	xxx	-1	xxx	
1	15	STORE_CA_ARMOR_TAB3	PACKAGE_ITEM_EU_M_CLOTHES_04_CA_A	1	-1	xxx	-1	xxx	-1	xxx	-1	xxx	
1	15	STORE_CA_ARMOR_TAB3	PACKAGE_ITEM_EU_M_CLOTHES_04_FA_A	16	-1	xxx	-1	xxx	-1	xxx	-1	xxx	
1	15	STORE_CA_ARMOR_TAB3	PACKAGE_ITEM_EU_M_CLOTHES_04_LA_A	10	-1	xxx	-1	xxx	-1	xxx	-1	xxx	
1	15	STORE_CA_ARMOR_TAB3	PACKAGE_ITEM_EU_M_CLOTHES_04_SA_A	4	-1	xxx	-1	xxx	-1	xxx	-1	xxx	
1	15	STORE_CA_ARMOR_TAB3	PACKAGE_ITEM_EU_M_CLOTHES_05_AA_A	14	-1	xxx	-1	xxx	-1	xxx	-1	xxx	
1	15	STORE_CA_ARMOR_TAB3	PACKAGE_ITEM_EU_M_CLOTHES_05_BA_A	8	-1	xxx	-1	xxx	-1	xxx	-1	xxx	
1	15	STORE_CA_ARMOR_TAB3	PACKAGE_ITEM_EU_M_CLOTHES_05_CA_A	2	-1	xxx	-1	xxx	-1	xxx	-1	xxx	
1	15	STORE_CA_ARMOR_TAB3	PACKAGE_ITEM_EU_M_CLOTHES_05_FA_A	17	-1	xxx	-1	xxx	-1	xxx	-1	xxx	
1	15	STORE_CA_ARMOR_TAB3	PACKAGE_ITEM_EU_M_CLOTHES_05_LA_A	11	-1	xxx	-1	xxx	-1	xxx	-1	xxx	
1	15	STORE_CA_ARMOR_TAB3	PACKAGE_ITEM_EU_M_CLOTHES_05_SA_A	5	-1	xxx	-1	xxx	-1	xxx	-1	xxx	
1	15	STORE_CA_ARMOR_TAB4	PACKAGE_ITEM_EU_W_HEAVY_03_AA_A	12	-1	xxx	-1	xxx	-1	xxx	-1	xxx	
1	15	STORE_CA_ARMOR_TAB4	PACKAGE_ITEM_EU_W_HEAVY_03_BA_A	6	-1	xxx	-1	xxx	-1	xxx	-1	xxx	
1	15	STORE_CA_ARMOR_TAB4	PACKAGE_ITEM_EU_W_HEAVY_03_CA_A	0	-1	xxx	-1	xxx	-1	xxx	-1	xxx	
1	15	STORE_CA_ARMOR_TAB4	PACKAGE_ITEM_EU_W_HEAVY_03_FA_A	15	-1	xxx	-1	xxx	-1	xxx	-1	xxx	
1	15	STORE_CA_ARMOR_TAB4	PACKAGE_ITEM_EU_W_HEAVY_03_LA_A	9	-1	xxx	-1	xxx	-1	xxx	-1	xxx	
1	15	STORE_CA_ARMOR_TAB4	PACKAGE_ITEM_EU_W_HEAVY_03_SA_A	3	-1	xxx	-1	xxx	-1	xxx	-1	xxx	
1	15	STORE_CA_ARMOR_TAB4	PACKAGE_ITEM_EU_W_HEAVY_04_AA_A	13	-1	xxx	-1	xxx	-1	xxx	-1	xxx	
1	15	STORE_CA_ARMOR_TAB4	PACKAGE_ITEM_EU_W_HEAVY_04_BA_A	7	-1	xxx	-1	xxx	-1	xxx	-1	xxx	
1	15	STORE_CA_ARMOR_TAB4	PACKAGE_ITEM_EU_W_HEAVY_04_CA_A	1	-1	xxx	-1	xxx	-1	xxx	-1	xxx	
1	15	STORE_CA_ARMOR_TAB4	PACKAGE_ITEM_EU_W_HEAVY_04_FA_A	16	-1	xxx	-1	xxx	-1	xxx	-1	xxx	
1	15	STORE_CA_ARMOR_TAB4	PACKAGE_ITEM_EU_W_HEAVY_04_LA_A	10	-1	xxx	-1	xxx	-1	xxx	-1	xxx	
1	15	STORE_CA_ARMOR_TAB4	PACKAGE_ITEM_EU_W_HEAVY_04_SA_A	4	-1	xxx	-1	xxx	-1	xxx	-1	xxx	
1	15	STORE_CA_ARMOR_TAB4	PACKAGE_ITEM_EU_W_HEAVY_05_AA_A	14	-1	xxx	-1	xxx	-1	xxx	-1	xxx	
1	15	STORE_CA_ARMOR_TAB4	PACKAGE_ITEM_EU_W_HEAVY_05_BA_A	8	-1	xxx	-1	xxx	-1	xxx	-1	xxx	
1	15	STORE_CA_ARMOR_TAB4	PACKAGE_ITEM_EU_W_HEAVY_05_CA_A	2	-1	xxx	-1	xxx	-1	xxx	-1	xxx	
1	15	STORE_CA_ARMOR_TAB4	PACKAGE_ITEM_EU_W_HEAVY_05_FA_A	17	-1	xxx	-1	xxx	-1	xxx	-1	xxx	
1	15	STORE_CA_ARMOR_TAB4	PACKAGE_ITEM_EU_W_HEAVY_05_LA_A	11	-1	xxx	-1	xxx	-1	xxx	-1	xxx	
1	15	STORE_CA_ARMOR_TAB4	PACKAGE_ITEM_EU_W_HEAVY_05_SA_A	5	-1	xxx	-1	xxx	-1	xxx	-1	xxx	
1	15	STORE_CA_ARMOR_TAB5	PACKAGE_ITEM_EU_W_LIGHT_03_AA_A	12	-1	xxx	-1	xxx	-1	xxx	-1	xxx	
1	15	STORE_CA_ARMOR_TAB5	PACKAGE_ITEM_EU_W_LIGHT_03_BA_A	6	-1	xxx	-1	xxx	-1	xxx	-1	xxx	
1	15	STORE_CA_ARMOR_TAB5	PACKAGE_ITEM_EU_W_LIGHT_03_CA_A	0	-1	xxx	-1	xxx	-1	xxx	-1	xxx	
1	15	STORE_CA_ARMOR_TAB5	PACKAGE_ITEM_EU_W_LIGHT_03_FA_A	15	-1	xxx	-1	xxx	-1	xxx	-1	xxx	
1	15	STORE_CA_ARMOR_TAB5	PACKAGE_ITEM_EU_W_LIGHT_03_LA_A	9	-1	xxx	-1	xxx	-1	xxx	-1	xxx	
1	15	STORE_CA_ARMOR_TAB5	PACKAGE_ITEM_EU_W_LIGHT_03_SA_A	3	-1	xxx	-1	xxx	-1	xxx	-1	xxx	
1	15	STORE_CA_ARMOR_TAB5	PACKAGE_ITEM_EU_W_LIGHT_04_AA_A	13	-1	xxx	-1	xxx	-1	xxx	-1	xxx	
1	15	STORE_CA_ARMOR_TAB5	PACKAGE_ITEM_EU_W_LIGHT_04_BA_A	7	-1	xxx	-1	xxx	-1	xxx	-1	xxx	
1	15	STORE_CA_ARMOR_TAB5	PACKAGE_ITEM_EU_W_LIGHT_04_CA_A	1	-1	xxx	-1	xxx	-1	xxx	-1	xxx	
1	15	STORE_CA_ARMOR_TAB5	PACKAGE_ITEM_EU_W_LIGHT_04_FA_A	16	-1	xxx	-1	xxx	-1	xxx	-1	xxx	
1	15	STORE_CA_ARMOR_TAB5	PACKAGE_ITEM_EU_W_LIGHT_04_LA_A	10	-1	xxx	-1	xxx	-1	xxx	-1	xxx	
1	15	STORE_CA_ARMOR_TAB5	PACKAGE_ITEM_EU_W_LIGHT_04_SA_A	4	-1	xxx	-1	xxx	-1	xxx	-1	xxx	
1	15	STORE_CA_ARMOR_TAB5	PACKAGE_ITEM_EU_W_LIGHT_05_AA_A	14	-1	xxx	-1	xxx	-1	xxx	-1	xxx	
1	15	STORE_CA_ARMOR_TAB5	PACKAGE_ITEM_EU_W_LIGHT_05_BA_A	8	-1	xxx	-1	xxx	-1	xxx	-1	xxx	
1	15	STORE_CA_ARMOR_TAB5	PACKAGE_ITEM_EU_W_LIGHT_05_CA_A	2	-1	xxx	-1	xxx	-1	xxx	-1	xxx	
1	15	STORE_CA_ARMOR_TAB5	PACKAGE_ITEM_EU_W_LIGHT_05_FA_A	17	-1	xxx	-1	xxx	-1	xxx	-1	xxx	
1	15	STORE_CA_ARMOR_TAB5	PACKAGE_ITEM_EU_W_LIGHT_05_LA_A	11	-1	xxx	-1	xxx	-1	xxx	-1	xxx	
1	15	STORE_CA_ARMOR_TAB5	PACKAGE_ITEM_EU_W_LIGHT_05_SA_A	5	-1	xxx	-1	xxx	-1	xxx	-1	xxx	
1	15	STORE_CA_ARMOR_TAB6	PACKAGE_ITEM_EU_W_CLOTHES_03_AA_A	12	-1	xxx	-1	xxx	-1	xxx	-1	xxx	
1	15	STORE_CA_ARMOR_TAB6	PACKAGE_ITEM_EU_W_CLOTHES_03_BA_A	6	-1	xxx	-1	xxx	-1	xxx	-1	xxx	
1	15	STORE_CA_ARMOR_TAB6	PACKAGE_ITEM_EU_W_CLOTHES_03_CA_A	0	-1	xxx	-1	xxx	-1	xxx	-1	xxx	
1	15	STORE_CA_ARMOR_TAB6	PACKAGE_ITEM_EU_W_CLOTHES_03_FA_A	15	-1	xxx	-1	xxx	-1	xxx	-1	xxx	
1	15	STORE_CA_ARMOR_TAB6	PACKAGE_ITEM_EU_W_CLOTHES_03_LA_A	9	-1	xxx	-1	xxx	-1	xxx	-1	xxx	
1	15	STORE_CA_ARMOR_TAB6	PACKAGE_ITEM_EU_W_CLOTHES_03_SA_A	3	-1	xxx	-1	xxx	-1	xxx	-1	xxx	
1	15	STORE_CA_ARMOR_TAB6	PACKAGE_ITEM_EU_W_CLOTHES_04_AA_A	13	-1	xxx	-1	xxx	-1	xxx	-1	xxx	
1	15	STORE_CA_ARMOR_TAB6	PACKAGE_ITEM_EU_W_CLOTHES_04_BA_A	7	-1	xxx	-1	xxx	-1	xxx	-1	xxx	
1	15	STORE_CA_ARMOR_TAB6	PACKAGE_ITEM_EU_W_CLOTHES_04_CA_A	1	-1	xxx	-1	xxx	-1	xxx	-1	xxx	
1	15	STORE_CA_ARMOR_TAB6	PACKAGE_ITEM_EU_W_CLOTHES_04_FA_A	16	-1	xxx	-1	xxx	-1	xxx	-1	xxx	
1	15	STORE_CA_ARMOR_TAB6	PACKAGE_ITEM_EU_W_CLOTHES_04_LA_A	10	-1	xxx	-1	xxx	-1	xxx	-1	xxx	
1	15	STORE_CA_ARMOR_TAB6	PACKAGE_ITEM_EU_W_CLOTHES_04_SA_A	4	-1	xxx	-1	xxx	-1	xxx	-1	xxx	
1	15	STORE_CA_ARMOR_TAB6	PACKAGE_ITEM_EU_W_CLOTHES_05_AA_A	14	-1	xxx	-1	xxx	-1	xxx	-1	xxx	
1	15	STORE_CA_ARMOR_TAB6	PACKAGE_ITEM_EU_W_CLOTHES_05_BA_A	8	-1	xxx	-1	xxx	-1	xxx	-1	xxx	
1	15	STORE_CA_ARMOR_TAB6	PACKAGE_ITEM_EU_W_CLOTHES_05_CA_A	2	-1	xxx	-1	xxx	-1	xxx	-1	xxx	
1	15	STORE_CA_ARMOR_TAB6	PACKAGE_ITEM_EU_W_CLOTHES_05_FA_A	17	-1	xxx	-1	xxx	-1	xxx	-1	xxx	
1	15	STORE_CA_ARMOR_TAB6	PACKAGE_ITEM_EU_W_CLOTHES_05_LA_A	11	-1	xxx	-1	xxx	-1	xxx	-1	xxx	
1	15	STORE_CA_ARMOR_TAB6	PACKAGE_ITEM_EU_W_CLOTHES_05_SA_A	5	-1	xxx	-1	xxx	-1	xxx	-1	xxx	
1	15	STORE_CA_GUILD_TAB1	PACKAGE_ITEM_ETC_GUILD_CREST_DELETE	1	-1	xxx	-1	xxx	-1	xxx	-1	xxx	
1	15	STORE_CA_GUILD_TAB1	PACKAGE_ITEM_ETC_GUILD_CREST_USER	0	-1	xxx	-1	xxx	-1	xxx	-1	xxx	
1	15	STORE_CA_GUILD_TAB1	PACKAGE_ITEM_ETC_UNION_CREST_DELETE	3	-1	xxx	-1	xxx	-1	xxx	-1	xxx	
1	15	STORE_CA_GUILD_TAB1	PACKAGE_ITEM_ETC_UNION_CREST_USER	2	-1	xxx	-1	xxx	-1	xxx	-1	xxx	
1	15	STORE_CA_GUILD_TAB2	PACKAGE_ITEM_ETC_GUILD_EU_SOLDIER1_SCROLL	0	-1	xxx	-1	xxx	-1	xxx	-1	xxx	
1	15	STORE_CA_GUILD_TAB2	PACKAGE_ITEM_ETC_GUILD_EU_SOLDIER2_SCROLL	1	-1	xxx	-1	xxx	-1	xxx	-1	xxx	
1	15	STORE_CA_GUILD_TAB2	PACKAGE_ITEM_ETC_GUILD_EU_SOLDIER3_SCROLL	2	-1	xxx	-1	xxx	-1	xxx	-1	xxx	
1	15	STORE_CA_GUILD_TAB2	PACKAGE_ITEM_ETC_GUILD_EU_SOLDIER4_SCROLL	3	-1	xxx	-1	xxx	-1	xxx	-1	xxx	
1	15	STORE_CA_GUILD_TAB2	PACKAGE_ITEM_ETC_GUILD_EU_SOLDIER5_SCROLL	4	-1	xxx	-1	xxx	-1	xxx	-1	xxx	
1	15	STORE_CA_GUILD_TAB2	PACKAGE_ITEM_ETC_GUILD_EU_SOLDIER6_SCROLL	5	-1	xxx	-1	xxx	-1	xxx	-1	xxx	
1	15	STORE_CA_GUILD_TAB2	PACKAGE_ITEM_ETC_GUILD_EU_SOLDIER7_SCROLL	6	-1	xxx	-1	xxx	-1	xxx	-1	xxx	
1	15	STORE_CA_GUILD_TAB2	PACKAGE_ITEM_ETC_GUILD_EU_SOLDIER8_SCROLL	7	-1	xxx	-1	xxx	-1	xxx	-1	xxx	
1	15	STORE_CA_GUILD_TAB2	PACKAGE_ITEM_ETC_GUILD_EU_SOLDIER9_SCROLL	8	-1	xxx	-1	xxx	-1	xxx	-1	xxx	
1	15	STORE_CA_GUILD_TAB3	PACKAGE_ITEM_ETC_GUILD_RECALL	0	-1	xxx	-1	xxx	-1	xxx	-1	xxx	
1	15	STORE_CA_HONOR_TAB1	PACKAGE_ITEM_CH_BLADE_08_A_RARE_HONOR	0	-1	xxx	-1	xxx	-1	xxx	-1	xxx	
1	15	STORE_CA_HONOR_TAB1	PACKAGE_ITEM_CH_BLADE_08_B_RARE_HONOR	1	-1	xxx	-1	xxx	-1	xxx	-1	xxx	
1	15	STORE_CA_HONOR_TAB1	PACKAGE_ITEM_CH_BLADE_08_C_RARE_HONOR	2	-1	xxx	-1	xxx	-1	xxx	-1	xxx	
1	15	STORE_CA_HONOR_TAB1	PACKAGE_ITEM_CH_BLADE_09_A_RARE_HONOR	3	-1	xxx	-1	xxx	-1	xxx	-1	xxx	
1	15	STORE_CA_HONOR_TAB1	PACKAGE_ITEM_CH_BLADE_09_B_RARE_HONOR	4	-1	xxx	-1	xxx	-1	xxx	-1	xxx	
1	15	STORE_CA_HONOR_TAB1	PACKAGE_ITEM_CH_BLADE_09_C_RARE_HONOR	5	-1	xxx	-1	xxx	-1	xxx	-1	xxx	
1	15	STORE_CA_HONOR_TAB1	PACKAGE_ITEM_CH_BOW_08_A_RARE_HONOR	6	-1	xxx	-1	xxx	-1	xxx	-1	xxx	
1	15	STORE_CA_HONOR_TAB1	PACKAGE_ITEM_CH_BOW_08_B_RARE_HONOR	7	-1	xxx	-1	xxx	-1	xxx	-1	xxx	
1	15	STORE_CA_HONOR_TAB1	PACKAGE_ITEM_CH_BOW_08_C_RARE_HONOR	8	-1	xxx	-1	xxx	-1	xxx	-1	xxx	
1	15	STORE_CA_HONOR_TAB1	PACKAGE_ITEM_CH_BOW_09_A_RARE_HONOR	9	-1	xxx	-1	xxx	-1	xxx	-1	xxx	
1	15	STORE_CA_HONOR_TAB1	PACKAGE_ITEM_CH_BOW_09_B_RARE_HONOR	10	-1	xxx	-1	xxx	-1	xxx	-1	xxx	
1	15	STORE_CA_HONOR_TAB1	PACKAGE_ITEM_CH_BOW_09_C_RARE_HONOR	11	-1	xxx	-1	xxx	-1	xxx	-1	xxx	
1	15	STORE_CA_HONOR_TAB1	PACKAGE_ITEM_CH_SPEAR_08_A_RARE_HONOR	12	-1	xxx	-1	xxx	-1	xxx	-1	xxx	
1	15	STORE_CA_HONOR_TAB1	PACKAGE_ITEM_CH_SPEAR_08_B_RARE_HONOR	13	-1	xxx	-1	xxx	-1	xxx	-1	xxx	
1	15	STORE_CA_HONOR_TAB1	PACKAGE_ITEM_CH_SPEAR_08_C_RARE_HONOR	14	-1	xxx	-1	xxx	-1	xxx	-1	xxx	
1	15	STORE_CA_HONOR_TAB1	PACKAGE_ITEM_CH_SPEAR_09_A_RARE_HONOR	15	-1	xxx	-1	xxx	-1	xxx	-1	xxx	
1	15	STORE_CA_HONOR_TAB1	PACKAGE_ITEM_CH_SPEAR_09_B_RARE_HONOR	16	-1	xxx	-1	xxx	-1	xxx	-1	xxx	
1	15	STORE_CA_HONOR_TAB1	PACKAGE_ITEM_CH_SPEAR_09_C_RARE_HONOR	17	-1	xxx	-1	xxx	-1	xxx	-1	xxx	
1	15	STORE_CA_HONOR_TAB1	PACKAGE_ITEM_CH_SWORD_08_A_RARE_HONOR	18	-1	xxx	-1	xxx	-1	xxx	-1	xxx	
1	15	STORE_CA_HONOR_TAB1	PACKAGE_ITEM_CH_SWORD_08_B_RARE_HONOR	19	-1	xxx	-1	xxx	-1	xxx	-1	xxx	
1	15	STORE_CA_HONOR_TAB1	PACKAGE_ITEM_CH_SWORD_08_C_RARE_HONOR	20	-1	xxx	-1	xxx	-1	xxx	-1	xxx	
1	15	STORE_CA_HONOR_TAB1	PACKAGE_ITEM_CH_SWORD_09_A_RARE_HONOR	21	-1	xxx	-1	xxx	-1	xxx	-1	xxx	
1	15	STORE_CA_HONOR_TAB1	PACKAGE_ITEM_CH_SWORD_09_B_RARE_HONOR	22	-1	xxx	-1	xxx	-1	xxx	-1	xxx	
1	15	STORE_CA_HONOR_TAB1	PACKAGE_ITEM_CH_SWORD_09_C_RARE_HONOR	23	-1	xxx	-1	xxx	-1	xxx	-1	xxx	
1	15	STORE_CA_HONOR_TAB1	PACKAGE_ITEM_CH_TBLADE_08_A_RARE_HONOR	24	-1	xxx	-1	xxx	-1	xxx	-1	xxx	
1	15	STORE_CA_HONOR_TAB1	PACKAGE_ITEM_CH_TBLADE_08_B_RARE_HONOR	25	-1	xxx	-1	xxx	-1	xxx	-1	xxx	
1	15	STORE_CA_HONOR_TAB1	PACKAGE_ITEM_CH_TBLADE_08_C_RARE_HONOR	26	-1	xxx	-1	xxx	-1	xxx	-1	xxx	
1	15	STORE_CA_HONOR_TAB1	PACKAGE_ITEM_CH_TBLADE_09_A_RARE_HONOR	27	-1	xxx	-1	xxx	-1	xxx	-1	xxx	
1	15	STORE_CA_HONOR_TAB1	PACKAGE_ITEM_CH_TBLADE_09_B_RARE_HONOR	28	-1	xxx	-1	xxx	-1	xxx	-1	xxx	
1	15	STORE_CA_HONOR_TAB1	PACKAGE_ITEM_CH_TBLADE_09_C_RARE_HONOR	29	-1	xxx	-1	xxx	-1	xxx	-1	xxx	
1	15	STORE_CA_HONOR_TAB2	PACKAGE_ITEM_ETC_ARCHEMY_MAGICSTONE_REPAIR_08	0	-1	xxx	-1	xxx	-1	xxx	-1	xxx	
1	15	STORE_CA_HONOR_TAB2	PACKAGE_ITEM_ETC_ARCHEMY_MAGICSTONE_REPAIR_09	1	-1	xxx	-1	xxx	-1	xxx	-1	xxx	
1	15	STORE_CA_SMITH_TAB1	PACKAGE_ITEM_EU_AXE_03_A	9	-1	xxx	-1	xxx	-1	xxx	-1	xxx	
1	15	STORE_CA_SMITH_TAB1	PACKAGE_ITEM_EU_AXE_04_A	10	-1	xxx	-1	xxx	-1	xxx	-1	xxx	
1	15	STORE_CA_SMITH_TAB1	PACKAGE_ITEM_EU_AXE_05_A	11	-1	xxx	-1	xxx	-1	xxx	-1	xxx	
1	15	STORE_CA_SMITH_TAB1	PACKAGE_ITEM_EU_CROSSBOW_03_A	12	-1	xxx	-1	xxx	-1	xxx	-1	xxx	
1	15	STORE_CA_SMITH_TAB1	PACKAGE_ITEM_EU_CROSSBOW_04_A	13	-1	xxx	-1	xxx	-1	xxx	-1	xxx	
1	15	STORE_CA_SMITH_TAB1	PACKAGE_ITEM_EU_CROSSBOW_05_A	14	-1	xxx	-1	xxx	-1	xxx	-1	xxx	
1	15	STORE_CA_SMITH_TAB1	PACKAGE_ITEM_EU_DAGGER_03_A	0	-1	xxx	-1	xxx	-1	xxx	-1	xxx	
1	15	STORE_CA_SMITH_TAB1	PACKAGE_ITEM_EU_DAGGER_04_A	1	-1	xxx	-1	xxx	-1	xxx	-1	xxx	
1	15	STORE_CA_SMITH_TAB1	PACKAGE_ITEM_EU_DAGGER_05_A	2	-1	xxx	-1	xxx	-1	xxx	-1	xxx	
1	15	STORE_CA_SMITH_TAB1	PACKAGE_ITEM_EU_DARKSTAFF_03_A	15	-1	xxx	-1	xxx	-1	xxx	-1	xxx	
1	15	STORE_CA_SMITH_TAB1	PACKAGE_ITEM_EU_DARKSTAFF_04_A	16	-1	xxx	-1	xxx	-1	xxx	-1	xxx	
1	15	STORE_CA_SMITH_TAB1	PACKAGE_ITEM_EU_DARKSTAFF_05_A	17	-1	xxx	-1	xxx	-1	xxx	-1	xxx	
1	15	STORE_CA_SMITH_TAB1	PACKAGE_ITEM_EU_HARP_03_A	21	-1	xxx	-1	xxx	-1	xxx	-1	xxx	
1	15	STORE_CA_SMITH_TAB1	PACKAGE_ITEM_EU_HARP_04_A	22	-1	xxx	-1	xxx	-1	xxx	-1	xxx	
1	15	STORE_CA_SMITH_TAB1	PACKAGE_ITEM_EU_HARP_05_A	23	-1	xxx	-1	xxx	-1	xxx	-1	xxx	
1	15	STORE_CA_SMITH_TAB1	PACKAGE_ITEM_EU_STAFF_03_A	24	-1	xxx	-1	xxx	-1	xxx	-1	xxx	
1	15	STORE_CA_SMITH_TAB1	PACKAGE_ITEM_EU_STAFF_04_A	25	-1	xxx	-1	xxx	-1	xxx	-1	xxx	
1	15	STORE_CA_SMITH_TAB1	PACKAGE_ITEM_EU_STAFF_05_A	26	-1	xxx	-1	xxx	-1	xxx	-1	xxx	
1	15	STORE_CA_SMITH_TAB1	PACKAGE_ITEM_EU_SWORD_03_A	3	-1	xxx	-1	xxx	-1	xxx	-1	xxx	
1	15	STORE_CA_SMITH_TAB1	PACKAGE_ITEM_EU_SWORD_04_A	4	-1	xxx	-1	xxx	-1	xxx	-1	xxx	
1	15	STORE_CA_SMITH_TAB1	PACKAGE_ITEM_EU_SWORD_05_A	5	-1	xxx	-1	xxx	-1	xxx	-1	xxx	
1	15	STORE_CA_SMITH_TAB1	PACKAGE_ITEM_EU_TSTAFF_03_A	18	-1	xxx	-1	xxx	-1	xxx	-1	xxx	
1	15	STORE_CA_SMITH_TAB1	PACKAGE_ITEM_EU_TSTAFF_04_A	19	-1	xxx	-1	xxx	-1	xxx	-1	xxx	
1	15	STORE_CA_SMITH_TAB1	PACKAGE_ITEM_EU_TSTAFF_05_A	20	-1	xxx	-1	xxx	-1	xxx	-1	xxx	
1	15	STORE_CA_SMITH_TAB1	PACKAGE_ITEM_EU_TSWORD_03_A	6	-1	xxx	-1	xxx	-1	xxx	-1	xxx	
1	15	STORE_CA_SMITH_TAB1	PACKAGE_ITEM_EU_TSWORD_04_A	7	-1	xxx	-1	xxx	-1	xxx	-1	xxx	
1	15	STORE_CA_SMITH_TAB1	PACKAGE_ITEM_EU_TSWORD_05_A	8	-1	xxx	-1	xxx	-1	xxx	-1	xxx	
1	15	STORE_CA_SMITH_TAB2	PACKAGE_ITEM_EU_SHIELD_03_A	0	-1	xxx	-1	xxx	-1	xxx	-1	xxx	
1	15	STORE_CA_SMITH_TAB2	PACKAGE_ITEM_EU_SHIELD_04_A	1	-1	xxx	-1	xxx	-1	xxx	-1	xxx	
1	15	STORE_CA_SMITH_TAB2	PACKAGE_ITEM_EU_SHIELD_05_A	2	-1	xxx	-1	xxx	-1	xxx	-1	xxx	
1	15	STORE_CA_SMITH_TAB3	PACKAGE_ITEM_ETC_AMMO_BOLT_01	0	-1	xxx	-1	xxx	-1	xxx	-1	xxx	
1	15	STORE_CA_STABLE_TAB1	PACKAGE_ITEM_COS_C_DHORSE1	3	-1	xxx	-1	xxx	-1	xxx	-1	xxx	
1	15	STORE_CA_STABLE_TAB1	PACKAGE_ITEM_COS_C_HORSE1	0	-1	xxx	-1	xxx	-1	xxx	-1	xxx	
1	15	STORE_CA_STABLE_TAB1	PACKAGE_ITEM_COS_C_HORSE2	1	-1	xxx	-1	xxx	-1	xxx	-1	xxx	
1	15	STORE_CA_STABLE_TAB1	PACKAGE_ITEM_COS_C_HORSE3	2	-1	xxx	-1	xxx	-1	xxx	-1	xxx	
1	15	STORE_CA_STABLE_TAB3	PACKAGE_ITEM_COS_P_FLUTE	0	-1	xxx	-1	xxx	-1	xxx	-1	xxx	
1	15	STORE_CA_STABLE_TAB4	PACKAGE_ITEM_COS_P_CURE_ALL_01	4	-1	xxx	-1	xxx	-1	xxx	-1	xxx	
1	15	STORE_CA_STABLE_TAB4	PACKAGE_ITEM_COS_P_CURE_ALL_02	5	-1	xxx	-1	xxx	-1	xxx	-1	xxx	
1	15	STORE_CA_STABLE_TAB4	PACKAGE_ITEM_COS_P_HGP_POTION_01	3	-1	xxx	-1	xxx	-1	xxx	-1	xxx	
1	15	STORE_CA_STABLE_TAB4	PACKAGE_ITEM_COS_P_REVIVAL	2	-1	xxx	-1	xxx	-1	xxx	-1	xxx	
1	15	STORE_CA_STABLE_TAB4	PACKAGE_ITEM_ETC_COS_HP_POTION_01	0	-1	xxx	-1	xxx	-1	xxx	-1	xxx	
1	15	STORE_CA_STABLE_TAB4	PACKAGE_ITEM_ETC_COS_HP_POTION_02	1	-1	xxx	-1	xxx	-1	xxx	-1	xxx	
1	15	STORE_CA_STABLE_TAB4	PACKAGE_ITEM_ETC_COS_HP_POTION_03	6	-1	xxx	-1	xxx	-1	xxx	-1	xxx	
1	15	STORE_CH_ACCESSORY_TAB1	PACKAGE_ITEM_CH_EARRING_01_A	3	-1	xxx	-1	xxx	-1	xxx	-1	xxx	
1	15	STORE_CH_ACCESSORY_TAB1	PACKAGE_ITEM_CH_EARRING_02_A	4	-1	xxx	-1	xxx	-1	xxx	-1	xxx	
1	15	STORE_CH_ACCESSORY_TAB1	PACKAGE_ITEM_CH_EARRING_03_A	5	-1	xxx	-1	xxx	-1	xxx	-1	xxx	
1	15	STORE_CH_ACCESSORY_TAB1	PACKAGE_ITEM_CH_NECKLACE_01_A	6	-1	xxx	-1	xxx	-1	xxx	-1	xxx	
1	15	STORE_CH_ACCESSORY_TAB1	PACKAGE_ITEM_CH_NECKLACE_02_A	7	-1	xxx	-1	xxx	-1	xxx	-1	xxx	
1	15	STORE_CH_ACCESSORY_TAB1	PACKAGE_ITEM_CH_NECKLACE_03_A	8	-1	xxx	-1	xxx	-1	xxx	-1	xxx	
1	15	STORE_CH_ACCESSORY_TAB1	PACKAGE_ITEM_CH_RING_01_A	0	-1	xxx	-1	xxx	-1	xxx	-1	xxx	
1	15	STORE_CH_ACCESSORY_TAB1	PACKAGE_ITEM_CH_RING_02_A	1	-1	xxx	-1	xxx	-1	xxx	-1	xxx	
1	15	STORE_CH_ACCESSORY_TAB1	PACKAGE_ITEM_CH_RING_03_A	2	-1	xxx	-1	xxx	-1	xxx	-1	xxx	
1	15	STORE_CH_ACCESSORY_TAB2	PACKAGE_ITEM_ETC_SCROLL_RETURN_01	0	-1	xxx	-1	xxx	-1	xxx	-1	xxx	
1	15	STORE_CH_ACCESSORY_TAB2	PACKAGE_ITEM_ETC_SCROLL_RETURN_02	1	-1	xxx	-1	xxx	-1	xxx	-1	xxx	
1	15	STORE_CH_ACCESSORY_TAB3	PACKAGE_ITEM_ETC_ARCHEMY_ETC_02	2	-1	xxx	-1	xxx	-1	xxx	-1	xxx	
1	15	STORE_CH_ACCESSORY_TAB3	PACKAGE_ITEM_ETC_ARCHEMY_POTION_SPEED_05	13	-1	xxx	-1	xxx	-1	xxx	-1	xxx	
1	15	STORE_CH_ACCESSORY_TAB3	PACKAGE_ITEM_ETC_ARCHEMY_POTION_SPEED_11	14	-1	xxx	-1	xxx	-1	xxx	-1	xxx	
1	15	STORE_CH_ACCESSORY_TAB3	PACKAGE_ITEM_ETC_ARCHEMY_REINFORCE_PROB_UP_A_01	3	-1	xxx	-1	xxx	-1	xxx	-1	xxx	
1	15	STORE_CH_ACCESSORY_TAB3	PACKAGE_ITEM_ETC_ARCHEMY_REINFORCE_PROB_UP_A_02	4	-1	xxx	-1	xxx	-1	xxx	-1	xxx	
1	15	STORE_CH_ACCESSORY_TAB3	PACKAGE_ITEM_ETC_ARCHEMY_REINFORCE_PROB_UP_A_03	5	-1	xxx	-1	xxx	-1	xxx	-1	xxx	
1	15	STORE_CH_ACCESSORY_TAB3	PACKAGE_ITEM_ETC_ARCHEMY_REINFORCE_PROB_UP_A_04	6	-1	xxx	-1	xxx	-1	xxx	-1	xxx	
1	15	STORE_CH_ACCESSORY_TAB3	PACKAGE_ITEM_ETC_ARCHEMY_REINFORCE_PROB_UP_A_05	7	-1	xxx	-1	xxx	-1	xxx	-1	xxx	
1	15	STORE_CH_ACCESSORY_TAB3	PACKAGE_ITEM_ETC_ARCHEMY_REINFORCE_PROB_UP_A_06	8	-1	xxx	-1	xxx	-1	xxx	-1	xxx	
1	15	STORE_CH_ACCESSORY_TAB3	PACKAGE_ITEM_ETC_ARCHEMY_REINFORCE_PROB_UP_A_07	9	-1	xxx	-1	xxx	-1	xxx	-1	xxx	
1	15	STORE_CH_ACCESSORY_TAB3	PACKAGE_ITEM_ETC_ARCHEMY_REINFORCE_PROB_UP_A_08	10	-1	xxx	-1	xxx	-1	xxx	-1	xxx	
1	15	STORE_CH_ACCESSORY_TAB3	PACKAGE_ITEM_ETC_ARCHEMY_REINFORCE_PROB_UP_A_09	11	-1	xxx	-1	xxx	-1	xxx	-1	xxx	
1	15	STORE_CH_ACCESSORY_TAB3	PACKAGE_ITEM_ETC_ARCHEMY_REINFORCE_PROB_UP_A_10	12	-1	xxx	-1	xxx	-1	xxx	-1	xxx	
1	15	STORE_CH_ACCESSORY_TAB3	PACKAGE_ITEM_ETC_ARCHEMY_RONDO_01	15	-1	xxx	-1	xxx	-1	xxx	-1	xxx	
1	15	STORE_CH_ACCESSORY_TAB3	PACKAGE_ITEM_ETC_ARCHEMY_RONDO_02	16	-1	xxx	-1	xxx	-1	xxx	-1	xxx	
1	15	STORE_CH_ACCESSORY_TAB3	PACKAGE_ITEM_ETC_MK_MATERIAL_01	0	-1	xxx	-1	xxx	-1	xxx	-1	xxx	
1	15	STORE_CH_ACCESSORY_TAB3	PACKAGE_ITEM_ETC_TRADE_MATERIAL_DESTROYSTONE	1	-1	xxx	-1	xxx	-1	xxx	-1	xxx	
1	15	STORE_CH_ARMOR_TAB1	PACKAGE_ITEM_CH_M_HEAVY_01_AA_A	12	-1	xxx	-1	xxx	-1	xxx	-1	xxx	
1	15	STORE_CH_ARMOR_TAB1	PACKAGE_ITEM_CH_M_HEAVY_01_BA_A	6	-1	xxx	-1	xxx	-1	xxx	-1	xxx	
1	15	STORE_CH_ARMOR_TAB1	PACKAGE_ITEM_CH_M_HEAVY_01_CA_A	0	-1	xxx	-1	xxx	-1	xxx	-1	xxx	
1	15	STORE_CH_ARMOR_TAB1	PACKAGE_ITEM_CH_M_HEAVY_01_FA_A	15	-1	xxx	-1	xxx	-1	xxx	-1	xxx	
1	15	STORE_CH_ARMOR_TAB1	PACKAGE_ITEM_CH_M_HEAVY_01_LA_A	9	-1	xxx	-1	xxx	-1	xxx	-1	xxx	
1	15	STORE_CH_ARMOR_TAB1	PACKAGE_ITEM_CH_M_HEAVY_01_SA_A	3	-1	xxx	-1	xxx	-1	xxx	-1	xxx	
1	15	STORE_CH_ARMOR_TAB1	PACKAGE_ITEM_CH_M_HEAVY_02_AA_A	13	-1	xxx	-1	xxx	-1	xxx	-1	xxx	
1	15	STORE_CH_ARMOR_TAB1	PACKAGE_ITEM_CH_M_HEAVY_02_BA_A	7	-1	xxx	-1	xxx	-1	xxx	-1	xxx	
1	15	STORE_CH_ARMOR_TAB1	PACKAGE_ITEM_CH_M_HEAVY_02_CA_A	1	-1	xxx	-1	xxx	-1	xxx	-1	xxx	
1	15	STORE_CH_ARMOR_TAB1	PACKAGE_ITEM_CH_M_HEAVY_02_FA_A	16	-1	xxx	-1	xxx	-1	xxx	-1	xxx	
1	15	STORE_CH_ARMOR_TAB1	PACKAGE_ITEM_CH_M_HEAVY_02_LA_A	10	-1	xxx	-1	xxx	-1	xxx	-1	xxx	
1	15	STORE_CH_ARMOR_TAB1	PACKAGE_ITEM_CH_M_HEAVY_02_SA_A	4	-1	xxx	-1	xxx	-1	xxx	-1	xxx	
1	15	STORE_CH_ARMOR_TAB1	PACKAGE_ITEM_CH_M_HEAVY_03_AA_A	14	-1	xxx	-1	xxx	-1	xxx	-1	xxx	
1	15	STORE_CH_ARMOR_TAB1	PACKAGE_ITEM_CH_M_HEAVY_03_BA_A	8	-1	xxx	-1	xxx	-1	xxx	-1	xxx	
1	15	STORE_CH_ARMOR_TAB1	PACKAGE_ITEM_CH_M_HEAVY_03_CA_A	2	-1	xxx	-1	xxx	-1	xxx	-1	xxx	
1	15	STORE_CH_ARMOR_TAB1	PACKAGE_ITEM_CH_M_HEAVY_03_FA_A	17	-1	xxx	-1	xxx	-1	xxx	-1	xxx	
1	15	STORE_CH_ARMOR_TAB1	PACKAGE_ITEM_CH_M_HEAVY_03_LA_A	11	-1	xxx	-1	xxx	-1	xxx	-1	xxx	
1	15	STORE_CH_ARMOR_TAB1	PACKAGE_ITEM_CH_M_HEAVY_03_SA_A	5	-1	xxx	-1	xxx	-1	xxx	-1	xxx	
1	15	STORE_CH_ARMOR_TAB2	PACKAGE_ITEM_CH_M_LIGHT_01_AA_A	12	-1	xxx	-1	xxx	-1	xxx	-1	xxx	
1	15	STORE_CH_ARMOR_TAB2	PACKAGE_ITEM_CH_M_LIGHT_01_BA_A	6	-1	xxx	-1	xxx	-1	xxx	-1	xxx	
1	15	STORE_CH_ARMOR_TAB2	PACKAGE_ITEM_CH_M_LIGHT_01_CA_A	0	-1	xxx	-1	xxx	-1	xxx	-1	xxx	
1	15	STORE_CH_ARMOR_TAB2	PACKAGE_ITEM_CH_M_LIGHT_01_FA_A	15	-1	xxx	-1	xxx	-1	xxx	-1	xxx	
1	15	STORE_CH_ARMOR_TAB2	PACKAGE_ITEM_CH_M_LIGHT_01_LA_A	9	-1	xxx	-1	xxx	-1	xxx	-1	xxx	
1	15	STORE_CH_ARMOR_TAB2	PACKAGE_ITEM_CH_M_LIGHT_01_SA_A	3	-1	xxx	-1	xxx	-1	xxx	-1	xxx	
1	15	STORE_CH_ARMOR_TAB2	PACKAGE_ITEM_CH_M_LIGHT_02_AA_A	13	-1	xxx	-1	xxx	-1	xxx	-1	xxx	
1	15	STORE_CH_ARMOR_TAB2	PACKAGE_ITEM_CH_M_LIGHT_02_BA_A	7	-1	xxx	-1	xxx	-1	xxx	-1	xxx	
1	15	STORE_CH_ARMOR_TAB2	PACKAGE_ITEM_CH_M_LIGHT_02_CA_A	1	-1	xxx	-1	xxx	-1	xxx	-1	xxx	
1	15	STORE_CH_ARMOR_TAB2	PACKAGE_ITEM_CH_M_LIGHT_02_FA_A	16	-1	xxx	-1	xxx	-1	xxx	-1	xxx	
1	15	STORE_CH_ARMOR_TAB2	PACKAGE_ITEM_CH_M_LIGHT_02_LA_A	10	-1	xxx	-1	xxx	-1	xxx	-1	xxx	
1	15	STORE_CH_ARMOR_TAB2	PACKAGE_ITEM_CH_M_LIGHT_02_SA_A	4	-1	xxx	-1	xxx	-1	xxx	-1	xxx	
1	15	STORE_CH_ARMOR_TAB2	PACKAGE_ITEM_CH_M_LIGHT_03_AA_A	14	-1	xxx	-1	xxx	-1	xxx	-1	xxx	
1	15	STORE_CH_ARMOR_TAB2	PACKAGE_ITEM_CH_M_LIGHT_03_BA_A	8	-1	xxx	-1	xxx	-1	xxx	-1	xxx	
1	15	STORE_CH_ARMOR_TAB2	PACKAGE_ITEM_CH_M_LIGHT_03_CA_A	2	-1	xxx	-1	xxx	-1	xxx	-1	xxx	
1	15	STORE_CH_ARMOR_TAB2	PACKAGE_ITEM_CH_M_LIGHT_03_FA_A	17	-1	xxx	-1	xxx	-1	xxx	-1	xxx	
1	15	STORE_CH_ARMOR_TAB2	PACKAGE_ITEM_CH_M_LIGHT_03_LA_A	11	-1	xxx	-1	xxx	-1	xxx	-1	xxx	
1	15	STORE_CH_ARMOR_TAB2	PACKAGE_ITEM_CH_M_LIGHT_03_SA_A	5	-1	xxx	-1	xxx	-1	xxx	-1	xxx	
1	15	STORE_CH_ARMOR_TAB3	PACKAGE_ITEM_CH_M_CLOTHES_01_AA_A	12	-1	xxx	-1	xxx	-1	xxx	-1	xxx	
1	15	STORE_CH_ARMOR_TAB3	PACKAGE_ITEM_CH_M_CLOTHES_01_BA_A	6	-1	xxx	-1	xxx	-1	xxx	-1	xxx	
1	15	STORE_CH_ARMOR_TAB3	PACKAGE_ITEM_CH_M_CLOTHES_01_CA_A	0	-1	xxx	-1	xxx	-1	xxx	-1	xxx	
1	15	STORE_CH_ARMOR_TAB3	PACKAGE_ITEM_CH_M_CLOTHES_01_FA_A	15	-1	xxx	-1	xxx	-1	xxx	-1	xxx	
1	15	STORE_CH_ARMOR_TAB3	PACKAGE_ITEM_CH_M_CLOTHES_01_LA_A	9	-1	xxx	-1	xxx	-1	xxx	-1	xxx	
1	15	STORE_CH_ARMOR_TAB3	PACKAGE_ITEM_CH_M_CLOTHES_01_SA_A	3	-1	xxx	-1	xxx	-1	xxx	-1	xxx	
1	15	STORE_CH_ARMOR_TAB3	PACKAGE_ITEM_CH_M_CLOTHES_02_AA_A	13	-1	xxx	-1	xxx	-1	xxx	-1	xxx	
1	15	STORE_CH_ARMOR_TAB3	PACKAGE_ITEM_CH_M_CLOTHES_02_BA_A	7	-1	xxx	-1	xxx	-1	xxx	-1	xxx	
1	15	STORE_CH_ARMOR_TAB3	PACKAGE_ITEM_CH_M_CLOTHES_02_CA_A	1	-1	xxx	-1	xxx	-1	xxx	-1	xxx	
1	15	STORE_CH_ARMOR_TAB3	PACKAGE_ITEM_CH_M_CLOTHES_02_FA_A	16	-1	xxx	-1	xxx	-1	xxx	-1	xxx	
1	15	STORE_CH_ARMOR_TAB3	PACKAGE_ITEM_CH_M_CLOTHES_02_LA_A	10	-1	xxx	-1	xxx	-1	xxx	-1	xxx	
1	15	STORE_CH_ARMOR_TAB3	PACKAGE_ITEM_CH_M_CLOTHES_02_SA_A	4	-1	xxx	-1	xxx	-1	xxx	-1	xxx	
1	15	STORE_CH_ARMOR_TAB3	PACKAGE_ITEM_CH_M_CLOTHES_03_AA_A	14	-1	xxx	-1	xxx	-1	xxx	-1	xxx	
1	15	STORE_CH_ARMOR_TAB3	PACKAGE_ITEM_CH_M_CLOTHES_03_BA_A	8	-1	xxx	-1	xxx	-1	xxx	-1	xxx	
1	15	STORE_CH_ARMOR_TAB3	PACKAGE_ITEM_CH_M_CLOTHES_03_CA_A	2	-1	xxx	-1	xxx	-1	xxx	-1	xxx	
1	15	STORE_CH_ARMOR_TAB3	PACKAGE_ITEM_CH_M_CLOTHES_03_FA_A	17	-1	xxx	-1	xxx	-1	xxx	-1	xxx	
1	15	STORE_CH_ARMOR_TAB3	PACKAGE_ITEM_CH_M_CLOTHES_03_LA_A	11	-1	xxx	-1	xxx	-1	xxx	-1	xxx	
1	15	STORE_CH_ARMOR_TAB3	PACKAGE_ITEM_CH_M_CLOTHES_03_SA_A	5	-1	xxx	-1	xxx	-1	xxx	-1	xxx	
1	15	STORE_CH_ARMOR_TAB4	PACKAGE_ITEM_CH_W_HEAVY_01_AA_A	12	-1	xxx	-1	xxx	-1	xxx	-1	xxx	
1	15	STORE_CH_ARMOR_TAB4	PACKAGE_ITEM_CH_W_HEAVY_01_BA_A	6	-1	xxx	-1	xxx	-1	xxx	-1	xxx	
1	15	STORE_CH_ARMOR_TAB4	PACKAGE_ITEM_CH_W_HEAVY_01_CA_A	0	-1	xxx	-1	xxx	-1	xxx	-1	xxx	
1	15	STORE_CH_ARMOR_TAB4	PACKAGE_ITEM_CH_W_HEAVY_01_FA_A	15	-1	xxx	-1	xxx	-1	xxx	-1	xxx	
1	15	STORE_CH_ARMOR_TAB4	PACKAGE_ITEM_CH_W_HEAVY_01_LA_A	9	-1	xxx	-1	xxx	-1	xxx	-1	xxx	
1	15	STORE_CH_ARMOR_TAB4	PACKAGE_ITEM_CH_W_HEAVY_01_SA_A	3	-1	xxx	-1	xxx	-1	xxx	-1	xxx	
1	15	STORE_CH_ARMOR_TAB4	PACKAGE_ITEM_CH_W_HEAVY_02_AA_A	13	-1	xxx	-1	xxx	-1	xxx	-1	xxx	
1	15	STORE_CH_ARMOR_TAB4	PACKAGE_ITEM_CH_W_HEAVY_02_BA_A	7	-1	xxx	-1	xxx	-1	xxx	-1	xxx	
1	15	STORE_CH_ARMOR_TAB4	PACKAGE_ITEM_CH_W_HEAVY_02_CA_A	1	-1	xxx	-1	xxx	-1	xxx	-1	xxx	
1	15	STORE_CH_ARMOR_TAB4	PACKAGE_ITEM_CH_W_HEAVY_02_FA_A	16	-1	xxx	-1	xxx	-1	xxx	-1	xxx	
1	15	STORE_CH_ARMOR_TAB4	PACKAGE_ITEM_CH_W_HEAVY_02_LA_A	10	-1	xxx	-1	xxx	-1	xxx	-1	xxx	
1	15	STORE_CH_ARMOR_TAB4	PACKAGE_ITEM_CH_W_HEAVY_02_SA_A	4	-1	xxx	-1	xxx	-1	xxx	-1	xxx	
1	15	STORE_CH_ARMOR_TAB4	PACKAGE_ITEM_CH_W_HEAVY_03_AA_A	14	-1	xxx	-1	xxx	-1	xxx	-1	xxx	
1	15	STORE_CH_ARMOR_TAB4	PACKAGE_ITEM_CH_W_HEAVY_03_BA_A	8	-1	xxx	-1	xxx	-1	xxx	-1	xxx	
1	15	STORE_CH_ARMOR_TAB4	PACKAGE_ITEM_CH_W_HEAVY_03_CA_A	2	-1	xxx	-1	xxx	-1	xxx	-1	xxx	
1	15	STORE_CH_ARMOR_TAB4	PACKAGE_ITEM_CH_W_HEAVY_03_FA_A	17	-1	xxx	-1	xxx	-1	xxx	-1	xxx	
1	15	STORE_CH_ARMOR_TAB4	PACKAGE_ITEM_CH_W_HEAVY_03_LA_A	11	-1	xxx	-1	xxx	-1	xxx	-1	xxx	
1	15	STORE_CH_ARMOR_TAB4	PACKAGE_ITEM_CH_W_HEAVY_03_SA_A	5	-1	xxx	-1	xxx	-1	xxx	-1	xxx	
1	15	STORE_CH_ARMOR_TAB5	PACKAGE_ITEM_CH_W_LIGHT_01_AA_A	12	-1	xxx	-1	xxx	-1	xxx	-1	xxx	
1	15	STORE_CH_ARMOR_TAB5	PACKAGE_ITEM_CH_W_LIGHT_01_BA_A	6	-1	xxx	-1	xxx	-1	xxx	-1	xxx	
1	15	STORE_CH_ARMOR_TAB5	PACKAGE_ITEM_CH_W_LIGHT_01_CA_A	0	-1	xxx	-1	xxx	-1	xxx	-1	xxx	
1	15	STORE_CH_ARMOR_TAB5	PACKAGE_ITEM_CH_W_LIGHT_01_FA_A	15	-1	xxx	-1	xxx	-1	xxx	-1	xxx	
1	15	STORE_CH_ARMOR_TAB5	PACKAGE_ITEM_CH_W_LIGHT_01_LA_A	9	-1	xxx	-1	xxx	-1	xxx	-1	xxx	
1	15	STORE_CH_ARMOR_TAB5	PACKAGE_ITEM_CH_W_LIGHT_01_SA_A	3	-1	xxx	-1	xxx	-1	xxx	-1	xxx	
1	15	STORE_CH_ARMOR_TAB5	PACKAGE_ITEM_CH_W_LIGHT_02_AA_A	13	-1	xxx	-1	xxx	-1	xxx	-1	xxx	
1	15	STORE_CH_ARMOR_TAB5	PACKAGE_ITEM_CH_W_LIGHT_02_BA_A	7	-1	xxx	-1	xxx	-1	xxx	-1	xxx	
1	15	STORE_CH_ARMOR_TAB5	PACKAGE_ITEM_CH_W_LIGHT_02_CA_A	1	-1	xxx	-1	xxx	-1	xxx	-1	xxx	
1	15	STORE_CH_ARMOR_TAB5	PACKAGE_ITEM_CH_W_LIGHT_02_FA_A	16	-1	xxx	-1	xxx	-1	xxx	-1	xxx	
1	15	STORE_CH_ARMOR_TAB5	PACKAGE_ITEM_CH_W_LIGHT_02_LA_A	10	-1	xxx	-1	xxx	-1	xxx	-1	xxx	
1	15	STORE_CH_ARMOR_TAB5	PACKAGE_ITEM_CH_W_LIGHT_02_SA_A	4	-1	xxx	-1	xxx	-1	xxx	-1	xxx	
1	15	STORE_CH_ARMOR_TAB5	PACKAGE_ITEM_CH_W_LIGHT_03_AA_A	14	-1	xxx	-1	xxx	-1	xxx	-1	xxx	
1	15	STORE_CH_ARMOR_TAB5	PACKAGE_ITEM_CH_W_LIGHT_03_BA_A	8	-1	xxx	-1	xxx	-1	xxx	-1	xxx	
1	15	STORE_CH_ARMOR_TAB5	PACKAGE_ITEM_CH_W_LIGHT_03_CA_A	2	-1	xxx	-1	xxx	-1	xxx	-1	xxx	
1	15	STORE_CH_ARMOR_TAB5	PACKAGE_ITEM_CH_W_LIGHT_03_FA_A	17	-1	xxx	-1	xxx	-1	xxx	-1	xxx	
1	15	STORE_CH_ARMOR_TAB5	PACKAGE_ITEM_CH_W_LIGHT_03_LA_A	11	-1	xxx	-1	xxx	-1	xxx	-1	xxx	
1	15	STORE_CH_ARMOR_TAB5	PACKAGE_ITEM_CH_W_LIGHT_03_SA_A	5	-1	xxx	-1	xxx	-1	xxx	-1	xxx	
1	15	STORE_CH_ARMOR_TAB6	PACKAGE_ITEM_CH_W_CLOTHES_01_AA_A	12	-1	xxx	-1	xxx	-1	xxx	-1	xxx	
1	15	STORE_CH_ARMOR_TAB6	PACKAGE_ITEM_CH_W_CLOTHES_01_BA_A	6	-1	xxx	-1	xxx	-1	xxx	-1	xxx	
1	15	STORE_CH_ARMOR_TAB6	PACKAGE_ITEM_CH_W_CLOTHES_01_CA_A	0	-1	xxx	-1	xxx	-1	xxx	-1	xxx	
1	15	STORE_CH_ARMOR_TAB6	PACKAGE_ITEM_CH_W_CLOTHES_01_FA_A	15	-1	xxx	-1	xxx	-1	xxx	-1	xxx	
1	15	STORE_CH_ARMOR_TAB6	PACKAGE_ITEM_CH_W_CLOTHES_01_LA_A	9	-1	xxx	-1	xxx	-1	xxx	-1	xxx	
1	15	STORE_CH_ARMOR_TAB6	PACKAGE_ITEM_CH_W_CLOTHES_01_SA_A	3	-1	xxx	-1	xxx	-1	xxx	-1	xxx	
1	15	STORE_CH_ARMOR_TAB6	PACKAGE_ITEM_CH_W_CLOTHES_02_AA_A	13	-1	xxx	-1	xxx	-1	xxx	-1	xxx	
1	15	STORE_CH_ARMOR_TAB6	PACKAGE_ITEM_CH_W_CLOTHES_02_BA_A	7	-1	xxx	-1	xxx	-1	xxx	-1	xxx	
1	15	STORE_CH_ARMOR_TAB6	PACKAGE_ITEM_CH_W_CLOTHES_02_CA_A	1	-1	xxx	-1	xxx	-1	xxx	-1	xxx	
1	15	STORE_CH_ARMOR_TAB6	PACKAGE_ITEM_CH_W_CLOTHES_02_FA_A	16	-1	xxx	-1	xxx	-1	xxx	-1	xxx	
1	15	STORE_CH_ARMOR_TAB6	PACKAGE_ITEM_CH_W_CLOTHES_02_LA_A	10	-1	xxx	-1	xxx	-1	xxx	-1	xxx	
1	15	STORE_CH_ARMOR_TAB6	PACKAGE_ITEM_CH_W_CLOTHES_02_SA_A	4	-1	xxx	-1	xxx	-1	xxx	-1	xxx	
1	15	STORE_CH_ARMOR_TAB6	PACKAGE_ITEM_CH_W_CLOTHES_03_AA_A	14	-1	xxx	-1	xxx	-1	xxx	-1	xxx	
1	15	STORE_CH_ARMOR_TAB6	PACKAGE_ITEM_CH_W_CLOTHES_03_BA_A	8	-1	xxx	-1	xxx	-1	xxx	-1	xxx	
1	15	STORE_CH_ARMOR_TAB6	PACKAGE_ITEM_CH_W_CLOTHES_03_CA_A	2	-1	xxx	-1	xxx	-1	xxx	-1	xxx	
1	15	STORE_CH_ARMOR_TAB6	PACKAGE_ITEM_CH_W_CLOTHES_03_FA_A	17	-1	xxx	-1	xxx	-1	xxx	-1	xxx	
1	15	STORE_CH_ARMOR_TAB6	PACKAGE_ITEM_CH_W_CLOTHES_03_LA_A	11	-1	xxx	-1	xxx	-1	xxx	-1	xxx	
1	15	STORE_CH_ARMOR_TAB6	PACKAGE_ITEM_CH_W_CLOTHES_03_SA_A	5	-1	xxx	-1	xxx	-1	xxx	-1	xxx	
1	15	STORE_CH_GUILD_TAB1	PACKAGE_ITEM_ETC_GUILD_CREST_DELETE	1	-1	xxx	-1	xxx	-1	xxx	-1	xxx	
1	15	STORE_CH_GUILD_TAB1	PACKAGE_ITEM_ETC_GUILD_CREST_USER	0	-1	xxx	-1	xxx	-1	xxx	-1	xxx	
1	15	STORE_CH_GUILD_TAB1	PACKAGE_ITEM_ETC_UNION_CREST_DELETE	3	-1	xxx	-1	xxx	-1	xxx	-1	xxx	
1	15	STORE_CH_GUILD_TAB1	PACKAGE_ITEM_ETC_UNION_CREST_USER	2	-1	xxx	-1	xxx	-1	xxx	-1	xxx	
1	15	STORE_CH_GUILD_TAB2	PACKAGE_ITEM_ETC_GUILD_CH_SOLDIER1_SCROLL	0	-1	xxx	-1	xxx	-1	xxx	-1	xxx	
1	15	STORE_CH_GUILD_TAB2	PACKAGE_ITEM_ETC_GUILD_CH_SOLDIER2_SCROLL	1	-1	xxx	-1	xxx	-1	xxx	-1	xxx	
1	15	STORE_CH_GUILD_TAB2	PACKAGE_ITEM_ETC_GUILD_CH_SOLDIER3_SCROLL	2	-1	xxx	-1	xxx	-1	xxx	-1	xxx	
1	15	STORE_CH_GUILD_TAB2	PACKAGE_ITEM_ETC_GUILD_CH_SOLDIER4_SCROLL	3	-1	xxx	-1	xxx	-1	xxx	-1	xxx	
1	15	STORE_CH_GUILD_TAB2	PACKAGE_ITEM_ETC_GUILD_CH_SOLDIER5_SCROLL	4	-1	xxx	-1	xxx	-1	xxx	-1	xxx	
1	15	STORE_CH_GUILD_TAB2	PACKAGE_ITEM_ETC_GUILD_CH_SOLDIER6_SCROLL	5	-1	xxx	-1	xxx	-1	xxx	-1	xxx	
1	15	STORE_CH_GUILD_TAB3	PACKAGE_ITEM_ETC_GUILD_RECALL	0	-1	xxx	-1	xxx	-1	xxx	-1	xxx	
1	15	STORE_CH_HONOR_TAB1	PACKAGE_ITEM_CH_BLADE_08_A_RARE_HONOR	0	-1	xxx	-1	xxx	-1	xxx	-1	xxx	
1	15	STORE_CH_HONOR_TAB1	PACKAGE_ITEM_CH_BLADE_08_B_RARE_HONOR	1	-1	xxx	-1	xxx	-1	xxx	-1	xxx	
1	15	STORE_CH_HONOR_TAB1	PACKAGE_ITEM_CH_BLADE_08_C_RARE_HONOR	2	-1	xxx	-1	xxx	-1	xxx	-1	xxx	
1	15	STORE_CH_HONOR_TAB1	PACKAGE_ITEM_CH_BLADE_09_A_RARE_HONOR	3	-1	xxx	-1	xxx	-1	xxx	-1	xxx	
1	15	STORE_CH_HONOR_TAB1	PACKAGE_ITEM_CH_BLADE_09_B_RARE_HONOR	4	-1	xxx	-1	xxx	-1	xxx	-1	xxx	
1	15	STORE_CH_HONOR_TAB1	PACKAGE_ITEM_CH_BLADE_09_C_RARE_HONOR	5	-1	xxx	-1	xxx	-1	xxx	-1	xxx	
1	15	STORE_CH_HONOR_TAB1	PACKAGE_ITEM_CH_BOW_08_A_RARE_HONOR	6	-1	xxx	-1	xxx	-1	xxx	-1	xxx	
1	15	STORE_CH_HONOR_TAB1	PACKAGE_ITEM_CH_BOW_08_B_RARE_HONOR	7	-1	xxx	-1	xxx	-1	xxx	-1	xxx	
1	15	STORE_CH_HONOR_TAB1	PACKAGE_ITEM_CH_BOW_08_C_RARE_HONOR	8	-1	xxx	-1	xxx	-1	xxx	-1	xxx	
1	15	STORE_CH_HONOR_TAB1	PACKAGE_ITEM_CH_BOW_09_A_RARE_HONOR	9	-1	xxx	-1	xxx	-1	xxx	-1	xxx	
1	15	STORE_CH_HONOR_TAB1	PACKAGE_ITEM_CH_BOW_09_B_RARE_HONOR	10	-1	xxx	-1	xxx	-1	xxx	-1	xxx	
1	15	STORE_CH_HONOR_TAB1	PACKAGE_ITEM_CH_BOW_09_C_RARE_HONOR	11	-1	xxx	-1	xxx	-1	xxx	-1	xxx	
1	15	STORE_CH_HONOR_TAB1	PACKAGE_ITEM_CH_SPEAR_08_A_RARE_HONOR	12	-1	xxx	-1	xxx	-1	xxx	-1	xxx	
1	15	STORE_CH_HONOR_TAB1	PACKAGE_ITEM_CH_SPEAR_08_B_RARE_HONOR	13	-1	xxx	-1	xxx	-1	xxx	-1	xxx	
1	15	STORE_CH_HONOR_TAB1	PACKAGE_ITEM_CH_SPEAR_08_C_RARE_HONOR	14	-1	xxx	-1	xxx	-1	xxx	-1	xxx	
1	15	STORE_CH_HONOR_TAB1	PACKAGE_ITEM_CH_SPEAR_09_A_RARE_HONOR	15	-1	xxx	-1	xxx	-1	xxx	-1	xxx	
1	15	STORE_CH_HONOR_TAB1	PACKAGE_ITEM_CH_SPEAR_09_B_RARE_HONOR	16	-1	xxx	-1	xxx	-1	xxx	-1	xxx	
1	15	STORE_CH_HONOR_TAB1	PACKAGE_ITEM_CH_SPEAR_09_C_RARE_HONOR	17	-1	xxx	-1	xxx	-1	xxx	-1	xxx	
1	15	STORE_CH_HONOR_TAB1	PACKAGE_ITEM_CH_SWORD_08_A_RARE_HONOR	18	-1	xxx	-1	xxx	-1	xxx	-1	xxx	
1	15	STORE_CH_HONOR_TAB1	PACKAGE_ITEM_CH_SWORD_08_B_RARE_HONOR	19	-1	xxx	-1	xxx	-1	xxx	-1	xxx	
1	15	STORE_CH_HONOR_TAB1	PACKAGE_ITEM_CH_SWORD_08_C_RARE_HONOR	20	-1	xxx	-1	xxx	-1	xxx	-1	xxx	
1	15	STORE_CH_HONOR_TAB1	PACKAGE_ITEM_CH_SWORD_09_A_RARE_HONOR	21	-1	xxx	-1	xxx	-1	xxx	-1	xxx	
1	15	STORE_CH_HONOR_TAB1	PACKAGE_ITEM_CH_SWORD_09_B_RARE_HONOR	22	-1	xxx	-1	xxx	-1	xxx	-1	xxx	
1	15	STORE_CH_HONOR_TAB1	PACKAGE_ITEM_CH_SWORD_09_C_RARE_HONOR	23	-1	xxx	-1	xxx	-1	xxx	-1	xxx	
1	15	STORE_CH_HONOR_TAB1	PACKAGE_ITEM_CH_TBLADE_08_A_RARE_HONOR	24	-1	xxx	-1	xxx	-1	xxx	-1	xxx	
1	15	STORE_CH_HONOR_TAB1	PACKAGE_ITEM_CH_TBLADE_08_B_RARE_HONOR	25	-1	xxx	-1	xxx	-1	xxx	-1	xxx	
1	15	STORE_CH_HONOR_TAB1	PACKAGE_ITEM_CH_TBLADE_08_C_RARE_HONOR	26	-1	xxx	-1	xxx	-1	xxx	-1	xxx	
1	15	STORE_CH_HONOR_TAB1	PACKAGE_ITEM_CH_TBLADE_09_A_RARE_HONOR	27	-1	xxx	-1	xxx	-1	xxx	-1	xxx	
1	15	STORE_CH_HONOR_TAB1	PACKAGE_ITEM_CH_TBLADE_09_B_RARE_HONOR	28	-1	xxx	-1	xxx	-1	xxx	-1	xxx	
1	15	STORE_CH_HONOR_TAB1	PACKAGE_ITEM_CH_TBLADE_09_C_RARE_HONOR	29	-1	xxx	-1	xxx	-1	xxx	-1	xxx	
1	15	STORE_CH_HONOR_TAB2	PACKAGE_ITEM_ETC_ARCHEMY_MAGICSTONE_REPAIR_08	0	-1	xxx	-1	xxx	-1	xxx	-1	xxx	
1	15	STORE_CH_HONOR_TAB2	PACKAGE_ITEM_ETC_ARCHEMY_MAGICSTONE_REPAIR_09	1	-1	xxx	-1	xxx	-1	xxx	-1	xxx	
1	15	STORE_CH_NEW_TRADE_HUNTER_TAB1	PACKAGE_ITEM_CH_M_NEW_TRADE_HUNTER_01	0	-1	xxx	-1	xxx	-1	xxx	-1	xxx	
1	15	STORE_CH_NEW_TRADE_HUNTER_TAB1	PACKAGE_ITEM_CH_W_NEW_TRADE_HUNTER_01	1	-1	xxx	-1	xxx	-1	xxx	-1	xxx	
1	15	STORE_CH_NEW_TRADE_THIEF_TAB1	PACKAGE_ITEM_CH_M_NEW_TRADE_THIEF_01	0	-1	xxx	-1	xxx	-1	xxx	-1	xxx	
1	15	STORE_CH_NEW_TRADE_THIEF_TAB1	PACKAGE_ITEM_CH_W_NEW_TRADE_THIEF_01	1	-1	xxx	-1	xxx	-1	xxx	-1	xxx	
1	15	STORE_CH_OFFICIAL_TAB1	PACKAGE_ITEM_FORT_AGGRESSIVE_FLAG	12	-1	xxx	-1	xxx	-1	xxx	-1	xxx	
1	15	STORE_CH_OFFICIAL_TAB1	PACKAGE_ITEM_FORT_DEFENSIVE_FLAG	11	-1	xxx	-1	xxx	-1	xxx	-1	xxx	
1	15	STORE_CH_OFFICIAL_TAB1	PACKAGE_ITEM_FORT_MANUAL_BARRICADE	5	-1	xxx	-1	xxx	-1	xxx	-1	xxx	
1	15	STORE_CH_OFFICIAL_TAB1	PACKAGE_ITEM_FORT_MANUAL_BATTLECAMP	4	-1	xxx	-1	xxx	-1	xxx	-1	xxx	
1	15	STORE_CH_OFFICIAL_TAB1	PACKAGE_ITEM_FORT_REPAIR_KIT_01	2	-1	xxx	-1	xxx	-1	xxx	-1	xxx	
1	15	STORE_CH_OFFICIAL_TAB1	PACKAGE_ITEM_FORT_REPAIR_KIT_02	3	-1	xxx	-1	xxx	-1	xxx	-1	xxx	
1	15	STORE_CH_OFFICIAL_TAB1	PACKAGE_ITEM_FORT_SHOCK_BOMB	1	-1	xxx	-1	xxx	-1	xxx	-1	xxx	
1	15	STORE_CH_OFFICIAL_TAB1	PACKAGE_ITEM_FORT_TABLET_WHITETIGER_SILVER	0	-1	xxx	-1	xxx	-1	xxx	-1	xxx	
1	15	STORE_CH_SMITH_TAB1	PACKAGE_ITEM_CH_BLADE_01_A	3	-1	xxx	-1	xxx	-1	xxx	-1	xxx	
1	15	STORE_CH_SMITH_TAB1	PACKAGE_ITEM_CH_BLADE_02_A	4	-1	xxx	-1	xxx	-1	xxx	-1	xxx	
1	15	STORE_CH_SMITH_TAB1	PACKAGE_ITEM_CH_BLADE_03_A	5	-1	xxx	-1	xxx	-1	xxx	-1	xxx	
1	15	STORE_CH_SMITH_TAB1	PACKAGE_ITEM_CH_BOW_01_A	12	-1	xxx	-1	xxx	-1	xxx	-1	xxx	
1	15	STORE_CH_SMITH_TAB1	PACKAGE_ITEM_CH_BOW_02_A	13	-1	xxx	-1	xxx	-1	xxx	-1	xxx	
1	15	STORE_CH_SMITH_TAB1	PACKAGE_ITEM_CH_BOW_03_A	14	-1	xxx	-1	xxx	-1	xxx	-1	xxx	
1	15	STORE_CH_SMITH_TAB1	PACKAGE_ITEM_CH_SPEAR_01_A	6	-1	xxx	-1	xxx	-1	xxx	-1	xxx	
1	15	STORE_CH_SMITH_TAB1	PACKAGE_ITEM_CH_SPEAR_02_A	7	-1	xxx	-1	xxx	-1	xxx	-1	xxx	
1	15	STORE_CH_SMITH_TAB1	PACKAGE_ITEM_CH_SPEAR_03_A	8	-1	xxx	-1	xxx	-1	xxx	-1	xxx	
1	15	STORE_CH_SMITH_TAB1	PACKAGE_ITEM_CH_SWORD_01_A	0	-1	xxx	-1	xxx	-1	xxx	-1	xxx	
1	15	STORE_CH_SMITH_TAB1	PACKAGE_ITEM_CH_SWORD_02_A	1	-1	xxx	-1	xxx	-1	xxx	-1	xxx	
1	15	STORE_CH_SMITH_TAB1	PACKAGE_ITEM_CH_SWORD_03_A	2	-1	xxx	-1	xxx	-1	xxx	-1	xxx	
1	15	STORE_CH_SMITH_TAB1	PACKAGE_ITEM_CH_TBLADE_01_A	9	-1	xxx	-1	xxx	-1	xxx	-1	xxx	
1	15	STORE_CH_SMITH_TAB1	PACKAGE_ITEM_CH_TBLADE_02_A	10	-1	xxx	-1	xxx	-1	xxx	-1	xxx	
1	15	STORE_CH_SMITH_TAB1	PACKAGE_ITEM_CH_TBLADE_03_A	11	-1	xxx	-1	xxx	-1	xxx	-1	xxx	
1	15	STORE_CH_SMITH_TAB2	PACKAGE_ITEM_CH_SHIELD_01_A	0	-1	xxx	-1	xxx	-1	xxx	-1	xxx	
1	15	STORE_CH_SMITH_TAB2	PACKAGE_ITEM_CH_SHIELD_02_A	1	-1	xxx	-1	xxx	-1	xxx	-1	xxx	
1	15	STORE_CH_SMITH_TAB2	PACKAGE_ITEM_CH_SHIELD_03_A	2	-1	xxx	-1	xxx	-1	xxx	-1	xxx	
1	15	STORE_CH_SMITH_TAB3	PACKAGE_ITEM_ETC_AMMO_ARROW_01	0	-1	xxx	-1	xxx	-1	xxx	-1	xxx	
1	15	STORE_CH_STABLE_TAB1	PACKAGE_ITEM_COS_C_DHORSE1	3	-1	xxx	-1	xxx	-1	xxx	-1	xxx	
1	15	STORE_CH_STABLE_TAB1	PACKAGE_ITEM_COS_C_HORSE1	0	-1	xxx	-1	xxx	-1	xxx	-1	xxx	
1	15	STORE_CH_STABLE_TAB1	PACKAGE_ITEM_COS_C_HORSE2	1	-1	xxx	-1	xxx	-1	xxx	-1	xxx	
1	15	STORE_CH_STABLE_TAB1	PACKAGE_ITEM_COS_C_HORSE3	2	-1	xxx	-1	xxx	-1	xxx	-1	xxx	
1	15	STORE_CH_STABLE_TAB3	PACKAGE_ITEM_COS_P_FLUTE	0	-1	xxx	-1	xxx	-1	xxx	-1	xxx	
1	15	STORE_CH_STABLE_TAB4	PACKAGE_ITEM_COS_P_CURE_ALL_01	4	-1	xxx	-1	xxx	-1	xxx	-1	xxx	
1	15	STORE_CH_STABLE_TAB4	PACKAGE_ITEM_COS_P_CURE_ALL_02	5	-1	xxx	-1	xxx	-1	xxx	-1	xxx	
1	15	STORE_CH_STABLE_TAB4	PACKAGE_ITEM_COS_P_HGP_POTION_01	3	-1	xxx	-1	xxx	-1	xxx	-1	xxx	
1	15	STORE_CH_STABLE_TAB4	PACKAGE_ITEM_COS_P_REVIVAL	2	-1	xxx	-1	xxx	-1	xxx	-1	xxx	
1	15	STORE_CH_STABLE_TAB4	PACKAGE_ITEM_ETC_COS_HP_POTION_01	0	-1	xxx	-1	xxx	-1	xxx	-1	xxx	
1	15	STORE_CH_STABLE_TAB4	PACKAGE_ITEM_ETC_COS_HP_POTION_02	1	-1	xxx	-1	xxx	-1	xxx	-1	xxx	
1	15	STORE_CH_STABLE_TAB4	PACKAGE_ITEM_ETC_COS_HP_POTION_03	6	-1	xxx	-1	xxx	-1	xxx	-1	xxx	
1	15	STORE_CT_BATTLEAIDE_TAB1	PACKAGE_ITEM_COS_GUARD_EU_BOW_01	0	-1	xxx	-1	xxx	-1	xxx	-1	xxx	
1	15	STORE_CT_BATTLEAIDE_TAB1	PACKAGE_ITEM_COS_GUARD_EU_BOW_02	1	-1	xxx	-1	xxx	-1	xxx	-1	xxx	
1	15	STORE_CT_BATTLEAIDE_TAB1	PACKAGE_ITEM_COS_GUARD_EU_SPEAR_01	2	-1	xxx	-1	xxx	-1	xxx	-1	xxx	
1	15	STORE_CT_BATTLEAIDE_TAB1	PACKAGE_ITEM_COS_GUARD_EU_SPEAR_02	3	-1	xxx	-1	xxx	-1	xxx	-1	xxx	
1	15	STORE_EU_ACCESSORY_TAB1	PACKAGE_ITEM_EU_EARRING_01_A	3	-1	xxx	-1	xxx	-1	xxx	-1	xxx	
1	15	STORE_EU_ACCESSORY_TAB1	PACKAGE_ITEM_EU_EARRING_02_A	4	-1	xxx	-1	xxx	-1	xxx	-1	xxx	
1	15	STORE_EU_ACCESSORY_TAB1	PACKAGE_ITEM_EU_EARRING_03_A	5	-1	xxx	-1	xxx	-1	xxx	-1	xxx	
1	15	STORE_EU_ACCESSORY_TAB1	PACKAGE_ITEM_EU_NECKLACE_01_A	6	-1	xxx	-1	xxx	-1	xxx	-1	xxx	
1	15	STORE_EU_ACCESSORY_TAB1	PACKAGE_ITEM_EU_NECKLACE_02_A	7	-1	xxx	-1	xxx	-1	xxx	-1	xxx	
1	15	STORE_EU_ACCESSORY_TAB1	PACKAGE_ITEM_EU_NECKLACE_03_A	8	-1	xxx	-1	xxx	-1	xxx	-1	xxx	
1	15	STORE_EU_ACCESSORY_TAB1	PACKAGE_ITEM_EU_RING_01_A	0	-1	xxx	-1	xxx	-1	xxx	-1	xxx	
1	15	STORE_EU_ACCESSORY_TAB1	PACKAGE_ITEM_EU_RING_02_A	1	-1	xxx	-1	xxx	-1	xxx	-1	xxx	
1	15	STORE_EU_ACCESSORY_TAB1	PACKAGE_ITEM_EU_RING_03_A	2	-1	xxx	-1	xxx	-1	xxx	-1	xxx	
1	15	STORE_EU_ACCESSORY_TAB2	PACKAGE_ITEM_ETC_SCROLL_RETURN_01	0	-1	xxx	-1	xxx	-1	xxx	-1	xxx	
1	15	STORE_EU_ACCESSORY_TAB2	PACKAGE_ITEM_ETC_SCROLL_RETURN_02	1	-1	xxx	-1	xxx	-1	xxx	-1	xxx	
1	15	STORE_EU_ACCESSORY_TAB3	PACKAGE_ITEM_ETC_ARCHEMY_ETC_02	2	-1	xxx	-1	xxx	-1	xxx	-1	xxx	
1	15	STORE_EU_ACCESSORY_TAB3	PACKAGE_ITEM_ETC_ARCHEMY_POTION_SPEED_05	13	-1	xxx	-1	xxx	-1	xxx	-1	xxx	
1	15	STORE_EU_ACCESSORY_TAB3	PACKAGE_ITEM_ETC_ARCHEMY_POTION_SPEED_11	14	-1	xxx	-1	xxx	-1	xxx	-1	xxx	
1	15	STORE_EU_ACCESSORY_TAB3	PACKAGE_ITEM_ETC_ARCHEMY_REINFORCE_PROB_UP_A_01	3	-1	xxx	-1	xxx	-1	xxx	-1	xxx	
1	15	STORE_EU_ACCESSORY_TAB3	PACKAGE_ITEM_ETC_ARCHEMY_REINFORCE_PROB_UP_A_02	4	-1	xxx	-1	xxx	-1	xxx	-1	xxx	
1	15	STORE_EU_ACCESSORY_TAB3	PACKAGE_ITEM_ETC_ARCHEMY_REINFORCE_PROB_UP_A_03	5	-1	xxx	-1	xxx	-1	xxx	-1	xxx	
1	15	STORE_EU_ACCESSORY_TAB3	PACKAGE_ITEM_ETC_ARCHEMY_REINFORCE_PROB_UP_A_04	6	-1	xxx	-1	xxx	-1	xxx	-1	xxx	
1	15	STORE_EU_ACCESSORY_TAB3	PACKAGE_ITEM_ETC_ARCHEMY_REINFORCE_PROB_UP_A_05	7	-1	xxx	-1	xxx	-1	xxx	-1	xxx	
1	15	STORE_EU_ACCESSORY_TAB3	PACKAGE_ITEM_ETC_ARCHEMY_REINFORCE_PROB_UP_A_06	8	-1	xxx	-1	xxx	-1	xxx	-1	xxx	
1	15	STORE_EU_ACCESSORY_TAB3	PACKAGE_ITEM_ETC_ARCHEMY_REINFORCE_PROB_UP_A_07	9	-1	xxx	-1	xxx	-1	xxx	-1	xxx	
1	15	STORE_EU_ACCESSORY_TAB3	PACKAGE_ITEM_ETC_ARCHEMY_REINFORCE_PROB_UP_A_08	10	-1	xxx	-1	xxx	-1	xxx	-1	xxx	
1	15	STORE_EU_ACCESSORY_TAB3	PACKAGE_ITEM_ETC_ARCHEMY_REINFORCE_PROB_UP_A_09	11	-1	xxx	-1	xxx	-1	xxx	-1	xxx	
1	15	STORE_EU_ACCESSORY_TAB3	PACKAGE_ITEM_ETC_ARCHEMY_REINFORCE_PROB_UP_A_10	12	-1	xxx	-1	xxx	-1	xxx	-1	xxx	
1	15	STORE_EU_ACCESSORY_TAB3	PACKAGE_ITEM_ETC_ARCHEMY_RONDO_01	15	-1	xxx	-1	xxx	-1	xxx	-1	xxx	
1	15	STORE_EU_ACCESSORY_TAB3	PACKAGE_ITEM_ETC_ARCHEMY_RONDO_02	16	-1	xxx	-1	xxx	-1	xxx	-1	xxx	
1	15	STORE_EU_ACCESSORY_TAB3	PACKAGE_ITEM_ETC_MK_MATERIAL_01	0	-1	xxx	-1	xxx	-1	xxx	-1	xxx	
1	15	STORE_EU_ACCESSORY_TAB3	PACKAGE_ITEM_ETC_TRADE_MATERIAL_DESTROYSTONE	1	-1	xxx	-1	xxx	-1	xxx	-1	xxx	
1	15	STORE_EU_ARMOR_TAB1	PACKAGE_ITEM_EU_M_HEAVY_01_AA_A	12	-1	xxx	-1	xxx	-1	xxx	-1	xxx	
1	15	STORE_EU_ARMOR_TAB1	PACKAGE_ITEM_EU_M_HEAVY_01_BA_A	6	-1	xxx	-1	xxx	-1	xxx	-1	xxx	
1	15	STORE_EU_ARMOR_TAB1	PACKAGE_ITEM_EU_M_HEAVY_01_CA_A	0	-1	xxx	-1	xxx	-1	xxx	-1	xxx	
1	15	STORE_EU_ARMOR_TAB1	PACKAGE_ITEM_EU_M_HEAVY_01_FA_A	15	-1	xxx	-1	xxx	-1	xxx	-1	xxx	
1	15	STORE_EU_ARMOR_TAB1	PACKAGE_ITEM_EU_M_HEAVY_01_LA_A	9	-1	xxx	-1	xxx	-1	xxx	-1	xxx	
1	15	STORE_EU_ARMOR_TAB1	PACKAGE_ITEM_EU_M_HEAVY_01_SA_A	3	-1	xxx	-1	xxx	-1	xxx	-1	xxx	
1	15	STORE_EU_ARMOR_TAB1	PACKAGE_ITEM_EU_M_HEAVY_02_AA_A	13	-1	xxx	-1	xxx	-1	xxx	-1	xxx	
1	15	STORE_EU_ARMOR_TAB1	PACKAGE_ITEM_EU_M_HEAVY_02_BA_A	7	-1	xxx	-1	xxx	-1	xxx	-1	xxx	
1	15	STORE_EU_ARMOR_TAB1	PACKAGE_ITEM_EU_M_HEAVY_02_CA_A	1	-1	xxx	-1	xxx	-1	xxx	-1	xxx	
1	15	STORE_EU_ARMOR_TAB1	PACKAGE_ITEM_EU_M_HEAVY_02_FA_A	16	-1	xxx	-1	xxx	-1	xxx	-1	xxx	
1	15	STORE_EU_ARMOR_TAB1	PACKAGE_ITEM_EU_M_HEAVY_02_LA_A	10	-1	xxx	-1	xxx	-1	xxx	-1	xxx	
1	15	STORE_EU_ARMOR_TAB1	PACKAGE_ITEM_EU_M_HEAVY_02_SA_A	4	-1	xxx	-1	xxx	-1	xxx	-1	xxx	
1	15	STORE_EU_ARMOR_TAB1	PACKAGE_ITEM_EU_M_HEAVY_03_AA_A	14	-1	xxx	-1	xxx	-1	xxx	-1	xxx	
1	15	STORE_EU_ARMOR_TAB1	PACKAGE_ITEM_EU_M_HEAVY_03_BA_A	8	-1	xxx	-1	xxx	-1	xxx	-1	xxx	
1	15	STORE_EU_ARMOR_TAB1	PACKAGE_ITEM_EU_M_HEAVY_03_CA_A	2	-1	xxx	-1	xxx	-1	xxx	-1	xxx	
1	15	STORE_EU_ARMOR_TAB1	PACKAGE_ITEM_EU_M_HEAVY_03_FA_A	17	-1	xxx	-1	xxx	-1	xxx	-1	xxx	
1	15	STORE_EU_ARMOR_TAB1	PACKAGE_ITEM_EU_M_HEAVY_03_LA_A	11	-1	xxx	-1	xxx	-1	xxx	-1	xxx	
1	15	STORE_EU_ARMOR_TAB1	PACKAGE_ITEM_EU_M_HEAVY_03_SA_A	5	-1	xxx	-1	xxx	-1	xxx	-1	xxx	
1	15	STORE_EU_ARMOR_TAB2	PACKAGE_ITEM_EU_M_LIGHT_01_AA_A	12	-1	xxx	-1	xxx	-1	xxx	-1	xxx	
1	15	STORE_EU_ARMOR_TAB2	PACKAGE_ITEM_EU_M_LIGHT_01_BA_A	6	-1	xxx	-1	xxx	-1	xxx	-1	xxx	
1	15	STORE_EU_ARMOR_TAB2	PACKAGE_ITEM_EU_M_LIGHT_01_CA_A	0	-1	xxx	-1	xxx	-1	xxx	-1	xxx	
1	15	STORE_EU_ARMOR_TAB2	PACKAGE_ITEM_EU_M_LIGHT_01_FA_A	15	-1	xxx	-1	xxx	-1	xxx	-1	xxx	
1	15	STORE_EU_ARMOR_TAB2	PACKAGE_ITEM_EU_M_LIGHT_01_LA_A	9	-1	xxx	-1	xxx	-1	xxx	-1	xxx	
1	15	STORE_EU_ARMOR_TAB2	PACKAGE_ITEM_EU_M_LIGHT_01_SA_A	3	-1	xxx	-1	xxx	-1	xxx	-1	xxx	
1	15	STORE_EU_ARMOR_TAB2	PACKAGE_ITEM_EU_M_LIGHT_02_AA_A	13	-1	xxx	-1	xxx	-1	xxx	-1	xxx	
1	15	STORE_EU_ARMOR_TAB2	PACKAGE_ITEM_EU_M_LIGHT_02_BA_A	7	-1	xxx	-1	xxx	-1	xxx	-1	xxx	
1	15	STORE_EU_ARMOR_TAB2	PACKAGE_ITEM_EU_M_LIGHT_02_CA_A	1	-1	xxx	-1	xxx	-1	xxx	-1	xxx	
1	15	STORE_EU_ARMOR_TAB2	PACKAGE_ITEM_EU_M_LIGHT_02_FA_A	16	-1	xxx	-1	xxx	-1	xxx	-1	xxx	
1	15	STORE_EU_ARMOR_TAB2	PACKAGE_ITEM_EU_M_LIGHT_02_LA_A	10	-1	xxx	-1	xxx	-1	xxx	-1	xxx	
1	15	STORE_EU_ARMOR_TAB2	PACKAGE_ITEM_EU_M_LIGHT_02_SA_A	4	-1	xxx	-1	xxx	-1	xxx	-1	xxx	
1	15	STORE_EU_ARMOR_TAB2	PACKAGE_ITEM_EU_M_LIGHT_03_AA_A	14	-1	xxx	-1	xxx	-1	xxx	-1	xxx	
1	15	STORE_EU_ARMOR_TAB2	PACKAGE_ITEM_EU_M_LIGHT_03_BA_A	8	-1	xxx	-1	xxx	-1	xxx	-1	xxx	
1	15	STORE_EU_ARMOR_TAB2	PACKAGE_ITEM_EU_M_LIGHT_03_CA_A	2	-1	xxx	-1	xxx	-1	xxx	-1	xxx	
1	15	STORE_EU_ARMOR_TAB2	PACKAGE_ITEM_EU_M_LIGHT_03_FA_A	17	-1	xxx	-1	xxx	-1	xxx	-1	xxx	
1	15	STORE_EU_ARMOR_TAB2	PACKAGE_ITEM_EU_M_LIGHT_03_LA_A	11	-1	xxx	-1	xxx	-1	xxx	-1	xxx	
1	15	STORE_EU_ARMOR_TAB2	PACKAGE_ITEM_EU_M_LIGHT_03_SA_A	5	-1	xxx	-1	xxx	-1	xxx	-1	xxx	
1	15	STORE_EU_ARMOR_TAB3	PACKAGE_ITEM_EU_M_CLOTHES_01_AA_A	12	-1	xxx	-1	xxx	-1	xxx	-1	xxx	
1	15	STORE_EU_ARMOR_TAB3	PACKAGE_ITEM_EU_M_CLOTHES_01_BA_A	6	-1	xxx	-1	xxx	-1	xxx	-1	xxx	
1	15	STORE_EU_ARMOR_TAB3	PACKAGE_ITEM_EU_M_CLOTHES_01_CA_A	0	-1	xxx	-1	xxx	-1	xxx	-1	xxx	
1	15	STORE_EU_ARMOR_TAB3	PACKAGE_ITEM_EU_M_CLOTHES_01_FA_A	15	-1	xxx	-1	xxx	-1	xxx	-1	xxx	
1	15	STORE_EU_ARMOR_TAB3	PACKAGE_ITEM_EU_M_CLOTHES_01_LA_A	9	-1	xxx	-1	xxx	-1	xxx	-1	xxx	
1	15	STORE_EU_ARMOR_TAB3	PACKAGE_ITEM_EU_M_CLOTHES_01_SA_A	3	-1	xxx	-1	xxx	-1	xxx	-1	xxx	
1	15	STORE_EU_ARMOR_TAB3	PACKAGE_ITEM_EU_M_CLOTHES_02_AA_A	13	-1	xxx	-1	xxx	-1	xxx	-1	xxx	
1	15	STORE_EU_ARMOR_TAB3	PACKAGE_ITEM_EU_M_CLOTHES_02_BA_A	7	-1	xxx	-1	xxx	-1	xxx	-1	xxx	
1	15	STORE_EU_ARMOR_TAB3	PACKAGE_ITEM_EU_M_CLOTHES_02_CA_A	1	-1	xxx	-1	xxx	-1	xxx	-1	xxx	
1	15	STORE_EU_ARMOR_TAB3	PACKAGE_ITEM_EU_M_CLOTHES_02_FA_A	16	-1	xxx	-1	xxx	-1	xxx	-1	xxx	
1	15	STORE_EU_ARMOR_TAB3	PACKAGE_ITEM_EU_M_CLOTHES_02_LA_A	10	-1	xxx	-1	xxx	-1	xxx	-1	xxx	
1	15	STORE_EU_ARMOR_TAB3	PACKAGE_ITEM_EU_M_CLOTHES_02_SA_A	4	-1	xxx	-1	xxx	-1	xxx	-1	xxx	
1	15	STORE_EU_ARMOR_TAB3	PACKAGE_ITEM_EU_M_CLOTHES_03_AA_A	14	-1	xxx	-1	xxx	-1	xxx	-1	xxx	
1	15	STORE_EU_ARMOR_TAB3	PACKAGE_ITEM_EU_M_CLOTHES_03_BA_A	8	-1	xxx	-1	xxx	-1	xxx	-1	xxx	
1	15	STORE_EU_ARMOR_TAB3	PACKAGE_ITEM_EU_M_CLOTHES_03_CA_A	2	-1	xxx	-1	xxx	-1	xxx	-1	xxx	
1	15	STORE_EU_ARMOR_TAB3	PACKAGE_ITEM_EU_M_CLOTHES_03_FA_A	17	-1	xxx	-1	xxx	-1	xxx	-1	xxx	
1	15	STORE_EU_ARMOR_TAB3	PACKAGE_ITEM_EU_M_CLOTHES_03_LA_A	11	-1	xxx	-1	xxx	-1	xxx	-1	xxx	
1	15	STORE_EU_ARMOR_TAB3	PACKAGE_ITEM_EU_M_CLOTHES_03_SA_A	5	-1	xxx	-1	xxx	-1	xxx	-1	xxx	
1	15	STORE_EU_ARMOR_TAB4	PACKAGE_ITEM_EU_W_HEAVY_01_AA_A	12	-1	xxx	-1	xxx	-1	xxx	-1	xxx	
1	15	STORE_EU_ARMOR_TAB4	PACKAGE_ITEM_EU_W_HEAVY_01_BA_A	6	-1	xxx	-1	xxx	-1	xxx	-1	xxx	
1	15	STORE_EU_ARMOR_TAB4	PACKAGE_ITEM_EU_W_HEAVY_01_CA_A	0	-1	xxx	-1	xxx	-1	xxx	-1	xxx	
1	15	STORE_EU_ARMOR_TAB4	PACKAGE_ITEM_EU_W_HEAVY_01_FA_A	15	-1	xxx	-1	xxx	-1	xxx	-1	xxx	
1	15	STORE_EU_ARMOR_TAB4	PACKAGE_ITEM_EU_W_HEAVY_01_LA_A	9	-1	xxx	-1	xxx	-1	xxx	-1	xxx	
1	15	STORE_EU_ARMOR_TAB4	PACKAGE_ITEM_EU_W_HEAVY_01_SA_A	3	-1	xxx	-1	xxx	-1	xxx	-1	xxx	
1	15	STORE_EU_ARMOR_TAB4	PACKAGE_ITEM_EU_W_HEAVY_02_AA_A	13	-1	xxx	-1	xxx	-1	xxx	-1	xxx	
1	15	STORE_EU_ARMOR_TAB4	PACKAGE_ITEM_EU_W_HEAVY_02_BA_A	7	-1	xxx	-1	xxx	-1	xxx	-1	xxx	
1	15	STORE_EU_ARMOR_TAB4	PACKAGE_ITEM_EU_W_HEAVY_02_CA_A	1	-1	xxx	-1	xxx	-1	xxx	-1	xxx	
1	15	STORE_EU_ARMOR_TAB4	PACKAGE_ITEM_EU_W_HEAVY_02_FA_A	16	-1	xxx	-1	xxx	-1	xxx	-1	xxx	
1	15	STORE_EU_ARMOR_TAB4	PACKAGE_ITEM_EU_W_HEAVY_02_LA_A	10	-1	xxx	-1	xxx	-1	xxx	-1	xxx	
1	15	STORE_EU_ARMOR_TAB4	PACKAGE_ITEM_EU_W_HEAVY_02_SA_A	4	-1	xxx	-1	xxx	-1	xxx	-1	xxx	
1	15	STORE_EU_ARMOR_TAB4	PACKAGE_ITEM_EU_W_HEAVY_03_AA_A	14	-1	xxx	-1	xxx	-1	xxx	-1	xxx	
1	15	STORE_EU_ARMOR_TAB4	PACKAGE_ITEM_EU_W_HEAVY_03_BA_A	8	-1	xxx	-1	xxx	-1	xxx	-1	xxx	
1	15	STORE_EU_ARMOR_TAB4	PACKAGE_ITEM_EU_W_HEAVY_03_CA_A	2	-1	xxx	-1	xxx	-1	xxx	-1	xxx	
1	15	STORE_EU_ARMOR_TAB4	PACKAGE_ITEM_EU_W_HEAVY_03_FA_A	17	-1	xxx	-1	xxx	-1	xxx	-1	xxx	
1	15	STORE_EU_ARMOR_TAB4	PACKAGE_ITEM_EU_W_HEAVY_03_LA_A	11	-1	xxx	-1	xxx	-1	xxx	-1	xxx	
1	15	STORE_EU_ARMOR_TAB4	PACKAGE_ITEM_EU_W_HEAVY_03_SA_A	5	-1	xxx	-1	xxx	-1	xxx	-1	xxx	
1	15	STORE_EU_ARMOR_TAB5	PACKAGE_ITEM_EU_W_LIGHT_01_AA_A	12	-1	xxx	-1	xxx	-1	xxx	-1	xxx	
1	15	STORE_EU_ARMOR_TAB5	PACKAGE_ITEM_EU_W_LIGHT_01_BA_A	6	-1	xxx	-1	xxx	-1	xxx	-1	xxx	
1	15	STORE_EU_ARMOR_TAB5	PACKAGE_ITEM_EU_W_LIGHT_01_CA_A	0	-1	xxx	-1	xxx	-1	xxx	-1	xxx	
1	15	STORE_EU_ARMOR_TAB5	PACKAGE_ITEM_EU_W_LIGHT_01_FA_A	15	-1	xxx	-1	xxx	-1	xxx	-1	xxx	
1	15	STORE_EU_ARMOR_TAB5	PACKAGE_ITEM_EU_W_LIGHT_01_LA_A	9	-1	xxx	-1	xxx	-1	xxx	-1	xxx	
1	15	STORE_EU_ARMOR_TAB5	PACKAGE_ITEM_EU_W_LIGHT_01_SA_A	3	-1	xxx	-1	xxx	-1	xxx	-1	xxx	
1	15	STORE_EU_ARMOR_TAB5	PACKAGE_ITEM_EU_W_LIGHT_02_AA_A	13	-1	xxx	-1	xxx	-1	xxx	-1	xxx	
1	15	STORE_EU_ARMOR_TAB5	PACKAGE_ITEM_EU_W_LIGHT_02_BA_A	7	-1	xxx	-1	xxx	-1	xxx	-1	xxx	
1	15	STORE_EU_ARMOR_TAB5	PACKAGE_ITEM_EU_W_LIGHT_02_CA_A	1	-1	xxx	-1	xxx	-1	xxx	-1	xxx	
1	15	STORE_EU_ARMOR_TAB5	PACKAGE_ITEM_EU_W_LIGHT_02_FA_A	16	-1	xxx	-1	xxx	-1	xxx	-1	xxx	
1	15	STORE_EU_ARMOR_TAB5	PACKAGE_ITEM_EU_W_LIGHT_02_LA_A	10	-1	xxx	-1	xxx	-1	xxx	-1	xxx	
1	15	STORE_EU_ARMOR_TAB5	PACKAGE_ITEM_EU_W_LIGHT_02_SA_A	4	-1	xxx	-1	xxx	-1	xxx	-1	xxx	
1	15	STORE_EU_ARMOR_TAB5	PACKAGE_ITEM_EU_W_LIGHT_03_AA_A	14	-1	xxx	-1	xxx	-1	xxx	-1	xxx	
1	15	STORE_EU_ARMOR_TAB5	PACKAGE_ITEM_EU_W_LIGHT_03_BA_A	8	-1	xxx	-1	xxx	-1	xxx	-1	xxx	
1	15	STORE_EU_ARMOR_TAB5	PACKAGE_ITEM_EU_W_LIGHT_03_CA_A	2	-1	xxx	-1	xxx	-1	xxx	-1	xxx	
1	15	STORE_EU_ARMOR_TAB5	PACKAGE_ITEM_EU_W_LIGHT_03_FA_A	17	-1	xxx	-1	xxx	-1	xxx	-1	xxx	
1	15	STORE_EU_ARMOR_TAB5	PACKAGE_ITEM_EU_W_LIGHT_03_LA_A	11	-1	xxx	-1	xxx	-1	xxx	-1	xxx	
1	15	STORE_EU_ARMOR_TAB5	PACKAGE_ITEM_EU_W_LIGHT_03_SA_A	5	-1	xxx	-1	xxx	-1	xxx	-1	xxx	
1	15	STORE_EU_ARMOR_TAB6	PACKAGE_ITEM_EU_W_CLOTHES_01_AA_A	12	-1	xxx	-1	xxx	-1	xxx	-1	xxx	
1	15	STORE_EU_ARMOR_TAB6	PACKAGE_ITEM_EU_W_CLOTHES_01_BA_A	6	-1	xxx	-1	xxx	-1	xxx	-1	xxx	
1	15	STORE_EU_ARMOR_TAB6	PACKAGE_ITEM_EU_W_CLOTHES_01_CA_A	0	-1	xxx	-1	xxx	-1	xxx	-1	xxx	
1	15	STORE_EU_ARMOR_TAB6	PACKAGE_ITEM_EU_W_CLOTHES_01_FA_A	15	-1	xxx	-1	xxx	-1	xxx	-1	xxx	
1	15	STORE_EU_ARMOR_TAB6	PACKAGE_ITEM_EU_W_CLOTHES_01_LA_A	9	-1	xxx	-1	xxx	-1	xxx	-1	xxx	
1	15	STORE_EU_ARMOR_TAB6	PACKAGE_ITEM_EU_W_CLOTHES_01_SA_A	3	-1	xxx	-1	xxx	-1	xxx	-1	xxx	
1	15	STORE_EU_ARMOR_TAB6	PACKAGE_ITEM_EU_W_CLOTHES_02_AA_A	13	-1	xxx	-1	xxx	-1	xxx	-1	xxx	
1	15	STORE_EU_ARMOR_TAB6	PACKAGE_ITEM_EU_W_CLOTHES_02_BA_A	7	-1	xxx	-1	xxx	-1	xxx	-1	xxx	
1	15	STORE_EU_ARMOR_TAB6	PACKAGE_ITEM_EU_W_CLOTHES_02_CA_A	1	-1	xxx	-1	xxx	-1	xxx	-1	xxx	
1	15	STORE_EU_ARMOR_TAB6	PACKAGE_ITEM_EU_W_CLOTHES_02_FA_A	16	-1	xxx	-1	xxx	-1	xxx	-1	xxx	
1	15	STORE_EU_ARMOR_TAB6	PACKAGE_ITEM_EU_W_CLOTHES_02_LA_A	10	-1	xxx	-1	xxx	-1	xxx	-1	xxx	
1	15	STORE_EU_ARMOR_TAB6	PACKAGE_ITEM_EU_W_CLOTHES_02_SA_A	4	-1	xxx	-1	xxx	-1	xxx	-1	xxx	
1	15	STORE_EU_ARMOR_TAB6	PACKAGE_ITEM_EU_W_CLOTHES_03_AA_A	14	-1	xxx	-1	xxx	-1	xxx	-1	xxx	
1	15	STORE_EU_ARMOR_TAB6	PACKAGE_ITEM_EU_W_CLOTHES_03_BA_A	8	-1	xxx	-1	xxx	-1	xxx	-1	xxx	
1	15	STORE_EU_ARMOR_TAB6	PACKAGE_ITEM_EU_W_CLOTHES_03_CA_A	2	-1	xxx	-1	xxx	-1	xxx	-1	xxx	
1	15	STORE_EU_ARMOR_TAB6	PACKAGE_ITEM_EU_W_CLOTHES_03_FA_A	17	-1	xxx	-1	xxx	-1	xxx	-1	xxx	
1	15	STORE_EU_ARMOR_TAB6	PACKAGE_ITEM_EU_W_CLOTHES_03_LA_A	11	-1	xxx	-1	xxx	-1	xxx	-1	xxx	
1	15	STORE_EU_ARMOR_TAB6	PACKAGE_ITEM_EU_W_CLOTHES_03_SA_A	5	-1	xxx	-1	xxx	-1	xxx	-1	xxx	
1	15	STORE_EU_GUILD_TAB1	PACKAGE_ITEM_ETC_GUILD_CREST_DELETE	1	-1	xxx	-1	xxx	-1	xxx	-1	xxx	
1	15	STORE_EU_GUILD_TAB1	PACKAGE_ITEM_ETC_GUILD_CREST_USER	0	-1	xxx	-1	xxx	-1	xxx	-1	xxx	
1	15	STORE_EU_GUILD_TAB1	PACKAGE_ITEM_ETC_UNION_CREST_DELETE	3	-1	xxx	-1	xxx	-1	xxx	-1	xxx	
1	15	STORE_EU_GUILD_TAB1	PACKAGE_ITEM_ETC_UNION_CREST_USER	2	-1	xxx	-1	xxx	-1	xxx	-1	xxx	
1	15	STORE_EU_GUILD_TAB2	PACKAGE_ITEM_ETC_GUILD_EU_SOLDIER1_SCROLL	0	-1	xxx	-1	xxx	-1	xxx	-1	xxx	
1	15	STORE_EU_GUILD_TAB2	PACKAGE_ITEM_ETC_GUILD_EU_SOLDIER2_SCROLL	1	-1	xxx	-1	xxx	-1	xxx	-1	xxx	
1	15	STORE_EU_GUILD_TAB2	PACKAGE_ITEM_ETC_GUILD_EU_SOLDIER3_SCROLL	2	-1	xxx	-1	xxx	-1	xxx	-1	xxx	
1	15	STORE_EU_GUILD_TAB2	PACKAGE_ITEM_ETC_GUILD_EU_SOLDIER4_SCROLL	3	-1	xxx	-1	xxx	-1	xxx	-1	xxx	
1	15	STORE_EU_GUILD_TAB2	PACKAGE_ITEM_ETC_GUILD_EU_SOLDIER5_SCROLL	4	-1	xxx	-1	xxx	-1	xxx	-1	xxx	
1	15	STORE_EU_GUILD_TAB2	PACKAGE_ITEM_ETC_GUILD_EU_SOLDIER6_SCROLL	5	-1	xxx	-1	xxx	-1	xxx	-1	xxx	
1	15	STORE_EU_GUILD_TAB2	PACKAGE_ITEM_ETC_GUILD_EU_SOLDIER7_SCROLL	6	-1	xxx	-1	xxx	-1	xxx	-1	xxx	
1	15	STORE_EU_GUILD_TAB2	PACKAGE_ITEM_ETC_GUILD_EU_SOLDIER8_SCROLL	7	-1	xxx	-1	xxx	-1	xxx	-1	xxx	
1	15	STORE_EU_GUILD_TAB2	PACKAGE_ITEM_ETC_GUILD_EU_SOLDIER9_SCROLL	8	-1	xxx	-1	xxx	-1	xxx	-1	xxx	
1	15	STORE_EU_GUILD_TAB3	PACKAGE_ITEM_ETC_GUILD_RECALL	0	-1	xxx	-1	xxx	-1	xxx	-1	xxx	
1	15	STORE_EU_HONOR_TAB1	PACKAGE_ITEM_CH_BLADE_08_A_RARE_HONOR	0	-1	xxx	-1	xxx	-1	xxx	-1	xxx	
1	15	STORE_EU_HONOR_TAB1	PACKAGE_ITEM_CH_BLADE_08_B_RARE_HONOR	1	-1	xxx	-1	xxx	-1	xxx	-1	xxx	
1	15	STORE_EU_HONOR_TAB1	PACKAGE_ITEM_CH_BLADE_08_C_RARE_HONOR	2	-1	xxx	-1	xxx	-1	xxx	-1	xxx	
1	15	STORE_EU_HONOR_TAB1	PACKAGE_ITEM_CH_BLADE_09_A_RARE_HONOR	3	-1	xxx	-1	xxx	-1	xxx	-1	xxx	
1	15	STORE_EU_HONOR_TAB1	PACKAGE_ITEM_CH_BLADE_09_B_RARE_HONOR	4	-1	xxx	-1	xxx	-1	xxx	-1	xxx	
1	15	STORE_EU_HONOR_TAB1	PACKAGE_ITEM_CH_BLADE_09_C_RARE_HONOR	5	-1	xxx	-1	xxx	-1	xxx	-1	xxx	
1	15	STORE_EU_HONOR_TAB1	PACKAGE_ITEM_CH_BOW_08_A_RARE_HONOR	6	-1	xxx	-1	xxx	-1	xxx	-1	xxx	
1	15	STORE_EU_HONOR_TAB1	PACKAGE_ITEM_CH_BOW_08_B_RARE_HONOR	7	-1	xxx	-1	xxx	-1	xxx	-1	xxx	
1	15	STORE_EU_HONOR_TAB1	PACKAGE_ITEM_CH_BOW_08_C_RARE_HONOR	8	-1	xxx	-1	xxx	-1	xxx	-1	xxx	
1	15	STORE_EU_HONOR_TAB1	PACKAGE_ITEM_CH_BOW_09_A_RARE_HONOR	9	-1	xxx	-1	xxx	-1	xxx	-1	xxx	
1	15	STORE_EU_HONOR_TAB1	PACKAGE_ITEM_CH_BOW_09_B_RARE_HONOR	10	-1	xxx	-1	xxx	-1	xxx	-1	xxx	
1	15	STORE_EU_HONOR_TAB1	PACKAGE_ITEM_CH_BOW_09_C_RARE_HONOR	11	-1	xxx	-1	xxx	-1	xxx	-1	xxx	
1	15	STORE_EU_HONOR_TAB1	PACKAGE_ITEM_CH_SPEAR_08_A_RARE_HONOR	12	-1	xxx	-1	xxx	-1	xxx	-1	xxx	
1	15	STORE_EU_HONOR_TAB1	PACKAGE_ITEM_CH_SPEAR_08_B_RARE_HONOR	13	-1	xxx	-1	xxx	-1	xxx	-1	xxx	
1	15	STORE_EU_HONOR_TAB1	PACKAGE_ITEM_CH_SPEAR_08_C_RARE_HONOR	14	-1	xxx	-1	xxx	-1	xxx	-1	xxx	
1	15	STORE_EU_HONOR_TAB1	PACKAGE_ITEM_CH_SPEAR_09_A_RARE_HONOR	15	-1	xxx	-1	xxx	-1	xxx	-1	xxx	
1	15	STORE_EU_HONOR_TAB1	PACKAGE_ITEM_CH_SPEAR_09_B_RARE_HONOR	16	-1	xxx	-1	xxx	-1	xxx	-1	xxx	
1	15	STORE_EU_HONOR_TAB1	PACKAGE_ITEM_CH_SPEAR_09_C_RARE_HONOR	17	-1	xxx	-1	xxx	-1	xxx	-1	xxx	
1	15	STORE_EU_HONOR_TAB1	PACKAGE_ITEM_CH_SWORD_08_A_RARE_HONOR	18	-1	xxx	-1	xxx	-1	xxx	-1	xxx	
1	15	STORE_EU_HONOR_TAB1	PACKAGE_ITEM_CH_SWORD_08_B_RARE_HONOR	19	-1	xxx	-1	xxx	-1	xxx	-1	xxx	
1	15	STORE_EU_HONOR_TAB1	PACKAGE_ITEM_CH_SWORD_08_C_RARE_HONOR	20	-1	xxx	-1	xxx	-1	xxx	-1	xxx	
1	15	STORE_EU_HONOR_TAB1	PACKAGE_ITEM_CH_SWORD_09_A_RARE_HONOR	21	-1	xxx	-1	xxx	-1	xxx	-1	xxx	
1	15	STORE_EU_HONOR_TAB1	PACKAGE_ITEM_CH_SWORD_09_B_RARE_HONOR	22	-1	xxx	-1	xxx	-1	xxx	-1	xxx	
1	15	STORE_EU_HONOR_TAB1	PACKAGE_ITEM_CH_SWORD_09_C_RARE_HONOR	23	-1	xxx	-1	xxx	-1	xxx	-1	xxx	
1	15	STORE_EU_HONOR_TAB1	PACKAGE_ITEM_CH_TBLADE_08_A_RARE_HONOR	24	-1	xxx	-1	xxx	-1	xxx	-1	xxx	
1	15	STORE_EU_HONOR_TAB1	PACKAGE_ITEM_CH_TBLADE_08_B_RARE_HONOR	25	-1	xxx	-1	xxx	-1	xxx	-1	xxx	
1	15	STORE_EU_HONOR_TAB1	PACKAGE_ITEM_CH_TBLADE_08_C_RARE_HONOR	26	-1	xxx	-1	xxx	-1	xxx	-1	xxx	
1	15	STORE_EU_HONOR_TAB1	PACKAGE_ITEM_CH_TBLADE_09_A_RARE_HONOR	27	-1	xxx	-1	xxx	-1	xxx	-1	xxx	
1	15	STORE_EU_HONOR_TAB1	PACKAGE_ITEM_CH_TBLADE_09_B_RARE_HONOR	28	-1	xxx	-1	xxx	-1	xxx	-1	xxx	
1	15	STORE_EU_HONOR_TAB1	PACKAGE_ITEM_CH_TBLADE_09_C_RARE_HONOR	29	-1	xxx	-1	xxx	-1	xxx	-1	xxx	
1	15	STORE_EU_HONOR_TAB2	PACKAGE_ITEM_ETC_ARCHEMY_MAGICSTONE_REPAIR_08	0	-1	xxx	-1	xxx	-1	xxx	-1	xxx	
1	15	STORE_EU_HONOR_TAB2	PACKAGE_ITEM_ETC_ARCHEMY_MAGICSTONE_REPAIR_09	1	-1	xxx	-1	xxx	-1	xxx	-1	xxx	
1	15	STORE_EU_NEW_TRADE_HUNTER_TAB1	PACKAGE_ITEM_EU_M_NEW_TRADE_HUNTER_01	0	-1	xxx	-1	xxx	-1	xxx	-1	xxx	
1	15	STORE_EU_NEW_TRADE_HUNTER_TAB1	PACKAGE_ITEM_EU_W_NEW_TRADE_HUNTER_01	1	-1	xxx	-1	xxx	-1	xxx	-1	xxx	
1	15	STORE_EU_NEW_TRADE_THIEF_TAB1	PACKAGE_ITEM_EU_M_NEW_TRADE_THIEF_01	0	-1	xxx	-1	xxx	-1	xxx	-1	xxx	
1	15	STORE_EU_NEW_TRADE_THIEF_TAB1	PACKAGE_ITEM_EU_W_NEW_TRADE_THIEF_01	1	-1	xxx	-1	xxx	-1	xxx	-1	xxx	
1	15	STORE_EU_OFFICIAL_TAB1	PACKAGE_ITEM_FORT_AGGRESSIVE_FLAG	0	-1	xxx	-1	xxx	-1	xxx	-1	xxx	
1	15	STORE_EU_OFFICIAL_TAB1	PACKAGE_ITEM_FORT_DEFENSIVE_FLAG	1	-1	xxx	-1	xxx	-1	xxx	-1	xxx	
1	15	STORE_EU_OFFICIAL_TAB1	PACKAGE_ITEM_FORT_MANUAL_BARRICADE	6	-1	xxx	-1	xxx	-1	xxx	-1	xxx	
1	15	STORE_EU_OFFICIAL_TAB1	PACKAGE_ITEM_FORT_MANUAL_BATTLECAMP	7	-1	xxx	-1	xxx	-1	xxx	-1	xxx	
1	15	STORE_EU_OFFICIAL_TAB1	PACKAGE_ITEM_FORT_REPAIR_KIT_01	8	-1	xxx	-1	xxx	-1	xxx	-1	xxx	
1	15	STORE_EU_OFFICIAL_TAB1	PACKAGE_ITEM_FORT_REPAIR_KIT_02	9	-1	xxx	-1	xxx	-1	xxx	-1	xxx	
1	15	STORE_EU_OFFICIAL_TAB1	PACKAGE_ITEM_FORT_SHOCK_BOMB	10	-1	xxx	-1	xxx	-1	xxx	-1	xxx	
1	15	STORE_EU_SMITH_TAB1	PACKAGE_ITEM_EU_AXE_01_A	9	-1	xxx	-1	xxx	-1	xxx	-1	xxx	
1	15	STORE_EU_SMITH_TAB1	PACKAGE_ITEM_EU_AXE_02_A	10	-1	xxx	-1	xxx	-1	xxx	-1	xxx	
1	15	STORE_EU_SMITH_TAB1	PACKAGE_ITEM_EU_AXE_03_A	11	-1	xxx	-1	xxx	-1	xxx	-1	xxx	
1	15	STORE_EU_SMITH_TAB1	PACKAGE_ITEM_EU_CROSSBOW_01_A	12	-1	xxx	-1	xxx	-1	xxx	-1	xxx	
1	15	STORE_EU_SMITH_TAB1	PACKAGE_ITEM_EU_CROSSBOW_02_A	13	-1	xxx	-1	xxx	-1	xxx	-1	xxx	
1	15	STORE_EU_SMITH_TAB1	PACKAGE_ITEM_EU_CROSSBOW_03_A	14	-1	xxx	-1	xxx	-1	xxx	-1	xxx	
1	15	STORE_EU_SMITH_TAB1	PACKAGE_ITEM_EU_DAGGER_01_A	0	-1	xxx	-1	xxx	-1	xxx	-1	xxx	
1	15	STORE_EU_SMITH_TAB1	PACKAGE_ITEM_EU_DAGGER_02_A	1	-1	xxx	-1	xxx	-1	xxx	-1	xxx	
1	15	STORE_EU_SMITH_TAB1	PACKAGE_ITEM_EU_DAGGER_03_A	2	-1	xxx	-1	xxx	-1	xxx	-1	xxx	
1	15	STORE_EU_SMITH_TAB1	PACKAGE_ITEM_EU_DARKSTAFF_01_A	15	-1	xxx	-1	xxx	-1	xxx	-1	xxx	
1	15	STORE_EU_SMITH_TAB1	PACKAGE_ITEM_EU_DARKSTAFF_02_A	16	-1	xxx	-1	xxx	-1	xxx	-1	xxx	
1	15	STORE_EU_SMITH_TAB1	PACKAGE_ITEM_EU_DARKSTAFF_03_A	17	-1	xxx	-1	xxx	-1	xxx	-1	xxx	
1	15	STORE_EU_SMITH_TAB1	PACKAGE_ITEM_EU_HARP_01_A	21	-1	xxx	-1	xxx	-1	xxx	-1	xxx	
1	15	STORE_EU_SMITH_TAB1	PACKAGE_ITEM_EU_HARP_02_A	22	-1	xxx	-1	xxx	-1	xxx	-1	xxx	
1	15	STORE_EU_SMITH_TAB1	PACKAGE_ITEM_EU_HARP_03_A	23	-1	xxx	-1	xxx	-1	xxx	-1	xxx	
1	15	STORE_EU_SMITH_TAB1	PACKAGE_ITEM_EU_STAFF_01_A	24	-1	xxx	-1	xxx	-1	xxx	-1	xxx	
1	15	STORE_EU_SMITH_TAB1	PACKAGE_ITEM_EU_STAFF_02_A	25	-1	xxx	-1	xxx	-1	xxx	-1	xxx	
1	15	STORE_EU_SMITH_TAB1	PACKAGE_ITEM_EU_STAFF_03_A	26	-1	xxx	-1	xxx	-1	xxx	-1	xxx	
1	15	STORE_EU_SMITH_TAB1	PACKAGE_ITEM_EU_SWORD_01_A	3	-1	xxx	-1	xxx	-1	xxx	-1	xxx	
1	15	STORE_EU_SMITH_TAB1	PACKAGE_ITEM_EU_SWORD_02_A	4	-1	xxx	-1	xxx	-1	xxx	-1	xxx	
1	15	STORE_EU_SMITH_TAB1	PACKAGE_ITEM_EU_SWORD_03_A	5	-1	xxx	-1	xxx	-1	xxx	-1	xxx	
1	15	STORE_EU_SMITH_TAB1	PACKAGE_ITEM_EU_TSTAFF_01_A	18	-1	xxx	-1	xxx	-1	xxx	-1	xxx	
1	15	STORE_EU_SMITH_TAB1	PACKAGE_ITEM_EU_TSTAFF_02_A	19	-1	xxx	-1	xxx	-1	xxx	-1	xxx	
1	15	STORE_EU_SMITH_TAB1	PACKAGE_ITEM_EU_TSTAFF_03_A	20	-1	xxx	-1	xxx	-1	xxx	-1	xxx	
1	15	STORE_EU_SMITH_TAB1	PACKAGE_ITEM_EU_TSWORD_01_A	6	-1	xxx	-1	xxx	-1	xxx	-1	xxx	
1	15	STORE_EU_SMITH_TAB1	PACKAGE_ITEM_EU_TSWORD_02_A	7	-1	xxx	-1	xxx	-1	xxx	-1	xxx	
1	15	STORE_EU_SMITH_TAB1	PACKAGE_ITEM_EU_TSWORD_03_A	8	-1	xxx	-1	xxx	-1	xxx	-1	xxx	
1	15	STORE_EU_SMITH_TAB2	PACKAGE_ITEM_EU_SHIELD_01_A	0	-1	xxx	-1	xxx	-1	xxx	-1	xxx	
1	15	STORE_EU_SMITH_TAB2	PACKAGE_ITEM_EU_SHIELD_02_A	1	-1	xxx	-1	xxx	-1	xxx	-1	xxx	
1	15	STORE_EU_SMITH_TAB2	PACKAGE_ITEM_EU_SHIELD_03_A	2	-1	xxx	-1	xxx	-1	xxx	-1	xxx	
1	15	STORE_EU_SMITH_TAB3	PACKAGE_ITEM_ETC_AMMO_BOLT_01	0	-1	xxx	-1	xxx	-1	xxx	-1	xxx	
1	15	STORE_EU_STABLE_TAB1	PACKAGE_ITEM_COS_C_DHORSE1	3	-1	xxx	-1	xxx	-1	xxx	-1	xxx	
1	15	STORE_EU_STABLE_TAB1	PACKAGE_ITEM_COS_C_HORSE1	0	-1	xxx	-1	xxx	-1	xxx	-1	xxx	
1	15	STORE_EU_STABLE_TAB1	PACKAGE_ITEM_COS_C_HORSE2	1	-1	xxx	-1	xxx	-1	xxx	-1	xxx	
1	15	STORE_EU_STABLE_TAB1	PACKAGE_ITEM_COS_C_HORSE3	2	-1	xxx	-1	xxx	-1	xxx	-1	xxx	
1	15	STORE_EU_STABLE_TAB3	PACKAGE_ITEM_COS_P_FLUTE	0	-1	xxx	-1	xxx	-1	xxx	-1	xxx	
1	15	STORE_EU_STABLE_TAB4	PACKAGE_ITEM_COS_P_CURE_ALL_01	4	-1	xxx	-1	xxx	-1	xxx	-1	xxx	
1	15	STORE_EU_STABLE_TAB4	PACKAGE_ITEM_COS_P_CURE_ALL_02	5	-1	xxx	-1	xxx	-1	xxx	-1	xxx	
1	15	STORE_EU_STABLE_TAB4	PACKAGE_ITEM_COS_P_HGP_POTION_01	3	-1	xxx	-1	xxx	-1	xxx	-1	xxx	
1	15	STORE_EU_STABLE_TAB4	PACKAGE_ITEM_COS_P_REVIVAL	2	-1	xxx	-1	xxx	-1	xxx	-1	xxx	
1	15	STORE_EU_STABLE_TAB4	PACKAGE_ITEM_ETC_COS_HP_POTION_01	0	-1	xxx	-1	xxx	-1	xxx	-1	xxx	
1	15	STORE_EU_STABLE_TAB4	PACKAGE_ITEM_ETC_COS_HP_POTION_02	1	-1	xxx	-1	xxx	-1	xxx	-1	xxx	
1	15	STORE_EU_STABLE_TAB4	PACKAGE_ITEM_ETC_COS_HP_POTION_03	6	-1	xxx	-1	xxx	-1	xxx	-1	xxx	
1	15	STORE_HT_BATTLEAIDE_TAB1	PACKAGE_ITEM_COS_GUARD_IS_CAKRAM_01	3	-1	xxx	-1	xxx	-1	xxx	-1	xxx	
1	15	STORE_HT_BATTLEAIDE_TAB1	PACKAGE_ITEM_COS_GUARD_IS_CAKRAM_02	2	-1	xxx	-1	xxx	-1	xxx	-1	xxx	
1	15	STORE_HT_BATTLEAIDE_TAB1	PACKAGE_ITEM_COS_GUARD_IS_DAGGER_01	1	-1	xxx	-1	xxx	-1	xxx	-1	xxx	
1	15	STORE_HT_BATTLEAIDE_TAB1	PACKAGE_ITEM_COS_GUARD_IS_DAGGER_02	0	-1	xxx	-1	xxx	-1	xxx	-1	xxx	
1	15	STORE_JA_BATTLEAIDE_TAB1	PACKAGE_ITEM_COS_GUARD_CH_BOW_01	2	-1	xxx	-1	xxx	-1	xxx	-1	xxx	
1	15	STORE_JA_BATTLEAIDE_TAB1	PACKAGE_ITEM_COS_GUARD_CH_BOW_02	3	-1	xxx	-1	xxx	-1	xxx	-1	xxx	
1	15	STORE_JA_BATTLEAIDE_TAB1	PACKAGE_ITEM_COS_GUARD_CH_SPEAR_01	0	-1	xxx	-1	xxx	-1	xxx	-1	xxx	
1	15	STORE_JA_BATTLEAIDE_TAB1	PACKAGE_ITEM_COS_GUARD_CH_SPEAR_02	1	-1	xxx	-1	xxx	-1	xxx	-1	xxx	
1	15	STORE_KT_ACCESSORY_EU_TAB1	PACKAGE_ITEM_EU_EARRING_05_A	5	-1	xxx	-1	xxx	-1	xxx	-1	xxx	
1	15	STORE_KT_ACCESSORY_EU_TAB1	PACKAGE_ITEM_EU_EARRING_06_A	6	-1	xxx	-1	xxx	-1	xxx	-1	xxx	
1	15	STORE_KT_ACCESSORY_EU_TAB1	PACKAGE_ITEM_EU_EARRING_07_A	7	-1	xxx	-1	xxx	-1	xxx	-1	xxx	
1	15	STORE_KT_ACCESSORY_EU_TAB1	PACKAGE_ITEM_EU_EARRING_08_A	8	-1	xxx	-1	xxx	-1	xxx	-1	xxx	
1	15	STORE_KT_ACCESSORY_EU_TAB1	PACKAGE_ITEM_EU_EARRING_09_A	9	-1	xxx	-1	xxx	-1	xxx	-1	xxx	
1	15	STORE_KT_ACCESSORY_EU_TAB1	PACKAGE_ITEM_EU_NECKLACE_05_A	10	-1	xxx	-1	xxx	-1	xxx	-1	xxx	
1	15	STORE_KT_ACCESSORY_EU_TAB1	PACKAGE_ITEM_EU_NECKLACE_06_A	11	-1	xxx	-1	xxx	-1	xxx	-1	xxx	
1	15	STORE_KT_ACCESSORY_EU_TAB1	PACKAGE_ITEM_EU_NECKLACE_07_A	12	-1	xxx	-1	xxx	-1	xxx	-1	xxx	
1	15	STORE_KT_ACCESSORY_EU_TAB1	PACKAGE_ITEM_EU_NECKLACE_08_A	13	-1	xxx	-1	xxx	-1	xxx	-1	xxx	
1	15	STORE_KT_ACCESSORY_EU_TAB1	PACKAGE_ITEM_EU_NECKLACE_09_A	14	-1	xxx	-1	xxx	-1	xxx	-1	xxx	
1	15	STORE_KT_ACCESSORY_EU_TAB1	PACKAGE_ITEM_EU_RING_05_A	0	-1	xxx	-1	xxx	-1	xxx	-1	xxx	
1	15	STORE_KT_ACCESSORY_EU_TAB1	PACKAGE_ITEM_EU_RING_06_A	1	-1	xxx	-1	xxx	-1	xxx	-1	xxx	
1	15	STORE_KT_ACCESSORY_EU_TAB1	PACKAGE_ITEM_EU_RING_07_A	2	-1	xxx	-1	xxx	-1	xxx	-1	xxx	
1	15	STORE_KT_ACCESSORY_EU_TAB1	PACKAGE_ITEM_EU_RING_08_A	3	-1	xxx	-1	xxx	-1	xxx	-1	xxx	
1	15	STORE_KT_ACCESSORY_EU_TAB1	PACKAGE_ITEM_EU_RING_09_A	4	-1	xxx	-1	xxx	-1	xxx	-1	xxx	
1	15	STORE_KT_ACCESSORY_EU_TAB2	PACKAGE_ITEM_ETC_SCROLL_RETURN_01	0	-1	xxx	-1	xxx	-1	xxx	-1	xxx	
1	15	STORE_KT_ACCESSORY_EU_TAB2	PACKAGE_ITEM_ETC_SCROLL_RETURN_02	1	-1	xxx	-1	xxx	-1	xxx	-1	xxx	
1	15	STORE_KT_ACCESSORY_EU_TAB3	PACKAGE_ITEM_ETC_ARCHEMY_ETC_02	2	-1	xxx	-1	xxx	-1	xxx	-1	xxx	
1	15	STORE_KT_ACCESSORY_EU_TAB3	PACKAGE_ITEM_ETC_ARCHEMY_POTION_SPEED_05	9	-1	xxx	-1	xxx	-1	xxx	-1	xxx	
1	15	STORE_KT_ACCESSORY_EU_TAB3	PACKAGE_ITEM_ETC_ARCHEMY_POTION_SPEED_11	10	-1	xxx	-1	xxx	-1	xxx	-1	xxx	
1	15	STORE_KT_ACCESSORY_EU_TAB3	PACKAGE_ITEM_ETC_ARCHEMY_REINFORCE_PROB_UP_A_05	3	-1	xxx	-1	xxx	-1	xxx	-1	xxx	
1	15	STORE_KT_ACCESSORY_EU_TAB3	PACKAGE_ITEM_ETC_ARCHEMY_REINFORCE_PROB_UP_A_06	4	-1	xxx	-1	xxx	-1	xxx	-1	xxx	
1	15	STORE_KT_ACCESSORY_EU_TAB3	PACKAGE_ITEM_ETC_ARCHEMY_REINFORCE_PROB_UP_A_07	5	-1	xxx	-1	xxx	-1	xxx	-1	xxx	
1	15	STORE_KT_ACCESSORY_EU_TAB3	PACKAGE_ITEM_ETC_ARCHEMY_REINFORCE_PROB_UP_A_08	6	-1	xxx	-1	xxx	-1	xxx	-1	xxx	
1	15	STORE_KT_ACCESSORY_EU_TAB3	PACKAGE_ITEM_ETC_ARCHEMY_REINFORCE_PROB_UP_A_09	7	-1	xxx	-1	xxx	-1	xxx	-1	xxx	
1	15	STORE_KT_ACCESSORY_EU_TAB3	PACKAGE_ITEM_ETC_ARCHEMY_REINFORCE_PROB_UP_A_10	8	-1	xxx	-1	xxx	-1	xxx	-1	xxx	
1	15	STORE_KT_ACCESSORY_EU_TAB3	PACKAGE_ITEM_ETC_ARCHEMY_RONDO_01	11	-1	xxx	-1	xxx	-1	xxx	-1	xxx	
1	15	STORE_KT_ACCESSORY_EU_TAB3	PACKAGE_ITEM_ETC_ARCHEMY_RONDO_02	12	-1	xxx	-1	xxx	-1	xxx	-1	xxx	
1	15	STORE_KT_ACCESSORY_EU_TAB3	PACKAGE_ITEM_ETC_MK_MATERIAL_01	0	-1	xxx	-1	xxx	-1	xxx	-1	xxx	
1	15	STORE_KT_ACCESSORY_EU_TAB3	PACKAGE_ITEM_ETC_TRADE_MATERIAL_DESTROYSTONE	1	-1	xxx	-1	xxx	-1	xxx	-1	xxx	
1	15	STORE_KT_ACCESSORY_TAB1	PACKAGE_ITEM_CH_EARRING_05_A	5	-1	xxx	-1	xxx	-1	xxx	-1	xxx	
1	15	STORE_KT_ACCESSORY_TAB1	PACKAGE_ITEM_CH_EARRING_06_A	6	-1	xxx	-1	xxx	-1	xxx	-1	xxx	
1	15	STORE_KT_ACCESSORY_TAB1	PACKAGE_ITEM_CH_EARRING_07_A	7	-1	xxx	-1	xxx	-1	xxx	-1	xxx	
1	15	STORE_KT_ACCESSORY_TAB1	PACKAGE_ITEM_CH_EARRING_08_A	8	-1	xxx	-1	xxx	-1	xxx	-1	xxx	
1	15	STORE_KT_ACCESSORY_TAB1	PACKAGE_ITEM_CH_EARRING_09_A	9	-1	xxx	-1	xxx	-1	xxx	-1	xxx	
1	15	STORE_KT_ACCESSORY_TAB1	PACKAGE_ITEM_CH_NECKLACE_05_A	10	-1	xxx	-1	xxx	-1	xxx	-1	xxx	
1	15	STORE_KT_ACCESSORY_TAB1	PACKAGE_ITEM_CH_NECKLACE_06_A	11	-1	xxx	-1	xxx	-1	xxx	-1	xxx	
1	15	STORE_KT_ACCESSORY_TAB1	PACKAGE_ITEM_CH_NECKLACE_07_A	12	-1	xxx	-1	xxx	-1	xxx	-1	xxx	
1	15	STORE_KT_ACCESSORY_TAB1	PACKAGE_ITEM_CH_NECKLACE_08_A	13	-1	xxx	-1	xxx	-1	xxx	-1	xxx	
1	15	STORE_KT_ACCESSORY_TAB1	PACKAGE_ITEM_CH_NECKLACE_09_A	14	-1	xxx	-1	xxx	-1	xxx	-1	xxx	
1	15	STORE_KT_ACCESSORY_TAB1	PACKAGE_ITEM_CH_RING_05_A	0	-1	xxx	-1	xxx	-1	xxx	-1	xxx	
1	15	STORE_KT_ACCESSORY_TAB1	PACKAGE_ITEM_CH_RING_06_A	1	-1	xxx	-1	xxx	-1	xxx	-1	xxx	
1	15	STORE_KT_ACCESSORY_TAB1	PACKAGE_ITEM_CH_RING_07_A	2	-1	xxx	-1	xxx	-1	xxx	-1	xxx	
1	15	STORE_KT_ACCESSORY_TAB1	PACKAGE_ITEM_CH_RING_08_A	3	-1	xxx	-1	xxx	-1	xxx	-1	xxx	
1	15	STORE_KT_ACCESSORY_TAB1	PACKAGE_ITEM_CH_RING_09_A	4	-1	xxx	-1	xxx	-1	xxx	-1	xxx	
1	15	STORE_KT_ACCESSORY_TAB2	PACKAGE_ITEM_ETC_SCROLL_RETURN_01	0	-1	xxx	-1	xxx	-1	xxx	-1	xxx	
1	15	STORE_KT_ACCESSORY_TAB2	PACKAGE_ITEM_ETC_SCROLL_RETURN_02	1	-1	xxx	-1	xxx	-1	xxx	-1	xxx	
1	15	STORE_KT_ACCESSORY_TAB3	PACKAGE_ITEM_ETC_ARCHEMY_ETC_02	2	-1	xxx	-1	xxx	-1	xxx	-1	xxx	
1	15	STORE_KT_ACCESSORY_TAB3	PACKAGE_ITEM_ETC_ARCHEMY_POTION_SPEED_05	9	-1	xxx	-1	xxx	-1	xxx	-1	xxx	
1	15	STORE_KT_ACCESSORY_TAB3	PACKAGE_ITEM_ETC_ARCHEMY_POTION_SPEED_11	10	-1	xxx	-1	xxx	-1	xxx	-1	xxx	
1	15	STORE_KT_ACCESSORY_TAB3	PACKAGE_ITEM_ETC_ARCHEMY_REINFORCE_PROB_UP_A_05	3	-1	xxx	-1	xxx	-1	xxx	-1	xxx	
1	15	STORE_KT_ACCESSORY_TAB3	PACKAGE_ITEM_ETC_ARCHEMY_REINFORCE_PROB_UP_A_06	4	-1	xxx	-1	xxx	-1	xxx	-1	xxx	
1	15	STORE_KT_ACCESSORY_TAB3	PACKAGE_ITEM_ETC_ARCHEMY_REINFORCE_PROB_UP_A_07	5	-1	xxx	-1	xxx	-1	xxx	-1	xxx	
1	15	STORE_KT_ACCESSORY_TAB3	PACKAGE_ITEM_ETC_ARCHEMY_REINFORCE_PROB_UP_A_08	6	-1	xxx	-1	xxx	-1	xxx	-1	xxx	
1	15	STORE_KT_ACCESSORY_TAB3	PACKAGE_ITEM_ETC_ARCHEMY_REINFORCE_PROB_UP_A_09	7	-1	xxx	-1	xxx	-1	xxx	-1	xxx	
1	15	STORE_KT_ACCESSORY_TAB3	PACKAGE_ITEM_ETC_ARCHEMY_REINFORCE_PROB_UP_A_10	8	-1	xxx	-1	xxx	-1	xxx	-1	xxx	
1	15	STORE_KT_ACCESSORY_TAB3	PACKAGE_ITEM_ETC_ARCHEMY_RONDO_01	11	-1	xxx	-1	xxx	-1	xxx	-1	xxx	
1	15	STORE_KT_ACCESSORY_TAB3	PACKAGE_ITEM_ETC_ARCHEMY_RONDO_02	12	-1	xxx	-1	xxx	-1	xxx	-1	xxx	
1	15	STORE_KT_ACCESSORY_TAB3	PACKAGE_ITEM_ETC_MK_MATERIAL_01	0	-1	xxx	-1	xxx	-1	xxx	-1	xxx	
1	15	STORE_KT_ACCESSORY_TAB3	PACKAGE_ITEM_ETC_TRADE_MATERIAL_DESTROYSTONE	1	-1	xxx	-1	xxx	-1	xxx	-1	xxx	
1	15	STORE_KT_ARMOR_EU_TAB1	PACKAGE_ITEM_EU_M_HEAVY_05_AA_A	20	-1	xxx	-1	xxx	-1	xxx	-1	xxx	
1	15	STORE_KT_ARMOR_EU_TAB1	PACKAGE_ITEM_EU_M_HEAVY_05_BA_A	10	-1	xxx	-1	xxx	-1	xxx	-1	xxx	
1	15	STORE_KT_ARMOR_EU_TAB1	PACKAGE_ITEM_EU_M_HEAVY_05_CA_A	0	-1	xxx	-1	xxx	-1	xxx	-1	xxx	
1	15	STORE_KT_ARMOR_EU_TAB1	PACKAGE_ITEM_EU_M_HEAVY_05_FA_A	25	-1	xxx	-1	xxx	-1	xxx	-1	xxx	
1	15	STORE_KT_ARMOR_EU_TAB1	PACKAGE_ITEM_EU_M_HEAVY_05_LA_A	15	-1	xxx	-1	xxx	-1	xxx	-1	xxx	
1	15	STORE_KT_ARMOR_EU_TAB1	PACKAGE_ITEM_EU_M_HEAVY_05_SA_A	5	-1	xxx	-1	xxx	-1	xxx	-1	xxx	
1	15	STORE_KT_ARMOR_EU_TAB1	PACKAGE_ITEM_EU_M_HEAVY_06_AA_A	21	-1	xxx	-1	xxx	-1	xxx	-1	xxx	
1	15	STORE_KT_ARMOR_EU_TAB1	PACKAGE_ITEM_EU_M_HEAVY_06_BA_A	11	-1	xxx	-1	xxx	-1	xxx	-1	xxx	
1	15	STORE_KT_ARMOR_EU_TAB1	PACKAGE_ITEM_EU_M_HEAVY_06_CA_A	1	-1	xxx	-1	xxx	-1	xxx	-1	xxx	
1	15	STORE_KT_ARMOR_EU_TAB1	PACKAGE_ITEM_EU_M_HEAVY_06_FA_A	26	-1	xxx	-1	xxx	-1	xxx	-1	xxx	
1	15	STORE_KT_ARMOR_EU_TAB1	PACKAGE_ITEM_EU_M_HEAVY_06_LA_A	16	-1	xxx	-1	xxx	-1	xxx	-1	xxx	
1	15	STORE_KT_ARMOR_EU_TAB1	PACKAGE_ITEM_EU_M_HEAVY_06_SA_A	6	-1	xxx	-1	xxx	-1	xxx	-1	xxx	
1	15	STORE_KT_ARMOR_EU_TAB1	PACKAGE_ITEM_EU_M_HEAVY_07_AA_A	22	-1	xxx	-1	xxx	-1	xxx	-1	xxx	
1	15	STORE_KT_ARMOR_EU_TAB1	PACKAGE_ITEM_EU_M_HEAVY_07_BA_A	12	-1	xxx	-1	xxx	-1	xxx	-1	xxx	
1	15	STORE_KT_ARMOR_EU_TAB1	PACKAGE_ITEM_EU_M_HEAVY_07_CA_A	2	-1	xxx	-1	xxx	-1	xxx	-1	xxx	
1	15	STORE_KT_ARMOR_EU_TAB1	PACKAGE_ITEM_EU_M_HEAVY_07_FA_A	27	-1	xxx	-1	xxx	-1	xxx	-1	xxx	
1	15	STORE_KT_ARMOR_EU_TAB1	PACKAGE_ITEM_EU_M_HEAVY_07_LA_A	17	-1	xxx	-1	xxx	-1	xxx	-1	xxx	
1	15	STORE_KT_ARMOR_EU_TAB1	PACKAGE_ITEM_EU_M_HEAVY_07_SA_A	7	-1	xxx	-1	xxx	-1	xxx	-1	xxx	
1	15	STORE_KT_ARMOR_EU_TAB1	PACKAGE_ITEM_EU_M_HEAVY_08_AA_A	23	-1	xxx	-1	xxx	-1	xxx	-1	xxx	
1	15	STORE_KT_ARMOR_EU_TAB1	PACKAGE_ITEM_EU_M_HEAVY_08_BA_A	13	-1	xxx	-1	xxx	-1	xxx	-1	xxx	
1	15	STORE_KT_ARMOR_EU_TAB1	PACKAGE_ITEM_EU_M_HEAVY_08_CA_A	3	-1	xxx	-1	xxx	-1	xxx	-1	xxx	
1	15	STORE_KT_ARMOR_EU_TAB1	PACKAGE_ITEM_EU_M_HEAVY_08_FA_A	28	-1	xxx	-1	xxx	-1	xxx	-1	xxx	
1	15	STORE_KT_ARMOR_EU_TAB1	PACKAGE_ITEM_EU_M_HEAVY_08_LA_A	18	-1	xxx	-1	xxx	-1	xxx	-1	xxx	
1	15	STORE_KT_ARMOR_EU_TAB1	PACKAGE_ITEM_EU_M_HEAVY_08_SA_A	8	-1	xxx	-1	xxx	-1	xxx	-1	xxx	
1	15	STORE_KT_ARMOR_EU_TAB1	PACKAGE_ITEM_EU_M_HEAVY_09_AA_A	24	-1	xxx	-1	xxx	-1	xxx	-1	xxx	
1	15	STORE_KT_ARMOR_EU_TAB1	PACKAGE_ITEM_EU_M_HEAVY_09_BA_A	14	-1	xxx	-1	xxx	-1	xxx	-1	xxx	
1	15	STORE_KT_ARMOR_EU_TAB1	PACKAGE_ITEM_EU_M_HEAVY_09_CA_A	4	-1	xxx	-1	xxx	-1	xxx	-1	xxx	
1	15	STORE_KT_ARMOR_EU_TAB1	PACKAGE_ITEM_EU_M_HEAVY_09_FA_A	29	-1	xxx	-1	xxx	-1	xxx	-1	xxx	
1	15	STORE_KT_ARMOR_EU_TAB1	PACKAGE_ITEM_EU_M_HEAVY_09_LA_A	19	-1	xxx	-1	xxx	-1	xxx	-1	xxx	
1	15	STORE_KT_ARMOR_EU_TAB1	PACKAGE_ITEM_EU_M_HEAVY_09_SA_A	9	-1	xxx	-1	xxx	-1	xxx	-1	xxx	
1	15	STORE_KT_ARMOR_EU_TAB2	PACKAGE_ITEM_EU_M_LIGHT_05_AA_A	20	-1	xxx	-1	xxx	-1	xxx	-1	xxx	
1	15	STORE_KT_ARMOR_EU_TAB2	PACKAGE_ITEM_EU_M_LIGHT_05_BA_A	10	-1	xxx	-1	xxx	-1	xxx	-1	xxx	
1	15	STORE_KT_ARMOR_EU_TAB2	PACKAGE_ITEM_EU_M_LIGHT_05_CA_A	0	-1	xxx	-1	xxx	-1	xxx	-1	xxx	
1	15	STORE_KT_ARMOR_EU_TAB2	PACKAGE_ITEM_EU_M_LIGHT_05_FA_A	25	-1	xxx	-1	xxx	-1	xxx	-1	xxx	
1	15	STORE_KT_ARMOR_EU_TAB2	PACKAGE_ITEM_EU_M_LIGHT_05_LA_A	15	-1	xxx	-1	xxx	-1	xxx	-1	xxx	
1	15	STORE_KT_ARMOR_EU_TAB2	PACKAGE_ITEM_EU_M_LIGHT_05_SA_A	5	-1	xxx	-1	xxx	-1	xxx	-1	xxx	
1	15	STORE_KT_ARMOR_EU_TAB2	PACKAGE_ITEM_EU_M_LIGHT_06_AA_A	21	-1	xxx	-1	xxx	-1	xxx	-1	xxx	
1	15	STORE_KT_ARMOR_EU_TAB2	PACKAGE_ITEM_EU_M_LIGHT_06_BA_A	11	-1	xxx	-1	xxx	-1	xxx	-1	xxx	
1	15	STORE_KT_ARMOR_EU_TAB2	PACKAGE_ITEM_EU_M_LIGHT_06_CA_A	1	-1	xxx	-1	xxx	-1	xxx	-1	xxx	
1	15	STORE_KT_ARMOR_EU_TAB2	PACKAGE_ITEM_EU_M_LIGHT_06_FA_A	26	-1	xxx	-1	xxx	-1	xxx	-1	xxx	
1	15	STORE_KT_ARMOR_EU_TAB2	PACKAGE_ITEM_EU_M_LIGHT_06_LA_A	16	-1	xxx	-1	xxx	-1	xxx	-1	xxx	
1	15	STORE_KT_ARMOR_EU_TAB2	PACKAGE_ITEM_EU_M_LIGHT_06_SA_A	6	-1	xxx	-1	xxx	-1	xxx	-1	xxx	
1	15	STORE_KT_ARMOR_EU_TAB2	PACKAGE_ITEM_EU_M_LIGHT_07_AA_A	22	-1	xxx	-1	xxx	-1	xxx	-1	xxx	
1	15	STORE_KT_ARMOR_EU_TAB2	PACKAGE_ITEM_EU_M_LIGHT_07_BA_A	12	-1	xxx	-1	xxx	-1	xxx	-1	xxx	
1	15	STORE_KT_ARMOR_EU_TAB2	PACKAGE_ITEM_EU_M_LIGHT_07_CA_A	2	-1	xxx	-1	xxx	-1	xxx	-1	xxx	
1	15	STORE_KT_ARMOR_EU_TAB2	PACKAGE_ITEM_EU_M_LIGHT_07_FA_A	27	-1	xxx	-1	xxx	-1	xxx	-1	xxx	
1	15	STORE_KT_ARMOR_EU_TAB2	PACKAGE_ITEM_EU_M_LIGHT_07_LA_A	17	-1	xxx	-1	xxx	-1	xxx	-1	xxx	
1	15	STORE_KT_ARMOR_EU_TAB2	PACKAGE_ITEM_EU_M_LIGHT_07_SA_A	7	-1	xxx	-1	xxx	-1	xxx	-1	xxx	
1	15	STORE_KT_ARMOR_EU_TAB2	PACKAGE_ITEM_EU_M_LIGHT_08_AA_A	23	-1	xxx	-1	xxx	-1	xxx	-1	xxx	
1	15	STORE_KT_ARMOR_EU_TAB2	PACKAGE_ITEM_EU_M_LIGHT_08_BA_A	13	-1	xxx	-1	xxx	-1	xxx	-1	xxx	
1	15	STORE_KT_ARMOR_EU_TAB2	PACKAGE_ITEM_EU_M_LIGHT_08_CA_A	3	-1	xxx	-1	xxx	-1	xxx	-1	xxx	
1	15	STORE_KT_ARMOR_EU_TAB2	PACKAGE_ITEM_EU_M_LIGHT_08_FA_A	28	-1	xxx	-1	xxx	-1	xxx	-1	xxx	
1	15	STORE_KT_ARMOR_EU_TAB2	PACKAGE_ITEM_EU_M_LIGHT_08_LA_A	18	-1	xxx	-1	xxx	-1	xxx	-1	xxx	
1	15	STORE_KT_ARMOR_EU_TAB2	PACKAGE_ITEM_EU_M_LIGHT_08_SA_A	8	-1	xxx	-1	xxx	-1	xxx	-1	xxx	
1	15	STORE_KT_ARMOR_EU_TAB2	PACKAGE_ITEM_EU_M_LIGHT_09_AA_A	24	-1	xxx	-1	xxx	-1	xxx	-1	xxx	
1	15	STORE_KT_ARMOR_EU_TAB2	PACKAGE_ITEM_EU_M_LIGHT_09_BA_A	14	-1	xxx	-1	xxx	-1	xxx	-1	xxx	
1	15	STORE_KT_ARMOR_EU_TAB2	PACKAGE_ITEM_EU_M_LIGHT_09_CA_A	4	-1	xxx	-1	xxx	-1	xxx	-1	xxx	
1	15	STORE_KT_ARMOR_EU_TAB2	PACKAGE_ITEM_EU_M_LIGHT_09_FA_A	29	-1	xxx	-1	xxx	-1	xxx	-1	xxx	
1	15	STORE_KT_ARMOR_EU_TAB2	PACKAGE_ITEM_EU_M_LIGHT_09_LA_A	19	-1	xxx	-1	xxx	-1	xxx	-1	xxx	
1	15	STORE_KT_ARMOR_EU_TAB2	PACKAGE_ITEM_EU_M_LIGHT_09_SA_A	9	-1	xxx	-1	xxx	-1	xxx	-1	xxx	
1	15	STORE_KT_ARMOR_EU_TAB3	PACKAGE_ITEM_EU_M_CLOTHES_05_AA_A	20	-1	xxx	-1	xxx	-1	xxx	-1	xxx	
1	15	STORE_KT_ARMOR_EU_TAB3	PACKAGE_ITEM_EU_M_CLOTHES_05_BA_A	10	-1	xxx	-1	xxx	-1	xxx	-1	xxx	
1	15	STORE_KT_ARMOR_EU_TAB3	PACKAGE_ITEM_EU_M_CLOTHES_05_CA_A	0	-1	xxx	-1	xxx	-1	xxx	-1	xxx	
1	15	STORE_KT_ARMOR_EU_TAB3	PACKAGE_ITEM_EU_M_CLOTHES_05_FA_A	25	-1	xxx	-1	xxx	-1	xxx	-1	xxx	
1	15	STORE_KT_ARMOR_EU_TAB3	PACKAGE_ITEM_EU_M_CLOTHES_05_LA_A	15	-1	xxx	-1	xxx	-1	xxx	-1	xxx	
1	15	STORE_KT_ARMOR_EU_TAB3	PACKAGE_ITEM_EU_M_CLOTHES_05_SA_A	5	-1	xxx	-1	xxx	-1	xxx	-1	xxx	
1	15	STORE_KT_ARMOR_EU_TAB3	PACKAGE_ITEM_EU_M_CLOTHES_06_AA_A	21	-1	xxx	-1	xxx	-1	xxx	-1	xxx	
1	15	STORE_KT_ARMOR_EU_TAB3	PACKAGE_ITEM_EU_M_CLOTHES_06_BA_A	11	-1	xxx	-1	xxx	-1	xxx	-1	xxx	
1	15	STORE_KT_ARMOR_EU_TAB3	PACKAGE_ITEM_EU_M_CLOTHES_06_CA_A	1	-1	xxx	-1	xxx	-1	xxx	-1	xxx	
1	15	STORE_KT_ARMOR_EU_TAB3	PACKAGE_ITEM_EU_M_CLOTHES_06_FA_A	26	-1	xxx	-1	xxx	-1	xxx	-1	xxx	
1	15	STORE_KT_ARMOR_EU_TAB3	PACKAGE_ITEM_EU_M_CLOTHES_06_LA_A	16	-1	xxx	-1	xxx	-1	xxx	-1	xxx	
1	15	STORE_KT_ARMOR_EU_TAB3	PACKAGE_ITEM_EU_M_CLOTHES_06_SA_A	6	-1	xxx	-1	xxx	-1	xxx	-1	xxx	
1	15	STORE_KT_ARMOR_EU_TAB3	PACKAGE_ITEM_EU_M_CLOTHES_07_AA_A	22	-1	xxx	-1	xxx	-1	xxx	-1	xxx	
1	15	STORE_KT_ARMOR_EU_TAB3	PACKAGE_ITEM_EU_M_CLOTHES_07_BA_A	12	-1	xxx	-1	xxx	-1	xxx	-1	xxx	
1	15	STORE_KT_ARMOR_EU_TAB3	PACKAGE_ITEM_EU_M_CLOTHES_07_CA_A	2	-1	xxx	-1	xxx	-1	xxx	-1	xxx	
1	15	STORE_KT_ARMOR_EU_TAB3	PACKAGE_ITEM_EU_M_CLOTHES_07_FA_A	27	-1	xxx	-1	xxx	-1	xxx	-1	xxx	
1	15	STORE_KT_ARMOR_EU_TAB3	PACKAGE_ITEM_EU_M_CLOTHES_07_LA_A	17	-1	xxx	-1	xxx	-1	xxx	-1	xxx	
1	15	STORE_KT_ARMOR_EU_TAB3	PACKAGE_ITEM_EU_M_CLOTHES_07_SA_A	7	-1	xxx	-1	xxx	-1	xxx	-1	xxx	
1	15	STORE_KT_ARMOR_EU_TAB3	PACKAGE_ITEM_EU_M_CLOTHES_08_AA_A	23	-1	xxx	-1	xxx	-1	xxx	-1	xxx	
1	15	STORE_KT_ARMOR_EU_TAB3	PACKAGE_ITEM_EU_M_CLOTHES_08_BA_A	13	-1	xxx	-1	xxx	-1	xxx	-1	xxx	
1	15	STORE_KT_ARMOR_EU_TAB3	PACKAGE_ITEM_EU_M_CLOTHES_08_CA_A	3	-1	xxx	-1	xxx	-1	xxx	-1	xxx	
1	15	STORE_KT_ARMOR_EU_TAB3	PACKAGE_ITEM_EU_M_CLOTHES_08_FA_A	28	-1	xxx	-1	xxx	-1	xxx	-1	xxx	
1	15	STORE_KT_ARMOR_EU_TAB3	PACKAGE_ITEM_EU_M_CLOTHES_08_LA_A	18	-1	xxx	-1	xxx	-1	xxx	-1	xxx	
1	15	STORE_KT_ARMOR_EU_TAB3	PACKAGE_ITEM_EU_M_CLOTHES_08_SA_A	8	-1	xxx	-1	xxx	-1	xxx	-1	xxx	
1	15	STORE_KT_ARMOR_EU_TAB3	PACKAGE_ITEM_EU_M_CLOTHES_09_AA_A	24	-1	xxx	-1	xxx	-1	xxx	-1	xxx	
1	15	STORE_KT_ARMOR_EU_TAB3	PACKAGE_ITEM_EU_M_CLOTHES_09_BA_A	14	-1	xxx	-1	xxx	-1	xxx	-1	xxx	
1	15	STORE_KT_ARMOR_EU_TAB3	PACKAGE_ITEM_EU_M_CLOTHES_09_CA_A	4	-1	xxx	-1	xxx	-1	xxx	-1	xxx	
1	15	STORE_KT_ARMOR_EU_TAB3	PACKAGE_ITEM_EU_M_CLOTHES_09_FA_A	29	-1	xxx	-1	xxx	-1	xxx	-1	xxx	
1	15	STORE_KT_ARMOR_EU_TAB3	PACKAGE_ITEM_EU_M_CLOTHES_09_LA_A	19	-1	xxx	-1	xxx	-1	xxx	-1	xxx	
1	15	STORE_KT_ARMOR_EU_TAB3	PACKAGE_ITEM_EU_M_CLOTHES_09_SA_A	9	-1	xxx	-1	xxx	-1	xxx	-1	xxx	
1	15	STORE_KT_ARMOR_EU_TAB4	PACKAGE_ITEM_EU_W_HEAVY_05_AA_A	20	-1	xxx	-1	xxx	-1	xxx	-1	xxx	
1	15	STORE_KT_ARMOR_EU_TAB4	PACKAGE_ITEM_EU_W_HEAVY_05_BA_A	10	-1	xxx	-1	xxx	-1	xxx	-1	xxx	
1	15	STORE_KT_ARMOR_EU_TAB4	PACKAGE_ITEM_EU_W_HEAVY_05_CA_A	0	-1	xxx	-1	xxx	-1	xxx	-1	xxx	
1	15	STORE_KT_ARMOR_EU_TAB4	PACKAGE_ITEM_EU_W_HEAVY_05_FA_A	25	-1	xxx	-1	xxx	-1	xxx	-1	xxx	
1	15	STORE_KT_ARMOR_EU_TAB4	PACKAGE_ITEM_EU_W_HEAVY_05_LA_A	15	-1	xxx	-1	xxx	-1	xxx	-1	xxx	
1	15	STORE_KT_ARMOR_EU_TAB4	PACKAGE_ITEM_EU_W_HEAVY_05_SA_A	5	-1	xxx	-1	xxx	-1	xxx	-1	xxx	
1	15	STORE_KT_ARMOR_EU_TAB4	PACKAGE_ITEM_EU_W_HEAVY_06_AA_A	21	-1	xxx	-1	xxx	-1	xxx	-1	xxx	
1	15	STORE_KT_ARMOR_EU_TAB4	PACKAGE_ITEM_EU_W_HEAVY_06_BA_A	11	-1	xxx	-1	xxx	-1	xxx	-1	xxx	
1	15	STORE_KT_ARMOR_EU_TAB4	PACKAGE_ITEM_EU_W_HEAVY_06_CA_A	1	-1	xxx	-1	xxx	-1	xxx	-1	xxx	
1	15	STORE_KT_ARMOR_EU_TAB4	PACKAGE_ITEM_EU_W_HEAVY_06_FA_A	26	-1	xxx	-1	xxx	-1	xxx	-1	xxx	
1	15	STORE_KT_ARMOR_EU_TAB4	PACKAGE_ITEM_EU_W_HEAVY_06_LA_A	16	-1	xxx	-1	xxx	-1	xxx	-1	xxx	
1	15	STORE_KT_ARMOR_EU_TAB4	PACKAGE_ITEM_EU_W_HEAVY_06_SA_A	6	-1	xxx	-1	xxx	-1	xxx	-1	xxx	
1	15	STORE_KT_ARMOR_EU_TAB4	PACKAGE_ITEM_EU_W_HEAVY_07_AA_A	22	-1	xxx	-1	xxx	-1	xxx	-1	xxx	
1	15	STORE_KT_ARMOR_EU_TAB4	PACKAGE_ITEM_EU_W_HEAVY_07_BA_A	12	-1	xxx	-1	xxx	-1	xxx	-1	xxx	
1	15	STORE_KT_ARMOR_EU_TAB4	PACKAGE_ITEM_EU_W_HEAVY_07_CA_A	2	-1	xxx	-1	xxx	-1	xxx	-1	xxx	
1	15	STORE_KT_ARMOR_EU_TAB4	PACKAGE_ITEM_EU_W_HEAVY_07_FA_A	27	-1	xxx	-1	xxx	-1	xxx	-1	xxx	
1	15	STORE_KT_ARMOR_EU_TAB4	PACKAGE_ITEM_EU_W_HEAVY_07_LA_A	17	-1	xxx	-1	xxx	-1	xxx	-1	xxx	
1	15	STORE_KT_ARMOR_EU_TAB4	PACKAGE_ITEM_EU_W_HEAVY_07_SA_A	7	-1	xxx	-1	xxx	-1	xxx	-1	xxx	
1	15	STORE_KT_ARMOR_EU_TAB4	PACKAGE_ITEM_EU_W_HEAVY_08_AA_A	23	-1	xxx	-1	xxx	-1	xxx	-1	xxx	
1	15	STORE_KT_ARMOR_EU_TAB4	PACKAGE_ITEM_EU_W_HEAVY_08_BA_A	13	-1	xxx	-1	xxx	-1	xxx	-1	xxx	
1	15	STORE_KT_ARMOR_EU_TAB4	PACKAGE_ITEM_EU_W_HEAVY_08_CA_A	3	-1	xxx	-1	xxx	-1	xxx	-1	xxx	
1	15	STORE_KT_ARMOR_EU_TAB4	PACKAGE_ITEM_EU_W_HEAVY_08_FA_A	28	-1	xxx	-1	xxx	-1	xxx	-1	xxx	
1	15	STORE_KT_ARMOR_EU_TAB4	PACKAGE_ITEM_EU_W_HEAVY_08_LA_A	18	-1	xxx	-1	xxx	-1	xxx	-1	xxx	
1	15	STORE_KT_ARMOR_EU_TAB4	PACKAGE_ITEM_EU_W_HEAVY_08_SA_A	8	-1	xxx	-1	xxx	-1	xxx	-1	xxx	
1	15	STORE_KT_ARMOR_EU_TAB4	PACKAGE_ITEM_EU_W_HEAVY_09_AA_A	24	-1	xxx	-1	xxx	-1	xxx	-1	xxx	
1	15	STORE_KT_ARMOR_EU_TAB4	PACKAGE_ITEM_EU_W_HEAVY_09_BA_A	14	-1	xxx	-1	xxx	-1	xxx	-1	xxx	
1	15	STORE_KT_ARMOR_EU_TAB4	PACKAGE_ITEM_EU_W_HEAVY_09_CA_A	4	-1	xxx	-1	xxx	-1	xxx	-1	xxx	
1	15	STORE_KT_ARMOR_EU_TAB4	PACKAGE_ITEM_EU_W_HEAVY_09_FA_A	29	-1	xxx	-1	xxx	-1	xxx	-1	xxx	
1	15	STORE_KT_ARMOR_EU_TAB4	PACKAGE_ITEM_EU_W_HEAVY_09_LA_A	19	-1	xxx	-1	xxx	-1	xxx	-1	xxx	
1	15	STORE_KT_ARMOR_EU_TAB4	PACKAGE_ITEM_EU_W_HEAVY_09_SA_A	9	-1	xxx	-1	xxx	-1	xxx	-1	xxx	
1	15	STORE_KT_ARMOR_EU_TAB5	PACKAGE_ITEM_EU_W_LIGHT_05_AA_A	20	-1	xxx	-1	xxx	-1	xxx	-1	xxx	
1	15	STORE_KT_ARMOR_EU_TAB5	PACKAGE_ITEM_EU_W_LIGHT_05_BA_A	10	-1	xxx	-1	xxx	-1	xxx	-1	xxx	
1	15	STORE_KT_ARMOR_EU_TAB5	PACKAGE_ITEM_EU_W_LIGHT_05_CA_A	0	-1	xxx	-1	xxx	-1	xxx	-1	xxx	
1	15	STORE_KT_ARMOR_EU_TAB5	PACKAGE_ITEM_EU_W_LIGHT_05_FA_A	25	-1	xxx	-1	xxx	-1	xxx	-1	xxx	
1	15	STORE_KT_ARMOR_EU_TAB5	PACKAGE_ITEM_EU_W_LIGHT_05_LA_A	15	-1	xxx	-1	xxx	-1	xxx	-1	xxx	
1	15	STORE_KT_ARMOR_EU_TAB5	PACKAGE_ITEM_EU_W_LIGHT_05_SA_A	5	-1	xxx	-1	xxx	-1	xxx	-1	xxx	
1	15	STORE_KT_ARMOR_EU_TAB5	PACKAGE_ITEM_EU_W_LIGHT_06_AA_A	21	-1	xxx	-1	xxx	-1	xxx	-1	xxx	
1	15	STORE_KT_ARMOR_EU_TAB5	PACKAGE_ITEM_EU_W_LIGHT_06_BA_A	11	-1	xxx	-1	xxx	-1	xxx	-1	xxx	
1	15	STORE_KT_ARMOR_EU_TAB5	PACKAGE_ITEM_EU_W_LIGHT_06_CA_A	1	-1	xxx	-1	xxx	-1	xxx	-1	xxx	
1	15	STORE_KT_ARMOR_EU_TAB5	PACKAGE_ITEM_EU_W_LIGHT_06_FA_A	26	-1	xxx	-1	xxx	-1	xxx	-1	xxx	
1	15	STORE_KT_ARMOR_EU_TAB5	PACKAGE_ITEM_EU_W_LIGHT_06_LA_A	16	-1	xxx	-1	xxx	-1	xxx	-1	xxx	
1	15	STORE_KT_ARMOR_EU_TAB5	PACKAGE_ITEM_EU_W_LIGHT_06_SA_A	6	-1	xxx	-1	xxx	-1	xxx	-1	xxx	
1	15	STORE_KT_ARMOR_EU_TAB5	PACKAGE_ITEM_EU_W_LIGHT_07_AA_A	22	-1	xxx	-1	xxx	-1	xxx	-1	xxx	
1	15	STORE_KT_ARMOR_EU_TAB5	PACKAGE_ITEM_EU_W_LIGHT_07_BA_A	12	-1	xxx	-1	xxx	-1	xxx	-1	xxx	
1	15	STORE_KT_ARMOR_EU_TAB5	PACKAGE_ITEM_EU_W_LIGHT_07_CA_A	2	-1	xxx	-1	xxx	-1	xxx	-1	xxx	
1	15	STORE_KT_ARMOR_EU_TAB5	PACKAGE_ITEM_EU_W_LIGHT_07_FA_A	27	-1	xxx	-1	xxx	-1	xxx	-1	xxx	
1	15	STORE_KT_ARMOR_EU_TAB5	PACKAGE_ITEM_EU_W_LIGHT_07_LA_A	17	-1	xxx	-1	xxx	-1	xxx	-1	xxx	
1	15	STORE_KT_ARMOR_EU_TAB5	PACKAGE_ITEM_EU_W_LIGHT_07_SA_A	7	-1	xxx	-1	xxx	-1	xxx	-1	xxx	
1	15	STORE_KT_ARMOR_EU_TAB5	PACKAGE_ITEM_EU_W_LIGHT_08_AA_A	23	-1	xxx	-1	xxx	-1	xxx	-1	xxx	
1	15	STORE_KT_ARMOR_EU_TAB5	PACKAGE_ITEM_EU_W_LIGHT_08_BA_A	13	-1	xxx	-1	xxx	-1	xxx	-1	xxx	
1	15	STORE_KT_ARMOR_EU_TAB5	PACKAGE_ITEM_EU_W_LIGHT_08_CA_A	3	-1	xxx	-1	xxx	-1	xxx	-1	xxx	
1	15	STORE_KT_ARMOR_EU_TAB5	PACKAGE_ITEM_EU_W_LIGHT_08_FA_A	28	-1	xxx	-1	xxx	-1	xxx	-1	xxx	
1	15	STORE_KT_ARMOR_EU_TAB5	PACKAGE_ITEM_EU_W_LIGHT_08_LA_A	18	-1	xxx	-1	xxx	-1	xxx	-1	xxx	
1	15	STORE_KT_ARMOR_EU_TAB5	PACKAGE_ITEM_EU_W_LIGHT_08_SA_A	8	-1	xxx	-1	xxx	-1	xxx	-1	xxx	
1	15	STORE_KT_ARMOR_EU_TAB5	PACKAGE_ITEM_EU_W_LIGHT_09_AA_A	24	-1	xxx	-1	xxx	-1	xxx	-1	xxx	
1	15	STORE_KT_ARMOR_EU_TAB5	PACKAGE_ITEM_EU_W_LIGHT_09_BA_A	14	-1	xxx	-1	xxx	-1	xxx	-1	xxx	
1	15	STORE_KT_ARMOR_EU_TAB5	PACKAGE_ITEM_EU_W_LIGHT_09_CA_A	4	-1	xxx	-1	xxx	-1	xxx	-1	xxx	
1	15	STORE_KT_ARMOR_EU_TAB5	PACKAGE_ITEM_EU_W_LIGHT_09_FA_A	29	-1	xxx	-1	xxx	-1	xxx	-1	xxx	
1	15	STORE_KT_ARMOR_EU_TAB5	PACKAGE_ITEM_EU_W_LIGHT_09_LA_A	19	-1	xxx	-1	xxx	-1	xxx	-1	xxx	
1	15	STORE_KT_ARMOR_EU_TAB5	PACKAGE_ITEM_EU_W_LIGHT_09_SA_A	9	-1	xxx	-1	xxx	-1	xxx	-1	xxx	
1	15	STORE_KT_ARMOR_EU_TAB6	PACKAGE_ITEM_EU_W_CLOTHES_05_AA_A	20	-1	xxx	-1	xxx	-1	xxx	-1	xxx	
1	15	STORE_KT_ARMOR_EU_TAB6	PACKAGE_ITEM_EU_W_CLOTHES_05_BA_A	10	-1	xxx	-1	xxx	-1	xxx	-1	xxx	
1	15	STORE_KT_ARMOR_EU_TAB6	PACKAGE_ITEM_EU_W_CLOTHES_05_CA_A	0	-1	xxx	-1	xxx	-1	xxx	-1	xxx	
1	15	STORE_KT_ARMOR_EU_TAB6	PACKAGE_ITEM_EU_W_CLOTHES_05_FA_A	25	-1	xxx	-1	xxx	-1	xxx	-1	xxx	
1	15	STORE_KT_ARMOR_EU_TAB6	PACKAGE_ITEM_EU_W_CLOTHES_05_LA_A	15	-1	xxx	-1	xxx	-1	xxx	-1	xxx	
1	15	STORE_KT_ARMOR_EU_TAB6	PACKAGE_ITEM_EU_W_CLOTHES_05_SA_A	5	-1	xxx	-1	xxx	-1	xxx	-1	xxx	
1	15	STORE_KT_ARMOR_EU_TAB6	PACKAGE_ITEM_EU_W_CLOTHES_06_AA_A	21	-1	xxx	-1	xxx	-1	xxx	-1	xxx	
1	15	STORE_KT_ARMOR_EU_TAB6	PACKAGE_ITEM_EU_W_CLOTHES_06_BA_A	11	-1	xxx	-1	xxx	-1	xxx	-1	xxx	
1	15	STORE_KT_ARMOR_EU_TAB6	PACKAGE_ITEM_EU_W_CLOTHES_06_CA_A	1	-1	xxx	-1	xxx	-1	xxx	-1	xxx	
1	15	STORE_KT_ARMOR_EU_TAB6	PACKAGE_ITEM_EU_W_CLOTHES_06_FA_A	26	-1	xxx	-1	xxx	-1	xxx	-1	xxx	
1	15	STORE_KT_ARMOR_EU_TAB6	PACKAGE_ITEM_EU_W_CLOTHES_06_LA_A	16	-1	xxx	-1	xxx	-1	xxx	-1	xxx	
1	15	STORE_KT_ARMOR_EU_TAB6	PACKAGE_ITEM_EU_W_CLOTHES_06_SA_A	6	-1	xxx	-1	xxx	-1	xxx	-1	xxx	
1	15	STORE_KT_ARMOR_EU_TAB6	PACKAGE_ITEM_EU_W_CLOTHES_07_AA_A	22	-1	xxx	-1	xxx	-1	xxx	-1	xxx	
1	15	STORE_KT_ARMOR_EU_TAB6	PACKAGE_ITEM_EU_W_CLOTHES_07_BA_A	12	-1	xxx	-1	xxx	-1	xxx	-1	xxx	
1	15	STORE_KT_ARMOR_EU_TAB6	PACKAGE_ITEM_EU_W_CLOTHES_07_CA_A	2	-1	xxx	-1	xxx	-1	xxx	-1	xxx	
1	15	STORE_KT_ARMOR_EU_TAB6	PACKAGE_ITEM_EU_W_CLOTHES_07_FA_A	27	-1	xxx	-1	xxx	-1	xxx	-1	xxx	
1	15	STORE_KT_ARMOR_EU_TAB6	PACKAGE_ITEM_EU_W_CLOTHES_07_LA_A	17	-1	xxx	-1	xxx	-1	xxx	-1	xxx	
1	15	STORE_KT_ARMOR_EU_TAB6	PACKAGE_ITEM_EU_W_CLOTHES_07_SA_A	7	-1	xxx	-1	xxx	-1	xxx	-1	xxx	
1	15	STORE_KT_ARMOR_EU_TAB6	PACKAGE_ITEM_EU_W_CLOTHES_08_AA_A	23	-1	xxx	-1	xxx	-1	xxx	-1	xxx	
1	15	STORE_KT_ARMOR_EU_TAB6	PACKAGE_ITEM_EU_W_CLOTHES_08_BA_A	13	-1	xxx	-1	xxx	-1	xxx	-1	xxx	
1	15	STORE_KT_ARMOR_EU_TAB6	PACKAGE_ITEM_EU_W_CLOTHES_08_CA_A	3	-1	xxx	-1	xxx	-1	xxx	-1	xxx	
1	15	STORE_KT_ARMOR_EU_TAB6	PACKAGE_ITEM_EU_W_CLOTHES_08_FA_A	28	-1	xxx	-1	xxx	-1	xxx	-1	xxx	
1	15	STORE_KT_ARMOR_EU_TAB6	PACKAGE_ITEM_EU_W_CLOTHES_08_LA_A	18	-1	xxx	-1	xxx	-1	xxx	-1	xxx	
1	15	STORE_KT_ARMOR_EU_TAB6	PACKAGE_ITEM_EU_W_CLOTHES_08_SA_A	8	-1	xxx	-1	xxx	-1	xxx	-1	xxx	
1	15	STORE_KT_ARMOR_EU_TAB6	PACKAGE_ITEM_EU_W_CLOTHES_09_AA_A	24	-1	xxx	-1	xxx	-1	xxx	-1	xxx	
1	15	STORE_KT_ARMOR_EU_TAB6	PACKAGE_ITEM_EU_W_CLOTHES_09_BA_A	14	-1	xxx	-1	xxx	-1	xxx	-1	xxx	
1	15	STORE_KT_ARMOR_EU_TAB6	PACKAGE_ITEM_EU_W_CLOTHES_09_CA_A	4	-1	xxx	-1	xxx	-1	xxx	-1	xxx	
1	15	STORE_KT_ARMOR_EU_TAB6	PACKAGE_ITEM_EU_W_CLOTHES_09_FA_A	29	-1	xxx	-1	xxx	-1	xxx	-1	xxx	
1	15	STORE_KT_ARMOR_EU_TAB6	PACKAGE_ITEM_EU_W_CLOTHES_09_LA_A	19	-1	xxx	-1	xxx	-1	xxx	-1	xxx	
1	15	STORE_KT_ARMOR_EU_TAB6	PACKAGE_ITEM_EU_W_CLOTHES_09_SA_A	9	-1	xxx	-1	xxx	-1	xxx	-1	xxx	
1	15	STORE_KT_ARMOR_TAB1	PACKAGE_ITEM_CH_M_HEAVY_05_AA_A	20	-1	xxx	-1	xxx	-1	xxx	-1	xxx	
1	15	STORE_KT_ARMOR_TAB1	PACKAGE_ITEM_CH_M_HEAVY_05_BA_A	10	-1	xxx	-1	xxx	-1	xxx	-1	xxx	
1	15	STORE_KT_ARMOR_TAB1	PACKAGE_ITEM_CH_M_HEAVY_05_CA_A	0	-1	xxx	-1	xxx	-1	xxx	-1	xxx	
1	15	STORE_KT_ARMOR_TAB1	PACKAGE_ITEM_CH_M_HEAVY_05_FA_A	25	-1	xxx	-1	xxx	-1	xxx	-1	xxx	
1	15	STORE_KT_ARMOR_TAB1	PACKAGE_ITEM_CH_M_HEAVY_05_LA_A	15	-1	xxx	-1	xxx	-1	xxx	-1	xxx	
1	15	STORE_KT_ARMOR_TAB1	PACKAGE_ITEM_CH_M_HEAVY_05_SA_A	5	-1	xxx	-1	xxx	-1	xxx	-1	xxx	
1	15	STORE_KT_ARMOR_TAB1	PACKAGE_ITEM_CH_M_HEAVY_06_AA_A	21	-1	xxx	-1	xxx	-1	xxx	-1	xxx	
1	15	STORE_KT_ARMOR_TAB1	PACKAGE_ITEM_CH_M_HEAVY_06_BA_A	11	-1	xxx	-1	xxx	-1	xxx	-1	xxx	
1	15	STORE_KT_ARMOR_TAB1	PACKAGE_ITEM_CH_M_HEAVY_06_CA_A	1	-1	xxx	-1	xxx	-1	xxx	-1	xxx	
1	15	STORE_KT_ARMOR_TAB1	PACKAGE_ITEM_CH_M_HEAVY_06_FA_A	26	-1	xxx	-1	xxx	-1	xxx	-1	xxx	
1	15	STORE_KT_ARMOR_TAB1	PACKAGE_ITEM_CH_M_HEAVY_06_LA_A	16	-1	xxx	-1	xxx	-1	xxx	-1	xxx	
1	15	STORE_KT_ARMOR_TAB1	PACKAGE_ITEM_CH_M_HEAVY_06_SA_A	6	-1	xxx	-1	xxx	-1	xxx	-1	xxx	
1	15	STORE_KT_ARMOR_TAB1	PACKAGE_ITEM_CH_M_HEAVY_07_AA_A	22	-1	xxx	-1	xxx	-1	xxx	-1	xxx	
1	15	STORE_KT_ARMOR_TAB1	PACKAGE_ITEM_CH_M_HEAVY_07_BA_A	12	-1	xxx	-1	xxx	-1	xxx	-1	xxx	
1	15	STORE_KT_ARMOR_TAB1	PACKAGE_ITEM_CH_M_HEAVY_07_CA_A	2	-1	xxx	-1	xxx	-1	xxx	-1	xxx	
1	15	STORE_KT_ARMOR_TAB1	PACKAGE_ITEM_CH_M_HEAVY_07_FA_A	27	-1	xxx	-1	xxx	-1	xxx	-1	xxx	
1	15	STORE_KT_ARMOR_TAB1	PACKAGE_ITEM_CH_M_HEAVY_07_LA_A	17	-1	xxx	-1	xxx	-1	xxx	-1	xxx	
1	15	STORE_KT_ARMOR_TAB1	PACKAGE_ITEM_CH_M_HEAVY_07_SA_A	7	-1	xxx	-1	xxx	-1	xxx	-1	xxx	
1	15	STORE_KT_ARMOR_TAB1	PACKAGE_ITEM_CH_M_HEAVY_08_AA_A	23	-1	xxx	-1	xxx	-1	xxx	-1	xxx	
1	15	STORE_KT_ARMOR_TAB1	PACKAGE_ITEM_CH_M_HEAVY_08_BA_A	13	-1	xxx	-1	xxx	-1	xxx	-1	xxx	
1	15	STORE_KT_ARMOR_TAB1	PACKAGE_ITEM_CH_M_HEAVY_08_CA_A	3	-1	xxx	-1	xxx	-1	xxx	-1	xxx	
1	15	STORE_KT_ARMOR_TAB1	PACKAGE_ITEM_CH_M_HEAVY_08_FA_A	28	-1	xxx	-1	xxx	-1	xxx	-1	xxx	
1	15	STORE_KT_ARMOR_TAB1	PACKAGE_ITEM_CH_M_HEAVY_08_LA_A	18	-1	xxx	-1	xxx	-1	xxx	-1	xxx	
1	15	STORE_KT_ARMOR_TAB1	PACKAGE_ITEM_CH_M_HEAVY_08_SA_A	8	-1	xxx	-1	xxx	-1	xxx	-1	xxx	
1	15	STORE_KT_ARMOR_TAB1	PACKAGE_ITEM_CH_M_HEAVY_09_AA_A	24	-1	xxx	-1	xxx	-1	xxx	-1	xxx	
1	15	STORE_KT_ARMOR_TAB1	PACKAGE_ITEM_CH_M_HEAVY_09_BA_A	14	-1	xxx	-1	xxx	-1	xxx	-1	xxx	
1	15	STORE_KT_ARMOR_TAB1	PACKAGE_ITEM_CH_M_HEAVY_09_CA_A	4	-1	xxx	-1	xxx	-1	xxx	-1	xxx	
1	15	STORE_KT_ARMOR_TAB1	PACKAGE_ITEM_CH_M_HEAVY_09_FA_A	29	-1	xxx	-1	xxx	-1	xxx	-1	xxx	
1	15	STORE_KT_ARMOR_TAB1	PACKAGE_ITEM_CH_M_HEAVY_09_LA_A	19	-1	xxx	-1	xxx	-1	xxx	-1	xxx	
1	15	STORE_KT_ARMOR_TAB1	PACKAGE_ITEM_CH_M_HEAVY_09_SA_A	9	-1	xxx	-1	xxx	-1	xxx	-1	xxx	
1	15	STORE_KT_ARMOR_TAB2	PACKAGE_ITEM_CH_M_LIGHT_05_AA_A	20	-1	xxx	-1	xxx	-1	xxx	-1	xxx	
1	15	STORE_KT_ARMOR_TAB2	PACKAGE_ITEM_CH_M_LIGHT_05_BA_A	10	-1	xxx	-1	xxx	-1	xxx	-1	xxx	
1	15	STORE_KT_ARMOR_TAB2	PACKAGE_ITEM_CH_M_LIGHT_05_CA_A	0	-1	xxx	-1	xxx	-1	xxx	-1	xxx	
1	15	STORE_KT_ARMOR_TAB2	PACKAGE_ITEM_CH_M_LIGHT_05_FA_A	25	-1	xxx	-1	xxx	-1	xxx	-1	xxx	
1	15	STORE_KT_ARMOR_TAB2	PACKAGE_ITEM_CH_M_LIGHT_05_LA_A	15	-1	xxx	-1	xxx	-1	xxx	-1	xxx	
1	15	STORE_KT_ARMOR_TAB2	PACKAGE_ITEM_CH_M_LIGHT_05_SA_A	5	-1	xxx	-1	xxx	-1	xxx	-1	xxx	
1	15	STORE_KT_ARMOR_TAB2	PACKAGE_ITEM_CH_M_LIGHT_06_AA_A	21	-1	xxx	-1	xxx	-1	xxx	-1	xxx	
1	15	STORE_KT_ARMOR_TAB2	PACKAGE_ITEM_CH_M_LIGHT_06_BA_A	11	-1	xxx	-1	xxx	-1	xxx	-1	xxx	
1	15	STORE_KT_ARMOR_TAB2	PACKAGE_ITEM_CH_M_LIGHT_06_CA_A	1	-1	xxx	-1	xxx	-1	xxx	-1	xxx	
1	15	STORE_KT_ARMOR_TAB2	PACKAGE_ITEM_CH_M_LIGHT_06_FA_A	26	-1	xxx	-1	xxx	-1	xxx	-1	xxx	
1	15	STORE_KT_ARMOR_TAB2	PACKAGE_ITEM_CH_M_LIGHT_06_LA_A	16	-1	xxx	-1	xxx	-1	xxx	-1	xxx	
1	15	STORE_KT_ARMOR_TAB2	PACKAGE_ITEM_CH_M_LIGHT_06_SA_A	6	-1	xxx	-1	xxx	-1	xxx	-1	xxx	
1	15	STORE_KT_ARMOR_TAB2	PACKAGE_ITEM_CH_M_LIGHT_07_AA_A	22	-1	xxx	-1	xxx	-1	xxx	-1	xxx	
1	15	STORE_KT_ARMOR_TAB2	PACKAGE_ITEM_CH_M_LIGHT_07_BA_A	12	-1	xxx	-1	xxx	-1	xxx	-1	xxx	
1	15	STORE_KT_ARMOR_TAB2	PACKAGE_ITEM_CH_M_LIGHT_07_CA_A	2	-1	xxx	-1	xxx	-1	xxx	-1	xxx	
1	15	STORE_KT_ARMOR_TAB2	PACKAGE_ITEM_CH_M_LIGHT_07_FA_A	27	-1	xxx	-1	xxx	-1	xxx	-1	xxx	
1	15	STORE_KT_ARMOR_TAB2	PACKAGE_ITEM_CH_M_LIGHT_07_LA_A	17	-1	xxx	-1	xxx	-1	xxx	-1	xxx	
1	15	STORE_KT_ARMOR_TAB2	PACKAGE_ITEM_CH_M_LIGHT_07_SA_A	7	-1	xxx	-1	xxx	-1	xxx	-1	xxx	
1	15	STORE_KT_ARMOR_TAB2	PACKAGE_ITEM_CH_M_LIGHT_08_AA_A	23	-1	xxx	-1	xxx	-1	xxx	-1	xxx	
1	15	STORE_KT_ARMOR_TAB2	PACKAGE_ITEM_CH_M_LIGHT_08_BA_A	13	-1	xxx	-1	xxx	-1	xxx	-1	xxx	
1	15	STORE_KT_ARMOR_TAB2	PACKAGE_ITEM_CH_M_LIGHT_08_CA_A	3	-1	xxx	-1	xxx	-1	xxx	-1	xxx	
1	15	STORE_KT_ARMOR_TAB2	PACKAGE_ITEM_CH_M_LIGHT_08_FA_A	28	-1	xxx	-1	xxx	-1	xxx	-1	xxx	
1	15	STORE_KT_ARMOR_TAB2	PACKAGE_ITEM_CH_M_LIGHT_08_LA_A	18	-1	xxx	-1	xxx	-1	xxx	-1	xxx	
1	15	STORE_KT_ARMOR_TAB2	PACKAGE_ITEM_CH_M_LIGHT_08_SA_A	8	-1	xxx	-1	xxx	-1	xxx	-1	xxx	
1	15	STORE_KT_ARMOR_TAB2	PACKAGE_ITEM_CH_M_LIGHT_09_AA_A	24	-1	xxx	-1	xxx	-1	xxx	-1	xxx	
1	15	STORE_KT_ARMOR_TAB2	PACKAGE_ITEM_CH_M_LIGHT_09_BA_A	14	-1	xxx	-1	xxx	-1	xxx	-1	xxx	
1	15	STORE_KT_ARMOR_TAB2	PACKAGE_ITEM_CH_M_LIGHT_09_CA_A	4	-1	xxx	-1	xxx	-1	xxx	-1	xxx	
1	15	STORE_KT_ARMOR_TAB2	PACKAGE_ITEM_CH_M_LIGHT_09_FA_A	29	-1	xxx	-1	xxx	-1	xxx	-1	xxx	
1	15	STORE_KT_ARMOR_TAB2	PACKAGE_ITEM_CH_M_LIGHT_09_LA_A	19	-1	xxx	-1	xxx	-1	xxx	-1	xxx	
1	15	STORE_KT_ARMOR_TAB2	PACKAGE_ITEM_CH_M_LIGHT_09_SA_A	9	-1	xxx	-1	xxx	-1	xxx	-1	xxx	
1	15	STORE_KT_ARMOR_TAB3	PACKAGE_ITEM_CH_M_CLOTHES_05_AA_A	20	-1	xxx	-1	xxx	-1	xxx	-1	xxx	
1	15	STORE_KT_ARMOR_TAB3	PACKAGE_ITEM_CH_M_CLOTHES_05_BA_A	10	-1	xxx	-1	xxx	-1	xxx	-1	xxx	
1	15	STORE_KT_ARMOR_TAB3	PACKAGE_ITEM_CH_M_CLOTHES_05_CA_A	0	-1	xxx	-1	xxx	-1	xxx	-1	xxx	
1	15	STORE_KT_ARMOR_TAB3	PACKAGE_ITEM_CH_M_CLOTHES_05_FA_A	25	-1	xxx	-1	xxx	-1	xxx	-1	xxx	
1	15	STORE_KT_ARMOR_TAB3	PACKAGE_ITEM_CH_M_CLOTHES_05_LA_A	15	-1	xxx	-1	xxx	-1	xxx	-1	xxx	
1	15	STORE_KT_ARMOR_TAB3	PACKAGE_ITEM_CH_M_CLOTHES_05_SA_A	5	-1	xxx	-1	xxx	-1	xxx	-1	xxx	
1	15	STORE_KT_ARMOR_TAB3	PACKAGE_ITEM_CH_M_CLOTHES_06_AA_A	21	-1	xxx	-1	xxx	-1	xxx	-1	xxx	
1	15	STORE_KT_ARMOR_TAB3	PACKAGE_ITEM_CH_M_CLOTHES_06_BA_A	11	-1	xxx	-1	xxx	-1	xxx	-1	xxx	
1	15	STORE_KT_ARMOR_TAB3	PACKAGE_ITEM_CH_M_CLOTHES_06_CA_A	1	-1	xxx	-1	xxx	-1	xxx	-1	xxx	
1	15	STORE_KT_ARMOR_TAB3	PACKAGE_ITEM_CH_M_CLOTHES_06_FA_A	26	-1	xxx	-1	xxx	-1	xxx	-1	xxx	
1	15	STORE_KT_ARMOR_TAB3	PACKAGE_ITEM_CH_M_CLOTHES_06_LA_A	16	-1	xxx	-1	xxx	-1	xxx	-1	xxx	
1	15	STORE_KT_ARMOR_TAB3	PACKAGE_ITEM_CH_M_CLOTHES_06_SA_A	6	-1	xxx	-1	xxx	-1	xxx	-1	xxx	
1	15	STORE_KT_ARMOR_TAB3	PACKAGE_ITEM_CH_M_CLOTHES_07_AA_A	22	-1	xxx	-1	xxx	-1	xxx	-1	xxx	
1	15	STORE_KT_ARMOR_TAB3	PACKAGE_ITEM_CH_M_CLOTHES_07_BA_A	12	-1	xxx	-1	xxx	-1	xxx	-1	xxx	
1	15	STORE_KT_ARMOR_TAB3	PACKAGE_ITEM_CH_M_CLOTHES_07_CA_A	2	-1	xxx	-1	xxx	-1	xxx	-1	xxx	
1	15	STORE_KT_ARMOR_TAB3	PACKAGE_ITEM_CH_M_CLOTHES_07_FA_A	27	-1	xxx	-1	xxx	-1	xxx	-1	xxx	
1	15	STORE_KT_ARMOR_TAB3	PACKAGE_ITEM_CH_M_CLOTHES_07_LA_A	17	-1	xxx	-1	xxx	-1	xxx	-1	xxx	
1	15	STORE_KT_ARMOR_TAB3	PACKAGE_ITEM_CH_M_CLOTHES_07_SA_A	7	-1	xxx	-1	xxx	-1	xxx	-1	xxx	
1	15	STORE_KT_ARMOR_TAB3	PACKAGE_ITEM_CH_M_CLOTHES_08_AA_A	23	-1	xxx	-1	xxx	-1	xxx	-1	xxx	
1	15	STORE_KT_ARMOR_TAB3	PACKAGE_ITEM_CH_M_CLOTHES_08_BA_A	13	-1	xxx	-1	xxx	-1	xxx	-1	xxx	
1	15	STORE_KT_ARMOR_TAB3	PACKAGE_ITEM_CH_M_CLOTHES_08_CA_A	3	-1	xxx	-1	xxx	-1	xxx	-1	xxx	
1	15	STORE_KT_ARMOR_TAB3	PACKAGE_ITEM_CH_M_CLOTHES_08_FA_A	28	-1	xxx	-1	xxx	-1	xxx	-1	xxx	
1	15	STORE_KT_ARMOR_TAB3	PACKAGE_ITEM_CH_M_CLOTHES_08_LA_A	18	-1	xxx	-1	xxx	-1	xxx	-1	xxx	
1	15	STORE_KT_ARMOR_TAB3	PACKAGE_ITEM_CH_M_CLOTHES_08_SA_A	8	-1	xxx	-1	xxx	-1	xxx	-1	xxx	
1	15	STORE_KT_ARMOR_TAB3	PACKAGE_ITEM_CH_M_CLOTHES_09_AA_A	24	-1	xxx	-1	xxx	-1	xxx	-1	xxx	
1	15	STORE_KT_ARMOR_TAB3	PACKAGE_ITEM_CH_M_CLOTHES_09_BA_A	14	-1	xxx	-1	xxx	-1	xxx	-1	xxx	
1	15	STORE_KT_ARMOR_TAB3	PACKAGE_ITEM_CH_M_CLOTHES_09_CA_A	4	-1	xxx	-1	xxx	-1	xxx	-1	xxx	
1	15	STORE_KT_ARMOR_TAB3	PACKAGE_ITEM_CH_M_CLOTHES_09_FA_A	29	-1	xxx	-1	xxx	-1	xxx	-1	xxx	
1	15	STORE_KT_ARMOR_TAB3	PACKAGE_ITEM_CH_M_CLOTHES_09_LA_A	19	-1	xxx	-1	xxx	-1	xxx	-1	xxx	
1	15	STORE_KT_ARMOR_TAB3	PACKAGE_ITEM_CH_M_CLOTHES_09_SA_A	9	-1	xxx	-1	xxx	-1	xxx	-1	xxx	
1	15	STORE_KT_ARMOR_TAB4	PACKAGE_ITEM_CH_W_HEAVY_05_AA_A	20	-1	xxx	-1	xxx	-1	xxx	-1	xxx	
1	15	STORE_KT_ARMOR_TAB4	PACKAGE_ITEM_CH_W_HEAVY_05_BA_A	10	-1	xxx	-1	xxx	-1	xxx	-1	xxx	
1	15	STORE_KT_ARMOR_TAB4	PACKAGE_ITEM_CH_W_HEAVY_05_CA_A	0	-1	xxx	-1	xxx	-1	xxx	-1	xxx	
1	15	STORE_KT_ARMOR_TAB4	PACKAGE_ITEM_CH_W_HEAVY_05_FA_A	25	-1	xxx	-1	xxx	-1	xxx	-1	xxx	
1	15	STORE_KT_ARMOR_TAB4	PACKAGE_ITEM_CH_W_HEAVY_05_LA_A	15	-1	xxx	-1	xxx	-1	xxx	-1	xxx	
1	15	STORE_KT_ARMOR_TAB4	PACKAGE_ITEM_CH_W_HEAVY_05_SA_A	5	-1	xxx	-1	xxx	-1	xxx	-1	xxx	
1	15	STORE_KT_ARMOR_TAB4	PACKAGE_ITEM_CH_W_HEAVY_06_AA_A	21	-1	xxx	-1	xxx	-1	xxx	-1	xxx	
1	15	STORE_KT_ARMOR_TAB4	PACKAGE_ITEM_CH_W_HEAVY_06_BA_A	11	-1	xxx	-1	xxx	-1	xxx	-1	xxx	
1	15	STORE_KT_ARMOR_TAB4	PACKAGE_ITEM_CH_W_HEAVY_06_CA_A	1	-1	xxx	-1	xxx	-1	xxx	-1	xxx	
1	15	STORE_KT_ARMOR_TAB4	PACKAGE_ITEM_CH_W_HEAVY_06_FA_A	26	-1	xxx	-1	xxx	-1	xxx	-1	xxx	
1	15	STORE_KT_ARMOR_TAB4	PACKAGE_ITEM_CH_W_HEAVY_06_LA_A	16	-1	xxx	-1	xxx	-1	xxx	-1	xxx	
1	15	STORE_KT_ARMOR_TAB4	PACKAGE_ITEM_CH_W_HEAVY_06_SA_A	6	-1	xxx	-1	xxx	-1	xxx	-1	xxx	
1	15	STORE_KT_ARMOR_TAB4	PACKAGE_ITEM_CH_W_HEAVY_07_AA_A	22	-1	xxx	-1	xxx	-1	xxx	-1	xxx	
1	15	STORE_KT_ARMOR_TAB4	PACKAGE_ITEM_CH_W_HEAVY_07_BA_A	12	-1	xxx	-1	xxx	-1	xxx	-1	xxx	
1	15	STORE_KT_ARMOR_TAB4	PACKAGE_ITEM_CH_W_HEAVY_07_CA_A	2	-1	xxx	-1	xxx	-1	xxx	-1	xxx	
1	15	STORE_KT_ARMOR_TAB4	PACKAGE_ITEM_CH_W_HEAVY_07_FA_A	27	-1	xxx	-1	xxx	-1	xxx	-1	xxx	
1	15	STORE_KT_ARMOR_TAB4	PACKAGE_ITEM_CH_W_HEAVY_07_LA_A	17	-1	xxx	-1	xxx	-1	xxx	-1	xxx	
1	15	STORE_KT_ARMOR_TAB4	PACKAGE_ITEM_CH_W_HEAVY_07_SA_A	7	-1	xxx	-1	xxx	-1	xxx	-1	xxx	
1	15	STORE_KT_ARMOR_TAB4	PACKAGE_ITEM_CH_W_HEAVY_08_AA_A	23	-1	xxx	-1	xxx	-1	xxx	-1	xxx	
1	15	STORE_KT_ARMOR_TAB4	PACKAGE_ITEM_CH_W_HEAVY_08_BA_A	13	-1	xxx	-1	xxx	-1	xxx	-1	xxx	
1	15	STORE_KT_ARMOR_TAB4	PACKAGE_ITEM_CH_W_HEAVY_08_CA_A	3	-1	xxx	-1	xxx	-1	xxx	-1	xxx	
1	15	STORE_KT_ARMOR_TAB4	PACKAGE_ITEM_CH_W_HEAVY_08_FA_A	28	-1	xxx	-1	xxx	-1	xxx	-1	xxx	
1	15	STORE_KT_ARMOR_TAB4	PACKAGE_ITEM_CH_W_HEAVY_08_LA_A	18	-1	xxx	-1	xxx	-1	xxx	-1	xxx	
1	15	STORE_KT_ARMOR_TAB4	PACKAGE_ITEM_CH_W_HEAVY_08_SA_A	8	-1	xxx	-1	xxx	-1	xxx	-1	xxx	
1	15	STORE_KT_ARMOR_TAB4	PACKAGE_ITEM_CH_W_HEAVY_09_AA_A	24	-1	xxx	-1	xxx	-1	xxx	-1	xxx	
1	15	STORE_KT_ARMOR_TAB4	PACKAGE_ITEM_CH_W_HEAVY_09_BA_A	14	-1	xxx	-1	xxx	-1	xxx	-1	xxx	
1	15	STORE_KT_ARMOR_TAB4	PACKAGE_ITEM_CH_W_HEAVY_09_CA_A	4	-1	xxx	-1	xxx	-1	xxx	-1	xxx	
1	15	STORE_KT_ARMOR_TAB4	PACKAGE_ITEM_CH_W_HEAVY_09_FA_A	29	-1	xxx	-1	xxx	-1	xxx	-1	xxx	
1	15	STORE_KT_ARMOR_TAB4	PACKAGE_ITEM_CH_W_HEAVY_09_LA_A	19	-1	xxx	-1	xxx	-1	xxx	-1	xxx	
1	15	STORE_KT_ARMOR_TAB4	PACKAGE_ITEM_CH_W_HEAVY_09_SA_A	9	-1	xxx	-1	xxx	-1	xxx	-1	xxx	
1	15	STORE_KT_ARMOR_TAB5	PACKAGE_ITEM_CH_W_LIGHT_05_AA_A	20	-1	xxx	-1	xxx	-1	xxx	-1	xxx	
1	15	STORE_KT_ARMOR_TAB5	PACKAGE_ITEM_CH_W_LIGHT_05_BA_A	10	-1	xxx	-1	xxx	-1	xxx	-1	xxx	
1	15	STORE_KT_ARMOR_TAB5	PACKAGE_ITEM_CH_W_LIGHT_05_CA_A	0	-1	xxx	-1	xxx	-1	xxx	-1	xxx	
1	15	STORE_KT_ARMOR_TAB5	PACKAGE_ITEM_CH_W_LIGHT_05_FA_A	25	-1	xxx	-1	xxx	-1	xxx	-1	xxx	
1	15	STORE_KT_ARMOR_TAB5	PACKAGE_ITEM_CH_W_LIGHT_05_LA_A	15	-1	xxx	-1	xxx	-1	xxx	-1	xxx	
1	15	STORE_KT_ARMOR_TAB5	PACKAGE_ITEM_CH_W_LIGHT_05_SA_A	5	-1	xxx	-1	xxx	-1	xxx	-1	xxx	
1	15	STORE_KT_ARMOR_TAB5	PACKAGE_ITEM_CH_W_LIGHT_06_AA_A	21	-1	xxx	-1	xxx	-1	xxx	-1	xxx	
1	15	STORE_KT_ARMOR_TAB5	PACKAGE_ITEM_CH_W_LIGHT_06_BA_A	11	-1	xxx	-1	xxx	-1	xxx	-1	xxx	
1	15	STORE_KT_ARMOR_TAB5	PACKAGE_ITEM_CH_W_LIGHT_06_CA_A	1	-1	xxx	-1	xxx	-1	xxx	-1	xxx	
1	15	STORE_KT_ARMOR_TAB5	PACKAGE_ITEM_CH_W_LIGHT_06_FA_A	26	-1	xxx	-1	xxx	-1	xxx	-1	xxx	
1	15	STORE_KT_ARMOR_TAB5	PACKAGE_ITEM_CH_W_LIGHT_06_LA_A	16	-1	xxx	-1	xxx	-1	xxx	-1	xxx	
1	15	STORE_KT_ARMOR_TAB5	PACKAGE_ITEM_CH_W_LIGHT_06_SA_A	6	-1	xxx	-1	xxx	-1	xxx	-1	xxx	
1	15	STORE_KT_ARMOR_TAB5	PACKAGE_ITEM_CH_W_LIGHT_07_AA_A	22	-1	xxx	-1	xxx	-1	xxx	-1	xxx	
1	15	STORE_KT_ARMOR_TAB5	PACKAGE_ITEM_CH_W_LIGHT_07_BA_A	12	-1	xxx	-1	xxx	-1	xxx	-1	xxx	
1	15	STORE_KT_ARMOR_TAB5	PACKAGE_ITEM_CH_W_LIGHT_07_CA_A	2	-1	xxx	-1	xxx	-1	xxx	-1	xxx	
1	15	STORE_KT_ARMOR_TAB5	PACKAGE_ITEM_CH_W_LIGHT_07_FA_A	27	-1	xxx	-1	xxx	-1	xxx	-1	xxx	
1	15	STORE_KT_ARMOR_TAB5	PACKAGE_ITEM_CH_W_LIGHT_07_LA_A	17	-1	xxx	-1	xxx	-1	xxx	-1	xxx	
1	15	STORE_KT_ARMOR_TAB5	PACKAGE_ITEM_CH_W_LIGHT_07_SA_A	7	-1	xxx	-1	xxx	-1	xxx	-1	xxx	
1	15	STORE_KT_ARMOR_TAB5	PACKAGE_ITEM_CH_W_LIGHT_08_AA_A	23	-1	xxx	-1	xxx	-1	xxx	-1	xxx	
1	15	STORE_KT_ARMOR_TAB5	PACKAGE_ITEM_CH_W_LIGHT_08_BA_A	13	-1	xxx	-1	xxx	-1	xxx	-1	xxx	
1	15	STORE_KT_ARMOR_TAB5	PACKAGE_ITEM_CH_W_LIGHT_08_CA_A	3	-1	xxx	-1	xxx	-1	xxx	-1	xxx	
1	15	STORE_KT_ARMOR_TAB5	PACKAGE_ITEM_CH_W_LIGHT_08_FA_A	28	-1	xxx	-1	xxx	-1	xxx	-1	xxx	
1	15	STORE_KT_ARMOR_TAB5	PACKAGE_ITEM_CH_W_LIGHT_08_LA_A	18	-1	xxx	-1	xxx	-1	xxx	-1	xxx	
1	15	STORE_KT_ARMOR_TAB5	PACKAGE_ITEM_CH_W_LIGHT_08_SA_A	8	-1	xxx	-1	xxx	-1	xxx	-1	xxx	
1	15	STORE_KT_ARMOR_TAB5	PACKAGE_ITEM_CH_W_LIGHT_09_AA_A	24	-1	xxx	-1	xxx	-1	xxx	-1	xxx	
1	15	STORE_KT_ARMOR_TAB5	PACKAGE_ITEM_CH_W_LIGHT_09_BA_A	14	-1	xxx	-1	xxx	-1	xxx	-1	xxx	
1	15	STORE_KT_ARMOR_TAB5	PACKAGE_ITEM_CH_W_LIGHT_09_CA_A	4	-1	xxx	-1	xxx	-1	xxx	-1	xxx	
1	15	STORE_KT_ARMOR_TAB5	PACKAGE_ITEM_CH_W_LIGHT_09_FA_A	29	-1	xxx	-1	xxx	-1	xxx	-1	xxx	
1	15	STORE_KT_ARMOR_TAB5	PACKAGE_ITEM_CH_W_LIGHT_09_LA_A	19	-1	xxx	-1	xxx	-1	xxx	-1	xxx	
1	15	STORE_KT_ARMOR_TAB5	PACKAGE_ITEM_CH_W_LIGHT_09_SA_A	9	-1	xxx	-1	xxx	-1	xxx	-1	xxx	
1	15	STORE_KT_ARMOR_TAB6	PACKAGE_ITEM_CH_W_CLOTHES_05_AA_A	20	-1	xxx	-1	xxx	-1	xxx	-1	xxx	
1	15	STORE_KT_ARMOR_TAB6	PACKAGE_ITEM_CH_W_CLOTHES_05_BA_A	10	-1	xxx	-1	xxx	-1	xxx	-1	xxx	
1	15	STORE_KT_ARMOR_TAB6	PACKAGE_ITEM_CH_W_CLOTHES_05_CA_A	0	-1	xxx	-1	xxx	-1	xxx	-1	xxx	
1	15	STORE_KT_ARMOR_TAB6	PACKAGE_ITEM_CH_W_CLOTHES_05_FA_A	25	-1	xxx	-1	xxx	-1	xxx	-1	xxx	
1	15	STORE_KT_ARMOR_TAB6	PACKAGE_ITEM_CH_W_CLOTHES_05_LA_A	15	-1	xxx	-1	xxx	-1	xxx	-1	xxx	
1	15	STORE_KT_ARMOR_TAB6	PACKAGE_ITEM_CH_W_CLOTHES_05_SA_A	5	-1	xxx	-1	xxx	-1	xxx	-1	xxx	
1	15	STORE_KT_ARMOR_TAB6	PACKAGE_ITEM_CH_W_CLOTHES_06_AA_A	21	-1	xxx	-1	xxx	-1	xxx	-1	xxx	
1	15	STORE_KT_ARMOR_TAB6	PACKAGE_ITEM_CH_W_CLOTHES_06_BA_A	11	-1	xxx	-1	xxx	-1	xxx	-1	xxx	
1	15	STORE_KT_ARMOR_TAB6	PACKAGE_ITEM_CH_W_CLOTHES_06_CA_A	1	-1	xxx	-1	xxx	-1	xxx	-1	xxx	
1	15	STORE_KT_ARMOR_TAB6	PACKAGE_ITEM_CH_W_CLOTHES_06_FA_A	26	-1	xxx	-1	xxx	-1	xxx	-1	xxx	
1	15	STORE_KT_ARMOR_TAB6	PACKAGE_ITEM_CH_W_CLOTHES_06_LA_A	16	-1	xxx	-1	xxx	-1	xxx	-1	xxx	
1	15	STORE_KT_ARMOR_TAB6	PACKAGE_ITEM_CH_W_CLOTHES_06_SA_A	6	-1	xxx	-1	xxx	-1	xxx	-1	xxx	
1	15	STORE_KT_ARMOR_TAB6	PACKAGE_ITEM_CH_W_CLOTHES_07_AA_A	22	-1	xxx	-1	xxx	-1	xxx	-1	xxx	
1	15	STORE_KT_ARMOR_TAB6	PACKAGE_ITEM_CH_W_CLOTHES_07_BA_A	12	-1	xxx	-1	xxx	-1	xxx	-1	xxx	
1	15	STORE_KT_ARMOR_TAB6	PACKAGE_ITEM_CH_W_CLOTHES_07_CA_A	2	-1	xxx	-1	xxx	-1	xxx	-1	xxx	
1	15	STORE_KT_ARMOR_TAB6	PACKAGE_ITEM_CH_W_CLOTHES_07_FA_A	27	-1	xxx	-1	xxx	-1	xxx	-1	xxx	
1	15	STORE_KT_ARMOR_TAB6	PACKAGE_ITEM_CH_W_CLOTHES_07_LA_A	17	-1	xxx	-1	xxx	-1	xxx	-1	xxx	
1	15	STORE_KT_ARMOR_TAB6	PACKAGE_ITEM_CH_W_CLOTHES_07_SA_A	7	-1	xxx	-1	xxx	-1	xxx	-1	xxx	
1	15	STORE_KT_ARMOR_TAB6	PACKAGE_ITEM_CH_W_CLOTHES_08_AA_A	23	-1	xxx	-1	xxx	-1	xxx	-1	xxx	
1	15	STORE_KT_ARMOR_TAB6	PACKAGE_ITEM_CH_W_CLOTHES_08_BA_A	13	-1	xxx	-1	xxx	-1	xxx	-1	xxx	
1	15	STORE_KT_ARMOR_TAB6	PACKAGE_ITEM_CH_W_CLOTHES_08_CA_A	3	-1	xxx	-1	xxx	-1	xxx	-1	xxx	
1	15	STORE_KT_ARMOR_TAB6	PACKAGE_ITEM_CH_W_CLOTHES_08_FA_A	28	-1	xxx	-1	xxx	-1	xxx	-1	xxx	
1	15	STORE_KT_ARMOR_TAB6	PACKAGE_ITEM_CH_W_CLOTHES_08_LA_A	18	-1	xxx	-1	xxx	-1	xxx	-1	xxx	
1	15	STORE_KT_ARMOR_TAB6	PACKAGE_ITEM_CH_W_CLOTHES_08_SA_A	8	-1	xxx	-1	xxx	-1	xxx	-1	xxx	
1	15	STORE_KT_ARMOR_TAB6	PACKAGE_ITEM_CH_W_CLOTHES_09_AA_A	24	-1	xxx	-1	xxx	-1	xxx	-1	xxx	
1	15	STORE_KT_ARMOR_TAB6	PACKAGE_ITEM_CH_W_CLOTHES_09_BA_A	14	-1	xxx	-1	xxx	-1	xxx	-1	xxx	
1	15	STORE_KT_ARMOR_TAB6	PACKAGE_ITEM_CH_W_CLOTHES_09_CA_A	4	-1	xxx	-1	xxx	-1	xxx	-1	xxx	
1	15	STORE_KT_ARMOR_TAB6	PACKAGE_ITEM_CH_W_CLOTHES_09_FA_A	29	-1	xxx	-1	xxx	-1	xxx	-1	xxx	
1	15	STORE_KT_ARMOR_TAB6	PACKAGE_ITEM_CH_W_CLOTHES_09_LA_A	19	-1	xxx	-1	xxx	-1	xxx	-1	xxx	
1	15	STORE_KT_ARMOR_TAB6	PACKAGE_ITEM_CH_W_CLOTHES_09_SA_A	9	-1	xxx	-1	xxx	-1	xxx	-1	xxx	
1	15	STORE_KT_GUILD_TAB1	PACKAGE_ITEM_ETC_GUILD_CREST_DELETE	1	-1	xxx	-1	xxx	-1	xxx	-1	xxx	
1	15	STORE_KT_GUILD_TAB1	PACKAGE_ITEM_ETC_GUILD_CREST_USER	0	-1	xxx	-1	xxx	-1	xxx	-1	xxx	
1	15	STORE_KT_GUILD_TAB1	PACKAGE_ITEM_ETC_UNION_CREST_DELETE	3	-1	xxx	-1	xxx	-1	xxx	-1	xxx	
1	15	STORE_KT_GUILD_TAB1	PACKAGE_ITEM_ETC_UNION_CREST_USER	2	-1	xxx	-1	xxx	-1	xxx	-1	xxx	
1	15	STORE_KT_GUILD_TAB2	PACKAGE_ITEM_ETC_GUILD_CH_SOLDIER1_SCROLL	0	-1	xxx	-1	xxx	-1	xxx	-1	xxx	
1	15	STORE_KT_GUILD_TAB2	PACKAGE_ITEM_ETC_GUILD_CH_SOLDIER2_SCROLL	1	-1	xxx	-1	xxx	-1	xxx	-1	xxx	
1	15	STORE_KT_GUILD_TAB2	PACKAGE_ITEM_ETC_GUILD_CH_SOLDIER3_SCROLL	2	-1	xxx	-1	xxx	-1	xxx	-1	xxx	
1	15	STORE_KT_GUILD_TAB2	PACKAGE_ITEM_ETC_GUILD_CH_SOLDIER4_SCROLL	3	-1	xxx	-1	xxx	-1	xxx	-1	xxx	
1	15	STORE_KT_GUILD_TAB2	PACKAGE_ITEM_ETC_GUILD_CH_SOLDIER5_SCROLL	4	-1	xxx	-1	xxx	-1	xxx	-1	xxx	
1	15	STORE_KT_GUILD_TAB2	PACKAGE_ITEM_ETC_GUILD_CH_SOLDIER6_SCROLL	5	-1	xxx	-1	xxx	-1	xxx	-1	xxx	
1	15	STORE_KT_GUILD_TAB2	PACKAGE_ITEM_ETC_GUILD_EU_SOLDIER1_SCROLL	6	-1	xxx	-1	xxx	-1	xxx	-1	xxx	
1	15	STORE_KT_GUILD_TAB2	PACKAGE_ITEM_ETC_GUILD_EU_SOLDIER2_SCROLL	7	-1	xxx	-1	xxx	-1	xxx	-1	xxx	
1	15	STORE_KT_GUILD_TAB2	PACKAGE_ITEM_ETC_GUILD_EU_SOLDIER3_SCROLL	8	-1	xxx	-1	xxx	-1	xxx	-1	xxx	
1	15	STORE_KT_GUILD_TAB2	PACKAGE_ITEM_ETC_GUILD_EU_SOLDIER4_SCROLL	9	-1	xxx	-1	xxx	-1	xxx	-1	xxx	
1	15	STORE_KT_GUILD_TAB2	PACKAGE_ITEM_ETC_GUILD_EU_SOLDIER5_SCROLL	10	-1	xxx	-1	xxx	-1	xxx	-1	xxx	
1	15	STORE_KT_GUILD_TAB2	PACKAGE_ITEM_ETC_GUILD_EU_SOLDIER6_SCROLL	11	-1	xxx	-1	xxx	-1	xxx	-1	xxx	
1	15	STORE_KT_GUILD_TAB2	PACKAGE_ITEM_ETC_GUILD_EU_SOLDIER7_SCROLL	12	-1	xxx	-1	xxx	-1	xxx	-1	xxx	
1	15	STORE_KT_GUILD_TAB2	PACKAGE_ITEM_ETC_GUILD_EU_SOLDIER8_SCROLL	13	-1	xxx	-1	xxx	-1	xxx	-1	xxx	
1	15	STORE_KT_GUILD_TAB2	PACKAGE_ITEM_ETC_GUILD_EU_SOLDIER9_SCROLL	14	-1	xxx	-1	xxx	-1	xxx	-1	xxx	
1	15	STORE_KT_GUILD_TAB3	PACKAGE_ITEM_ETC_GUILD_RECALL	0	-1	xxx	-1	xxx	-1	xxx	-1	xxx	
1	15	STORE_KT_HONOR_TAB1	PACKAGE_ITEM_CH_BLADE_08_A_RARE_HONOR	0	-1	xxx	-1	xxx	-1	xxx	-1	xxx	
1	15	STORE_KT_HONOR_TAB1	PACKAGE_ITEM_CH_BLADE_08_B_RARE_HONOR	1	-1	xxx	-1	xxx	-1	xxx	-1	xxx	
1	15	STORE_KT_HONOR_TAB1	PACKAGE_ITEM_CH_BLADE_08_C_RARE_HONOR	2	-1	xxx	-1	xxx	-1	xxx	-1	xxx	
1	15	STORE_KT_HONOR_TAB1	PACKAGE_ITEM_CH_BLADE_09_A_RARE_HONOR	3	-1	xxx	-1	xxx	-1	xxx	-1	xxx	
1	15	STORE_KT_HONOR_TAB1	PACKAGE_ITEM_CH_BLADE_09_B_RARE_HONOR	4	-1	xxx	-1	xxx	-1	xxx	-1	xxx	
1	15	STORE_KT_HONOR_TAB1	PACKAGE_ITEM_CH_BLADE_09_C_RARE_HONOR	5	-1	xxx	-1	xxx	-1	xxx	-1	xxx	
1	15	STORE_KT_HONOR_TAB1	PACKAGE_ITEM_CH_BOW_08_A_RARE_HONOR	6	-1	xxx	-1	xxx	-1	xxx	-1	xxx	
1	15	STORE_KT_HONOR_TAB1	PACKAGE_ITEM_CH_BOW_08_B_RARE_HONOR	7	-1	xxx	-1	xxx	-1	xxx	-1	xxx	
1	15	STORE_KT_HONOR_TAB1	PACKAGE_ITEM_CH_BOW_08_C_RARE_HONOR	8	-1	xxx	-1	xxx	-1	xxx	-1	xxx	
1	15	STORE_KT_HONOR_TAB1	PACKAGE_ITEM_CH_BOW_09_A_RARE_HONOR	9	-1	xxx	-1	xxx	-1	xxx	-1	xxx	
1	15	STORE_KT_HONOR_TAB1	PACKAGE_ITEM_CH_BOW_09_B_RARE_HONOR	10	-1	xxx	-1	xxx	-1	xxx	-1	xxx	
1	15	STORE_KT_HONOR_TAB1	PACKAGE_ITEM_CH_BOW_09_C_RARE_HONOR	11	-1	xxx	-1	xxx	-1	xxx	-1	xxx	
1	15	STORE_KT_HONOR_TAB1	PACKAGE_ITEM_CH_SPEAR_08_A_RARE_HONOR	12	-1	xxx	-1	xxx	-1	xxx	-1	xxx	
1	15	STORE_KT_HONOR_TAB1	PACKAGE_ITEM_CH_SPEAR_08_B_RARE_HONOR	13	-1	xxx	-1	xxx	-1	xxx	-1	xxx	
1	15	STORE_KT_HONOR_TAB1	PACKAGE_ITEM_CH_SPEAR_08_C_RARE_HONOR	14	-1	xxx	-1	xxx	-1	xxx	-1	xxx	
1	15	STORE_KT_HONOR_TAB1	PACKAGE_ITEM_CH_SPEAR_09_A_RARE_HONOR	15	-1	xxx	-1	xxx	-1	xxx	-1	xxx	
1	15	STORE_KT_HONOR_TAB1	PACKAGE_ITEM_CH_SPEAR_09_B_RARE_HONOR	16	-1	xxx	-1	xxx	-1	xxx	-1	xxx	
1	15	STORE_KT_HONOR_TAB1	PACKAGE_ITEM_CH_SPEAR_09_C_RARE_HONOR	17	-1	xxx	-1	xxx	-1	xxx	-1	xxx	
1	15	STORE_KT_HONOR_TAB1	PACKAGE_ITEM_CH_SWORD_08_A_RARE_HONOR	18	-1	xxx	-1	xxx	-1	xxx	-1	xxx	
1	15	STORE_KT_HONOR_TAB1	PACKAGE_ITEM_CH_SWORD_08_B_RARE_HONOR	19	-1	xxx	-1	xxx	-1	xxx	-1	xxx	
1	15	STORE_KT_HONOR_TAB1	PACKAGE_ITEM_CH_SWORD_08_C_RARE_HONOR	20	-1	xxx	-1	xxx	-1	xxx	-1	xxx	
1	15	STORE_KT_HONOR_TAB1	PACKAGE_ITEM_CH_SWORD_09_A_RARE_HONOR	21	-1	xxx	-1	xxx	-1	xxx	-1	xxx	
1	15	STORE_KT_HONOR_TAB1	PACKAGE_ITEM_CH_SWORD_09_B_RARE_HONOR	22	-1	xxx	-1	xxx	-1	xxx	-1	xxx	
1	15	STORE_KT_HONOR_TAB1	PACKAGE_ITEM_CH_SWORD_09_C_RARE_HONOR	23	-1	xxx	-1	xxx	-1	xxx	-1	xxx	
1	15	STORE_KT_HONOR_TAB1	PACKAGE_ITEM_CH_TBLADE_08_A_RARE_HONOR	24	-1	xxx	-1	xxx	-1	xxx	-1	xxx	
1	15	STORE_KT_HONOR_TAB1	PACKAGE_ITEM_CH_TBLADE_08_B_RARE_HONOR	25	-1	xxx	-1	xxx	-1	xxx	-1	xxx	
1	15	STORE_KT_HONOR_TAB1	PACKAGE_ITEM_CH_TBLADE_08_C_RARE_HONOR	26	-1	xxx	-1	xxx	-1	xxx	-1	xxx	
1	15	STORE_KT_HONOR_TAB1	PACKAGE_ITEM_CH_TBLADE_09_A_RARE_HONOR	27	-1	xxx	-1	xxx	-1	xxx	-1	xxx	
1	15	STORE_KT_HONOR_TAB1	PACKAGE_ITEM_CH_TBLADE_09_B_RARE_HONOR	28	-1	xxx	-1	xxx	-1	xxx	-1	xxx	
1	15	STORE_KT_HONOR_TAB1	PACKAGE_ITEM_CH_TBLADE_09_C_RARE_HONOR	29	-1	xxx	-1	xxx	-1	xxx	-1	xxx	
1	15	STORE_KT_HONOR_TAB2	PACKAGE_ITEM_ETC_ARCHEMY_MAGICSTONE_REPAIR_08	0	-1	xxx	-1	xxx	-1	xxx	-1	xxx	
1	15	STORE_KT_HONOR_TAB2	PACKAGE_ITEM_ETC_ARCHEMY_MAGICSTONE_REPAIR_09	1	-1	xxx	-1	xxx	-1	xxx	-1	xxx	
1	15	STORE_KT_OFFICIAL_TAB1	PACKAGE_ITEM_FORT_AGGRESSIVE_FLAG	7	-1	xxx	-1	xxx	-1	xxx	-1	xxx	
1	15	STORE_KT_OFFICIAL_TAB1	PACKAGE_ITEM_FORT_DEFENSIVE_FLAG	6	-1	xxx	-1	xxx	-1	xxx	-1	xxx	
1	15	STORE_KT_OFFICIAL_TAB1	PACKAGE_ITEM_FORT_MANUAL_BARRICADE	4	-1	xxx	-1	xxx	-1	xxx	-1	xxx	
1	15	STORE_KT_OFFICIAL_TAB1	PACKAGE_ITEM_FORT_MANUAL_BATTLECAMP	3	-1	xxx	-1	xxx	-1	xxx	-1	xxx	
1	15	STORE_KT_OFFICIAL_TAB1	PACKAGE_ITEM_FORT_REPAIR_KIT_01	2	-1	xxx	-1	xxx	-1	xxx	-1	xxx	
1	15	STORE_KT_OFFICIAL_TAB1	PACKAGE_ITEM_FORT_REPAIR_KIT_02	1	-1	xxx	-1	xxx	-1	xxx	-1	xxx	
1	15	STORE_KT_OFFICIAL_TAB1	PACKAGE_ITEM_FORT_SHOCK_BOMB	0	-1	xxx	-1	xxx	-1	xxx	-1	xxx	
1	15	STORE_KT_OFFICIAL_TAB1	PACKAGE_ITEM_FORT_TABLET_WHITETIGER_SILVER	5	-1	xxx	-1	xxx	-1	xxx	-1	xxx	
1	15	STORE_KT_SMITH_EU_TAB1	PACKAGE_ITEM_EU_AXE_05_A	15	-1	xxx	-1	xxx	-1	xxx	-1	xxx	
1	15	STORE_KT_SMITH_EU_TAB1	PACKAGE_ITEM_EU_AXE_06_A	16	-1	xxx	-1	xxx	-1	xxx	-1	xxx	
1	15	STORE_KT_SMITH_EU_TAB1	PACKAGE_ITEM_EU_AXE_07_A	17	-1	xxx	-1	xxx	-1	xxx	-1	xxx	
1	15	STORE_KT_SMITH_EU_TAB1	PACKAGE_ITEM_EU_AXE_08_A	18	-1	xxx	-1	xxx	-1	xxx	-1	xxx	
1	15	STORE_KT_SMITH_EU_TAB1	PACKAGE_ITEM_EU_AXE_09_A	19	-1	xxx	-1	xxx	-1	xxx	-1	xxx	
1	15	STORE_KT_SMITH_EU_TAB1	PACKAGE_ITEM_EU_CROSSBOW_05_A	20	-1	xxx	-1	xxx	-1	xxx	-1	xxx	
1	15	STORE_KT_SMITH_EU_TAB1	PACKAGE_ITEM_EU_CROSSBOW_06_A	21	-1	xxx	-1	xxx	-1	xxx	-1	xxx	
1	15	STORE_KT_SMITH_EU_TAB1	PACKAGE_ITEM_EU_CROSSBOW_07_A	22	-1	xxx	-1	xxx	-1	xxx	-1	xxx	
1	15	STORE_KT_SMITH_EU_TAB1	PACKAGE_ITEM_EU_CROSSBOW_08_A	23	-1	xxx	-1	xxx	-1	xxx	-1	xxx	
1	15	STORE_KT_SMITH_EU_TAB1	PACKAGE_ITEM_EU_CROSSBOW_09_A	24	-1	xxx	-1	xxx	-1	xxx	-1	xxx	
1	15	STORE_KT_SMITH_EU_TAB1	PACKAGE_ITEM_EU_DAGGER_05_A	0	-1	xxx	-1	xxx	-1	xxx	-1	xxx	
1	15	STORE_KT_SMITH_EU_TAB1	PACKAGE_ITEM_EU_DAGGER_06_A	1	-1	xxx	-1	xxx	-1	xxx	-1	xxx	
1	15	STORE_KT_SMITH_EU_TAB1	PACKAGE_ITEM_EU_DAGGER_07_A	2	-1	xxx	-1	xxx	-1	xxx	-1	xxx	
1	15	STORE_KT_SMITH_EU_TAB1	PACKAGE_ITEM_EU_DAGGER_08_A	3	-1	xxx	-1	xxx	-1	xxx	-1	xxx	
1	15	STORE_KT_SMITH_EU_TAB1	PACKAGE_ITEM_EU_DAGGER_09_A	4	-1	xxx	-1	xxx	-1	xxx	-1	xxx	
1	15	STORE_KT_SMITH_EU_TAB1	PACKAGE_ITEM_EU_DARKSTAFF_05_A	25	-1	xxx	-1	xxx	-1	xxx	-1	xxx	
1	15	STORE_KT_SMITH_EU_TAB1	PACKAGE_ITEM_EU_DARKSTAFF_06_A	26	-1	xxx	-1	xxx	-1	xxx	-1	xxx	
1	15	STORE_KT_SMITH_EU_TAB1	PACKAGE_ITEM_EU_DARKSTAFF_07_A	27	-1	xxx	-1	xxx	-1	xxx	-1	xxx	
1	15	STORE_KT_SMITH_EU_TAB1	PACKAGE_ITEM_EU_DARKSTAFF_08_A	28	-1	xxx	-1	xxx	-1	xxx	-1	xxx	
1	15	STORE_KT_SMITH_EU_TAB1	PACKAGE_ITEM_EU_DARKSTAFF_09_A	29	-1	xxx	-1	xxx	-1	xxx	-1	xxx	
1	15	STORE_KT_SMITH_EU_TAB1	PACKAGE_ITEM_EU_HARP_05_A	35	-1	xxx	-1	xxx	-1	xxx	-1	xxx	
1	15	STORE_KT_SMITH_EU_TAB1	PACKAGE_ITEM_EU_HARP_06_A	36	-1	xxx	-1	xxx	-1	xxx	-1	xxx	
1	15	STORE_KT_SMITH_EU_TAB1	PACKAGE_ITEM_EU_HARP_07_A	37	-1	xxx	-1	xxx	-1	xxx	-1	xxx	
1	15	STORE_KT_SMITH_EU_TAB1	PACKAGE_ITEM_EU_HARP_08_A	38	-1	xxx	-1	xxx	-1	xxx	-1	xxx	
1	15	STORE_KT_SMITH_EU_TAB1	PACKAGE_ITEM_EU_HARP_09_A	39	-1	xxx	-1	xxx	-1	xxx	-1	xxx	
1	15	STORE_KT_SMITH_EU_TAB1	PACKAGE_ITEM_EU_STAFF_05_A	40	-1	xxx	-1	xxx	-1	xxx	-1	xxx	
1	15	STORE_KT_SMITH_EU_TAB1	PACKAGE_ITEM_EU_STAFF_06_A	41	-1	xxx	-1	xxx	-1	xxx	-1	xxx	
1	15	STORE_KT_SMITH_EU_TAB1	PACKAGE_ITEM_EU_STAFF_07_A	42	-1	xxx	-1	xxx	-1	xxx	-1	xxx	
1	15	STORE_KT_SMITH_EU_TAB1	PACKAGE_ITEM_EU_STAFF_08_A	43	-1	xxx	-1	xxx	-1	xxx	-1	xxx	
1	15	STORE_KT_SMITH_EU_TAB1	PACKAGE_ITEM_EU_STAFF_09_A	44	-1	xxx	-1	xxx	-1	xxx	-1	xxx	
1	15	STORE_KT_SMITH_EU_TAB1	PACKAGE_ITEM_EU_SWORD_05_A	5	-1	xxx	-1	xxx	-1	xxx	-1	xxx	
1	15	STORE_KT_SMITH_EU_TAB1	PACKAGE_ITEM_EU_SWORD_06_A	6	-1	xxx	-1	xxx	-1	xxx	-1	xxx	
1	15	STORE_KT_SMITH_EU_TAB1	PACKAGE_ITEM_EU_SWORD_07_A	7	-1	xxx	-1	xxx	-1	xxx	-1	xxx	
1	15	STORE_KT_SMITH_EU_TAB1	PACKAGE_ITEM_EU_SWORD_08_A	8	-1	xxx	-1	xxx	-1	xxx	-1	xxx	
1	15	STORE_KT_SMITH_EU_TAB1	PACKAGE_ITEM_EU_SWORD_09_A	9	-1	xxx	-1	xxx	-1	xxx	-1	xxx	
1	15	STORE_KT_SMITH_EU_TAB1	PACKAGE_ITEM_EU_TSTAFF_05_A	30	-1	xxx	-1	xxx	-1	xxx	-1	xxx	
1	15	STORE_KT_SMITH_EU_TAB1	PACKAGE_ITEM_EU_TSTAFF_06_A	31	-1	xxx	-1	xxx	-1	xxx	-1	xxx	
1	15	STORE_KT_SMITH_EU_TAB1	PACKAGE_ITEM_EU_TSTAFF_07_A	32	-1	xxx	-1	xxx	-1	xxx	-1	xxx	
1	15	STORE_KT_SMITH_EU_TAB1	PACKAGE_ITEM_EU_TSTAFF_08_A	33	-1	xxx	-1	xxx	-1	xxx	-1	xxx	
1	15	STORE_KT_SMITH_EU_TAB1	PACKAGE_ITEM_EU_TSTAFF_09_A	34	-1	xxx	-1	xxx	-1	xxx	-1	xxx	
1	15	STORE_KT_SMITH_EU_TAB1	PACKAGE_ITEM_EU_TSWORD_05_A	10	-1	xxx	-1	xxx	-1	xxx	-1	xxx	
1	15	STORE_KT_SMITH_EU_TAB1	PACKAGE_ITEM_EU_TSWORD_06_A	11	-1	xxx	-1	xxx	-1	xxx	-1	xxx	
1	15	STORE_KT_SMITH_EU_TAB1	PACKAGE_ITEM_EU_TSWORD_07_A	12	-1	xxx	-1	xxx	-1	xxx	-1	xxx	
1	15	STORE_KT_SMITH_EU_TAB1	PACKAGE_ITEM_EU_TSWORD_08_A	13	-1	xxx	-1	xxx	-1	xxx	-1	xxx	
1	15	STORE_KT_SMITH_EU_TAB1	PACKAGE_ITEM_EU_TSWORD_09_A	14	-1	xxx	-1	xxx	-1	xxx	-1	xxx	
1	15	STORE_KT_SMITH_EU_TAB2	PACKAGE_ITEM_EU_SHIELD_05_A	0	-1	xxx	-1	xxx	-1	xxx	-1	xxx	
1	15	STORE_KT_SMITH_EU_TAB2	PACKAGE_ITEM_EU_SHIELD_06_A	1	-1	xxx	-1	xxx	-1	xxx	-1	xxx	
1	15	STORE_KT_SMITH_EU_TAB2	PACKAGE_ITEM_EU_SHIELD_07_A	2	-1	xxx	-1	xxx	-1	xxx	-1	xxx	
1	15	STORE_KT_SMITH_EU_TAB2	PACKAGE_ITEM_EU_SHIELD_08_A	3	-1	xxx	-1	xxx	-1	xxx	-1	xxx	
1	15	STORE_KT_SMITH_EU_TAB2	PACKAGE_ITEM_EU_SHIELD_09_A	4	-1	xxx	-1	xxx	-1	xxx	-1	xxx	
1	15	STORE_KT_SMITH_EU_TAB3	PACKAGE_ITEM_ETC_AMMO_BOLT_01	0	-1	xxx	-1	xxx	-1	xxx	-1	xxx	
1	15	STORE_KT_SMITH_TAB1	PACKAGE_ITEM_CH_BLADE_05_A	5	-1	xxx	-1	xxx	-1	xxx	-1	xxx	
1	15	STORE_KT_SMITH_TAB1	PACKAGE_ITEM_CH_BLADE_06_A	6	-1	xxx	-1	xxx	-1	xxx	-1	xxx	
1	15	STORE_KT_SMITH_TAB1	PACKAGE_ITEM_CH_BLADE_07_A	7	-1	xxx	-1	xxx	-1	xxx	-1	xxx	
1	15	STORE_KT_SMITH_TAB1	PACKAGE_ITEM_CH_BLADE_08_A	8	-1	xxx	-1	xxx	-1	xxx	-1	xxx	
1	15	STORE_KT_SMITH_TAB1	PACKAGE_ITEM_CH_BLADE_09_A	9	-1	xxx	-1	xxx	-1	xxx	-1	xxx	
1	15	STORE_KT_SMITH_TAB1	PACKAGE_ITEM_CH_BOW_05_A	20	-1	xxx	-1	xxx	-1	xxx	-1	xxx	
1	15	STORE_KT_SMITH_TAB1	PACKAGE_ITEM_CH_BOW_06_A	21	-1	xxx	-1	xxx	-1	xxx	-1	xxx	
1	15	STORE_KT_SMITH_TAB1	PACKAGE_ITEM_CH_BOW_07_A	22	-1	xxx	-1	xxx	-1	xxx	-1	xxx	
1	15	STORE_KT_SMITH_TAB1	PACKAGE_ITEM_CH_BOW_08_A	23	-1	xxx	-1	xxx	-1	xxx	-1	xxx	
1	15	STORE_KT_SMITH_TAB1	PACKAGE_ITEM_CH_BOW_09_A	24	-1	xxx	-1	xxx	-1	xxx	-1	xxx	
1	15	STORE_KT_SMITH_TAB1	PACKAGE_ITEM_CH_SPEAR_05_A	10	-1	xxx	-1	xxx	-1	xxx	-1	xxx	
1	15	STORE_KT_SMITH_TAB1	PACKAGE_ITEM_CH_SPEAR_06_A	11	-1	xxx	-1	xxx	-1	xxx	-1	xxx	
1	15	STORE_KT_SMITH_TAB1	PACKAGE_ITEM_CH_SPEAR_07_A	12	-1	xxx	-1	xxx	-1	xxx	-1	xxx	
1	15	STORE_KT_SMITH_TAB1	PACKAGE_ITEM_CH_SPEAR_08_A	13	-1	xxx	-1	xxx	-1	xxx	-1	xxx	
1	15	STORE_KT_SMITH_TAB1	PACKAGE_ITEM_CH_SPEAR_09_A	14	-1	xxx	-1	xxx	-1	xxx	-1	xxx	
1	15	STORE_KT_SMITH_TAB1	PACKAGE_ITEM_CH_SWORD_05_A	0	-1	xxx	-1	xxx	-1	xxx	-1	xxx	
1	15	STORE_KT_SMITH_TAB1	PACKAGE_ITEM_CH_SWORD_06_A	1	-1	xxx	-1	xxx	-1	xxx	-1	xxx	
1	15	STORE_KT_SMITH_TAB1	PACKAGE_ITEM_CH_SWORD_07_A	2	-1	xxx	-1	xxx	-1	xxx	-1	xxx	
1	15	STORE_KT_SMITH_TAB1	PACKAGE_ITEM_CH_SWORD_08_A	3	-1	xxx	-1	xxx	-1	xxx	-1	xxx	
1	15	STORE_KT_SMITH_TAB1	PACKAGE_ITEM_CH_SWORD_09_A	4	-1	xxx	-1	xxx	-1	xxx	-1	xxx	
1	15	STORE_KT_SMITH_TAB1	PACKAGE_ITEM_CH_TBLADE_05_A	15	-1	xxx	-1	xxx	-1	xxx	-1	xxx	
1	15	STORE_KT_SMITH_TAB1	PACKAGE_ITEM_CH_TBLADE_06_A	16	-1	xxx	-1	xxx	-1	xxx	-1	xxx	
1	15	STORE_KT_SMITH_TAB1	PACKAGE_ITEM_CH_TBLADE_07_A	17	-1	xxx	-1	xxx	-1	xxx	-1	xxx	
1	15	STORE_KT_SMITH_TAB1	PACKAGE_ITEM_CH_TBLADE_08_A	18	-1	xxx	-1	xxx	-1	xxx	-1	xxx	
1	15	STORE_KT_SMITH_TAB1	PACKAGE_ITEM_CH_TBLADE_09_A	19	-1	xxx	-1	xxx	-1	xxx	-1	xxx	
1	15	STORE_KT_SMITH_TAB2	PACKAGE_ITEM_CH_SHIELD_05_A	0	-1	xxx	-1	xxx	-1	xxx	-1	xxx	
1	15	STORE_KT_SMITH_TAB2	PACKAGE_ITEM_CH_SHIELD_06_A	1	-1	xxx	-1	xxx	-1	xxx	-1	xxx	
1	15	STORE_KT_SMITH_TAB2	PACKAGE_ITEM_CH_SHIELD_07_A	2	-1	xxx	-1	xxx	-1	xxx	-1	xxx	
1	15	STORE_KT_SMITH_TAB2	PACKAGE_ITEM_CH_SHIELD_08_A	3	-1	xxx	-1	xxx	-1	xxx	-1	xxx	
1	15	STORE_KT_SMITH_TAB2	PACKAGE_ITEM_CH_SHIELD_09_A	4	-1	xxx	-1	xxx	-1	xxx	-1	xxx	
1	15	STORE_KT_SMITH_TAB3	PACKAGE_ITEM_ETC_AMMO_ARROW_01	0	-1	xxx	-1	xxx	-1	xxx	-1	xxx	
1	15	STORE_KT_STABLE_TAB1	PACKAGE_ITEM_COS_C_DHORSE1	3	-1	xxx	-1	xxx	-1	xxx	-1	xxx	
1	15	STORE_KT_STABLE_TAB1	PACKAGE_ITEM_COS_C_HORSE1	0	-1	xxx	-1	xxx	-1	xxx	-1	xxx	
1	15	STORE_KT_STABLE_TAB1	PACKAGE_ITEM_COS_C_HORSE2	1	-1	xxx	-1	xxx	-1	xxx	-1	xxx	
1	15	STORE_KT_STABLE_TAB1	PACKAGE_ITEM_COS_C_HORSE3	2	-1	xxx	-1	xxx	-1	xxx	-1	xxx	
1	15	STORE_KT_STABLE_TAB3	PACKAGE_ITEM_COS_P_FLUTE	0	-1	xxx	-1	xxx	-1	xxx	-1	xxx	
1	15	STORE_KT_STABLE_TAB4	PACKAGE_ITEM_COS_P_CURE_ALL_01	4	-1	xxx	-1	xxx	-1	xxx	-1	xxx	
1	15	STORE_KT_STABLE_TAB4	PACKAGE_ITEM_COS_P_CURE_ALL_02	5	-1	xxx	-1	xxx	-1	xxx	-1	xxx	
1	15	STORE_KT_STABLE_TAB4	PACKAGE_ITEM_COS_P_HGP_POTION_01	3	-1	xxx	-1	xxx	-1	xxx	-1	xxx	
1	15	STORE_KT_STABLE_TAB4	PACKAGE_ITEM_COS_P_REVIVAL	2	-1	xxx	-1	xxx	-1	xxx	-1	xxx	
1	15	STORE_KT_STABLE_TAB4	PACKAGE_ITEM_ETC_COS_HP_POTION_01	0	-1	xxx	-1	xxx	-1	xxx	-1	xxx	
1	15	STORE_KT_STABLE_TAB4	PACKAGE_ITEM_ETC_COS_HP_POTION_02	1	-1	xxx	-1	xxx	-1	xxx	-1	xxx	
1	15	STORE_KT_STABLE_TAB4	PACKAGE_ITEM_ETC_COS_HP_POTION_03	6	-1	xxx	-1	xxx	-1	xxx	-1	xxx	
1	15	STORE_SD_ACCESSORY_EU_TAB1	PACKAGE_ITEM_EU_NECKLACE_06_C	0	-1	xxx	-1	xxx	-1	xxx	-1	xxx	
1	15	STORE_SD_ACCESSORY_EU_TAB1	PACKAGE_ITEM_EU_NECKLACE_07_A	1	-1	xxx	-1	xxx	-1	xxx	-1	xxx	
1	15	STORE_SD_ACCESSORY_EU_TAB1	PACKAGE_ITEM_EU_NECKLACE_08_A	2	-1	xxx	-1	xxx	-1	xxx	-1	xxx	
1	15	STORE_SD_ACCESSORY_EU_TAB1	PACKAGE_ITEM_EU_NECKLACE_09_A	3	-1	xxx	-1	xxx	-1	xxx	-1	xxx	
1	15	STORE_SD_ACCESSORY_EU_TAB1	PACKAGE_ITEM_EU_RING_05_A	4	-1	xxx	-1	xxx	-1	xxx	-1	xxx	
1	15	STORE_SD_ACCESSORY_EU_TAB1	PACKAGE_ITEM_EU_RING_06_A	5	-1	xxx	-1	xxx	-1	xxx	-1	xxx	
1	15	STORE_SD_ACCESSORY_EU_TAB1	PACKAGE_ITEM_EU_RING_07_A	6	-1	xxx	-1	xxx	-1	xxx	-1	xxx	
1	15	STORE_SD_ACCESSORY_EU_TAB1	PACKAGE_ITEM_EU_RING_08_A	7	-1	xxx	-1	xxx	-1	xxx	-1	xxx	
1	15	STORE_SD_ACCESSORY_EU_TAB1	PACKAGE_ITEM_EU_RING_09_A	8	-1	xxx	-1	xxx	-1	xxx	-1	xxx	
1	15	STORE_SD_ACCESSORY_EU_TAB2	PACKAGE_ITEM_ETC_SCROLL_RETURN_01	0	-1	xxx	-1	xxx	-1	xxx	-1	xxx	
1	15	STORE_SD_ACCESSORY_EU_TAB2	PACKAGE_ITEM_ETC_SCROLL_RETURN_02	1	-1	xxx	-1	xxx	-1	xxx	-1	xxx	
1	15	STORE_SD_ACCESSORY_EU_TAB3	PACKAGE_ITEM_ETC_ARCHEMY_ETC_02	1	-1	xxx	-1	xxx	-1	xxx	-1	xxx	
1	15	STORE_SD_ACCESSORY_EU_TAB3	PACKAGE_ITEM_ETC_ARCHEMY_POTION_SPEED_05	2	-1	xxx	-1	xxx	-1	xxx	-1	xxx	
1	15	STORE_SD_ACCESSORY_EU_TAB3	PACKAGE_ITEM_ETC_ARCHEMY_POTION_SPEED_11	3	-1	xxx	-1	xxx	-1	xxx	-1	xxx	
1	15	STORE_SD_ACCESSORY_EU_TAB3	PACKAGE_ITEM_ETC_ARCHEMY_REINFORCE_PROB_UP_A_05	4	-1	xxx	-1	xxx	-1	xxx	-1	xxx	
1	15	STORE_SD_ACCESSORY_EU_TAB3	PACKAGE_ITEM_ETC_ARCHEMY_REINFORCE_PROB_UP_A_06	5	-1	xxx	-1	xxx	-1	xxx	-1	xxx	
1	15	STORE_SD_ACCESSORY_EU_TAB3	PACKAGE_ITEM_ETC_ARCHEMY_REINFORCE_PROB_UP_A_07	6	-1	xxx	-1	xxx	-1	xxx	-1	xxx	
1	15	STORE_SD_ACCESSORY_EU_TAB3	PACKAGE_ITEM_ETC_ARCHEMY_REINFORCE_PROB_UP_A_08	7	-1	xxx	-1	xxx	-1	xxx	-1	xxx	
1	15	STORE_SD_ACCESSORY_EU_TAB3	PACKAGE_ITEM_ETC_ARCHEMY_REINFORCE_PROB_UP_A_09	8	-1	xxx	-1	xxx	-1	xxx	-1	xxx	
1	15	STORE_SD_ACCESSORY_EU_TAB3	PACKAGE_ITEM_ETC_ARCHEMY_REINFORCE_PROB_UP_A_10	9	-1	xxx	-1	xxx	-1	xxx	-1	xxx	
1	15	STORE_SD_ACCESSORY_EU_TAB3	PACKAGE_ITEM_ETC_ARCHEMY_REINFORCE_PROB_UP_A_11	10	-1	xxx	-1	xxx	-1	xxx	-1	xxx	
1	15	STORE_SD_ACCESSORY_EU_TAB3	PACKAGE_ITEM_ETC_ARCHEMY_RONDO_01	11	-1	xxx	-1	xxx	-1	xxx	-1	xxx	
1	15	STORE_SD_ACCESSORY_EU_TAB3	PACKAGE_ITEM_ETC_ARCHEMY_RONDO_02	12	-1	xxx	-1	xxx	-1	xxx	-1	xxx	
1	15	STORE_SD_ACCESSORY_EU_TAB3	PACKAGE_ITEM_ETC_SOCKET_STONE_ER_E	14	-1	xxx	-1	xxx	-1	xxx	-1	xxx	
1	15	STORE_SD_ACCESSORY_EU_TAB3	PACKAGE_ITEM_ETC_SOCKET_STONE_GOLD_E	13	-1	xxx	-1	xxx	-1	xxx	-1	xxx	
1	15	STORE_SD_ACCESSORY_EU_TAB3	PACKAGE_ITEM_ETC_SOCKET_STONE_HEAL_E	16	-1	xxx	-1	xxx	-1	xxx	-1	xxx	
1	15	STORE_SD_ACCESSORY_EU_TAB3	PACKAGE_ITEM_ETC_SOCKET_STONE_HPI_E	18	-1	xxx	-1	xxx	-1	xxx	-1	xxx	
1	15	STORE_SD_ACCESSORY_EU_TAB3	PACKAGE_ITEM_ETC_SOCKET_STONE_HR_E	19	-1	xxx	-1	xxx	-1	xxx	-1	xxx	
1	15	STORE_SD_ACCESSORY_EU_TAB3	PACKAGE_ITEM_ETC_SOCKET_STONE_MENTAL_E	17	-1	xxx	-1	xxx	-1	xxx	-1	xxx	
1	15	STORE_SD_ACCESSORY_EU_TAB3	PACKAGE_ITEM_ETC_SOCKET_STONE_MPI_E	15	-1	xxx	-1	xxx	-1	xxx	-1	xxx	
1	15	STORE_SD_ACCESSORY_EU_TAB3	PACKAGE_ITEM_ETC_TRADE_MATERIAL_DESTROYSTONE	0	-1	xxx	-1	xxx	-1	xxx	-1	xxx	
1	15	STORE_SD_SET_ARMOR_EU_TAB1	PACKAGE_ITEM_EU_M_HEAVY_11_AA_SET_A	0	-1	xxx	-1	xxx	-1	xxx	-1	xxx	
1	15	STORE_SD_SET_ARMOR_EU_TAB1	PACKAGE_ITEM_EU_M_HEAVY_11_AA_SET_A_RARE	12	-1	xxx	-1	xxx	-1	xxx	-1	xxx	
1	15	STORE_SD_SET_ARMOR_EU_TAB1	PACKAGE_ITEM_EU_M_HEAVY_11_AA_SET_B	6	-1	xxx	-1	xxx	-1	xxx	-1	xxx	
1	15	STORE_SD_SET_ARMOR_EU_TAB1	PACKAGE_ITEM_EU_M_HEAVY_11_AA_SET_B_RARE	18	-1	xxx	-1	xxx	-1	xxx	-1	xxx	
1	15	STORE_SD_SET_ARMOR_EU_TAB1	PACKAGE_ITEM_EU_M_HEAVY_11_BA_SET_A	1	-1	xxx	-1	xxx	-1	xxx	-1	xxx	
1	15	STORE_SD_SET_ARMOR_EU_TAB1	PACKAGE_ITEM_EU_M_HEAVY_11_BA_SET_A_RARE	13	-1	xxx	-1	xxx	-1	xxx	-1	xxx	
1	15	STORE_SD_SET_ARMOR_EU_TAB1	PACKAGE_ITEM_EU_M_HEAVY_11_BA_SET_B	7	-1	xxx	-1	xxx	-1	xxx	-1	xxx	
1	15	STORE_SD_SET_ARMOR_EU_TAB1	PACKAGE_ITEM_EU_M_HEAVY_11_BA_SET_B_RARE	19	-1	xxx	-1	xxx	-1	xxx	-1	xxx	
1	15	STORE_SD_SET_ARMOR_EU_TAB1	PACKAGE_ITEM_EU_M_HEAVY_11_FA_SET_A	2	-1	xxx	-1	xxx	-1	xxx	-1	xxx	
1	15	STORE_SD_SET_ARMOR_EU_TAB1	PACKAGE_ITEM_EU_M_HEAVY_11_FA_SET_A_RARE	14	-1	xxx	-1	xxx	-1	xxx	-1	xxx	
1	15	STORE_SD_SET_ARMOR_EU_TAB1	PACKAGE_ITEM_EU_M_HEAVY_11_FA_SET_B	8	-1	xxx	-1	xxx	-1	xxx	-1	xxx	
1	15	STORE_SD_SET_ARMOR_EU_TAB1	PACKAGE_ITEM_EU_M_HEAVY_11_FA_SET_B_RARE	20	-1	xxx	-1	xxx	-1	xxx	-1	xxx	
1	15	STORE_SD_SET_ARMOR_EU_TAB1	PACKAGE_ITEM_EU_M_HEAVY_11_HA_SET_A	3	-1	xxx	-1	xxx	-1	xxx	-1	xxx	
1	15	STORE_SD_SET_ARMOR_EU_TAB1	PACKAGE_ITEM_EU_M_HEAVY_11_HA_SET_A_RARE	15	-1	xxx	-1	xxx	-1	xxx	-1	xxx	
1	15	STORE_SD_SET_ARMOR_EU_TAB1	PACKAGE_ITEM_EU_M_HEAVY_11_HA_SET_B	9	-1	xxx	-1	xxx	-1	xxx	-1	xxx	
1	15	STORE_SD_SET_ARMOR_EU_TAB1	PACKAGE_ITEM_EU_M_HEAVY_11_HA_SET_B_RARE	21	-1	xxx	-1	xxx	-1	xxx	-1	xxx	
1	15	STORE_SD_SET_ARMOR_EU_TAB1	PACKAGE_ITEM_EU_M_HEAVY_11_LA_SET_A	4	-1	xxx	-1	xxx	-1	xxx	-1	xxx	
1	15	STORE_SD_SET_ARMOR_EU_TAB1	PACKAGE_ITEM_EU_M_HEAVY_11_LA_SET_A_RARE	16	-1	xxx	-1	xxx	-1	xxx	-1	xxx	
1	15	STORE_SD_SET_ARMOR_EU_TAB1	PACKAGE_ITEM_EU_M_HEAVY_11_LA_SET_B	10	-1	xxx	-1	xxx	-1	xxx	-1	xxx	
1	15	STORE_SD_SET_ARMOR_EU_TAB1	PACKAGE_ITEM_EU_M_HEAVY_11_LA_SET_B_RARE	22	-1	xxx	-1	xxx	-1	xxx	-1	xxx	
1	15	STORE_SD_SET_ARMOR_EU_TAB1	PACKAGE_ITEM_EU_M_HEAVY_11_SA_SET_A	5	-1	xxx	-1	xxx	-1	xxx	-1	xxx	
1	15	STORE_SD_SET_ARMOR_EU_TAB1	PACKAGE_ITEM_EU_M_HEAVY_11_SA_SET_A_RARE	17	-1	xxx	-1	xxx	-1	xxx	-1	xxx	
1	15	STORE_SD_SET_ARMOR_EU_TAB1	PACKAGE_ITEM_EU_M_HEAVY_11_SA_SET_B	11	-1	xxx	-1	xxx	-1	xxx	-1	xxx	
1	15	STORE_SD_SET_ARMOR_EU_TAB1	PACKAGE_ITEM_EU_M_HEAVY_11_SA_SET_B_RARE	23	-1	xxx	-1	xxx	-1	xxx	-1	xxx	
1	15	STORE_SD_SET_ARMOR_EU_TAB2	PACKAGE_ITEM_EU_M_LIGHT_11_AA_SET_A	0	-1	xxx	-1	xxx	-1	xxx	-1	xxx	
1	15	STORE_SD_SET_ARMOR_EU_TAB2	PACKAGE_ITEM_EU_M_LIGHT_11_AA_SET_A_RARE	12	-1	xxx	-1	xxx	-1	xxx	-1	xxx	
1	15	STORE_SD_SET_ARMOR_EU_TAB2	PACKAGE_ITEM_EU_M_LIGHT_11_AA_SET_B	6	-1	xxx	-1	xxx	-1	xxx	-1	xxx	
1	15	STORE_SD_SET_ARMOR_EU_TAB2	PACKAGE_ITEM_EU_M_LIGHT_11_AA_SET_B_RARE	18	-1	xxx	-1	xxx	-1	xxx	-1	xxx	
1	15	STORE_SD_SET_ARMOR_EU_TAB2	PACKAGE_ITEM_EU_M_LIGHT_11_BA_SET_A	1	-1	xxx	-1	xxx	-1	xxx	-1	xxx	
1	15	STORE_SD_SET_ARMOR_EU_TAB2	PACKAGE_ITEM_EU_M_LIGHT_11_BA_SET_A_RARE	13	-1	xxx	-1	xxx	-1	xxx	-1	xxx	
1	15	STORE_SD_SET_ARMOR_EU_TAB2	PACKAGE_ITEM_EU_M_LIGHT_11_BA_SET_B	7	-1	xxx	-1	xxx	-1	xxx	-1	xxx	
1	15	STORE_SD_SET_ARMOR_EU_TAB2	PACKAGE_ITEM_EU_M_LIGHT_11_BA_SET_B_RARE	19	-1	xxx	-1	xxx	-1	xxx	-1	xxx	
1	15	STORE_SD_SET_ARMOR_EU_TAB2	PACKAGE_ITEM_EU_M_LIGHT_11_FA_SET_A	2	-1	xxx	-1	xxx	-1	xxx	-1	xxx	
1	15	STORE_SD_SET_ARMOR_EU_TAB2	PACKAGE_ITEM_EU_M_LIGHT_11_FA_SET_A_RARE	14	-1	xxx	-1	xxx	-1	xxx	-1	xxx	
1	15	STORE_SD_SET_ARMOR_EU_TAB2	PACKAGE_ITEM_EU_M_LIGHT_11_FA_SET_B	8	-1	xxx	-1	xxx	-1	xxx	-1	xxx	
1	15	STORE_SD_SET_ARMOR_EU_TAB2	PACKAGE_ITEM_EU_M_LIGHT_11_FA_SET_B_RARE	20	-1	xxx	-1	xxx	-1	xxx	-1	xxx	
1	15	STORE_SD_SET_ARMOR_EU_TAB2	PACKAGE_ITEM_EU_M_LIGHT_11_HA_SET_A	3	-1	xxx	-1	xxx	-1	xxx	-1	xxx	
1	15	STORE_SD_SET_ARMOR_EU_TAB2	PACKAGE_ITEM_EU_M_LIGHT_11_HA_SET_A_RARE	15	-1	xxx	-1	xxx	-1	xxx	-1	xxx	
1	15	STORE_SD_SET_ARMOR_EU_TAB2	PACKAGE_ITEM_EU_M_LIGHT_11_HA_SET_B	9	-1	xxx	-1	xxx	-1	xxx	-1	xxx	
1	15	STORE_SD_SET_ARMOR_EU_TAB2	PACKAGE_ITEM_EU_M_LIGHT_11_HA_SET_B_RARE	21	-1	xxx	-1	xxx	-1	xxx	-1	xxx	
1	15	STORE_SD_SET_ARMOR_EU_TAB2	PACKAGE_ITEM_EU_M_LIGHT_11_LA_SET_A	4	-1	xxx	-1	xxx	-1	xxx	-1	xxx	
1	15	STORE_SD_SET_ARMOR_EU_TAB2	PACKAGE_ITEM_EU_M_LIGHT_11_LA_SET_A_RARE	16	-1	xxx	-1	xxx	-1	xxx	-1	xxx	
1	15	STORE_SD_SET_ARMOR_EU_TAB2	PACKAGE_ITEM_EU_M_LIGHT_11_LA_SET_B	10	-1	xxx	-1	xxx	-1	xxx	-1	xxx	
1	15	STORE_SD_SET_ARMOR_EU_TAB2	PACKAGE_ITEM_EU_M_LIGHT_11_LA_SET_B_RARE	22	-1	xxx	-1	xxx	-1	xxx	-1	xxx	
1	15	STORE_SD_SET_ARMOR_EU_TAB2	PACKAGE_ITEM_EU_M_LIGHT_11_SA_SET_A	5	-1	xxx	-1	xxx	-1	xxx	-1	xxx	
1	15	STORE_SD_SET_ARMOR_EU_TAB2	PACKAGE_ITEM_EU_M_LIGHT_11_SA_SET_A_RARE	17	-1	xxx	-1	xxx	-1	xxx	-1	xxx	
1	15	STORE_SD_SET_ARMOR_EU_TAB2	PACKAGE_ITEM_EU_M_LIGHT_11_SA_SET_B	11	-1	xxx	-1	xxx	-1	xxx	-1	xxx	
1	15	STORE_SD_SET_ARMOR_EU_TAB2	PACKAGE_ITEM_EU_M_LIGHT_11_SA_SET_B_RARE	23	-1	xxx	-1	xxx	-1	xxx	-1	xxx	
1	15	STORE_SD_SET_ARMOR_EU_TAB3	PACKAGE_ITEM_EU_M_CLOTHES_11_AA_SET_A	0	-1	xxx	-1	xxx	-1	xxx	-1	xxx	
1	15	STORE_SD_SET_ARMOR_EU_TAB3	PACKAGE_ITEM_EU_M_CLOTHES_11_AA_SET_A_RARE	12	-1	xxx	-1	xxx	-1	xxx	-1	xxx	
1	15	STORE_SD_SET_ARMOR_EU_TAB3	PACKAGE_ITEM_EU_M_CLOTHES_11_AA_SET_B	6	-1	xxx	-1	xxx	-1	xxx	-1	xxx	
1	15	STORE_SD_SET_ARMOR_EU_TAB3	PACKAGE_ITEM_EU_M_CLOTHES_11_AA_SET_B_RARE	18	-1	xxx	-1	xxx	-1	xxx	-1	xxx	
1	15	STORE_SD_SET_ARMOR_EU_TAB3	PACKAGE_ITEM_EU_M_CLOTHES_11_BA_SET_A	1	-1	xxx	-1	xxx	-1	xxx	-1	xxx	
1	15	STORE_SD_SET_ARMOR_EU_TAB3	PACKAGE_ITEM_EU_M_CLOTHES_11_BA_SET_A_RARE	13	-1	xxx	-1	xxx	-1	xxx	-1	xxx	
1	15	STORE_SD_SET_ARMOR_EU_TAB3	PACKAGE_ITEM_EU_M_CLOTHES_11_BA_SET_B	7	-1	xxx	-1	xxx	-1	xxx	-1	xxx	
1	15	STORE_SD_SET_ARMOR_EU_TAB3	PACKAGE_ITEM_EU_M_CLOTHES_11_BA_SET_B_RARE	19	-1	xxx	-1	xxx	-1	xxx	-1	xxx	
1	15	STORE_SD_SET_ARMOR_EU_TAB3	PACKAGE_ITEM_EU_M_CLOTHES_11_FA_SET_A	2	-1	xxx	-1	xxx	-1	xxx	-1	xxx	
1	15	STORE_SD_SET_ARMOR_EU_TAB3	PACKAGE_ITEM_EU_M_CLOTHES_11_FA_SET_A_RARE	14	-1	xxx	-1	xxx	-1	xxx	-1	xxx	
1	15	STORE_SD_SET_ARMOR_EU_TAB3	PACKAGE_ITEM_EU_M_CLOTHES_11_FA_SET_B	8	-1	xxx	-1	xxx	-1	xxx	-1	xxx	
1	15	STORE_SD_SET_ARMOR_EU_TAB3	PACKAGE_ITEM_EU_M_CLOTHES_11_FA_SET_B_RARE	20	-1	xxx	-1	xxx	-1	xxx	-1	xxx	
1	15	STORE_SD_SET_ARMOR_EU_TAB3	PACKAGE_ITEM_EU_M_CLOTHES_11_HA_SET_A	3	-1	xxx	-1	xxx	-1	xxx	-1	xxx	
1	15	STORE_SD_SET_ARMOR_EU_TAB3	PACKAGE_ITEM_EU_M_CLOTHES_11_HA_SET_A_RARE	15	-1	xxx	-1	xxx	-1	xxx	-1	xxx	
1	15	STORE_SD_SET_ARMOR_EU_TAB3	PACKAGE_ITEM_EU_M_CLOTHES_11_HA_SET_B	9	-1	xxx	-1	xxx	-1	xxx	-1	xxx	
1	15	STORE_SD_SET_ARMOR_EU_TAB3	PACKAGE_ITEM_EU_M_CLOTHES_11_HA_SET_B_RARE	21	-1	xxx	-1	xxx	-1	xxx	-1	xxx	
1	15	STORE_SD_SET_ARMOR_EU_TAB3	PACKAGE_ITEM_EU_M_CLOTHES_11_LA_SET_A	4	-1	xxx	-1	xxx	-1	xxx	-1	xxx	
1	15	STORE_SD_SET_ARMOR_EU_TAB3	PACKAGE_ITEM_EU_M_CLOTHES_11_LA_SET_A_RARE	16	-1	xxx	-1	xxx	-1	xxx	-1	xxx	
1	15	STORE_SD_SET_ARMOR_EU_TAB3	PACKAGE_ITEM_EU_M_CLOTHES_11_LA_SET_B	10	-1	xxx	-1	xxx	-1	xxx	-1	xxx	
1	15	STORE_SD_SET_ARMOR_EU_TAB3	PACKAGE_ITEM_EU_M_CLOTHES_11_LA_SET_B_RARE	22	-1	xxx	-1	xxx	-1	xxx	-1	xxx	
1	15	STORE_SD_SET_ARMOR_EU_TAB3	PACKAGE_ITEM_EU_M_CLOTHES_11_SA_SET_A	5	-1	xxx	-1	xxx	-1	xxx	-1	xxx	
1	15	STORE_SD_SET_ARMOR_EU_TAB3	PACKAGE_ITEM_EU_M_CLOTHES_11_SA_SET_A_RARE	17	-1	xxx	-1	xxx	-1	xxx	-1	xxx	
1	15	STORE_SD_SET_ARMOR_EU_TAB3	PACKAGE_ITEM_EU_M_CLOTHES_11_SA_SET_B	11	-1	xxx	-1	xxx	-1	xxx	-1	xxx	
1	15	STORE_SD_SET_ARMOR_EU_TAB3	PACKAGE_ITEM_EU_M_CLOTHES_11_SA_SET_B_RARE	23	-1	xxx	-1	xxx	-1	xxx	-1	xxx	
1	15	STORE_SD_SET_ARMOR_EU_TAB4	PACKAGE_ITEM_EU_W_HEAVY_11_AA_SET_A	0	-1	xxx	-1	xxx	-1	xxx	-1	xxx	
1	15	STORE_SD_SET_ARMOR_EU_TAB4	PACKAGE_ITEM_EU_W_HEAVY_11_AA_SET_A_RARE	12	-1	xxx	-1	xxx	-1	xxx	-1	xxx	
1	15	STORE_SD_SET_ARMOR_EU_TAB4	PACKAGE_ITEM_EU_W_HEAVY_11_AA_SET_B	6	-1	xxx	-1	xxx	-1	xxx	-1	xxx	
1	15	STORE_SD_SET_ARMOR_EU_TAB4	PACKAGE_ITEM_EU_W_HEAVY_11_AA_SET_B_RARE	18	-1	xxx	-1	xxx	-1	xxx	-1	xxx	
1	15	STORE_SD_SET_ARMOR_EU_TAB4	PACKAGE_ITEM_EU_W_HEAVY_11_BA_SET_A	1	-1	xxx	-1	xxx	-1	xxx	-1	xxx	
1	15	STORE_SD_SET_ARMOR_EU_TAB4	PACKAGE_ITEM_EU_W_HEAVY_11_BA_SET_A_RARE	13	-1	xxx	-1	xxx	-1	xxx	-1	xxx	
1	15	STORE_SD_SET_ARMOR_EU_TAB4	PACKAGE_ITEM_EU_W_HEAVY_11_BA_SET_B	7	-1	xxx	-1	xxx	-1	xxx	-1	xxx	
1	15	STORE_SD_SET_ARMOR_EU_TAB4	PACKAGE_ITEM_EU_W_HEAVY_11_BA_SET_B_RARE	19	-1	xxx	-1	xxx	-1	xxx	-1	xxx	
1	15	STORE_SD_SET_ARMOR_EU_TAB4	PACKAGE_ITEM_EU_W_HEAVY_11_FA_SET_A	2	-1	xxx	-1	xxx	-1	xxx	-1	xxx	
1	15	STORE_SD_SET_ARMOR_EU_TAB4	PACKAGE_ITEM_EU_W_HEAVY_11_FA_SET_A_RARE	14	-1	xxx	-1	xxx	-1	xxx	-1	xxx	
1	15	STORE_SD_SET_ARMOR_EU_TAB4	PACKAGE_ITEM_EU_W_HEAVY_11_FA_SET_B	8	-1	xxx	-1	xxx	-1	xxx	-1	xxx	
1	15	STORE_SD_SET_ARMOR_EU_TAB4	PACKAGE_ITEM_EU_W_HEAVY_11_FA_SET_B_RARE	20	-1	xxx	-1	xxx	-1	xxx	-1	xxx	
1	15	STORE_SD_SET_ARMOR_EU_TAB4	PACKAGE_ITEM_EU_W_HEAVY_11_HA_SET_A	3	-1	xxx	-1	xxx	-1	xxx	-1	xxx	
1	15	STORE_SD_SET_ARMOR_EU_TAB4	PACKAGE_ITEM_EU_W_HEAVY_11_HA_SET_A_RARE	15	-1	xxx	-1	xxx	-1	xxx	-1	xxx	
1	15	STORE_SD_SET_ARMOR_EU_TAB4	PACKAGE_ITEM_EU_W_HEAVY_11_HA_SET_B	9	-1	xxx	-1	xxx	-1	xxx	-1	xxx	
1	15	STORE_SD_SET_ARMOR_EU_TAB4	PACKAGE_ITEM_EU_W_HEAVY_11_HA_SET_B_RARE	21	-1	xxx	-1	xxx	-1	xxx	-1	xxx	
1	15	STORE_SD_SET_ARMOR_EU_TAB4	PACKAGE_ITEM_EU_W_HEAVY_11_LA_SET_A	4	-1	xxx	-1	xxx	-1	xxx	-1	xxx	
1	15	STORE_SD_SET_ARMOR_EU_TAB4	PACKAGE_ITEM_EU_W_HEAVY_11_LA_SET_A_RARE	16	-1	xxx	-1	xxx	-1	xxx	-1	xxx	
1	15	STORE_SD_SET_ARMOR_EU_TAB4	PACKAGE_ITEM_EU_W_HEAVY_11_LA_SET_B	10	-1	xxx	-1	xxx	-1	xxx	-1	xxx	
1	15	STORE_SD_SET_ARMOR_EU_TAB4	PACKAGE_ITEM_EU_W_HEAVY_11_LA_SET_B_RARE	22	-1	xxx	-1	xxx	-1	xxx	-1	xxx	
1	15	STORE_SD_SET_ARMOR_EU_TAB4	PACKAGE_ITEM_EU_W_HEAVY_11_SA_SET_A	5	-1	xxx	-1	xxx	-1	xxx	-1	xxx	
1	15	STORE_SD_SET_ARMOR_EU_TAB4	PACKAGE_ITEM_EU_W_HEAVY_11_SA_SET_A_RARE	17	-1	xxx	-1	xxx	-1	xxx	-1	xxx	
1	15	STORE_SD_SET_ARMOR_EU_TAB4	PACKAGE_ITEM_EU_W_HEAVY_11_SA_SET_B	11	-1	xxx	-1	xxx	-1	xxx	-1	xxx	
1	15	STORE_SD_SET_ARMOR_EU_TAB4	PACKAGE_ITEM_EU_W_HEAVY_11_SA_SET_B_RARE	23	-1	xxx	-1	xxx	-1	xxx	-1	xxx	
1	15	STORE_SD_SET_ARMOR_EU_TAB5	PACKAGE_ITEM_EU_W_LIGHT_11_AA_SET_A	0	-1	xxx	-1	xxx	-1	xxx	-1	xxx	
1	15	STORE_SD_SET_ARMOR_EU_TAB5	PACKAGE_ITEM_EU_W_LIGHT_11_AA_SET_A_RARE	12	-1	xxx	-1	xxx	-1	xxx	-1	xxx	
1	15	STORE_SD_SET_ARMOR_EU_TAB5	PACKAGE_ITEM_EU_W_LIGHT_11_AA_SET_B	6	-1	xxx	-1	xxx	-1	xxx	-1	xxx	
1	15	STORE_SD_SET_ARMOR_EU_TAB5	PACKAGE_ITEM_EU_W_LIGHT_11_AA_SET_B_RARE	18	-1	xxx	-1	xxx	-1	xxx	-1	xxx	
1	15	STORE_SD_SET_ARMOR_EU_TAB5	PACKAGE_ITEM_EU_W_LIGHT_11_BA_SET_A	1	-1	xxx	-1	xxx	-1	xxx	-1	xxx	
1	15	STORE_SD_SET_ARMOR_EU_TAB5	PACKAGE_ITEM_EU_W_LIGHT_11_BA_SET_A_RARE	13	-1	xxx	-1	xxx	-1	xxx	-1	xxx	
1	15	STORE_SD_SET_ARMOR_EU_TAB5	PACKAGE_ITEM_EU_W_LIGHT_11_BA_SET_B	7	-1	xxx	-1	xxx	-1	xxx	-1	xxx	
1	15	STORE_SD_SET_ARMOR_EU_TAB5	PACKAGE_ITEM_EU_W_LIGHT_11_BA_SET_B_RARE	19	-1	xxx	-1	xxx	-1	xxx	-1	xxx	
1	15	STORE_SD_SET_ARMOR_EU_TAB5	PACKAGE_ITEM_EU_W_LIGHT_11_FA_SET_A	2	-1	xxx	-1	xxx	-1	xxx	-1	xxx	
1	15	STORE_SD_SET_ARMOR_EU_TAB5	PACKAGE_ITEM_EU_W_LIGHT_11_FA_SET_A_RARE	14	-1	xxx	-1	xxx	-1	xxx	-1	xxx	
1	15	STORE_SD_SET_ARMOR_EU_TAB5	PACKAGE_ITEM_EU_W_LIGHT_11_FA_SET_B	8	-1	xxx	-1	xxx	-1	xxx	-1	xxx	
1	15	STORE_SD_SET_ARMOR_EU_TAB5	PACKAGE_ITEM_EU_W_LIGHT_11_FA_SET_B_RARE	20	-1	xxx	-1	xxx	-1	xxx	-1	xxx	
1	15	STORE_SD_SET_ARMOR_EU_TAB5	PACKAGE_ITEM_EU_W_LIGHT_11_HA_SET_A	3	-1	xxx	-1	xxx	-1	xxx	-1	xxx	
1	15	STORE_SD_SET_ARMOR_EU_TAB5	PACKAGE_ITEM_EU_W_LIGHT_11_HA_SET_A_RARE	15	-1	xxx	-1	xxx	-1	xxx	-1	xxx	
1	15	STORE_SD_SET_ARMOR_EU_TAB5	PACKAGE_ITEM_EU_W_LIGHT_11_HA_SET_B	9	-1	xxx	-1	xxx	-1	xxx	-1	xxx	
1	15	STORE_SD_SET_ARMOR_EU_TAB5	PACKAGE_ITEM_EU_W_LIGHT_11_HA_SET_B_RARE	21	-1	xxx	-1	xxx	-1	xxx	-1	xxx	
1	15	STORE_SD_SET_ARMOR_EU_TAB5	PACKAGE_ITEM_EU_W_LIGHT_11_LA_SET_A	4	-1	xxx	-1	xxx	-1	xxx	-1	xxx	
1	15	STORE_SD_SET_ARMOR_EU_TAB5	PACKAGE_ITEM_EU_W_LIGHT_11_LA_SET_A_RARE	16	-1	xxx	-1	xxx	-1	xxx	-1	xxx	
1	15	STORE_SD_SET_ARMOR_EU_TAB5	PACKAGE_ITEM_EU_W_LIGHT_11_LA_SET_B	10	-1	xxx	-1	xxx	-1	xxx	-1	xxx	
1	15	STORE_SD_SET_ARMOR_EU_TAB5	PACKAGE_ITEM_EU_W_LIGHT_11_LA_SET_B_RARE	22	-1	xxx	-1	xxx	-1	xxx	-1	xxx	
1	15	STORE_SD_SET_ARMOR_EU_TAB5	PACKAGE_ITEM_EU_W_LIGHT_11_SA_SET_A	5	-1	xxx	-1	xxx	-1	xxx	-1	xxx	
1	15	STORE_SD_SET_ARMOR_EU_TAB5	PACKAGE_ITEM_EU_W_LIGHT_11_SA_SET_A_RARE	17	-1	xxx	-1	xxx	-1	xxx	-1	xxx	
1	15	STORE_SD_SET_ARMOR_EU_TAB5	PACKAGE_ITEM_EU_W_LIGHT_11_SA_SET_B	11	-1	xxx	-1	xxx	-1	xxx	-1	xxx	
1	15	STORE_SD_SET_ARMOR_EU_TAB5	PACKAGE_ITEM_EU_W_LIGHT_11_SA_SET_B_RARE	23	-1	xxx	-1	xxx	-1	xxx	-1	xxx	
1	15	STORE_SD_SET_ARMOR_EU_TAB6	PACKAGE_ITEM_EU_W_CLOTHES_11_AA_SET_A	0	-1	xxx	-1	xxx	-1	xxx	-1	xxx	
1	15	STORE_SD_SET_ARMOR_EU_TAB6	PACKAGE_ITEM_EU_W_CLOTHES_11_AA_SET_A_RARE	12	-1	xxx	-1	xxx	-1	xxx	-1	xxx	
1	15	STORE_SD_SET_ARMOR_EU_TAB6	PACKAGE_ITEM_EU_W_CLOTHES_11_AA_SET_B	6	-1	xxx	-1	xxx	-1	xxx	-1	xxx	
1	15	STORE_SD_SET_ARMOR_EU_TAB6	PACKAGE_ITEM_EU_W_CLOTHES_11_AA_SET_B_RARE	18	-1	xxx	-1	xxx	-1	xxx	-1	xxx	
1	15	STORE_SD_SET_ARMOR_EU_TAB6	PACKAGE_ITEM_EU_W_CLOTHES_11_BA_SET_A	1	-1	xxx	-1	xxx	-1	xxx	-1	xxx	
1	15	STORE_SD_SET_ARMOR_EU_TAB6	PACKAGE_ITEM_EU_W_CLOTHES_11_BA_SET_A_RARE	13	-1	xxx	-1	xxx	-1	xxx	-1	xxx	
1	15	STORE_SD_SET_ARMOR_EU_TAB6	PACKAGE_ITEM_EU_W_CLOTHES_11_BA_SET_B	7	-1	xxx	-1	xxx	-1	xxx	-1	xxx	
1	15	STORE_SD_SET_ARMOR_EU_TAB6	PACKAGE_ITEM_EU_W_CLOTHES_11_BA_SET_B_RARE	19	-1	xxx	-1	xxx	-1	xxx	-1	xxx	
1	15	STORE_SD_SET_ARMOR_EU_TAB6	PACKAGE_ITEM_EU_W_CLOTHES_11_FA_SET_A	2	-1	xxx	-1	xxx	-1	xxx	-1	xxx	
1	15	STORE_SD_SET_ARMOR_EU_TAB6	PACKAGE_ITEM_EU_W_CLOTHES_11_FA_SET_A_RARE	14	-1	xxx	-1	xxx	-1	xxx	-1	xxx	
1	15	STORE_SD_SET_ARMOR_EU_TAB6	PACKAGE_ITEM_EU_W_CLOTHES_11_FA_SET_B	8	-1	xxx	-1	xxx	-1	xxx	-1	xxx	
1	15	STORE_SD_SET_ARMOR_EU_TAB6	PACKAGE_ITEM_EU_W_CLOTHES_11_FA_SET_B_RARE	20	-1	xxx	-1	xxx	-1	xxx	-1	xxx	
1	15	STORE_SD_SET_ARMOR_EU_TAB6	PACKAGE_ITEM_EU_W_CLOTHES_11_HA_SET_A	3	-1	xxx	-1	xxx	-1	xxx	-1	xxx	
1	15	STORE_SD_SET_ARMOR_EU_TAB6	PACKAGE_ITEM_EU_W_CLOTHES_11_HA_SET_A_RARE	15	-1	xxx	-1	xxx	-1	xxx	-1	xxx	
1	15	STORE_SD_SET_ARMOR_EU_TAB6	PACKAGE_ITEM_EU_W_CLOTHES_11_HA_SET_B	9	-1	xxx	-1	xxx	-1	xxx	-1	xxx	
1	15	STORE_SD_SET_ARMOR_EU_TAB6	PACKAGE_ITEM_EU_W_CLOTHES_11_HA_SET_B_RARE	21	-1	xxx	-1	xxx	-1	xxx	-1	xxx	
1	15	STORE_SD_SET_ARMOR_EU_TAB6	PACKAGE_ITEM_EU_W_CLOTHES_11_LA_SET_A	4	-1	xxx	-1	xxx	-1	xxx	-1	xxx	
1	15	STORE_SD_SET_ARMOR_EU_TAB6	PACKAGE_ITEM_EU_W_CLOTHES_11_LA_SET_A_RARE	16	-1	xxx	-1	xxx	-1	xxx	-1	xxx	
1	15	STORE_SD_SET_ARMOR_EU_TAB6	PACKAGE_ITEM_EU_W_CLOTHES_11_LA_SET_B	10	-1	xxx	-1	xxx	-1	xxx	-1	xxx	
1	15	STORE_SD_SET_ARMOR_EU_TAB6	PACKAGE_ITEM_EU_W_CLOTHES_11_LA_SET_B_RARE	22	-1	xxx	-1	xxx	-1	xxx	-1	xxx	
1	15	STORE_SD_SET_ARMOR_EU_TAB6	PACKAGE_ITEM_EU_W_CLOTHES_11_SA_SET_A	5	-1	xxx	-1	xxx	-1	xxx	-1	xxx	
1	15	STORE_SD_SET_ARMOR_EU_TAB6	PACKAGE_ITEM_EU_W_CLOTHES_11_SA_SET_A_RARE	17	-1	xxx	-1	xxx	-1	xxx	-1	xxx	
1	15	STORE_SD_SET_ARMOR_EU_TAB6	PACKAGE_ITEM_EU_W_CLOTHES_11_SA_SET_B	11	-1	xxx	-1	xxx	-1	xxx	-1	xxx	
1	15	STORE_SD_SET_ARMOR_EU_TAB6	PACKAGE_ITEM_EU_W_CLOTHES_11_SA_SET_B_RARE	23	-1	xxx	-1	xxx	-1	xxx	-1	xxx	
1	15	STORE_SD_SET_ARMOR_TAB1	PACKAGE_ITEM_CH_M_HEAVY_11_AA_SET_A	0	-1	xxx	-1	xxx	-1	xxx	-1	xxx	
1	15	STORE_SD_SET_ARMOR_TAB1	PACKAGE_ITEM_CH_M_HEAVY_11_AA_SET_A_RARE	12	-1	xxx	-1	xxx	-1	xxx	-1	xxx	
1	15	STORE_SD_SET_ARMOR_TAB1	PACKAGE_ITEM_CH_M_HEAVY_11_AA_SET_B	6	-1	xxx	-1	xxx	-1	xxx	-1	xxx	
1	15	STORE_SD_SET_ARMOR_TAB1	PACKAGE_ITEM_CH_M_HEAVY_11_AA_SET_B_RARE	18	-1	xxx	-1	xxx	-1	xxx	-1	xxx	
1	15	STORE_SD_SET_ARMOR_TAB1	PACKAGE_ITEM_CH_M_HEAVY_11_BA_SET_A	1	-1	xxx	-1	xxx	-1	xxx	-1	xxx	
1	15	STORE_SD_SET_ARMOR_TAB1	PACKAGE_ITEM_CH_M_HEAVY_11_BA_SET_A_RARE	13	-1	xxx	-1	xxx	-1	xxx	-1	xxx	
1	15	STORE_SD_SET_ARMOR_TAB1	PACKAGE_ITEM_CH_M_HEAVY_11_BA_SET_B	7	-1	xxx	-1	xxx	-1	xxx	-1	xxx	
1	15	STORE_SD_SET_ARMOR_TAB1	PACKAGE_ITEM_CH_M_HEAVY_11_BA_SET_B_RARE	19	-1	xxx	-1	xxx	-1	xxx	-1	xxx	
1	15	STORE_SD_SET_ARMOR_TAB1	PACKAGE_ITEM_CH_M_HEAVY_11_FA_SET_A	2	-1	xxx	-1	xxx	-1	xxx	-1	xxx	
1	15	STORE_SD_SET_ARMOR_TAB1	PACKAGE_ITEM_CH_M_HEAVY_11_FA_SET_A_RARE	14	-1	xxx	-1	xxx	-1	xxx	-1	xxx	
1	15	STORE_SD_SET_ARMOR_TAB1	PACKAGE_ITEM_CH_M_HEAVY_11_FA_SET_B	8	-1	xxx	-1	xxx	-1	xxx	-1	xxx	
1	15	STORE_SD_SET_ARMOR_TAB1	PACKAGE_ITEM_CH_M_HEAVY_11_FA_SET_B_RARE	20	-1	xxx	-1	xxx	-1	xxx	-1	xxx	
1	15	STORE_SD_SET_ARMOR_TAB1	PACKAGE_ITEM_CH_M_HEAVY_11_HA_SET_A	3	-1	xxx	-1	xxx	-1	xxx	-1	xxx	
1	15	STORE_SD_SET_ARMOR_TAB1	PACKAGE_ITEM_CH_M_HEAVY_11_HA_SET_A_RARE	15	-1	xxx	-1	xxx	-1	xxx	-1	xxx	
1	15	STORE_SD_SET_ARMOR_TAB1	PACKAGE_ITEM_CH_M_HEAVY_11_HA_SET_B	9	-1	xxx	-1	xxx	-1	xxx	-1	xxx	
1	15	STORE_SD_SET_ARMOR_TAB1	PACKAGE_ITEM_CH_M_HEAVY_11_HA_SET_B_RARE	21	-1	xxx	-1	xxx	-1	xxx	-1	xxx	
1	15	STORE_SD_SET_ARMOR_TAB1	PACKAGE_ITEM_CH_M_HEAVY_11_LA_SET_A	4	-1	xxx	-1	xxx	-1	xxx	-1	xxx	
1	15	STORE_SD_SET_ARMOR_TAB1	PACKAGE_ITEM_CH_M_HEAVY_11_LA_SET_A_RARE	16	-1	xxx	-1	xxx	-1	xxx	-1	xxx	
1	15	STORE_SD_SET_ARMOR_TAB1	PACKAGE_ITEM_CH_M_HEAVY_11_LA_SET_B	10	-1	xxx	-1	xxx	-1	xxx	-1	xxx	
1	15	STORE_SD_SET_ARMOR_TAB1	PACKAGE_ITEM_CH_M_HEAVY_11_LA_SET_B_RARE	22	-1	xxx	-1	xxx	-1	xxx	-1	xxx	
1	15	STORE_SD_SET_ARMOR_TAB1	PACKAGE_ITEM_CH_M_HEAVY_11_SA_SET_A	5	-1	xxx	-1	xxx	-1	xxx	-1	xxx	
1	15	STORE_SD_SET_ARMOR_TAB1	PACKAGE_ITEM_CH_M_HEAVY_11_SA_SET_A_RARE	17	-1	xxx	-1	xxx	-1	xxx	-1	xxx	
1	15	STORE_SD_SET_ARMOR_TAB1	PACKAGE_ITEM_CH_M_HEAVY_11_SA_SET_B	11	-1	xxx	-1	xxx	-1	xxx	-1	xxx	
1	15	STORE_SD_SET_ARMOR_TAB1	PACKAGE_ITEM_CH_M_HEAVY_11_SA_SET_B_RARE	23	-1	xxx	-1	xxx	-1	xxx	-1	xxx	
1	15	STORE_SD_SET_ARMOR_TAB2	PACKAGE_ITEM_CH_M_LIGHT_11_AA_SET_A	0	-1	xxx	-1	xxx	-1	xxx	-1	xxx	
1	15	STORE_SD_SET_ARMOR_TAB2	PACKAGE_ITEM_CH_M_LIGHT_11_AA_SET_A_RARE	12	-1	xxx	-1	xxx	-1	xxx	-1	xxx	
1	15	STORE_SD_SET_ARMOR_TAB2	PACKAGE_ITEM_CH_M_LIGHT_11_AA_SET_B	6	-1	xxx	-1	xxx	-1	xxx	-1	xxx	
1	15	STORE_SD_SET_ARMOR_TAB2	PACKAGE_ITEM_CH_M_LIGHT_11_AA_SET_B_RARE	18	-1	xxx	-1	xxx	-1	xxx	-1	xxx	
1	15	STORE_SD_SET_ARMOR_TAB2	PACKAGE_ITEM_CH_M_LIGHT_11_BA_SET_A	1	-1	xxx	-1	xxx	-1	xxx	-1	xxx	
1	15	STORE_SD_SET_ARMOR_TAB2	PACKAGE_ITEM_CH_M_LIGHT_11_BA_SET_A_RARE	13	-1	xxx	-1	xxx	-1	xxx	-1	xxx	
1	15	STORE_SD_SET_ARMOR_TAB2	PACKAGE_ITEM_CH_M_LIGHT_11_BA_SET_B	7	-1	xxx	-1	xxx	-1	xxx	-1	xxx	
1	15	STORE_SD_SET_ARMOR_TAB2	PACKAGE_ITEM_CH_M_LIGHT_11_BA_SET_B_RARE	19	-1	xxx	-1	xxx	-1	xxx	-1	xxx	
1	15	STORE_SD_SET_ARMOR_TAB2	PACKAGE_ITEM_CH_M_LIGHT_11_FA_SET_A	2	-1	xxx	-1	xxx	-1	xxx	-1	xxx	
1	15	STORE_SD_SET_ARMOR_TAB2	PACKAGE_ITEM_CH_M_LIGHT_11_FA_SET_A_RARE	14	-1	xxx	-1	xxx	-1	xxx	-1	xxx	
1	15	STORE_SD_SET_ARMOR_TAB2	PACKAGE_ITEM_CH_M_LIGHT_11_FA_SET_B	8	-1	xxx	-1	xxx	-1	xxx	-1	xxx	
1	15	STORE_SD_SET_ARMOR_TAB2	PACKAGE_ITEM_CH_M_LIGHT_11_FA_SET_B_RARE	20	-1	xxx	-1	xxx	-1	xxx	-1	xxx	
1	15	STORE_SD_SET_ARMOR_TAB2	PACKAGE_ITEM_CH_M_LIGHT_11_HA_SET_A	3	-1	xxx	-1	xxx	-1	xxx	-1	xxx	
1	15	STORE_SD_SET_ARMOR_TAB2	PACKAGE_ITEM_CH_M_LIGHT_11_HA_SET_A_RARE	15	-1	xxx	-1	xxx	-1	xxx	-1	xxx	
1	15	STORE_SD_SET_ARMOR_TAB2	PACKAGE_ITEM_CH_M_LIGHT_11_HA_SET_B	9	-1	xxx	-1	xxx	-1	xxx	-1	xxx	
1	15	STORE_SD_SET_ARMOR_TAB2	PACKAGE_ITEM_CH_M_LIGHT_11_HA_SET_B_RARE	21	-1	xxx	-1	xxx	-1	xxx	-1	xxx	
1	15	STORE_SD_SET_ARMOR_TAB2	PACKAGE_ITEM_CH_M_LIGHT_11_LA_SET_A	4	-1	xxx	-1	xxx	-1	xxx	-1	xxx	
1	15	STORE_SD_SET_ARMOR_TAB2	PACKAGE_ITEM_CH_M_LIGHT_11_LA_SET_A_RARE	16	-1	xxx	-1	xxx	-1	xxx	-1	xxx	
1	15	STORE_SD_SET_ARMOR_TAB2	PACKAGE_ITEM_CH_M_LIGHT_11_LA_SET_B	10	-1	xxx	-1	xxx	-1	xxx	-1	xxx	
1	15	STORE_SD_SET_ARMOR_TAB2	PACKAGE_ITEM_CH_M_LIGHT_11_LA_SET_B_RARE	22	-1	xxx	-1	xxx	-1	xxx	-1	xxx	
1	15	STORE_SD_SET_ARMOR_TAB2	PACKAGE_ITEM_CH_M_LIGHT_11_SA_SET_A	5	-1	xxx	-1	xxx	-1	xxx	-1	xxx	
1	15	STORE_SD_SET_ARMOR_TAB2	PACKAGE_ITEM_CH_M_LIGHT_11_SA_SET_A_RARE	17	-1	xxx	-1	xxx	-1	xxx	-1	xxx	
1	15	STORE_SD_SET_ARMOR_TAB2	PACKAGE_ITEM_CH_M_LIGHT_11_SA_SET_B	11	-1	xxx	-1	xxx	-1	xxx	-1	xxx	
1	15	STORE_SD_SET_ARMOR_TAB2	PACKAGE_ITEM_CH_M_LIGHT_11_SA_SET_B_RARE	23	-1	xxx	-1	xxx	-1	xxx	-1	xxx	
1	15	STORE_SD_SET_ARMOR_TAB3	PACKAGE_ITEM_CH_M_CLOTHES_11_AA_SET_A	0	-1	xxx	-1	xxx	-1	xxx	-1	xxx	
1	15	STORE_SD_SET_ARMOR_TAB3	PACKAGE_ITEM_CH_M_CLOTHES_11_AA_SET_A_RARE	12	-1	xxx	-1	xxx	-1	xxx	-1	xxx	
1	15	STORE_SD_SET_ARMOR_TAB3	PACKAGE_ITEM_CH_M_CLOTHES_11_AA_SET_B	6	-1	xxx	-1	xxx	-1	xxx	-1	xxx	
1	15	STORE_SD_SET_ARMOR_TAB3	PACKAGE_ITEM_CH_M_CLOTHES_11_AA_SET_B_RARE	18	-1	xxx	-1	xxx	-1	xxx	-1	xxx	
1	15	STORE_SD_SET_ARMOR_TAB3	PACKAGE_ITEM_CH_M_CLOTHES_11_BA_SET_A	1	-1	xxx	-1	xxx	-1	xxx	-1	xxx	
1	15	STORE_SD_SET_ARMOR_TAB3	PACKAGE_ITEM_CH_M_CLOTHES_11_BA_SET_A_RARE	13	-1	xxx	-1	xxx	-1	xxx	-1	xxx	
1	15	STORE_SD_SET_ARMOR_TAB3	PACKAGE_ITEM_CH_M_CLOTHES_11_BA_SET_B	7	-1	xxx	-1	xxx	-1	xxx	-1	xxx	
1	15	STORE_SD_SET_ARMOR_TAB3	PACKAGE_ITEM_CH_M_CLOTHES_11_BA_SET_B_RARE	19	-1	xxx	-1	xxx	-1	xxx	-1	xxx	
1	15	STORE_SD_SET_ARMOR_TAB3	PACKAGE_ITEM_CH_M_CLOTHES_11_FA_SET_A	2	-1	xxx	-1	xxx	-1	xxx	-1	xxx	
1	15	STORE_SD_SET_ARMOR_TAB3	PACKAGE_ITEM_CH_M_CLOTHES_11_FA_SET_A_RARE	14	-1	xxx	-1	xxx	-1	xxx	-1	xxx	
1	15	STORE_SD_SET_ARMOR_TAB3	PACKAGE_ITEM_CH_M_CLOTHES_11_FA_SET_B	8	-1	xxx	-1	xxx	-1	xxx	-1	xxx	
1	15	STORE_SD_SET_ARMOR_TAB3	PACKAGE_ITEM_CH_M_CLOTHES_11_FA_SET_B_RARE	20	-1	xxx	-1	xxx	-1	xxx	-1	xxx	
1	15	STORE_SD_SET_ARMOR_TAB3	PACKAGE_ITEM_CH_M_CLOTHES_11_HA_SET_A	3	-1	xxx	-1	xxx	-1	xxx	-1	xxx	
1	15	STORE_SD_SET_ARMOR_TAB3	PACKAGE_ITEM_CH_M_CLOTHES_11_HA_SET_A_RARE	15	-1	xxx	-1	xxx	-1	xxx	-1	xxx	
1	15	STORE_SD_SET_ARMOR_TAB3	PACKAGE_ITEM_CH_M_CLOTHES_11_HA_SET_B	9	-1	xxx	-1	xxx	-1	xxx	-1	xxx	
1	15	STORE_SD_SET_ARMOR_TAB3	PACKAGE_ITEM_CH_M_CLOTHES_11_HA_SET_B_RARE	21	-1	xxx	-1	xxx	-1	xxx	-1	xxx	
1	15	STORE_SD_SET_ARMOR_TAB3	PACKAGE_ITEM_CH_M_CLOTHES_11_LA_SET_A	4	-1	xxx	-1	xxx	-1	xxx	-1	xxx	
1	15	STORE_SD_SET_ARMOR_TAB3	PACKAGE_ITEM_CH_M_CLOTHES_11_LA_SET_A_RARE	16	-1	xxx	-1	xxx	-1	xxx	-1	xxx	
1	15	STORE_SD_SET_ARMOR_TAB3	PACKAGE_ITEM_CH_M_CLOTHES_11_LA_SET_B	10	-1	xxx	-1	xxx	-1	xxx	-1	xxx	
1	15	STORE_SD_SET_ARMOR_TAB3	PACKAGE_ITEM_CH_M_CLOTHES_11_LA_SET_B_RARE	22	-1	xxx	-1	xxx	-1	xxx	-1	xxx	
1	15	STORE_SD_SET_ARMOR_TAB3	PACKAGE_ITEM_CH_M_CLOTHES_11_SA_SET_A	5	-1	xxx	-1	xxx	-1	xxx	-1	xxx	
1	15	STORE_SD_SET_ARMOR_TAB3	PACKAGE_ITEM_CH_M_CLOTHES_11_SA_SET_A_RARE	17	-1	xxx	-1	xxx	-1	xxx	-1	xxx	
1	15	STORE_SD_SET_ARMOR_TAB3	PACKAGE_ITEM_CH_M_CLOTHES_11_SA_SET_B	11	-1	xxx	-1	xxx	-1	xxx	-1	xxx	
1	15	STORE_SD_SET_ARMOR_TAB3	PACKAGE_ITEM_CH_M_CLOTHES_11_SA_SET_B_RARE	23	-1	xxx	-1	xxx	-1	xxx	-1	xxx	
1	15	STORE_SD_SET_ARMOR_TAB4	PACKAGE_ITEM_CH_W_HEAVY_11_AA_SET_A	0	-1	xxx	-1	xxx	-1	xxx	-1	xxx	
1	15	STORE_SD_SET_ARMOR_TAB4	PACKAGE_ITEM_CH_W_HEAVY_11_AA_SET_A_RARE	12	-1	xxx	-1	xxx	-1	xxx	-1	xxx	
1	15	STORE_SD_SET_ARMOR_TAB4	PACKAGE_ITEM_CH_W_HEAVY_11_AA_SET_B	6	-1	xxx	-1	xxx	-1	xxx	-1	xxx	
1	15	STORE_SD_SET_ARMOR_TAB4	PACKAGE_ITEM_CH_W_HEAVY_11_AA_SET_B_RARE	18	-1	xxx	-1	xxx	-1	xxx	-1	xxx	
1	15	STORE_SD_SET_ARMOR_TAB4	PACKAGE_ITEM_CH_W_HEAVY_11_BA_SET_A	1	-1	xxx	-1	xxx	-1	xxx	-1	xxx	
1	15	STORE_SD_SET_ARMOR_TAB4	PACKAGE_ITEM_CH_W_HEAVY_11_BA_SET_A_RARE	13	-1	xxx	-1	xxx	-1	xxx	-1	xxx	
1	15	STORE_SD_SET_ARMOR_TAB4	PACKAGE_ITEM_CH_W_HEAVY_11_BA_SET_B	7	-1	xxx	-1	xxx	-1	xxx	-1	xxx	
1	15	STORE_SD_SET_ARMOR_TAB4	PACKAGE_ITEM_CH_W_HEAVY_11_BA_SET_B_RARE	19	-1	xxx	-1	xxx	-1	xxx	-1	xxx	
1	15	STORE_SD_SET_ARMOR_TAB4	PACKAGE_ITEM_CH_W_HEAVY_11_FA_SET_A	2	-1	xxx	-1	xxx	-1	xxx	-1	xxx	
1	15	STORE_SD_SET_ARMOR_TAB4	PACKAGE_ITEM_CH_W_HEAVY_11_FA_SET_A_RARE	14	-1	xxx	-1	xxx	-1	xxx	-1	xxx	
1	15	STORE_SD_SET_ARMOR_TAB4	PACKAGE_ITEM_CH_W_HEAVY_11_FA_SET_B	8	-1	xxx	-1	xxx	-1	xxx	-1	xxx	
1	15	STORE_SD_SET_ARMOR_TAB4	PACKAGE_ITEM_CH_W_HEAVY_11_FA_SET_B_RARE	20	-1	xxx	-1	xxx	-1	xxx	-1	xxx	
1	15	STORE_SD_SET_ARMOR_TAB4	PACKAGE_ITEM_CH_W_HEAVY_11_HA_SET_A	3	-1	xxx	-1	xxx	-1	xxx	-1	xxx	
1	15	STORE_SD_SET_ARMOR_TAB4	PACKAGE_ITEM_CH_W_HEAVY_11_HA_SET_A_RARE	15	-1	xxx	-1	xxx	-1	xxx	-1	xxx	
1	15	STORE_SD_SET_ARMOR_TAB4	PACKAGE_ITEM_CH_W_HEAVY_11_HA_SET_B	9	-1	xxx	-1	xxx	-1	xxx	-1	xxx	
1	15	STORE_SD_SET_ARMOR_TAB4	PACKAGE_ITEM_CH_W_HEAVY_11_HA_SET_B_RARE	21	-1	xxx	-1	xxx	-1	xxx	-1	xxx	
1	15	STORE_SD_SET_ARMOR_TAB4	PACKAGE_ITEM_CH_W_HEAVY_11_LA_SET_A	4	-1	xxx	-1	xxx	-1	xxx	-1	xxx	
1	15	STORE_SD_SET_ARMOR_TAB4	PACKAGE_ITEM_CH_W_HEAVY_11_LA_SET_A_RARE	16	-1	xxx	-1	xxx	-1	xxx	-1	xxx	
1	15	STORE_SD_SET_ARMOR_TAB4	PACKAGE_ITEM_CH_W_HEAVY_11_LA_SET_B	10	-1	xxx	-1	xxx	-1	xxx	-1	xxx	
1	15	STORE_SD_SET_ARMOR_TAB4	PACKAGE_ITEM_CH_W_HEAVY_11_LA_SET_B_RARE	22	-1	xxx	-1	xxx	-1	xxx	-1	xxx	
1	15	STORE_SD_SET_ARMOR_TAB4	PACKAGE_ITEM_CH_W_HEAVY_11_SA_SET_A	5	-1	xxx	-1	xxx	-1	xxx	-1	xxx	
1	15	STORE_SD_SET_ARMOR_TAB4	PACKAGE_ITEM_CH_W_HEAVY_11_SA_SET_A_RARE	17	-1	xxx	-1	xxx	-1	xxx	-1	xxx	
1	15	STORE_SD_SET_ARMOR_TAB4	PACKAGE_ITEM_CH_W_HEAVY_11_SA_SET_B	11	-1	xxx	-1	xxx	-1	xxx	-1	xxx	
1	15	STORE_SD_SET_ARMOR_TAB4	PACKAGE_ITEM_CH_W_HEAVY_11_SA_SET_B_RARE	23	-1	xxx	-1	xxx	-1	xxx	-1	xxx	
1	15	STORE_SD_SET_ARMOR_TAB5	PACKAGE_ITEM_CH_W_LIGHT_11_AA_SET_A	0	-1	xxx	-1	xxx	-1	xxx	-1	xxx	
1	15	STORE_SD_SET_ARMOR_TAB5	PACKAGE_ITEM_CH_W_LIGHT_11_AA_SET_A_RARE	12	-1	xxx	-1	xxx	-1	xxx	-1	xxx	
1	15	STORE_SD_SET_ARMOR_TAB5	PACKAGE_ITEM_CH_W_LIGHT_11_AA_SET_B	6	-1	xxx	-1	xxx	-1	xxx	-1	xxx	
1	15	STORE_SD_SET_ARMOR_TAB5	PACKAGE_ITEM_CH_W_LIGHT_11_AA_SET_B_RARE	18	-1	xxx	-1	xxx	-1	xxx	-1	xxx	
1	15	STORE_SD_SET_ARMOR_TAB5	PACKAGE_ITEM_CH_W_LIGHT_11_BA_SET_A	1	-1	xxx	-1	xxx	-1	xxx	-1	xxx	
1	15	STORE_SD_SET_ARMOR_TAB5	PACKAGE_ITEM_CH_W_LIGHT_11_BA_SET_A_RARE	13	-1	xxx	-1	xxx	-1	xxx	-1	xxx	
1	15	STORE_SD_SET_ARMOR_TAB5	PACKAGE_ITEM_CH_W_LIGHT_11_BA_SET_B	7	-1	xxx	-1	xxx	-1	xxx	-1	xxx	
1	15	STORE_SD_SET_ARMOR_TAB5	PACKAGE_ITEM_CH_W_LIGHT_11_BA_SET_B_RARE	19	-1	xxx	-1	xxx	-1	xxx	-1	xxx	
1	15	STORE_SD_SET_ARMOR_TAB5	PACKAGE_ITEM_CH_W_LIGHT_11_FA_SET_A	2	-1	xxx	-1	xxx	-1	xxx	-1	xxx	
1	15	STORE_SD_SET_ARMOR_TAB5	PACKAGE_ITEM_CH_W_LIGHT_11_FA_SET_A_RARE	14	-1	xxx	-1	xxx	-1	xxx	-1	xxx	
1	15	STORE_SD_SET_ARMOR_TAB5	PACKAGE_ITEM_CH_W_LIGHT_11_FA_SET_B	8	-1	xxx	-1	xxx	-1	xxx	-1	xxx	
1	15	STORE_SD_SET_ARMOR_TAB5	PACKAGE_ITEM_CH_W_LIGHT_11_FA_SET_B_RARE	20	-1	xxx	-1	xxx	-1	xxx	-1	xxx	
1	15	STORE_SD_SET_ARMOR_TAB5	PACKAGE_ITEM_CH_W_LIGHT_11_HA_SET_A	3	-1	xxx	-1	xxx	-1	xxx	-1	xxx	
1	15	STORE_SD_SET_ARMOR_TAB5	PACKAGE_ITEM_CH_W_LIGHT_11_HA_SET_A_RARE	15	-1	xxx	-1	xxx	-1	xxx	-1	xxx	
1	15	STORE_SD_SET_ARMOR_TAB5	PACKAGE_ITEM_CH_W_LIGHT_11_HA_SET_B	9	-1	xxx	-1	xxx	-1	xxx	-1	xxx	
1	15	STORE_SD_SET_ARMOR_TAB5	PACKAGE_ITEM_CH_W_LIGHT_11_HA_SET_B_RARE	21	-1	xxx	-1	xxx	-1	xxx	-1	xxx	
1	15	STORE_SD_SET_ARMOR_TAB5	PACKAGE_ITEM_CH_W_LIGHT_11_LA_SET_A	4	-1	xxx	-1	xxx	-1	xxx	-1	xxx	
1	15	STORE_SD_SET_ARMOR_TAB5	PACKAGE_ITEM_CH_W_LIGHT_11_LA_SET_A_RARE	16	-1	xxx	-1	xxx	-1	xxx	-1	xxx	
1	15	STORE_SD_SET_ARMOR_TAB5	PACKAGE_ITEM_CH_W_LIGHT_11_LA_SET_B	10	-1	xxx	-1	xxx	-1	xxx	-1	xxx	
1	15	STORE_SD_SET_ARMOR_TAB5	PACKAGE_ITEM_CH_W_LIGHT_11_LA_SET_B_RARE	22	-1	xxx	-1	xxx	-1	xxx	-1	xxx	
1	15	STORE_SD_SET_ARMOR_TAB5	PACKAGE_ITEM_CH_W_LIGHT_11_SA_SET_A	5	-1	xxx	-1	xxx	-1	xxx	-1	xxx	
1	15	STORE_SD_SET_ARMOR_TAB5	PACKAGE_ITEM_CH_W_LIGHT_11_SA_SET_A_RARE	17	-1	xxx	-1	xxx	-1	xxx	-1	xxx	
1	15	STORE_SD_SET_ARMOR_TAB5	PACKAGE_ITEM_CH_W_LIGHT_11_SA_SET_B	11	-1	xxx	-1	xxx	-1	xxx	-1	xxx	
1	15	STORE_SD_SET_ARMOR_TAB5	PACKAGE_ITEM_CH_W_LIGHT_11_SA_SET_B_RARE	23	-1	xxx	-1	xxx	-1	xxx	-1	xxx	
1	15	STORE_SD_SET_ARMOR_TAB6	PACKAGE_ITEM_CH_W_CLOTHES_11_AA_SET_A	0	-1	xxx	-1	xxx	-1	xxx	-1	xxx	
1	15	STORE_SD_SET_ARMOR_TAB6	PACKAGE_ITEM_CH_W_CLOTHES_11_AA_SET_A_RARE	12	-1	xxx	-1	xxx	-1	xxx	-1	xxx	
1	15	STORE_SD_SET_ARMOR_TAB6	PACKAGE_ITEM_CH_W_CLOTHES_11_AA_SET_B	6	-1	xxx	-1	xxx	-1	xxx	-1	xxx	
1	15	STORE_SD_SET_ARMOR_TAB6	PACKAGE_ITEM_CH_W_CLOTHES_11_AA_SET_B_RARE	18	-1	xxx	-1	xxx	-1	xxx	-1	xxx	
1	15	STORE_SD_SET_ARMOR_TAB6	PACKAGE_ITEM_CH_W_CLOTHES_11_BA_SET_A	1	-1	xxx	-1	xxx	-1	xxx	-1	xxx	
1	15	STORE_SD_SET_ARMOR_TAB6	PACKAGE_ITEM_CH_W_CLOTHES_11_BA_SET_A_RARE	13	-1	xxx	-1	xxx	-1	xxx	-1	xxx	
1	15	STORE_SD_SET_ARMOR_TAB6	PACKAGE_ITEM_CH_W_CLOTHES_11_BA_SET_B	7	-1	xxx	-1	xxx	-1	xxx	-1	xxx	
1	15	STORE_SD_SET_ARMOR_TAB6	PACKAGE_ITEM_CH_W_CLOTHES_11_BA_SET_B_RARE	19	-1	xxx	-1	xxx	-1	xxx	-1	xxx	
1	15	STORE_SD_SET_ARMOR_TAB6	PACKAGE_ITEM_CH_W_CLOTHES_11_FA_SET_A	2	-1	xxx	-1	xxx	-1	xxx	-1	xxx	
1	15	STORE_SD_SET_ARMOR_TAB6	PACKAGE_ITEM_CH_W_CLOTHES_11_FA_SET_A_RARE	14	-1	xxx	-1	xxx	-1	xxx	-1	xxx	
1	15	STORE_SD_SET_ARMOR_TAB6	PACKAGE_ITEM_CH_W_CLOTHES_11_FA_SET_B	8	-1	xxx	-1	xxx	-1	xxx	-1	xxx	
1	15	STORE_SD_SET_ARMOR_TAB6	PACKAGE_ITEM_CH_W_CLOTHES_11_FA_SET_B_RARE	20	-1	xxx	-1	xxx	-1	xxx	-1	xxx	
1	15	STORE_SD_SET_ARMOR_TAB6	PACKAGE_ITEM_CH_W_CLOTHES_11_HA_SET_A	3	-1	xxx	-1	xxx	-1	xxx	-1	xxx	
1	15	STORE_SD_SET_ARMOR_TAB6	PACKAGE_ITEM_CH_W_CLOTHES_11_HA_SET_A_RARE	15	-1	xxx	-1	xxx	-1	xxx	-1	xxx	
1	15	STORE_SD_SET_ARMOR_TAB6	PACKAGE_ITEM_CH_W_CLOTHES_11_HA_SET_B	9	-1	xxx	-1	xxx	-1	xxx	-1	xxx	
1	15	STORE_SD_SET_ARMOR_TAB6	PACKAGE_ITEM_CH_W_CLOTHES_11_HA_SET_B_RARE	21	-1	xxx	-1	xxx	-1	xxx	-1	xxx	
1	15	STORE_SD_SET_ARMOR_TAB6	PACKAGE_ITEM_CH_W_CLOTHES_11_LA_SET_A	4	-1	xxx	-1	xxx	-1	xxx	-1	xxx	
1	15	STORE_SD_SET_ARMOR_TAB6	PACKAGE_ITEM_CH_W_CLOTHES_11_LA_SET_A_RARE	16	-1	xxx	-1	xxx	-1	xxx	-1	xxx	
1	15	STORE_SD_SET_ARMOR_TAB6	PACKAGE_ITEM_CH_W_CLOTHES_11_LA_SET_B	10	-1	xxx	-1	xxx	-1	xxx	-1	xxx	
1	15	STORE_SD_SET_ARMOR_TAB6	PACKAGE_ITEM_CH_W_CLOTHES_11_LA_SET_B_RARE	22	-1	xxx	-1	xxx	-1	xxx	-1	xxx	
1	15	STORE_SD_SET_ARMOR_TAB6	PACKAGE_ITEM_CH_W_CLOTHES_11_SA_SET_A	5	-1	xxx	-1	xxx	-1	xxx	-1	xxx	
1	15	STORE_SD_SET_ARMOR_TAB6	PACKAGE_ITEM_CH_W_CLOTHES_11_SA_SET_A_RARE	17	-1	xxx	-1	xxx	-1	xxx	-1	xxx	
1	15	STORE_SD_SET_ARMOR_TAB6	PACKAGE_ITEM_CH_W_CLOTHES_11_SA_SET_B	11	-1	xxx	-1	xxx	-1	xxx	-1	xxx	
1	15	STORE_SD_SET_ARMOR_TAB6	PACKAGE_ITEM_CH_W_CLOTHES_11_SA_SET_B_RARE	23	-1	xxx	-1	xxx	-1	xxx	-1	xxx	
1	15	STORE_SE_ACCESSORY_TAB1	PACKAGE_ITEM_CH_EARRING_05_A	0	-1	xxx	-1	xxx	-1	xxx	-1	xxx	
1	15	STORE_SE_ACCESSORY_TAB1	PACKAGE_ITEM_CH_EARRING_06_A	1	-1	xxx	-1	xxx	-1	xxx	-1	xxx	
1	15	STORE_SE_ACCESSORY_TAB1	PACKAGE_ITEM_CH_EARRING_07_A	2	-1	xxx	-1	xxx	-1	xxx	-1	xxx	
1	15	STORE_SE_ACCESSORY_TAB1	PACKAGE_ITEM_CH_EARRING_08_A	3	-1	xxx	-1	xxx	-1	xxx	-1	xxx	
1	15	STORE_SE_ACCESSORY_TAB1	PACKAGE_ITEM_CH_EARRING_09_A	4	-1	xxx	-1	xxx	-1	xxx	-1	xxx	
1	15	STORE_SE_ACCESSORY_TAB1	PACKAGE_ITEM_CH_NECKLACE_05_A	5	-1	xxx	-1	xxx	-1	xxx	-1	xxx	
1	15	STORE_SE_ACCESSORY_TAB1	PACKAGE_ITEM_CH_NECKLACE_06_A	6	-1	xxx	-1	xxx	-1	xxx	-1	xxx	
1	15	STORE_SE_ACCESSORY_TAB1	PACKAGE_ITEM_CH_NECKLACE_07_A	7	-1	xxx	-1	xxx	-1	xxx	-1	xxx	
1	15	STORE_SE_ACCESSORY_TAB1	PACKAGE_ITEM_CH_NECKLACE_08_A	8	-1	xxx	-1	xxx	-1	xxx	-1	xxx	
1	15	STORE_SE_ACCESSORY_TAB1	PACKAGE_ITEM_CH_NECKLACE_09_A	9	-1	xxx	-1	xxx	-1	xxx	-1	xxx	
1	15	STORE_SE_ACCESSORY_TAB1	PACKAGE_ITEM_CH_RING_05_A	10	-1	xxx	-1	xxx	-1	xxx	-1	xxx	
1	15	STORE_SE_ACCESSORY_TAB1	PACKAGE_ITEM_CH_RING_06_A	11	-1	xxx	-1	xxx	-1	xxx	-1	xxx	
1	15	STORE_SE_ACCESSORY_TAB1	PACKAGE_ITEM_CH_RING_07_A	12	-1	xxx	-1	xxx	-1	xxx	-1	xxx	
1	15	STORE_SE_ACCESSORY_TAB1	PACKAGE_ITEM_CH_RING_08_A	13	-1	xxx	-1	xxx	-1	xxx	-1	xxx	
1	15	STORE_SE_ACCESSORY_TAB1	PACKAGE_ITEM_CH_RING_09_A	14	-1	xxx	-1	xxx	-1	xxx	-1	xxx	
1	15	STORE_SE_ACCESSORY_TAB2	PACKAGE_ITEM_ETC_SCROLL_RETURN_01	0	-1	xxx	-1	xxx	-1	xxx	-1	xxx	
1	15	STORE_SE_ACCESSORY_TAB2	PACKAGE_ITEM_ETC_SCROLL_RETURN_02	1	-1	xxx	-1	xxx	-1	xxx	-1	xxx	
1	15	STORE_SE_ACCESSORY_TAB3	PACKAGE_ITEM_ETC_ARCHEMY_ETC_02	1	-1	xxx	-1	xxx	-1	xxx	-1	xxx	
1	15	STORE_SE_ACCESSORY_TAB3	PACKAGE_ITEM_ETC_ARCHEMY_POTION_SPEED_05	2	-1	xxx	-1	xxx	-1	xxx	-1	xxx	
1	15	STORE_SE_ACCESSORY_TAB3	PACKAGE_ITEM_ETC_ARCHEMY_POTION_SPEED_11	3	-1	xxx	-1	xxx	-1	xxx	-1	xxx	
1	15	STORE_SE_ACCESSORY_TAB3	PACKAGE_ITEM_ETC_ARCHEMY_REINFORCE_PROB_UP_A_05	4	-1	xxx	-1	xxx	-1	xxx	-1	xxx	
1	15	STORE_SE_ACCESSORY_TAB3	PACKAGE_ITEM_ETC_ARCHEMY_REINFORCE_PROB_UP_A_06	5	-1	xxx	-1	xxx	-1	xxx	-1	xxx	
1	15	STORE_SE_ACCESSORY_TAB3	PACKAGE_ITEM_ETC_ARCHEMY_REINFORCE_PROB_UP_A_07	6	-1	xxx	-1	xxx	-1	xxx	-1	xxx	
1	15	STORE_SE_ACCESSORY_TAB3	PACKAGE_ITEM_ETC_ARCHEMY_REINFORCE_PROB_UP_A_08	7	-1	xxx	-1	xxx	-1	xxx	-1	xxx	
1	15	STORE_SE_ACCESSORY_TAB3	PACKAGE_ITEM_ETC_ARCHEMY_REINFORCE_PROB_UP_A_09	8	-1	xxx	-1	xxx	-1	xxx	-1	xxx	
1	15	STORE_SE_ACCESSORY_TAB3	PACKAGE_ITEM_ETC_ARCHEMY_REINFORCE_PROB_UP_A_10	9	-1	xxx	-1	xxx	-1	xxx	-1	xxx	
1	15	STORE_SE_ACCESSORY_TAB3	PACKAGE_ITEM_ETC_ARCHEMY_REINFORCE_PROB_UP_A_11	10	-1	xxx	-1	xxx	-1	xxx	-1	xxx	
1	15	STORE_SE_ACCESSORY_TAB3	PACKAGE_ITEM_ETC_ARCHEMY_RONDO_01	11	-1	xxx	-1	xxx	-1	xxx	-1	xxx	
1	15	STORE_SE_ACCESSORY_TAB3	PACKAGE_ITEM_ETC_ARCHEMY_RONDO_02	12	-1	xxx	-1	xxx	-1	xxx	-1	xxx	
1	15	STORE_SE_ACCESSORY_TAB3	PACKAGE_ITEM_ETC_SOCKET_STONE_ER_E	14	-1	xxx	-1	xxx	-1	xxx	-1	xxx	
1	15	STORE_SE_ACCESSORY_TAB3	PACKAGE_ITEM_ETC_SOCKET_STONE_GOLD_E	13	-1	xxx	-1	xxx	-1	xxx	-1	xxx	
1	15	STORE_SE_ACCESSORY_TAB3	PACKAGE_ITEM_ETC_SOCKET_STONE_HEAL_E	16	-1	xxx	-1	xxx	-1	xxx	-1	xxx	
1	15	STORE_SE_ACCESSORY_TAB3	PACKAGE_ITEM_ETC_SOCKET_STONE_HPI_E	18	-1	xxx	-1	xxx	-1	xxx	-1	xxx	
1	15	STORE_SE_ACCESSORY_TAB3	PACKAGE_ITEM_ETC_SOCKET_STONE_HR_E	19	-1	xxx	-1	xxx	-1	xxx	-1	xxx	
1	15	STORE_SE_ACCESSORY_TAB3	PACKAGE_ITEM_ETC_SOCKET_STONE_MENTAL_E	17	-1	xxx	-1	xxx	-1	xxx	-1	xxx	
1	15	STORE_SE_ACCESSORY_TAB3	PACKAGE_ITEM_ETC_SOCKET_STONE_MPI_E	15	-1	xxx	-1	xxx	-1	xxx	-1	xxx	
1	15	STORE_SE_ACCESSORY_TAB3	PACKAGE_ITEM_ETC_TRADE_MATERIAL_DESTROYSTONE	0	-1	xxx	-1	xxx	-1	xxx	-1	xxx	
1	15	STORE_WC_ACCESSORY_TAB1	PACKAGE_ITEM_CH_EARRING_03_A	3	-1	xxx	-1	xxx	-1	xxx	-1	xxx	
1	15	STORE_WC_ACCESSORY_TAB1	PACKAGE_ITEM_CH_EARRING_04_A	4	-1	xxx	-1	xxx	-1	xxx	-1	xxx	
1	15	STORE_WC_ACCESSORY_TAB1	PACKAGE_ITEM_CH_EARRING_05_A	5	-1	xxx	-1	xxx	-1	xxx	-1	xxx	
1	15	STORE_WC_ACCESSORY_TAB1	PACKAGE_ITEM_CH_NECKLACE_03_A	6	-1	xxx	-1	xxx	-1	xxx	-1	xxx	
1	15	STORE_WC_ACCESSORY_TAB1	PACKAGE_ITEM_CH_NECKLACE_04_A	7	-1	xxx	-1	xxx	-1	xxx	-1	xxx	
1	15	STORE_WC_ACCESSORY_TAB1	PACKAGE_ITEM_CH_NECKLACE_05_A	8	-1	xxx	-1	xxx	-1	xxx	-1	xxx	
1	15	STORE_WC_ACCESSORY_TAB1	PACKAGE_ITEM_CH_RING_03_A	0	-1	xxx	-1	xxx	-1	xxx	-1	xxx	
1	15	STORE_WC_ACCESSORY_TAB1	PACKAGE_ITEM_CH_RING_04_A	1	-1	xxx	-1	xxx	-1	xxx	-1	xxx	
1	15	STORE_WC_ACCESSORY_TAB1	PACKAGE_ITEM_CH_RING_05_A	2	-1	xxx	-1	xxx	-1	xxx	-1	xxx	
1	15	STORE_WC_ACCESSORY_TAB2	PACKAGE_ITEM_ETC_SCROLL_RETURN_01	0	-1	xxx	-1	xxx	-1	xxx	-1	xxx	
1	15	STORE_WC_ACCESSORY_TAB2	PACKAGE_ITEM_ETC_SCROLL_RETURN_02	1	-1	xxx	-1	xxx	-1	xxx	-1	xxx	
1	15	STORE_WC_ACCESSORY_TAB3	PACKAGE_ITEM_ETC_ARCHEMY_POTION_SPEED_05	9	-1	xxx	-1	xxx	-1	xxx	-1	xxx	
1	15	STORE_WC_ACCESSORY_TAB3	PACKAGE_ITEM_ETC_ARCHEMY_POTION_SPEED_11	10	-1	xxx	-1	xxx	-1	xxx	-1	xxx	
1	15	STORE_WC_ACCESSORY_TAB3	PACKAGE_ITEM_ETC_ARCHEMY_REINFORCE_PROB_UP_A_03	1	-1	xxx	-1	xxx	-1	xxx	-1	xxx	
1	15	STORE_WC_ACCESSORY_TAB3	PACKAGE_ITEM_ETC_ARCHEMY_REINFORCE_PROB_UP_A_04	2	-1	xxx	-1	xxx	-1	xxx	-1	xxx	
1	15	STORE_WC_ACCESSORY_TAB3	PACKAGE_ITEM_ETC_ARCHEMY_REINFORCE_PROB_UP_A_05	3	-1	xxx	-1	xxx	-1	xxx	-1	xxx	
1	15	STORE_WC_ACCESSORY_TAB3	PACKAGE_ITEM_ETC_ARCHEMY_REINFORCE_PROB_UP_A_06	4	-1	xxx	-1	xxx	-1	xxx	-1	xxx	
1	15	STORE_WC_ACCESSORY_TAB3	PACKAGE_ITEM_ETC_ARCHEMY_REINFORCE_PROB_UP_A_07	5	-1	xxx	-1	xxx	-1	xxx	-1	xxx	
1	15	STORE_WC_ACCESSORY_TAB3	PACKAGE_ITEM_ETC_ARCHEMY_REINFORCE_PROB_UP_A_08	6	-1	xxx	-1	xxx	-1	xxx	-1	xxx	
1	15	STORE_WC_ACCESSORY_TAB3	PACKAGE_ITEM_ETC_ARCHEMY_REINFORCE_PROB_UP_A_09	7	-1	xxx	-1	xxx	-1	xxx	-1	xxx	
1	15	STORE_WC_ACCESSORY_TAB3	PACKAGE_ITEM_ETC_ARCHEMY_REINFORCE_PROB_UP_A_10	8	-1	xxx	-1	xxx	-1	xxx	-1	xxx	
1	15	STORE_WC_ACCESSORY_TAB3	PACKAGE_ITEM_ETC_ARCHEMY_RONDO_01	11	-1	xxx	-1	xxx	-1	xxx	-1	xxx	
1	15	STORE_WC_ACCESSORY_TAB3	PACKAGE_ITEM_ETC_ARCHEMY_RONDO_02	12	-1	xxx	-1	xxx	-1	xxx	-1	xxx	
1	15	STORE_WC_ACCESSORY_TAB3	PACKAGE_ITEM_ETC_TRADE_MATERIAL_DESTROYSTONE	0	-1	xxx	-1	xxx	-1	xxx	-1	xxx	
1	15	STORE_WC_ARMOR_TAB1	PACKAGE_ITEM_CH_M_HEAVY_03_AA_A	12	-1	xxx	-1	xxx	-1	xxx	-1	xxx	
1	15	STORE_WC_ARMOR_TAB1	PACKAGE_ITEM_CH_M_HEAVY_03_BA_A	6	-1	xxx	-1	xxx	-1	xxx	-1	xxx	
1	15	STORE_WC_ARMOR_TAB1	PACKAGE_ITEM_CH_M_HEAVY_03_CA_A	0	-1	xxx	-1	xxx	-1	xxx	-1	xxx	
1	15	STORE_WC_ARMOR_TAB1	PACKAGE_ITEM_CH_M_HEAVY_03_FA_A	15	-1	xxx	-1	xxx	-1	xxx	-1	xxx	
1	15	STORE_WC_ARMOR_TAB1	PACKAGE_ITEM_CH_M_HEAVY_03_LA_A	9	-1	xxx	-1	xxx	-1	xxx	-1	xxx	
1	15	STORE_WC_ARMOR_TAB1	PACKAGE_ITEM_CH_M_HEAVY_03_SA_A	3	-1	xxx	-1	xxx	-1	xxx	-1	xxx	
1	15	STORE_WC_ARMOR_TAB1	PACKAGE_ITEM_CH_M_HEAVY_04_AA_A	13	-1	xxx	-1	xxx	-1	xxx	-1	xxx	
1	15	STORE_WC_ARMOR_TAB1	PACKAGE_ITEM_CH_M_HEAVY_04_BA_A	7	-1	xxx	-1	xxx	-1	xxx	-1	xxx	
1	15	STORE_WC_ARMOR_TAB1	PACKAGE_ITEM_CH_M_HEAVY_04_CA_A	1	-1	xxx	-1	xxx	-1	xxx	-1	xxx	
1	15	STORE_WC_ARMOR_TAB1	PACKAGE_ITEM_CH_M_HEAVY_04_FA_A	16	-1	xxx	-1	xxx	-1	xxx	-1	xxx	
1	15	STORE_WC_ARMOR_TAB1	PACKAGE_ITEM_CH_M_HEAVY_04_LA_A	10	-1	xxx	-1	xxx	-1	xxx	-1	xxx	
1	15	STORE_WC_ARMOR_TAB1	PACKAGE_ITEM_CH_M_HEAVY_04_SA_A	4	-1	xxx	-1	xxx	-1	xxx	-1	xxx	
1	15	STORE_WC_ARMOR_TAB1	PACKAGE_ITEM_CH_M_HEAVY_05_AA_A	14	-1	xxx	-1	xxx	-1	xxx	-1	xxx	
1	15	STORE_WC_ARMOR_TAB1	PACKAGE_ITEM_CH_M_HEAVY_05_BA_A	8	-1	xxx	-1	xxx	-1	xxx	-1	xxx	
1	15	STORE_WC_ARMOR_TAB1	PACKAGE_ITEM_CH_M_HEAVY_05_CA_A	2	-1	xxx	-1	xxx	-1	xxx	-1	xxx	
1	15	STORE_WC_ARMOR_TAB1	PACKAGE_ITEM_CH_M_HEAVY_05_FA_A	17	-1	xxx	-1	xxx	-1	xxx	-1	xxx	
1	15	STORE_WC_ARMOR_TAB1	PACKAGE_ITEM_CH_M_HEAVY_05_LA_A	11	-1	xxx	-1	xxx	-1	xxx	-1	xxx	
1	15	STORE_WC_ARMOR_TAB1	PACKAGE_ITEM_CH_M_HEAVY_05_SA_A	5	-1	xxx	-1	xxx	-1	xxx	-1	xxx	
1	15	STORE_WC_ARMOR_TAB2	PACKAGE_ITEM_CH_M_LIGHT_03_AA_A	12	-1	xxx	-1	xxx	-1	xxx	-1	xxx	
1	15	STORE_WC_ARMOR_TAB2	PACKAGE_ITEM_CH_M_LIGHT_03_BA_A	6	-1	xxx	-1	xxx	-1	xxx	-1	xxx	
1	15	STORE_WC_ARMOR_TAB2	PACKAGE_ITEM_CH_M_LIGHT_03_CA_A	0	-1	xxx	-1	xxx	-1	xxx	-1	xxx	
1	15	STORE_WC_ARMOR_TAB2	PACKAGE_ITEM_CH_M_LIGHT_03_FA_A	15	-1	xxx	-1	xxx	-1	xxx	-1	xxx	
1	15	STORE_WC_ARMOR_TAB2	PACKAGE_ITEM_CH_M_LIGHT_03_LA_A	9	-1	xxx	-1	xxx	-1	xxx	-1	xxx	
1	15	STORE_WC_ARMOR_TAB2	PACKAGE_ITEM_CH_M_LIGHT_03_SA_A	3	-1	xxx	-1	xxx	-1	xxx	-1	xxx	
1	15	STORE_WC_ARMOR_TAB2	PACKAGE_ITEM_CH_M_LIGHT_04_AA_A	13	-1	xxx	-1	xxx	-1	xxx	-1	xxx	
1	15	STORE_WC_ARMOR_TAB2	PACKAGE_ITEM_CH_M_LIGHT_04_BA_A	7	-1	xxx	-1	xxx	-1	xxx	-1	xxx	
1	15	STORE_WC_ARMOR_TAB2	PACKAGE_ITEM_CH_M_LIGHT_04_CA_A	1	-1	xxx	-1	xxx	-1	xxx	-1	xxx	
1	15	STORE_WC_ARMOR_TAB2	PACKAGE_ITEM_CH_M_LIGHT_04_FA_A	16	-1	xxx	-1	xxx	-1	xxx	-1	xxx	
1	15	STORE_WC_ARMOR_TAB2	PACKAGE_ITEM_CH_M_LIGHT_04_LA_A	10	-1	xxx	-1	xxx	-1	xxx	-1	xxx	
1	15	STORE_WC_ARMOR_TAB2	PACKAGE_ITEM_CH_M_LIGHT_04_SA_A	4	-1	xxx	-1	xxx	-1	xxx	-1	xxx	
1	15	STORE_WC_ARMOR_TAB2	PACKAGE_ITEM_CH_M_LIGHT_05_AA_A	14	-1	xxx	-1	xxx	-1	xxx	-1	xxx	
1	15	STORE_WC_ARMOR_TAB2	PACKAGE_ITEM_CH_M_LIGHT_05_BA_A	8	-1	xxx	-1	xxx	-1	xxx	-1	xxx	
1	15	STORE_WC_ARMOR_TAB2	PACKAGE_ITEM_CH_M_LIGHT_05_CA_A	2	-1	xxx	-1	xxx	-1	xxx	-1	xxx	
1	15	STORE_WC_ARMOR_TAB2	PACKAGE_ITEM_CH_M_LIGHT_05_FA_A	17	-1	xxx	-1	xxx	-1	xxx	-1	xxx	
1	15	STORE_WC_ARMOR_TAB2	PACKAGE_ITEM_CH_M_LIGHT_05_LA_A	11	-1	xxx	-1	xxx	-1	xxx	-1	xxx	
1	15	STORE_WC_ARMOR_TAB2	PACKAGE_ITEM_CH_M_LIGHT_05_SA_A	5	-1	xxx	-1	xxx	-1	xxx	-1	xxx	
1	15	STORE_WC_ARMOR_TAB3	PACKAGE_ITEM_CH_M_CLOTHES_03_AA_A	12	-1	xxx	-1	xxx	-1	xxx	-1	xxx	
1	15	STORE_WC_ARMOR_TAB3	PACKAGE_ITEM_CH_M_CLOTHES_03_BA_A	6	-1	xxx	-1	xxx	-1	xxx	-1	xxx	
1	15	STORE_WC_ARMOR_TAB3	PACKAGE_ITEM_CH_M_CLOTHES_03_CA_A	0	-1	xxx	-1	xxx	-1	xxx	-1	xxx	
1	15	STORE_WC_ARMOR_TAB3	PACKAGE_ITEM_CH_M_CLOTHES_03_FA_A	15	-1	xxx	-1	xxx	-1	xxx	-1	xxx	
1	15	STORE_WC_ARMOR_TAB3	PACKAGE_ITEM_CH_M_CLOTHES_03_LA_A	9	-1	xxx	-1	xxx	-1	xxx	-1	xxx	
1	15	STORE_WC_ARMOR_TAB3	PACKAGE_ITEM_CH_M_CLOTHES_03_SA_A	3	-1	xxx	-1	xxx	-1	xxx	-1	xxx	
1	15	STORE_WC_ARMOR_TAB3	PACKAGE_ITEM_CH_M_CLOTHES_04_AA_A	13	-1	xxx	-1	xxx	-1	xxx	-1	xxx	
1	15	STORE_WC_ARMOR_TAB3	PACKAGE_ITEM_CH_M_CLOTHES_04_BA_A	7	-1	xxx	-1	xxx	-1	xxx	-1	xxx	
1	15	STORE_WC_ARMOR_TAB3	PACKAGE_ITEM_CH_M_CLOTHES_04_CA_A	1	-1	xxx	-1	xxx	-1	xxx	-1	xxx	
1	15	STORE_WC_ARMOR_TAB3	PACKAGE_ITEM_CH_M_CLOTHES_04_FA_A	16	-1	xxx	-1	xxx	-1	xxx	-1	xxx	
1	15	STORE_WC_ARMOR_TAB3	PACKAGE_ITEM_CH_M_CLOTHES_04_LA_A	10	-1	xxx	-1	xxx	-1	xxx	-1	xxx	
1	15	STORE_WC_ARMOR_TAB3	PACKAGE_ITEM_CH_M_CLOTHES_04_SA_A	4	-1	xxx	-1	xxx	-1	xxx	-1	xxx	
1	15	STORE_WC_ARMOR_TAB3	PACKAGE_ITEM_CH_M_CLOTHES_05_AA_A	14	-1	xxx	-1	xxx	-1	xxx	-1	xxx	
1	15	STORE_WC_ARMOR_TAB3	PACKAGE_ITEM_CH_M_CLOTHES_05_BA_A	8	-1	xxx	-1	xxx	-1	xxx	-1	xxx	
1	15	STORE_WC_ARMOR_TAB3	PACKAGE_ITEM_CH_M_CLOTHES_05_CA_A	2	-1	xxx	-1	xxx	-1	xxx	-1	xxx	
1	15	STORE_WC_ARMOR_TAB3	PACKAGE_ITEM_CH_M_CLOTHES_05_FA_A	17	-1	xxx	-1	xxx	-1	xxx	-1	xxx	
1	15	STORE_WC_ARMOR_TAB3	PACKAGE_ITEM_CH_M_CLOTHES_05_LA_A	11	-1	xxx	-1	xxx	-1	xxx	-1	xxx	
1	15	STORE_WC_ARMOR_TAB3	PACKAGE_ITEM_CH_M_CLOTHES_05_SA_A	5	-1	xxx	-1	xxx	-1	xxx	-1	xxx	
1	15	STORE_WC_ARMOR_TAB4	PACKAGE_ITEM_CH_W_HEAVY_03_AA_A	12	-1	xxx	-1	xxx	-1	xxx	-1	xxx	
1	15	STORE_WC_ARMOR_TAB4	PACKAGE_ITEM_CH_W_HEAVY_03_BA_A	6	-1	xxx	-1	xxx	-1	xxx	-1	xxx	
1	15	STORE_WC_ARMOR_TAB4	PACKAGE_ITEM_CH_W_HEAVY_03_CA_A	0	-1	xxx	-1	xxx	-1	xxx	-1	xxx	
1	15	STORE_WC_ARMOR_TAB4	PACKAGE_ITEM_CH_W_HEAVY_03_FA_A	15	-1	xxx	-1	xxx	-1	xxx	-1	xxx	
1	15	STORE_WC_ARMOR_TAB4	PACKAGE_ITEM_CH_W_HEAVY_03_LA_A	9	-1	xxx	-1	xxx	-1	xxx	-1	xxx	
1	15	STORE_WC_ARMOR_TAB4	PACKAGE_ITEM_CH_W_HEAVY_03_SA_A	3	-1	xxx	-1	xxx	-1	xxx	-1	xxx	
1	15	STORE_WC_ARMOR_TAB4	PACKAGE_ITEM_CH_W_HEAVY_04_AA_A	13	-1	xxx	-1	xxx	-1	xxx	-1	xxx	
1	15	STORE_WC_ARMOR_TAB4	PACKAGE_ITEM_CH_W_HEAVY_04_BA_A	7	-1	xxx	-1	xxx	-1	xxx	-1	xxx	
1	15	STORE_WC_ARMOR_TAB4	PACKAGE_ITEM_CH_W_HEAVY_04_CA_A	1	-1	xxx	-1	xxx	-1	xxx	-1	xxx	
1	15	STORE_WC_ARMOR_TAB4	PACKAGE_ITEM_CH_W_HEAVY_04_FA_A	16	-1	xxx	-1	xxx	-1	xxx	-1	xxx	
1	15	STORE_WC_ARMOR_TAB4	PACKAGE_ITEM_CH_W_HEAVY_04_LA_A	10	-1	xxx	-1	xxx	-1	xxx	-1	xxx	
1	15	STORE_WC_ARMOR_TAB4	PACKAGE_ITEM_CH_W_HEAVY_04_SA_A	4	-1	xxx	-1	xxx	-1	xxx	-1	xxx	
1	15	STORE_WC_ARMOR_TAB4	PACKAGE_ITEM_CH_W_HEAVY_05_AA_A	14	-1	xxx	-1	xxx	-1	xxx	-1	xxx	
1	15	STORE_WC_ARMOR_TAB4	PACKAGE_ITEM_CH_W_HEAVY_05_BA_A	8	-1	xxx	-1	xxx	-1	xxx	-1	xxx	
1	15	STORE_WC_ARMOR_TAB4	PACKAGE_ITEM_CH_W_HEAVY_05_CA_A	2	-1	xxx	-1	xxx	-1	xxx	-1	xxx	
1	15	STORE_WC_ARMOR_TAB4	PACKAGE_ITEM_CH_W_HEAVY_05_FA_A	17	-1	xxx	-1	xxx	-1	xxx	-1	xxx	
1	15	STORE_WC_ARMOR_TAB4	PACKAGE_ITEM_CH_W_HEAVY_05_LA_A	11	-1	xxx	-1	xxx	-1	xxx	-1	xxx	
1	15	STORE_WC_ARMOR_TAB4	PACKAGE_ITEM_CH_W_HEAVY_05_SA_A	5	-1	xxx	-1	xxx	-1	xxx	-1	xxx	
1	15	STORE_WC_ARMOR_TAB5	PACKAGE_ITEM_CH_W_LIGHT_03_AA_A	12	-1	xxx	-1	xxx	-1	xxx	-1	xxx	
1	15	STORE_WC_ARMOR_TAB5	PACKAGE_ITEM_CH_W_LIGHT_03_BA_A	6	-1	xxx	-1	xxx	-1	xxx	-1	xxx	
1	15	STORE_WC_ARMOR_TAB5	PACKAGE_ITEM_CH_W_LIGHT_03_CA_A	0	-1	xxx	-1	xxx	-1	xxx	-1	xxx	
1	15	STORE_WC_ARMOR_TAB5	PACKAGE_ITEM_CH_W_LIGHT_03_FA_A	15	-1	xxx	-1	xxx	-1	xxx	-1	xxx	
1	15	STORE_WC_ARMOR_TAB5	PACKAGE_ITEM_CH_W_LIGHT_03_LA_A	9	-1	xxx	-1	xxx	-1	xxx	-1	xxx	
1	15	STORE_WC_ARMOR_TAB5	PACKAGE_ITEM_CH_W_LIGHT_03_SA_A	3	-1	xxx	-1	xxx	-1	xxx	-1	xxx	
1	15	STORE_WC_ARMOR_TAB5	PACKAGE_ITEM_CH_W_LIGHT_04_AA_A	13	-1	xxx	-1	xxx	-1	xxx	-1	xxx	
1	15	STORE_WC_ARMOR_TAB5	PACKAGE_ITEM_CH_W_LIGHT_04_BA_A	7	-1	xxx	-1	xxx	-1	xxx	-1	xxx	
1	15	STORE_WC_ARMOR_TAB5	PACKAGE_ITEM_CH_W_LIGHT_04_CA_A	1	-1	xxx	-1	xxx	-1	xxx	-1	xxx	
1	15	STORE_WC_ARMOR_TAB5	PACKAGE_ITEM_CH_W_LIGHT_04_FA_A	16	-1	xxx	-1	xxx	-1	xxx	-1	xxx	
1	15	STORE_WC_ARMOR_TAB5	PACKAGE_ITEM_CH_W_LIGHT_04_LA_A	10	-1	xxx	-1	xxx	-1	xxx	-1	xxx	
1	15	STORE_WC_ARMOR_TAB5	PACKAGE_ITEM_CH_W_LIGHT_04_SA_A	4	-1	xxx	-1	xxx	-1	xxx	-1	xxx	
1	15	STORE_WC_ARMOR_TAB5	PACKAGE_ITEM_CH_W_LIGHT_05_AA_A	14	-1	xxx	-1	xxx	-1	xxx	-1	xxx	
1	15	STORE_WC_ARMOR_TAB5	PACKAGE_ITEM_CH_W_LIGHT_05_BA_A	8	-1	xxx	-1	xxx	-1	xxx	-1	xxx	
1	15	STORE_WC_ARMOR_TAB5	PACKAGE_ITEM_CH_W_LIGHT_05_CA_A	2	-1	xxx	-1	xxx	-1	xxx	-1	xxx	
1	15	STORE_WC_ARMOR_TAB5	PACKAGE_ITEM_CH_W_LIGHT_05_FA_A	17	-1	xxx	-1	xxx	-1	xxx	-1	xxx	
1	15	STORE_WC_ARMOR_TAB5	PACKAGE_ITEM_CH_W_LIGHT_05_LA_A	11	-1	xxx	-1	xxx	-1	xxx	-1	xxx	
1	15	STORE_WC_ARMOR_TAB5	PACKAGE_ITEM_CH_W_LIGHT_05_SA_A	5	-1	xxx	-1	xxx	-1	xxx	-1	xxx	
1	15	STORE_WC_ARMOR_TAB6	PACKAGE_ITEM_CH_W_CLOTHES_03_AA_A	12	-1	xxx	-1	xxx	-1	xxx	-1	xxx	
1	15	STORE_WC_ARMOR_TAB6	PACKAGE_ITEM_CH_W_CLOTHES_03_BA_A	6	-1	xxx	-1	xxx	-1	xxx	-1	xxx	
1	15	STORE_WC_ARMOR_TAB6	PACKAGE_ITEM_CH_W_CLOTHES_03_CA_A	0	-1	xxx	-1	xxx	-1	xxx	-1	xxx	
1	15	STORE_WC_ARMOR_TAB6	PACKAGE_ITEM_CH_W_CLOTHES_03_FA_A	15	-1	xxx	-1	xxx	-1	xxx	-1	xxx	
1	15	STORE_WC_ARMOR_TAB6	PACKAGE_ITEM_CH_W_CLOTHES_03_LA_A	9	-1	xxx	-1	xxx	-1	xxx	-1	xxx	
1	15	STORE_WC_ARMOR_TAB6	PACKAGE_ITEM_CH_W_CLOTHES_03_SA_A	3	-1	xxx	-1	xxx	-1	xxx	-1	xxx	
1	15	STORE_WC_ARMOR_TAB6	PACKAGE_ITEM_CH_W_CLOTHES_04_AA_A	13	-1	xxx	-1	xxx	-1	xxx	-1	xxx	
1	15	STORE_WC_ARMOR_TAB6	PACKAGE_ITEM_CH_W_CLOTHES_04_BA_A	7	-1	xxx	-1	xxx	-1	xxx	-1	xxx	
1	15	STORE_WC_ARMOR_TAB6	PACKAGE_ITEM_CH_W_CLOTHES_04_CA_A	1	-1	xxx	-1	xxx	-1	xxx	-1	xxx	
1	15	STORE_WC_ARMOR_TAB6	PACKAGE_ITEM_CH_W_CLOTHES_04_FA_A	16	-1	xxx	-1	xxx	-1	xxx	-1	xxx	
1	15	STORE_WC_ARMOR_TAB6	PACKAGE_ITEM_CH_W_CLOTHES_04_LA_A	10	-1	xxx	-1	xxx	-1	xxx	-1	xxx	
1	15	STORE_WC_ARMOR_TAB6	PACKAGE_ITEM_CH_W_CLOTHES_04_SA_A	4	-1	xxx	-1	xxx	-1	xxx	-1	xxx	
1	15	STORE_WC_ARMOR_TAB6	PACKAGE_ITEM_CH_W_CLOTHES_05_AA_A	14	-1	xxx	-1	xxx	-1	xxx	-1	xxx	
1	15	STORE_WC_ARMOR_TAB6	PACKAGE_ITEM_CH_W_CLOTHES_05_BA_A	8	-1	xxx	-1	xxx	-1	xxx	-1	xxx	
1	15	STORE_WC_ARMOR_TAB6	PACKAGE_ITEM_CH_W_CLOTHES_05_CA_A	2	-1	xxx	-1	xxx	-1	xxx	-1	xxx	
1	15	STORE_WC_ARMOR_TAB6	PACKAGE_ITEM_CH_W_CLOTHES_05_FA_A	17	-1	xxx	-1	xxx	-1	xxx	-1	xxx	
1	15	STORE_WC_ARMOR_TAB6	PACKAGE_ITEM_CH_W_CLOTHES_05_LA_A	11	-1	xxx	-1	xxx	-1	xxx	-1	xxx	
1	15	STORE_WC_ARMOR_TAB6	PACKAGE_ITEM_CH_W_CLOTHES_05_SA_A	5	-1	xxx	-1	xxx	-1	xxx	-1	xxx	
1	15	STORE_WC_GUILD_TAB1	PACKAGE_ITEM_ETC_GUILD_CREST_DELETE	1	-1	xxx	-1	xxx	-1	xxx	-1	xxx	
1	15	STORE_WC_GUILD_TAB1	PACKAGE_ITEM_ETC_GUILD_CREST_USER	0	-1	xxx	-1	xxx	-1	xxx	-1	xxx	
1	15	STORE_WC_GUILD_TAB1	PACKAGE_ITEM_ETC_UNION_CREST_DELETE	3	-1	xxx	-1	xxx	-1	xxx	-1	xxx	
1	15	STORE_WC_GUILD_TAB1	PACKAGE_ITEM_ETC_UNION_CREST_USER	2	-1	xxx	-1	xxx	-1	xxx	-1	xxx	
1	15	STORE_WC_GUILD_TAB2	PACKAGE_ITEM_ETC_GUILD_CH_SOLDIER1_SCROLL	0	-1	xxx	-1	xxx	-1	xxx	-1	xxx	
1	15	STORE_WC_GUILD_TAB2	PACKAGE_ITEM_ETC_GUILD_CH_SOLDIER2_SCROLL	1	-1	xxx	-1	xxx	-1	xxx	-1	xxx	
1	15	STORE_WC_GUILD_TAB2	PACKAGE_ITEM_ETC_GUILD_CH_SOLDIER3_SCROLL	2	-1	xxx	-1	xxx	-1	xxx	-1	xxx	
1	15	STORE_WC_GUILD_TAB2	PACKAGE_ITEM_ETC_GUILD_CH_SOLDIER4_SCROLL	3	-1	xxx	-1	xxx	-1	xxx	-1	xxx	
1	15	STORE_WC_GUILD_TAB2	PACKAGE_ITEM_ETC_GUILD_CH_SOLDIER5_SCROLL	4	-1	xxx	-1	xxx	-1	xxx	-1	xxx	
1	15	STORE_WC_GUILD_TAB2	PACKAGE_ITEM_ETC_GUILD_CH_SOLDIER6_SCROLL	5	-1	xxx	-1	xxx	-1	xxx	-1	xxx	
1	15	STORE_WC_GUILD_TAB3	PACKAGE_ITEM_ETC_GUILD_RECALL	0	-1	xxx	-1	xxx	-1	xxx	-1	xxx	
1	15	STORE_WC_HONOR_TAB1	PACKAGE_ITEM_CH_BLADE_08_A_RARE_HONOR	0	-1	xxx	-1	xxx	-1	xxx	-1	xxx	
1	15	STORE_WC_HONOR_TAB1	PACKAGE_ITEM_CH_BLADE_08_B_RARE_HONOR	1	-1	xxx	-1	xxx	-1	xxx	-1	xxx	
1	15	STORE_WC_HONOR_TAB1	PACKAGE_ITEM_CH_BLADE_08_C_RARE_HONOR	2	-1	xxx	-1	xxx	-1	xxx	-1	xxx	
1	15	STORE_WC_HONOR_TAB1	PACKAGE_ITEM_CH_BLADE_09_A_RARE_HONOR	3	-1	xxx	-1	xxx	-1	xxx	-1	xxx	
1	15	STORE_WC_HONOR_TAB1	PACKAGE_ITEM_CH_BLADE_09_B_RARE_HONOR	4	-1	xxx	-1	xxx	-1	xxx	-1	xxx	
1	15	STORE_WC_HONOR_TAB1	PACKAGE_ITEM_CH_BLADE_09_C_RARE_HONOR	5	-1	xxx	-1	xxx	-1	xxx	-1	xxx	
1	15	STORE_WC_HONOR_TAB1	PACKAGE_ITEM_CH_BOW_08_A_RARE_HONOR	6	-1	xxx	-1	xxx	-1	xxx	-1	xxx	
1	15	STORE_WC_HONOR_TAB1	PACKAGE_ITEM_CH_BOW_08_B_RARE_HONOR	7	-1	xxx	-1	xxx	-1	xxx	-1	xxx	
1	15	STORE_WC_HONOR_TAB1	PACKAGE_ITEM_CH_BOW_08_C_RARE_HONOR	8	-1	xxx	-1	xxx	-1	xxx	-1	xxx	
1	15	STORE_WC_HONOR_TAB1	PACKAGE_ITEM_CH_BOW_09_A_RARE_HONOR	9	-1	xxx	-1	xxx	-1	xxx	-1	xxx	
1	15	STORE_WC_HONOR_TAB1	PACKAGE_ITEM_CH_BOW_09_B_RARE_HONOR	10	-1	xxx	-1	xxx	-1	xxx	-1	xxx	
1	15	STORE_WC_HONOR_TAB1	PACKAGE_ITEM_CH_BOW_09_C_RARE_HONOR	11	-1	xxx	-1	xxx	-1	xxx	-1	xxx	
1	15	STORE_WC_HONOR_TAB1	PACKAGE_ITEM_CH_SPEAR_08_A_RARE_HONOR	12	-1	xxx	-1	xxx	-1	xxx	-1	xxx	
1	15	STORE_WC_HONOR_TAB1	PACKAGE_ITEM_CH_SPEAR_08_B_RARE_HONOR	13	-1	xxx	-1	xxx	-1	xxx	-1	xxx	
1	15	STORE_WC_HONOR_TAB1	PACKAGE_ITEM_CH_SPEAR_08_C_RARE_HONOR	14	-1	xxx	-1	xxx	-1	xxx	-1	xxx	
1	15	STORE_WC_HONOR_TAB1	PACKAGE_ITEM_CH_SPEAR_09_A_RARE_HONOR	15	-1	xxx	-1	xxx	-1	xxx	-1	xxx	
1	15	STORE_WC_HONOR_TAB1	PACKAGE_ITEM_CH_SPEAR_09_B_RARE_HONOR	16	-1	xxx	-1	xxx	-1	xxx	-1	xxx	
1	15	STORE_WC_HONOR_TAB1	PACKAGE_ITEM_CH_SPEAR_09_C_RARE_HONOR	17	-1	xxx	-1	xxx	-1	xxx	-1	xxx	
1	15	STORE_WC_HONOR_TAB1	PACKAGE_ITEM_CH_SWORD_08_A_RARE_HONOR	18	-1	xxx	-1	xxx	-1	xxx	-1	xxx	
1	15	STORE_WC_HONOR_TAB1	PACKAGE_ITEM_CH_SWORD_08_B_RARE_HONOR	19	-1	xxx	-1	xxx	-1	xxx	-1	xxx	
1	15	STORE_WC_HONOR_TAB1	PACKAGE_ITEM_CH_SWORD_08_C_RARE_HONOR	20	-1	xxx	-1	xxx	-1	xxx	-1	xxx	
1	15	STORE_WC_HONOR_TAB1	PACKAGE_ITEM_CH_SWORD_09_A_RARE_HONOR	21	-1	xxx	-1	xxx	-1	xxx	-1	xxx	
1	15	STORE_WC_HONOR_TAB1	PACKAGE_ITEM_CH_SWORD_09_B_RARE_HONOR	22	-1	xxx	-1	xxx	-1	xxx	-1	xxx	
1	15	STORE_WC_HONOR_TAB1	PACKAGE_ITEM_CH_SWORD_09_C_RARE_HONOR	23	-1	xxx	-1	xxx	-1	xxx	-1	xxx	
1	15	STORE_WC_HONOR_TAB1	PACKAGE_ITEM_CH_TBLADE_08_A_RARE_HONOR	24	-1	xxx	-1	xxx	-1	xxx	-1	xxx	
1	15	STORE_WC_HONOR_TAB1	PACKAGE_ITEM_CH_TBLADE_08_B_RARE_HONOR	25	-1	xxx	-1	xxx	-1	xxx	-1	xxx	
1	15	STORE_WC_HONOR_TAB1	PACKAGE_ITEM_CH_TBLADE_08_C_RARE_HONOR	26	-1	xxx	-1	xxx	-1	xxx	-1	xxx	
1	15	STORE_WC_HONOR_TAB1	PACKAGE_ITEM_CH_TBLADE_09_A_RARE_HONOR	27	-1	xxx	-1	xxx	-1	xxx	-1	xxx	
1	15	STORE_WC_HONOR_TAB1	PACKAGE_ITEM_CH_TBLADE_09_B_RARE_HONOR	28	-1	xxx	-1	xxx	-1	xxx	-1	xxx	
1	15	STORE_WC_HONOR_TAB1	PACKAGE_ITEM_CH_TBLADE_09_C_RARE_HONOR	29	-1	xxx	-1	xxx	-1	xxx	-1	xxx	
1	15	STORE_WC_HONOR_TAB2	PACKAGE_ITEM_ETC_ARCHEMY_MAGICSTONE_REPAIR_08	0	-1	xxx	-1	xxx	-1	xxx	-1	xxx	
1	15	STORE_WC_HONOR_TAB2	PACKAGE_ITEM_ETC_ARCHEMY_MAGICSTONE_REPAIR_09	1	-1	xxx	-1	xxx	-1	xxx	-1	xxx	
1	15	STORE_WC_SMITH_TAB1	PACKAGE_ITEM_CH_BLADE_03_A	3	-1	xxx	-1	xxx	-1	xxx	-1	xxx	
1	15	STORE_WC_SMITH_TAB1	PACKAGE_ITEM_CH_BLADE_04_A	4	-1	xxx	-1	xxx	-1	xxx	-1	xxx	
1	15	STORE_WC_SMITH_TAB1	PACKAGE_ITEM_CH_BLADE_05_A	5	-1	xxx	-1	xxx	-1	xxx	-1	xxx	
1	15	STORE_WC_SMITH_TAB1	PACKAGE_ITEM_CH_BOW_03_A	12	-1	xxx	-1	xxx	-1	xxx	-1	xxx	
1	15	STORE_WC_SMITH_TAB1	PACKAGE_ITEM_CH_BOW_04_A	13	-1	xxx	-1	xxx	-1	xxx	-1	xxx	
1	15	STORE_WC_SMITH_TAB1	PACKAGE_ITEM_CH_BOW_05_A	14	-1	xxx	-1	xxx	-1	xxx	-1	xxx	
1	15	STORE_WC_SMITH_TAB1	PACKAGE_ITEM_CH_SPEAR_03_A	6	-1	xxx	-1	xxx	-1	xxx	-1	xxx	
1	15	STORE_WC_SMITH_TAB1	PACKAGE_ITEM_CH_SPEAR_04_A	7	-1	xxx	-1	xxx	-1	xxx	-1	xxx	
1	15	STORE_WC_SMITH_TAB1	PACKAGE_ITEM_CH_SPEAR_05_A	8	-1	xxx	-1	xxx	-1	xxx	-1	xxx	
1	15	STORE_WC_SMITH_TAB1	PACKAGE_ITEM_CH_SWORD_03_A	0	-1	xxx	-1	xxx	-1	xxx	-1	xxx	
1	15	STORE_WC_SMITH_TAB1	PACKAGE_ITEM_CH_SWORD_04_A	1	-1	xxx	-1	xxx	-1	xxx	-1	xxx	
1	15	STORE_WC_SMITH_TAB1	PACKAGE_ITEM_CH_SWORD_05_A	2	-1	xxx	-1	xxx	-1	xxx	-1	xxx	
1	15	STORE_WC_SMITH_TAB1	PACKAGE_ITEM_CH_TBLADE_03_A	9	-1	xxx	-1	xxx	-1	xxx	-1	xxx	
1	15	STORE_WC_SMITH_TAB1	PACKAGE_ITEM_CH_TBLADE_04_A	10	-1	xxx	-1	xxx	-1	xxx	-1	xxx	
1	15	STORE_WC_SMITH_TAB1	PACKAGE_ITEM_CH_TBLADE_05_A	11	-1	xxx	-1	xxx	-1	xxx	-1	xxx	
1	15	STORE_WC_SMITH_TAB2	PACKAGE_ITEM_CH_SHIELD_03_A	0	-1	xxx	-1	xxx	-1	xxx	-1	xxx	
1	15	STORE_WC_SMITH_TAB2	PACKAGE_ITEM_CH_SHIELD_04_A	1	-1	xxx	-1	xxx	-1	xxx	-1	xxx	
1	15	STORE_WC_SMITH_TAB2	PACKAGE_ITEM_CH_SHIELD_05_A	2	-1	xxx	-1	xxx	-1	xxx	-1	xxx	
1	15	STORE_WC_SMITH_TAB3	PACKAGE_ITEM_ETC_AMMO_ARROW_01	0	-1	xxx	-1	xxx	-1	xxx	-1	xxx	
1	15	STORE_WC_STABLE_TAB1	PACKAGE_ITEM_COS_C_DHORSE1	3	-1	xxx	-1	xxx	-1	xxx	-1	xxx	
1	15	STORE_WC_STABLE_TAB1	PACKAGE_ITEM_COS_C_HORSE1	0	-1	xxx	-1	xxx	-1	xxx	-1	xxx	
1	15	STORE_WC_STABLE_TAB1	PACKAGE_ITEM_COS_C_HORSE2	1	-1	xxx	-1	xxx	-1	xxx	-1	xxx	
1	15	STORE_WC_STABLE_TAB1	PACKAGE_ITEM_COS_C_HORSE3	2	-1	xxx	-1	xxx	-1	xxx	-1	xxx	
1	15	STORE_WC_STABLE_TAB3	PACKAGE_ITEM_COS_P_FLUTE	0	-1	xxx	-1	xxx	-1	xxx	-1	xxx	
1	15	STORE_WC_STABLE_TAB4	PACKAGE_ITEM_COS_P_CURE_ALL_01	4	-1	xxx	-1	xxx	-1	xxx	-1	xxx	
1	15	STORE_WC_STABLE_TAB4	PACKAGE_ITEM_COS_P_CURE_ALL_02	5	-1	xxx	-1	xxx	-1	xxx	-1	xxx	
1	15	STORE_WC_STABLE_TAB4	PACKAGE_ITEM_COS_P_HGP_POTION_01	3	-1	xxx	-1	xxx	-1	xxx	-1	xxx	
1	15	STORE_WC_STABLE_TAB4	PACKAGE_ITEM_COS_P_REVIVAL	2	-1	xxx	-1	xxx	-1	xxx	-1	xxx	
1	15	STORE_WC_STABLE_TAB4	PACKAGE_ITEM_ETC_COS_HP_POTION_01	0	-1	xxx	-1	xxx	-1	xxx	-1	xxx	
1	15	STORE_WC_STABLE_TAB4	PACKAGE_ITEM_ETC_COS_HP_POTION_02	1	-1	xxx	-1	xxx	-1	xxx	-1	xxx	
1	15	STORE_WC_STABLE_TAB4	PACKAGE_ITEM_ETC_COS_HP_POTION_03	6	-1	xxx	-1	xxx	-1	xxx	-1	xxx	
1	15	STORE_CA_POTION_TAB1	PACKAGE_ITEM_ETC_HP_SPOTION_01	0	-1	xxx	-1	xxx	-1	xxx	-1	xxx	
1	15	STORE_CA_POTION_TAB1	PACKAGE_ITEM_ETC_HP_POTION_02	1	-1	xxx	-1	xxx	-1	xxx	-1	xxx	
1	15	STORE_CA_POTION_TAB1	PACKAGE_ITEM_ETC_HP_POTION_03	2	-1	xxx	-1	xxx	-1	xxx	-1	xxx	
1	15	STORE_CA_POTION_TAB1	PACKAGE_ITEM_ETC_HP_POTION_04	3	-1	xxx	-1	xxx	-1	xxx	-1	xxx	
1	15	STORE_CA_POTION_TAB1	PACKAGE_ITEM_ETC_HP_POTION_05	4	-1	xxx	-1	xxx	-1	xxx	-1	xxx	
1	15	STORE_CA_POTION_TAB1	PACKAGE_ITEM_ETC_MP_SPOTION_01	6	-1	xxx	-1	xxx	-1	xxx	-1	xxx	
1	15	STORE_CA_POTION_TAB1	PACKAGE_ITEM_ETC_MP_POTION_02	7	-1	xxx	-1	xxx	-1	xxx	-1	xxx	
1	15	STORE_CA_POTION_TAB1	PACKAGE_ITEM_ETC_MP_POTION_03	8	-1	xxx	-1	xxx	-1	xxx	-1	xxx	
1	15	STORE_CA_POTION_TAB1	PACKAGE_ITEM_ETC_MP_POTION_04	9	-1	xxx	-1	xxx	-1	xxx	-1	xxx	
1	15	STORE_CA_POTION_TAB1	PACKAGE_ITEM_ETC_MP_POTION_05	10	-1	xxx	-1	xxx	-1	xxx	-1	xxx	
1	15	STORE_CA_POTION_TAB1	PACKAGE_ITEM_ETC_ALL_POTION_02	13	-1	xxx	-1	xxx	-1	xxx	-1	xxx	
1	15	STORE_CA_POTION_TAB1	PACKAGE_ITEM_ETC_ALL_POTION_03	14	-1	xxx	-1	xxx	-1	xxx	-1	xxx	
1	15	STORE_CA_POTION_TAB1	PACKAGE_ITEM_ETC_ALL_POTION_04	15	-1	xxx	-1	xxx	-1	xxx	-1	xxx	
1	15	STORE_CA_POTION_TAB1	PACKAGE_ITEM_ETC_ALL_POTION_05	16	-1	xxx	-1	xxx	-1	xxx	-1	xxx	
1	15	STORE_CA_POTION_TAB1	PACKAGE_ITEM_ETC_ALL_SPOTION_01	12	-1	xxx	-1	xxx	-1	xxx	-1	xxx	
1	15	STORE_CA_POTION_TAB1	PACKAGE_ITEM_ETC_CURE_ALL_02	19	-1	xxx	-1	xxx	-1	xxx	-1	xxx	
1	15	STORE_CA_POTION_TAB1	PACKAGE_ITEM_ETC_CURE_ALL_03	20	-1	xxx	-1	xxx	-1	xxx	-1	xxx	
1	15	STORE_CA_POTION_TAB1	PACKAGE_ITEM_ETC_CURE_ALL_04	21	-1	xxx	-1	xxx	-1	xxx	-1	xxx	
1	15	STORE_CA_POTION_TAB1	PACKAGE_ITEM_ETC_CURE_ALL_05	22	-1	xxx	-1	xxx	-1	xxx	-1	xxx	
1	15	STORE_CA_POTION_TAB1	PACKAGE_ITEM_ETC_CURE_RANDOM_01	25	-1	xxx	-1	xxx	-1	xxx	-1	xxx	
1	15	STORE_CA_POTION_TAB1	PACKAGE_ITEM_ETC_CURE_RANDOM_02	26	-1	xxx	-1	xxx	-1	xxx	-1	xxx	
1	15	STORE_CA_POTION_TAB1	PACKAGE_ITEM_ETC_CURE_RANDOM_03	27	-1	xxx	-1	xxx	-1	xxx	-1	xxx	
1	15	STORE_CA_POTION_TAB1	PACKAGE_ITEM_ETC_CURE_RANDOM_04	28	-1	xxx	-1	xxx	-1	xxx	-1	xxx	
1	15	STORE_CA_POTION_TAB1	PACKAGE_ITEM_ETC_DETECT_04	24	-1	xxx	-1	xxx	-1	xxx	-1	xxx	
1	15	STORE_CA_POTION_TAB1	PACKAGE_ITEM_ETC_SECOND_HWAN_SCROLL_01	5	-1	xxx	-1	xxx	-1	xxx	-1	xxx	
1	15	STORE_CA_POTION_TAB1	PACKAGE_ITEM_ETC_SECOND_HWAN_SCROLL_02	11	-1	xxx	-1	xxx	-1	xxx	-1	xxx	
1	15	STORE_CA_POTION_TAB1	PACKAGE_ITEM_ETC_SECOND_HWAN_SCROLL_03	17	-1	xxx	-1	xxx	-1	xxx	-1	xxx	
1	15	STORE_CA_POTION_TAB1	PACKAGE_ITEM_ETC_SECOND_HWAN_SCROLL_04	23	-1	xxx	-1	xxx	-1	xxx	-1	xxx	
1	15	STORE_CH_POTION_TAB1	PACKAGE_ITEM_ETC_HP_SPOTION_01	0	-1	xxx	-1	xxx	-1	xxx	-1	xxx	
1	15	STORE_CH_POTION_TAB1	PACKAGE_ITEM_ETC_HP_POTION_02	1	-1	xxx	-1	xxx	-1	xxx	-1	xxx	
1	15	STORE_CH_POTION_TAB1	PACKAGE_ITEM_ETC_HP_POTION_03	2	-1	xxx	-1	xxx	-1	xxx	-1	xxx	
1	15	STORE_CH_POTION_TAB1	PACKAGE_ITEM_ETC_HP_POTION_04	3	-1	xxx	-1	xxx	-1	xxx	-1	xxx	
1	15	STORE_CH_POTION_TAB1	PACKAGE_ITEM_ETC_HP_POTION_05	4	-1	xxx	-1	xxx	-1	xxx	-1	xxx	
1	15	STORE_CH_POTION_TAB1	PACKAGE_ITEM_ETC_MP_SPOTION_01	6	-1	xxx	-1	xxx	-1	xxx	-1	xxx	
1	15	STORE_CH_POTION_TAB1	PACKAGE_ITEM_ETC_MP_POTION_02	7	-1	xxx	-1	xxx	-1	xxx	-1	xxx	
1	15	STORE_CH_POTION_TAB1	PACKAGE_ITEM_ETC_MP_POTION_03	8	-1	xxx	-1	xxx	-1	xxx	-1	xxx	
1	15	STORE_CH_POTION_TAB1	PACKAGE_ITEM_ETC_MP_POTION_04	9	-1	xxx	-1	xxx	-1	xxx	-1	xxx	
1	15	STORE_CH_POTION_TAB1	PACKAGE_ITEM_ETC_MP_POTION_05	10	-1	xxx	-1	xxx	-1	xxx	-1	xxx	
1	15	STORE_CH_POTION_TAB1	PACKAGE_ITEM_ETC_ALL_POTION_02	13	-1	xxx	-1	xxx	-1	xxx	-1	xxx	
1	15	STORE_CH_POTION_TAB1	PACKAGE_ITEM_ETC_ALL_POTION_03	14	-1	xxx	-1	xxx	-1	xxx	-1	xxx	
1	15	STORE_CH_POTION_TAB1	PACKAGE_ITEM_ETC_ALL_POTION_04	15	-1	xxx	-1	xxx	-1	xxx	-1	xxx	
1	15	STORE_CH_POTION_TAB1	PACKAGE_ITEM_ETC_ALL_POTION_05	16	-1	xxx	-1	xxx	-1	xxx	-1	xxx	
1	15	STORE_CH_POTION_TAB1	PACKAGE_ITEM_ETC_ALL_SPOTION_01	12	-1	xxx	-1	xxx	-1	xxx	-1	xxx	
1	15	STORE_CH_POTION_TAB1	PACKAGE_ITEM_ETC_CURE_ALL_02	19	-1	xxx	-1	xxx	-1	xxx	-1	xxx	
1	15	STORE_CH_POTION_TAB1	PACKAGE_ITEM_ETC_CURE_ALL_03	20	-1	xxx	-1	xxx	-1	xxx	-1	xxx	
1	15	STORE_CH_POTION_TAB1	PACKAGE_ITEM_ETC_CURE_ALL_04	21	-1	xxx	-1	xxx	-1	xxx	-1	xxx	
1	15	STORE_CH_POTION_TAB1	PACKAGE_ITEM_ETC_CURE_ALL_05	22	-1	xxx	-1	xxx	-1	xxx	-1	xxx	
1	15	STORE_CH_POTION_TAB1	PACKAGE_ITEM_ETC_CURE_RANDOM_01	25	-1	xxx	-1	xxx	-1	xxx	-1	xxx	
1	15	STORE_CH_POTION_TAB1	PACKAGE_ITEM_ETC_CURE_RANDOM_02	26	-1	xxx	-1	xxx	-1	xxx	-1	xxx	
1	15	STORE_CH_POTION_TAB1	PACKAGE_ITEM_ETC_CURE_RANDOM_03	27	-1	xxx	-1	xxx	-1	xxx	-1	xxx	
1	15	STORE_CH_POTION_TAB1	PACKAGE_ITEM_ETC_CURE_RANDOM_04	28	-1	xxx	-1	xxx	-1	xxx	-1	xxx	
1	15	STORE_CH_POTION_TAB1	PACKAGE_ITEM_ETC_DETECT_04	24	-1	xxx	-1	xxx	-1	xxx	-1	xxx	
1	15	STORE_CH_POTION_TAB1	PACKAGE_ITEM_ETC_SECOND_HWAN_SCROLL_01	5	-1	xxx	-1	xxx	-1	xxx	-1	xxx	
1	15	STORE_CH_POTION_TAB1	PACKAGE_ITEM_ETC_SECOND_HWAN_SCROLL_02	11	-1	xxx	-1	xxx	-1	xxx	-1	xxx	
1	15	STORE_CH_POTION_TAB1	PACKAGE_ITEM_ETC_SECOND_HWAN_SCROLL_03	17	-1	xxx	-1	xxx	-1	xxx	-1	xxx	
1	15	STORE_CH_POTION_TAB1	PACKAGE_ITEM_ETC_SECOND_HWAN_SCROLL_04	23	-1	xxx	-1	xxx	-1	xxx	-1	xxx	
1	15	STORE_WC_POTION_TAB1	PACKAGE_ITEM_ETC_HP_SPOTION_01	0	-1	xxx	-1	xxx	-1	xxx	-1	xxx	
1	15	STORE_WC_POTION_TAB1	PACKAGE_ITEM_ETC_HP_POTION_02	1	-1	xxx	-1	xxx	-1	xxx	-1	xxx	
1	15	STORE_WC_POTION_TAB1	PACKAGE_ITEM_ETC_HP_POTION_03	2	-1	xxx	-1	xxx	-1	xxx	-1	xxx	
1	15	STORE_WC_POTION_TAB1	PACKAGE_ITEM_ETC_HP_POTION_04	3	-1	xxx	-1	xxx	-1	xxx	-1	xxx	
1	15	STORE_WC_POTION_TAB1	PACKAGE_ITEM_ETC_HP_POTION_05	4	-1	xxx	-1	xxx	-1	xxx	-1	xxx	
1	15	STORE_WC_POTION_TAB1	PACKAGE_ITEM_ETC_MP_SPOTION_01	6	-1	xxx	-1	xxx	-1	xxx	-1	xxx	
1	15	STORE_WC_POTION_TAB1	PACKAGE_ITEM_ETC_MP_POTION_02	7	-1	xxx	-1	xxx	-1	xxx	-1	xxx	
1	15	STORE_WC_POTION_TAB1	PACKAGE_ITEM_ETC_MP_POTION_03	8	-1	xxx	-1	xxx	-1	xxx	-1	xxx	
1	15	STORE_WC_POTION_TAB1	PACKAGE_ITEM_ETC_MP_POTION_04	9	-1	xxx	-1	xxx	-1	xxx	-1	xxx	
1	15	STORE_WC_POTION_TAB1	PACKAGE_ITEM_ETC_MP_POTION_05	10	-1	xxx	-1	xxx	-1	xxx	-1	xxx	
1	15	STORE_WC_POTION_TAB1	PACKAGE_ITEM_ETC_ALL_POTION_02	13	-1	xxx	-1	xxx	-1	xxx	-1	xxx	
1	15	STORE_WC_POTION_TAB1	PACKAGE_ITEM_ETC_ALL_POTION_03	14	-1	xxx	-1	xxx	-1	xxx	-1	xxx	
1	15	STORE_WC_POTION_TAB1	PACKAGE_ITEM_ETC_ALL_POTION_04	15	-1	xxx	-1	xxx	-1	xxx	-1	xxx	
1	15	STORE_WC_POTION_TAB1	PACKAGE_ITEM_ETC_ALL_POTION_05	16	-1	xxx	-1	xxx	-1	xxx	-1	xxx	
1	15	STORE_WC_POTION_TAB1	PACKAGE_ITEM_ETC_ALL_SPOTION_01	12	-1	xxx	-1	xxx	-1	xxx	-1	xxx	
1	15	STORE_WC_POTION_TAB1	PACKAGE_ITEM_ETC_CURE_ALL_02	19	-1	xxx	-1	xxx	-1	xxx	-1	xxx	
1	15	STORE_WC_POTION_TAB1	PACKAGE_ITEM_ETC_CURE_ALL_03	20	-1	xxx	-1	xxx	-1	xxx	-1	xxx	
1	15	STORE_WC_POTION_TAB1	PACKAGE_ITEM_ETC_CURE_ALL_04	21	-1	xxx	-1	xxx	-1	xxx	-1	xxx	
1	15	STORE_WC_POTION_TAB1	PACKAGE_ITEM_ETC_CURE_ALL_05	22	-1	xxx	-1	xxx	-1	xxx	-1	xxx	
1	15	STORE_WC_POTION_TAB1	PACKAGE_ITEM_ETC_CURE_RANDOM_01	25	-1	xxx	-1	xxx	-1	xxx	-1	xxx	
1	15	STORE_WC_POTION_TAB1	PACKAGE_ITEM_ETC_CURE_RANDOM_02	26	-1	xxx	-1	xxx	-1	xxx	-1	xxx	
1	15	STORE_WC_POTION_TAB1	PACKAGE_ITEM_ETC_CURE_RANDOM_03	27	-1	xxx	-1	xxx	-1	xxx	-1	xxx	
1	15	STORE_WC_POTION_TAB1	PACKAGE_ITEM_ETC_CURE_RANDOM_04	28	-1	xxx	-1	xxx	-1	xxx	-1	xxx	
1	15	STORE_WC_POTION_TAB1	PACKAGE_ITEM_ETC_DETECT_04	24	-1	xxx	-1	xxx	-1	xxx	-1	xxx	
1	15	STORE_WC_POTION_TAB1	PACKAGE_ITEM_ETC_SECOND_HWAN_SCROLL_01	5	-1	xxx	-1	xxx	-1	xxx	-1	xxx	
1	15	STORE_WC_POTION_TAB1	PACKAGE_ITEM_ETC_SECOND_HWAN_SCROLL_02	11	-1	xxx	-1	xxx	-1	xxx	-1	xxx	
1	15	STORE_WC_POTION_TAB1	PACKAGE_ITEM_ETC_SECOND_HWAN_SCROLL_03	17	-1	xxx	-1	xxx	-1	xxx	-1	xxx	
1	15	STORE_WC_POTION_TAB1	PACKAGE_ITEM_ETC_SECOND_HWAN_SCROLL_04	23	-1	xxx	-1	xxx	-1	xxx	-1	xxx	
1	15	STORE_KT_POTION_TAB1	PACKAGE_ITEM_ETC_HP_SPOTION_01	0	-1	xxx	-1	xxx	-1	xxx	-1	xxx	
1	15	STORE_KT_POTION_TAB1	PACKAGE_ITEM_ETC_HP_POTION_02	1	-1	xxx	-1	xxx	-1	xxx	-1	xxx	
1	15	STORE_KT_POTION_TAB1	PACKAGE_ITEM_ETC_HP_POTION_03	2	-1	xxx	-1	xxx	-1	xxx	-1	xxx	
1	15	STORE_KT_POTION_TAB1	PACKAGE_ITEM_ETC_HP_POTION_04	3	-1	xxx	-1	xxx	-1	xxx	-1	xxx	
1	15	STORE_KT_POTION_TAB1	PACKAGE_ITEM_ETC_HP_POTION_05	4	-1	xxx	-1	xxx	-1	xxx	-1	xxx	
1	15	STORE_KT_POTION_TAB1	PACKAGE_ITEM_ETC_MP_SPOTION_01	6	-1	xxx	-1	xxx	-1	xxx	-1	xxx	
1	15	STORE_KT_POTION_TAB1	PACKAGE_ITEM_ETC_MP_POTION_02	7	-1	xxx	-1	xxx	-1	xxx	-1	xxx	
1	15	STORE_KT_POTION_TAB1	PACKAGE_ITEM_ETC_MP_POTION_03	8	-1	xxx	-1	xxx	-1	xxx	-1	xxx	
1	15	STORE_KT_POTION_TAB1	PACKAGE_ITEM_ETC_MP_POTION_04	9	-1	xxx	-1	xxx	-1	xxx	-1	xxx	
1	15	STORE_KT_POTION_TAB1	PACKAGE_ITEM_ETC_MP_POTION_05	10	-1	xxx	-1	xxx	-1	xxx	-1	xxx	
1	15	STORE_KT_POTION_TAB1	PACKAGE_ITEM_ETC_ALL_POTION_02	13	-1	xxx	-1	xxx	-1	xxx	-1	xxx	
1	15	STORE_KT_POTION_TAB1	PACKAGE_ITEM_ETC_ALL_POTION_03	14	-1	xxx	-1	xxx	-1	xxx	-1	xxx	
1	15	STORE_KT_POTION_TAB1	PACKAGE_ITEM_ETC_ALL_POTION_04	15	-1	xxx	-1	xxx	-1	xxx	-1	xxx	
1	15	STORE_KT_POTION_TAB1	PACKAGE_ITEM_ETC_ALL_POTION_05	16	-1	xxx	-1	xxx	-1	xxx	-1	xxx	
1	15	STORE_KT_POTION_TAB1	PACKAGE_ITEM_ETC_ALL_SPOTION_01	12	-1	xxx	-1	xxx	-1	xxx	-1	xxx	
1	15	STORE_KT_POTION_TAB1	PACKAGE_ITEM_ETC_CURE_ALL_02	19	-1	xxx	-1	xxx	-1	xxx	-1	xxx	
1	15	STORE_KT_POTION_TAB1	PACKAGE_ITEM_ETC_CURE_ALL_03	20	-1	xxx	-1	xxx	-1	xxx	-1	xxx	
1	15	STORE_KT_POTION_TAB1	PACKAGE_ITEM_ETC_CURE_ALL_04	21	-1	xxx	-1	xxx	-1	xxx	-1	xxx	
1	15	STORE_KT_POTION_TAB1	PACKAGE_ITEM_ETC_CURE_ALL_05	22	-1	xxx	-1	xxx	-1	xxx	-1	xxx	
1	15	STORE_KT_POTION_TAB1	PACKAGE_ITEM_ETC_CURE_RANDOM_01	25	-1	xxx	-1	xxx	-1	xxx	-1	xxx	
1	15	STORE_KT_POTION_TAB1	PACKAGE_ITEM_ETC_CURE_RANDOM_02	26	-1	xxx	-1	xxx	-1	xxx	-1	xxx	
1	15	STORE_KT_POTION_TAB1	PACKAGE_ITEM_ETC_CURE_RANDOM_03	27	-1	xxx	-1	xxx	-1	xxx	-1	xxx	
1	15	STORE_KT_POTION_TAB1	PACKAGE_ITEM_ETC_CURE_RANDOM_04	28	-1	xxx	-1	xxx	-1	xxx	-1	xxx	
1	15	STORE_KT_POTION_TAB1	PACKAGE_ITEM_ETC_DETECT_04	24	-1	xxx	-1	xxx	-1	xxx	-1	xxx	
1	15	STORE_KT_POTION_TAB1	PACKAGE_ITEM_ETC_SECOND_HWAN_SCROLL_01	5	-1	xxx	-1	xxx	-1	xxx	-1	xxx	
1	15	STORE_KT_POTION_TAB1	PACKAGE_ITEM_ETC_SECOND_HWAN_SCROLL_02	11	-1	xxx	-1	xxx	-1	xxx	-1	xxx	
1	15	STORE_KT_POTION_TAB1	PACKAGE_ITEM_ETC_SECOND_HWAN_SCROLL_03	17	-1	xxx	-1	xxx	-1	xxx	-1	xxx	
1	15	STORE_KT_POTION_TAB1	PACKAGE_ITEM_ETC_SECOND_HWAN_SCROLL_04	23	-1	xxx	-1	xxx	-1	xxx	-1	xxx	
1	15	STORE_EU_POTION_TAB1	PACKAGE_ITEM_ETC_HP_SPOTION_01	0	-1	xxx	-1	xxx	-1	xxx	-1	xxx	
1	15	STORE_EU_POTION_TAB1	PACKAGE_ITEM_ETC_HP_POTION_02	1	-1	xxx	-1	xxx	-1	xxx	-1	xxx	
1	15	STORE_EU_POTION_TAB1	PACKAGE_ITEM_ETC_HP_POTION_03	2	-1	xxx	-1	xxx	-1	xxx	-1	xxx	
1	15	STORE_EU_POTION_TAB1	PACKAGE_ITEM_ETC_HP_POTION_04	3	-1	xxx	-1	xxx	-1	xxx	-1	xxx	
1	15	STORE_EU_POTION_TAB1	PACKAGE_ITEM_ETC_HP_POTION_05	4	-1	xxx	-1	xxx	-1	xxx	-1	xxx	
1	15	STORE_EU_POTION_TAB1	PACKAGE_ITEM_ETC_MP_SPOTION_01	6	-1	xxx	-1	xxx	-1	xxx	-1	xxx	
1	15	STORE_EU_POTION_TAB1	PACKAGE_ITEM_ETC_MP_POTION_02	7	-1	xxx	-1	xxx	-1	xxx	-1	xxx	
1	15	STORE_EU_POTION_TAB1	PACKAGE_ITEM_ETC_MP_POTION_03	8	-1	xxx	-1	xxx	-1	xxx	-1	xxx	
1	15	STORE_EU_POTION_TAB1	PACKAGE_ITEM_ETC_MP_POTION_04	9	-1	xxx	-1	xxx	-1	xxx	-1	xxx	
1	15	STORE_EU_POTION_TAB1	PACKAGE_ITEM_ETC_MP_POTION_05	10	-1	xxx	-1	xxx	-1	xxx	-1	xxx	
1	15	STORE_EU_POTION_TAB1	PACKAGE_ITEM_ETC_ALL_POTION_02	13	-1	xxx	-1	xxx	-1	xxx	-1	xxx	
1	15	STORE_EU_POTION_TAB1	PACKAGE_ITEM_ETC_ALL_POTION_03	14	-1	xxx	-1	xxx	-1	xxx	-1	xxx	
1	15	STORE_EU_POTION_TAB1	PACKAGE_ITEM_ETC_ALL_POTION_04	15	-1	xxx	-1	xxx	-1	xxx	-1	xxx	
1	15	STORE_EU_POTION_TAB1	PACKAGE_ITEM_ETC_ALL_POTION_05	16	-1	xxx	-1	xxx	-1	xxx	-1	xxx	
1	15	STORE_EU_POTION_TAB1	PACKAGE_ITEM_ETC_ALL_SPOTION_01	12	-1	xxx	-1	xxx	-1	xxx	-1	xxx	
1	15	STORE_EU_POTION_TAB1	PACKAGE_ITEM_ETC_CURE_ALL_02	19	-1	xxx	-1	xxx	-1	xxx	-1	xxx	
1	15	STORE_EU_POTION_TAB1	PACKAGE_ITEM_ETC_CURE_ALL_03	20	-1	xxx	-1	xxx	-1	xxx	-1	xxx	
1	15	STORE_EU_POTION_TAB1	PACKAGE_ITEM_ETC_CURE_ALL_04	21	-1	xxx	-1	xxx	-1	xxx	-1	xxx	
1	15	STORE_EU_POTION_TAB1	PACKAGE_ITEM_ETC_CURE_ALL_05	22	-1	xxx	-1	xxx	-1	xxx	-1	xxx	
1	15	STORE_EU_POTION_TAB1	PACKAGE_ITEM_ETC_CURE_RANDOM_01	25	-1	xxx	-1	xxx	-1	xxx	-1	xxx	
1	15	STORE_EU_POTION_TAB1	PACKAGE_ITEM_ETC_CURE_RANDOM_02	26	-1	xxx	-1	xxx	-1	xxx	-1	xxx	
1	15	STORE_EU_POTION_TAB1	PACKAGE_ITEM_ETC_CURE_RANDOM_03	27	-1	xxx	-1	xxx	-1	xxx	-1	xxx	
1	15	STORE_EU_POTION_TAB1	PACKAGE_ITEM_ETC_CURE_RANDOM_04	28	-1	xxx	-1	xxx	-1	xxx	-1	xxx	
1	15	STORE_EU_POTION_TAB1	PACKAGE_ITEM_ETC_DETECT_04	24	-1	xxx	-1	xxx	-1	xxx	-1	xxx	
1	15	STORE_EU_POTION_TAB1	PACKAGE_ITEM_ETC_SECOND_HWAN_SCROLL_01	5	-1	xxx	-1	xxx	-1	xxx	-1	xxx	
1	15	STORE_EU_POTION_TAB1	PACKAGE_ITEM_ETC_SECOND_HWAN_SCROLL_02	11	-1	xxx	-1	xxx	-1	xxx	-1	xxx	
1	15	STORE_EU_POTION_TAB1	PACKAGE_ITEM_ETC_SECOND_HWAN_SCROLL_03	17	-1	xxx	-1	xxx	-1	xxx	-1	xxx	
1	15	STORE_EU_POTION_TAB1	PACKAGE_ITEM_ETC_SECOND_HWAN_SCROLL_04	23	-1	xxx	-1	xxx	-1	xxx	-1	xxx	
1	15	MALL_CONSUME_POTION	PACKAGE_ITEM_MALL_HP_SUPERSET_2_BAG	0	-1	xxx	-1	xxx	-1	xxx	-1	xxx	
1	15	MALL_CONSUME_POTION	PACKAGE_ITEM_MALL_HP_SUPERSET_3_BAG	2	-1	xxx	-1	xxx	-1	xxx	-1	xxx	
1	15	MALL_CONSUME_POTION	PACKAGE_ITEM_MALL_HP_SUPERSET_4_BAG	4	-1	xxx	-1	xxx	-1	xxx	-1	xxx	
1	15	MALL_CONSUME_POTION	PACKAGE_ITEM_MALL_HP_SUPERSET_5_BAG	6	-1	xxx	-1	xxx	-1	xxx	-1	xxx	
1	15	MALL_CONSUME_POTION	PACKAGE_ITEM_MALL_MP_SUPERSET_2_BAG	1	-1	xxx	-1	xxx	-1	xxx	-1	xxx	
1	15	MALL_CONSUME_POTION	PACKAGE_ITEM_MALL_MP_SUPERSET_3_BAG	3	-1	xxx	-1	xxx	-1	xxx	-1	xxx	
1	15	MALL_CONSUME_POTION	PACKAGE_ITEM_MALL_MP_SUPERSET_4_BAG	5	-1	xxx	-1	xxx	-1	xxx	-1	xxx	
1	15	MALL_CONSUME_POTION	PACKAGE_ITEM_MALL_MP_SUPERSET_5_BAG	7	-1	xxx	-1	xxx	-1	xxx	-1	xxx	
1	15	MALL_AVATAR_ATTACH	PACKAGE_ITEM_MALL_AVATAR_M_ADMIRAL_ATTACH	20	-1	xxx	-1	xxx	-1	xxx	-1	xxx	
1	15	MALL_AVATAR_ATTACH	PACKAGE_ITEM_MALL_AVATAR_M_ARABIA_ATTACH	0	-1	xxx	-1	xxx	-1	xxx	-1	xxx	
1	15	MALL_AVATAR_ATTACH	PACKAGE_ITEM_MALL_AVATAR_M_CARNIVAL_ATTACH	8	-1	xxx	-1	xxx	-1	xxx	-1	xxx	
1	15	MALL_AVATAR_ATTACH	PACKAGE_ITEM_MALL_AVATAR_M_CHINGCHU_ATTACH	10	-1	xxx	-1	xxx	-1	xxx	-1	xxx	
1	15	MALL_AVATAR_ATTACH	PACKAGE_ITEM_MALL_AVATAR_M_CLOWN_ATTACH	2	-1	xxx	-1	xxx	-1	xxx	-1	xxx	
1	15	MALL_AVATAR_ATTACH	PACKAGE_ITEM_MALL_AVATAR_M_DARKLKNIGHT_ATTACH	12	-1	xxx	-1	xxx	-1	xxx	-1	xxx	
1	15	MALL_AVATAR_ATTACH	PACKAGE_ITEM_MALL_AVATAR_M_EARTHSPIRIT_ATTACH	22	-1	xxx	-1	xxx	-1	xxx	-1	xxx	
1	15	MALL_AVATAR_ATTACH	PACKAGE_ITEM_MALL_AVATAR_M_HWARANG_ATTACH	14	-1	xxx	-1	xxx	-1	xxx	-1	xxx	
1	15	MALL_AVATAR_ATTACH	PACKAGE_ITEM_MALL_AVATAR_M_PIRATECREW_ATTACH	6	-1	xxx	-1	xxx	-1	xxx	-1	xxx	
1	15	MALL_AVATAR_ATTACH	PACKAGE_ITEM_MALL_AVATAR_M_SAINTWARRIOR_ATTACH	16	-1	xxx	-1	xxx	-1	xxx	-1	xxx	
1	15	MALL_AVATAR_ATTACH	PACKAGE_ITEM_MALL_AVATAR_M_SPARTA_ATTACH	4	-1	xxx	-1	xxx	-1	xxx	-1	xxx	
1	15	MALL_AVATAR_ATTACH	PACKAGE_ITEM_MALL_AVATAR_W_ADMIRAL_ATTACH	21	-1	xxx	-1	xxx	-1	xxx	-1	xxx	
1	15	MALL_AVATAR_ATTACH	PACKAGE_ITEM_MALL_AVATAR_W_ARABIA_ATTACH	1	-1	xxx	-1	xxx	-1	xxx	-1	xxx	
1	15	MALL_AVATAR_ATTACH	PACKAGE_ITEM_MALL_AVATAR_W_CARNIVAL_ATTACH	9	-1	xxx	-1	xxx	-1	xxx	-1	xxx	
1	15	MALL_AVATAR_ATTACH	PACKAGE_ITEM_MALL_AVATAR_W_CHINGCHU_ATTACH	11	-1	xxx	-1	xxx	-1	xxx	-1	xxx	
1	15	MALL_AVATAR_ATTACH	PACKAGE_ITEM_MALL_AVATAR_W_CLOWN_ATTACH	3	-1	xxx	-1	xxx	-1	xxx	-1	xxx	
1	15	MALL_AVATAR_ATTACH	PACKAGE_ITEM_MALL_AVATAR_W_DARKLKNIGHT_ATTACH	13	-1	xxx	-1	xxx	-1	xxx	-1	xxx	
1	15	MALL_AVATAR_ATTACH	PACKAGE_ITEM_MALL_AVATAR_W_EARTHSPIRIT_ATTACH	23	-1	xxx	-1	xxx	-1	xxx	-1	xxx	
1	15	MALL_AVATAR_ATTACH	PACKAGE_ITEM_MALL_AVATAR_W_HWARANG_ATTACH	15	-1	xxx	-1	xxx	-1	xxx	-1	xxx	
1	15	MALL_AVATAR_ATTACH	PACKAGE_ITEM_MALL_AVATAR_W_PIRATECREW_ATTACH	7	-1	xxx	-1	xxx	-1	xxx	-1	xxx	
1	15	MALL_AVATAR_ATTACH	PACKAGE_ITEM_MALL_AVATAR_W_SAINTWARRIOR_ATTACH	17	-1	xxx	-1	xxx	-1	xxx	-1	xxx	
1	15	MALL_AVATAR_ATTACH	PACKAGE_ITEM_MALL_AVATAR_W_SPARTA_ATTACH	5	-1	xxx	-1	xxx	-1	xxx	-1	xxx	
1	15	MALL_AVATAR_DRESS	PACKAGE_ITEM_MALL_AVATAR_M_ADMIRAL	36	-1	xxx	-1	xxx	-1	xxx	-1	xxx	
1	15	MALL_AVATAR_DRESS	PACKAGE_ITEM_MALL_AVATAR_M_ARABIA	2	-1	xxx	-1	xxx	-1	xxx	-1	xxx	
1	15	MALL_AVATAR_DRESS	PACKAGE_ITEM_MALL_AVATAR_M_ARABIA_2	14	-1	xxx	-1	xxx	-1	xxx	-1	xxx	
1	15	MALL_AVATAR_DRESS	PACKAGE_ITEM_MALL_AVATAR_M_CARNIVAL	16	-1	xxx	-1	xxx	-1	xxx	-1	xxx	
1	15	MALL_AVATAR_DRESS	PACKAGE_ITEM_MALL_AVATAR_M_CHINGCHU	20	-1	xxx	-1	xxx	-1	xxx	-1	xxx	
1	15	MALL_AVATAR_DRESS	PACKAGE_ITEM_MALL_AVATAR_M_CLOWN	4	-1	xxx	-1	xxx	-1	xxx	-1	xxx	
1	15	MALL_AVATAR_DRESS	PACKAGE_ITEM_MALL_AVATAR_M_DARKLKNIGHT	24	-1	xxx	-1	xxx	-1	xxx	-1	xxx	
1	15	MALL_AVATAR_DRESS	PACKAGE_ITEM_MALL_AVATAR_M_EARTHSPIRIT	38	-1	xxx	-1	xxx	-1	xxx	-1	xxx	
1	15	MALL_AVATAR_DRESS	PACKAGE_ITEM_MALL_AVATAR_M_FAIRY_2	22	-1	xxx	-1	xxx	-1	xxx	-1	xxx	
1	15	MALL_AVATAR_DRESS	PACKAGE_ITEM_MALL_AVATAR_M_HWARANG	28	-1	xxx	-1	xxx	-1	xxx	-1	xxx	
1	15	MALL_AVATAR_DRESS	PACKAGE_ITEM_MALL_AVATAR_M_KNIGHT	0	-1	xxx	-1	xxx	-1	xxx	-1	xxx	
1	15	MALL_AVATAR_DRESS	PACKAGE_ITEM_MALL_AVATAR_M_KNIGHT_3	18	-1	xxx	-1	xxx	-1	xxx	-1	xxx	
1	15	MALL_AVATAR_DRESS	PACKAGE_ITEM_MALL_AVATAR_M_NEWDEVIL	30	-1	xxx	-1	xxx	-1	xxx	-1	xxx	
1	15	MALL_AVATAR_DRESS	PACKAGE_ITEM_MALL_AVATAR_M_PIRATE_2	10	-1	xxx	-1	xxx	-1	xxx	-1	xxx	
1	15	MALL_AVATAR_DRESS	PACKAGE_ITEM_MALL_AVATAR_M_PIRATECREW	12	-1	xxx	-1	xxx	-1	xxx	-1	xxx	
1	15	MALL_AVATAR_DRESS	PACKAGE_ITEM_MALL_AVATAR_M_PIRATECREW_2	26	-1	xxx	-1	xxx	-1	xxx	-1	xxx	
1	15	MALL_AVATAR_DRESS	PACKAGE_ITEM_MALL_AVATAR_M_SAINTWARRIOR	32	-1	xxx	-1	xxx	-1	xxx	-1	xxx	
1	15	MALL_AVATAR_DRESS	PACKAGE_ITEM_MALL_AVATAR_M_SPARTA	8	-1	xxx	-1	xxx	-1	xxx	-1	xxx	
1	15	MALL_AVATAR_DRESS	PACKAGE_ITEM_MALL_AVATAR_M_TURKEY	6	-1	xxx	-1	xxx	-1	xxx	-1	xxx	
1	15	MALL_AVATAR_DRESS	PACKAGE_ITEM_MALL_AVATAR_W_ADMIRAL	37	-1	xxx	-1	xxx	-1	xxx	-1	xxx	
1	15	MALL_AVATAR_DRESS	PACKAGE_ITEM_MALL_AVATAR_W_ARABIA	3	-1	xxx	-1	xxx	-1	xxx	-1	xxx	
1	15	MALL_AVATAR_DRESS	PACKAGE_ITEM_MALL_AVATAR_W_ARABIA_2	15	-1	xxx	-1	xxx	-1	xxx	-1	xxx	
1	15	MALL_AVATAR_DRESS	PACKAGE_ITEM_MALL_AVATAR_W_CARNIVAL	17	-1	xxx	-1	xxx	-1	xxx	-1	xxx	
1	15	MALL_AVATAR_DRESS	PACKAGE_ITEM_MALL_AVATAR_W_CHINGCHU	21	-1	xxx	-1	xxx	-1	xxx	-1	xxx	
1	15	MALL_AVATAR_DRESS	PACKAGE_ITEM_MALL_AVATAR_W_CLOWN	5	-1	xxx	-1	xxx	-1	xxx	-1	xxx	
1	15	MALL_AVATAR_DRESS	PACKAGE_ITEM_MALL_AVATAR_W_DARKLKNIGHT	25	-1	xxx	-1	xxx	-1	xxx	-1	xxx	
1	15	MALL_AVATAR_DRESS	PACKAGE_ITEM_MALL_AVATAR_W_EARTHSPIRIT	39	-1	xxx	-1	xxx	-1	xxx	-1	xxx	
1	15	MALL_AVATAR_DRESS	PACKAGE_ITEM_MALL_AVATAR_W_FAIRY_2	23	-1	xxx	-1	xxx	-1	xxx	-1	xxx	
1	15	MALL_AVATAR_DRESS	PACKAGE_ITEM_MALL_AVATAR_W_HWARANG	29	-1	xxx	-1	xxx	-1	xxx	-1	xxx	
1	15	MALL_AVATAR_DRESS	PACKAGE_ITEM_MALL_AVATAR_W_KNIGHT	1	-1	xxx	-1	xxx	-1	xxx	-1	xxx	
1	15	MALL_AVATAR_DRESS	PACKAGE_ITEM_MALL_AVATAR_W_KNIGHT_3	19	-1	xxx	-1	xxx	-1	xxx	-1	xxx	
1	15	MALL_AVATAR_DRESS	PACKAGE_ITEM_MALL_AVATAR_W_NEWDEVIL	31	-1	xxx	-1	xxx	-1	xxx	-1	xxx	
1	15	MALL_AVATAR_DRESS	PACKAGE_ITEM_MALL_AVATAR_W_PIRATE_2	11	-1	xxx	-1	xxx	-1	xxx	-1	xxx	
1	15	MALL_AVATAR_DRESS	PACKAGE_ITEM_MALL_AVATAR_W_PIRATECREW	13	-1	xxx	-1	xxx	-1	xxx	-1	xxx	
1	15	MALL_AVATAR_DRESS	PACKAGE_ITEM_MALL_AVATAR_W_PIRATECREW_2	27	-1	xxx	-1	xxx	-1	xxx	-1	xxx	
1	15	MALL_AVATAR_DRESS	PACKAGE_ITEM_MALL_AVATAR_W_SAINTWARRIOR	33	-1	xxx	-1	xxx	-1	xxx	-1	xxx	
1	15	MALL_AVATAR_DRESS	PACKAGE_ITEM_MALL_AVATAR_W_SPARTA	9	-1	xxx	-1	xxx	-1	xxx	-1	xxx	
1	15	MALL_AVATAR_DRESS	PACKAGE_ITEM_MALL_AVATAR_W_TURKEY	7	-1	xxx	-1	xxx	-1	xxx	-1	xxx	
1	15	MALL_AVATAR_HAT	PACKAGE_ITEM_MALL_AVATAR_M_ADMIRAL_HAT	36	-1	xxx	-1	xxx	-1	xxx	-1	xxx	
1	15	MALL_AVATAR_HAT	PACKAGE_ITEM_MALL_AVATAR_M_ARABIA_HAT	2	-1	xxx	-1	xxx	-1	xxx	-1	xxx	
1	15	MALL_AVATAR_HAT	PACKAGE_ITEM_MALL_AVATAR_M_ARABIA_HAT_2	14	-1	xxx	-1	xxx	-1	xxx	-1	xxx	
1	15	MALL_AVATAR_HAT	PACKAGE_ITEM_MALL_AVATAR_M_CARNIVAL_HAT	16	-1	xxx	-1	xxx	-1	xxx	-1	xxx	
1	15	MALL_AVATAR_HAT	PACKAGE_ITEM_MALL_AVATAR_M_CHINGCHU_HAT	20	-1	xxx	-1	xxx	-1	xxx	-1	xxx	
1	15	MALL_AVATAR_HAT	PACKAGE_ITEM_MALL_AVATAR_M_CLOWN_HAT_2	4	-1	xxx	-1	xxx	-1	xxx	-1	xxx	
1	15	MALL_AVATAR_HAT	PACKAGE_ITEM_MALL_AVATAR_M_DARKLKNIGHT_HAT	24	-1	xxx	-1	xxx	-1	xxx	-1	xxx	
1	15	MALL_AVATAR_HAT	PACKAGE_ITEM_MALL_AVATAR_M_EARTHSPIRIT_HAT	38	-1	xxx	-1	xxx	-1	xxx	-1	xxx	
1	15	MALL_AVATAR_HAT	PACKAGE_ITEM_MALL_AVATAR_M_FAIRY_HAT_2	22	-1	xxx	-1	xxx	-1	xxx	-1	xxx	
1	15	MALL_AVATAR_ATTACH	PACKAGE_ITEM_MALL_AVATAR_M_DRAGONDRESS_ATTACH	54	-1	xxx	-1	xxx	-1	xxx	-1	xxx	
1	15	MALL_AVATAR_ATTACH	PACKAGE_ITEM_MALL_AVATAR_W_DRAGONDRESS_ATTACH	55	-1	xxx	-1	xxx	-1	xxx	-1	xxx	
1	15	MALL_AVATAR_DRESS	PACKAGE_ITEM_MALL_AVATAR_M_DRAGONDRESS	88	-1	xxx	-1	xxx	-1	xxx	-1	xxx	
1	15	MALL_AVATAR_DRESS	PACKAGE_ITEM_MALL_AVATAR_W_DRAGONDRESS	89	-1	xxx	-1	xxx	-1	xxx	-1	xxx	
1	15	MALL_AVATAR_HAT	PACKAGE_ITEM_MALL_AVATAR_M_DRAGONDRESS_HAT	82	-1	xxx	-1	xxx	-1	xxx	-1	xxx	
1	15	MALL_AVATAR_HAT	PACKAGE_ITEM_MALL_AVATAR_W_DRAGONDRESS_HAT	83	-1	xxx	-1	xxx	-1	xxx	-1	xxx	
1	15	MALL_AVATAR_DRESS	PACKAGE_ITEM_MALL_AVATAR_M_NEWANGEL	90	-1	xxx	-1	xxx	-1	xxx	-1	xxx	
1	15	MALL_AVATAR_DRESS	PACKAGE_ITEM_MALL_AVATAR_W_NEWANGEL	91	-1	xxx	-1	xxx	-1	xxx	-1	xxx	
1	15	MALL_AVATAR_HAT	PACKAGE_ITEM_MALL_AVATAR_M_NEWANGEL_HAT	84	-1	xxx	-1	xxx	-1	xxx	-1	xxx	
1	15	MALL_AVATAR_HAT	PACKAGE_ITEM_MALL_AVATAR_W_NEWANGEL_HAT	85	-1	xxx	-1	xxx	-1	xxx	-1	xxx	
1	15	MALL_AVATAR_ATTACH	PACKAGE_ITEM_MALL_AVATAR_M_REDHOOD_ATTACH_GIRL	56	-1	xxx	-1	xxx	-1	xxx	-1	xxx	
1	15	MALL_AVATAR_ATTACH	PACKAGE_ITEM_MALL_AVATAR_M_REDHOOD_ATTACH_WOLF	58	-1	xxx	-1	xxx	-1	xxx	-1	xxx	
1	15	MALL_AVATAR_ATTACH	PACKAGE_ITEM_MALL_AVATAR_W_REDHOOD_ATTACH_GIRL	57	-1	xxx	-1	xxx	-1	xxx	-1	xxx	
1	15	MALL_AVATAR_ATTACH	PACKAGE_ITEM_MALL_AVATAR_W_REDHOOD_ATTACH_WOLF	59	-1	xxx	-1	xxx	-1	xxx	-1	xxx	
1	15	MALL_AVATAR_DRESS	PACKAGE_ITEM_MALL_AVATAR_M_REDHOOD	92	-1	xxx	-1	xxx	-1	xxx	-1	xxx	
1	15	MALL_AVATAR_DRESS	PACKAGE_ITEM_MALL_AVATAR_W_REDHOOD	93	-1	xxx	-1	xxx	-1	xxx	-1	xxx	
1	15	MALL_AVATAR_HAT	PACKAGE_ITEM_MALL_AVATAR_M_REDHOOD_HAT	86	-1	xxx	-1	xxx	-1	xxx	-1	xxx	
1	15	MALL_AVATAR_HAT	PACKAGE_ITEM_MALL_AVATAR_W_REDHOOD_HAT	87	-1	xxx	-1	xxx	-1	xxx	-1	xxx	
1	15	MALL_AVATAR_HAT	PACKAGE_ITEM_MALL_AVATAR_M_HWARANG_HAT	28	-1	xxx	-1	xxx	-1	xxx	-1	xxx	
1	15	MALL_AVATAR_HAT	PACKAGE_ITEM_MALL_AVATAR_M_KNIGHT_HAT_3	18	-1	xxx	-1	xxx	-1	xxx	-1	xxx	
1	15	MALL_AVATAR_HAT	PACKAGE_ITEM_MALL_AVATAR_M_NEWDEVIL_HAT	30	-1	xxx	-1	xxx	-1	xxx	-1	xxx	
1	15	MALL_AVATAR_HAT	PACKAGE_ITEM_MALL_AVATAR_M_PIRATE_HAT_2	10	-1	xxx	-1	xxx	-1	xxx	-1	xxx	
1	15	MALL_AVATAR_HAT	PACKAGE_ITEM_MALL_AVATAR_M_PIRATECREW_HAT	12	-1	xxx	-1	xxx	-1	xxx	-1	xxx	
1	15	MALL_AVATAR_HAT	PACKAGE_ITEM_MALL_AVATAR_M_PIRATECREW_HAT_2	26	-1	xxx	-1	xxx	-1	xxx	-1	xxx	
1	15	MALL_AVATAR_HAT	PACKAGE_ITEM_MALL_AVATAR_M_SAINTWARRIOR_HAT	32	-1	xxx	-1	xxx	-1	xxx	-1	xxx	
1	15	MALL_AVATAR_HAT	PACKAGE_ITEM_MALL_AVATAR_M_SPARTA_HAT	8	-1	xxx	-1	xxx	-1	xxx	-1	xxx	
1	15	MALL_AVATAR_HAT	PACKAGE_ITEM_MALL_AVATAR_M_TURKEY_HAT	6	-1	xxx	-1	xxx	-1	xxx	-1	xxx	
1	15	MALL_AVATAR_HAT	PACKAGE_ITEM_MALL_AVATAR_W_ADMIRAL_HAT	37	-1	xxx	-1	xxx	-1	xxx	-1	xxx	
1	15	MALL_AVATAR_HAT	PACKAGE_ITEM_MALL_AVATAR_W_ARABIA_HAT	3	-1	xxx	-1	xxx	-1	xxx	-1	xxx	
1	15	MALL_AVATAR_HAT	PACKAGE_ITEM_MALL_AVATAR_W_ARABIA_HAT_2	15	-1	xxx	-1	xxx	-1	xxx	-1	xxx	
1	15	MALL_AVATAR_HAT	PACKAGE_ITEM_MALL_AVATAR_W_CARNIVAL_HAT	17	-1	xxx	-1	xxx	-1	xxx	-1	xxx	
1	15	MALL_AVATAR_HAT	PACKAGE_ITEM_MALL_AVATAR_W_CHINGCHU_HAT	21	-1	xxx	-1	xxx	-1	xxx	-1	xxx	
1	15	MALL_AVATAR_HAT	PACKAGE_ITEM_MALL_AVATAR_W_CLOWN_HAT_2	5	-1	xxx	-1	xxx	-1	xxx	-1	xxx	
1	15	MALL_AVATAR_HAT	PACKAGE_ITEM_MALL_AVATAR_W_DARKLKNIGHT_HAT	25	-1	xxx	-1	xxx	-1	xxx	-1	xxx	
1	15	MALL_AVATAR_HAT	PACKAGE_ITEM_MALL_AVATAR_W_EARTHSPIRIT_HAT	39	-1	xxx	-1	xxx	-1	xxx	-1	xxx	
1	15	MALL_AVATAR_HAT	PACKAGE_ITEM_MALL_AVATAR_W_FAIRY_HAT_2	23	-1	xxx	-1	xxx	-1	xxx	-1	xxx	
1	15	MALL_AVATAR_HAT	PACKAGE_ITEM_MALL_AVATAR_W_HWARANG_HAT	29	-1	xxx	-1	xxx	-1	xxx	-1	xxx	
1	15	MALL_AVATAR_HAT	PACKAGE_ITEM_MALL_AVATAR_W_KNIGHT_HAT	1	-1	xxx	-1	xxx	-1	xxx	-1	xxx	
1	15	MALL_AVATAR_HAT	PACKAGE_ITEM_MALL_AVATAR_W_KNIGHT_HAT_3	19	-1	xxx	-1	xxx	-1	xxx	-1	xxx	
1	15	MALL_AVATAR_HAT	PACKAGE_ITEM_MALL_AVATAR_W_NEWDEVIL_HAT	31	-1	xxx	-1	xxx	-1	xxx	-1	xxx	
1	15	MALL_AVATAR_HAT	PACKAGE_ITEM_MALL_AVATAR_W_PIRATE_HAT_2	11	-1	xxx	-1	xxx	-1	xxx	-1	xxx	
1	15	MALL_AVATAR_HAT	PACKAGE_ITEM_MALL_AVATAR_M_KNIGHT_HAT	0	-1	xxx	-1	xxx	-1	xxx	-1	xxx	
1	15	MALL_AVATAR_HAT	PACKAGE_ITEM_MALL_AVATAR_W_PIRATECREW_HAT	13	-1	xxx	-1	xxx	-1	xxx	-1	xxx	
1	15	MALL_AVATAR_HAT	PACKAGE_ITEM_MALL_AVATAR_W_PIRATECREW_HAT_2	27	-1	xxx	-1	xxx	-1	xxx	-1	xxx	
1	15	MALL_AVATAR_HAT	PACKAGE_ITEM_MALL_AVATAR_W_SAINTWARRIOR_HAT	33	-1	xxx	-1	xxx	-1	xxx	-1	xxx	
1	15	MALL_AVATAR_HAT	PACKAGE_ITEM_MALL_AVATAR_W_SPARTA_HAT	9	-1	xxx	-1	xxx	-1	xxx	-1	xxx	
1	15	MALL_AVATAR_HAT	PACKAGE_ITEM_MALL_AVATAR_W_TURKEY_HAT	7	-1	xxx	-1	xxx	-1	xxx	-1	xxx	
1	15	MALL_AVATAR_DRESS	PACKAGE_ITEM_MALL_AVATAR_M_DEVIL_WING_DRESS	42	-1	xxx	-1	xxx	-1	xxx	-1	xxx	
1	15	MALL_AVATAR_DRESS	PACKAGE_ITEM_MALL_AVATAR_W_DEVIL_WING_DRESS	43	-1	xxx	-1	xxx	-1	xxx	-1	xxx	
1	15	MALL_AVATAR_DRESS	PACKAGE_ITEM_MALL_AVATAR_M_CH_WEDDING	44	-1	xxx	-1	xxx	-1	xxx	-1	xxx	
1	15	MALL_AVATAR_DRESS	PACKAGE_ITEM_MALL_AVATAR_W_CH_WEDDING	45	-1	xxx	-1	xxx	-1	xxx	-1	xxx	
1	15	MALL_AVATAR_DRESS	PACKAGE_ITEM_MALL_AVATAR_M_EU_WEDDING	46	-1	xxx	-1	xxx	-1	xxx	-1	xxx	
1	15	MALL_AVATAR_DRESS	PACKAGE_ITEM_MALL_AVATAR_W_EU_WEDDING	47	-1	xxx	-1	xxx	-1	xxx	-1	xxx	
1	15	MALL_AVATAR_DRESS	PACKAGE_ITEM_MALL_AVATAR_M_EVENT_WINTER	48	-1	xxx	-1	xxx	-1	xxx	-1	xxx	
1	15	MALL_AVATAR_DRESS	PACKAGE_ITEM_MALL_AVATAR_W_EVENT_WINTER	49	-1	xxx	-1	xxx	-1	xxx	-1	xxx	
1	15	MALL_AVATAR_DRESS	PACKAGE_ITEM_MALL_AVATAR_M_FUR	50	-1	xxx	-1	xxx	-1	xxx	-1	xxx	
1	15	MALL_AVATAR_DRESS	PACKAGE_ITEM_MALL_AVATAR_W_FUR	51	-1	xxx	-1	xxx	-1	xxx	-1	xxx	
1	15	MALL_AVATAR_DRESS	PACKAGE_ITEM_MALL_AVATAR_M_HALLOWEEN	52	-1	xxx	-1	xxx	-1	xxx	-1	xxx	
1	15	MALL_AVATAR_DRESS	PACKAGE_ITEM_MALL_AVATAR_W_HALLOWEEN	53	-1	xxx	-1	xxx	-1	xxx	-1	xxx	
1	15	MALL_AVATAR_HAT	PACKAGE_ITEM_MALL_AVATAR_M_CH_WEDDING_HAT	42	-1	xxx	-1	xxx	-1	xxx	-1	xxx	
1	15	MALL_AVATAR_HAT	PACKAGE_ITEM_MALL_AVATAR_W_CH_WEDDING_HAT	43	-1	xxx	-1	xxx	-1	xxx	-1	xxx	
1	15	MALL_AVATAR_HAT	PACKAGE_ITEM_MALL_AVATAR_M_EU_WEDDING_HAT	44	-1	xxx	-1	xxx	-1	xxx	-1	xxx	
1	15	MALL_AVATAR_HAT	PACKAGE_ITEM_MALL_AVATAR_W_EU_WEDDING_HAT	45	-1	xxx	-1	xxx	-1	xxx	-1	xxx	
1	15	MALL_AVATAR_HAT	PACKAGE_ITEM_MALL_AVATAR_M_EVENT_WINTER_HAT	46	-1	xxx	-1	xxx	-1	xxx	-1	xxx	
1	15	MALL_AVATAR_HAT	PACKAGE_ITEM_MALL_AVATAR_W_EVENT_WINTER_HAT	47	-1	xxx	-1	xxx	-1	xxx	-1	xxx	
1	15	MALL_AVATAR_HAT	PACKAGE_ITEM_MALL_AVATAR_M_FUR_HAT	48	-1	xxx	-1	xxx	-1	xxx	-1	xxx	
1	15	MALL_AVATAR_HAT	PACKAGE_ITEM_MALL_AVATAR_W_FUR_HAT	49	-1	xxx	-1	xxx	-1	xxx	-1	xxx	
1	15	MALL_AVATAR_HAT	PACKAGE_ITEM_MALL_AVATAR_M_HALLOWEEN_HAT	50	-1	xxx	-1	xxx	-1	xxx	-1	xxx	
1	15	MALL_AVATAR_HAT	PACKAGE_ITEM_MALL_AVATAR_W_HALLOWEEN_HAT	51	-1	xxx	-1	xxx	-1	xxx	-1	xxx	
1	15	MALL_AVATAR_ATTACH	PACKAGE_ITEM_MALL_AVATAR_M_EVENT_WINTER_ATTACH	24	-1	xxx	-1	xxx	-1	xxx	-1	xxx	
1	15	MALL_AVATAR_ATTACH	PACKAGE_ITEM_MALL_AVATAR_W_EVENT_WINTER_ATTACH	25	-1	xxx	-1	xxx	-1	xxx	-1	xxx	
1	15	MALL_AVATAR_ATTACH	PACKAGE_ITEM_MALL_AVATAR_M_HALLOWEEN_ATTACH	26	-1	xxx	-1	xxx	-1	xxx	-1	xxx	
1	15	MALL_AVATAR_ATTACH	PACKAGE_ITEM_MALL_AVATAR_W_HALLOWEEN_ATTACH	27	-1	xxx	-1	xxx	-1	xxx	-1	xxx	
1	15	MALL_AVATAR_ATTACH	PACKAGE_ITEM_MALL_AVATAR_M_DARKLKNIGHT_ATTACH_2011	28	-1	xxx	-1	xxx	-1	xxx	-1	xxx	
1	15	MALL_AVATAR_ATTACH	PACKAGE_ITEM_MALL_AVATAR_W_DARKLKNIGHT_ATTACH_2011	29	-1	xxx	-1	xxx	-1	xxx	-1	xxx	
1	15	MALL_AVATAR_ATTACH	PACKAGE_ITEM_MALL_AVATAR_M_SAINTWARRIOR_ATTACH_2011_DARK	30	-1	xxx	-1	xxx	-1	xxx	-1	xxx	
1	15	MALL_AVATAR_ATTACH	PACKAGE_ITEM_MALL_AVATAR_W_SAINTWARRIOR_ATTACH_2011_DARK	31	-1	xxx	-1	xxx	-1	xxx	-1	xxx	
1	15	MALL_AVATAR_DRESS	PACKAGE_ITEM_MALL_AVATAR_M_SAINTWARRIOR_2011_DARK	58	-1	xxx	-1	xxx	-1	xxx	-1	xxx	
1	15	MALL_AVATAR_DRESS	PACKAGE_ITEM_MALL_AVATAR_W_SAINTWARRIOR_2011_DARK	59	-1	xxx	-1	xxx	-1	xxx	-1	xxx	
1	15	MALL_AVATAR_HAT	PACKAGE_ITEM_MALL_AVATAR_M_SAINTWARRIOR_HAT_2011_DARK	56	-1	xxx	-1	xxx	-1	xxx	-1	xxx	
1	15	MALL_AVATAR_HAT	PACKAGE_ITEM_MALL_AVATAR_W_SAINTWARRIOR_HAT_2011_DARK	57	-1	xxx	-1	xxx	-1	xxx	-1	xxx	
1	15	MALL_AVATAR_ATTACH	PACKAGE_ITEM_MALL_AVATAR_M_DARKWARRIOR_ATTACH	36	-1	xxx	-1	xxx	-1	xxx	-1	xxx	
1	15	MALL_AVATAR_ATTACH	PACKAGE_ITEM_MALL_AVATAR_W_DARKWARRIOR_ATTACH	37	-1	xxx	-1	xxx	-1	xxx	-1	xxx	
1	15	MALL_AVATAR_DRESS	PACKAGE_ITEM_MALL_AVATAR_M_DARKWARRIOR	66	-1	xxx	-1	xxx	-1	xxx	-1	xxx	
1	15	MALL_AVATAR_DRESS	PACKAGE_ITEM_MALL_AVATAR_W_DARKWARRIOR	67	-1	xxx	-1	xxx	-1	xxx	-1	xxx	
1	15	MALL_AVATAR_HAT	PACKAGE_ITEM_MALL_AVATAR_M_DARKWARRIOR_HAT	62	-1	xxx	-1	xxx	-1	xxx	-1	xxx	
1	15	MALL_AVATAR_HAT	PACKAGE_ITEM_MALL_AVATAR_W_DARKWARRIOR_HAT	63	-1	xxx	-1	xxx	-1	xxx	-1	xxx	
1	15	MALL_AVATAR_ATTACH	PACKAGE_ITEM_MALL_AVATAR_M_MUMMY_ATTACH	44	-1	xxx	-1	xxx	-1	xxx	-1	xxx	
1	15	MALL_AVATAR_ATTACH	PACKAGE_ITEM_MALL_AVATAR_W_MUMMY_ATTACH	45	-1	xxx	-1	xxx	-1	xxx	-1	xxx	
1	15	MALL_AVATAR_DRESS	PACKAGE_ITEM_MALL_AVATAR_M_MUMMY	74	-1	xxx	-1	xxx	-1	xxx	-1	xxx	
1	15	MALL_AVATAR_DRESS	PACKAGE_ITEM_MALL_AVATAR_W_MUMMY	75	-1	xxx	-1	xxx	-1	xxx	-1	xxx	
1	15	MALL_AVATAR_HAT	PACKAGE_ITEM_MALL_AVATAR_M_MUMMY_HAT	70	-1	xxx	-1	xxx	-1	xxx	-1	xxx	
1	15	MALL_AVATAR_HAT	PACKAGE_ITEM_MALL_AVATAR_W_MUMMY_HAT	71	-1	xxx	-1	xxx	-1	xxx	-1	xxx	
1	15	MALL_AVATAR_ATTACH	PACKAGE_ITEM_MALL_AVATAR_M_FOX_ATTACH	42	-1	xxx	-1	xxx	-1	xxx	-1	xxx	
1	15	MALL_AVATAR_ATTACH	PACKAGE_ITEM_MALL_AVATAR_W_FOX_ATTACH	43	-1	xxx	-1	xxx	-1	xxx	-1	xxx	
1	15	MALL_AVATAR_DRESS	PACKAGE_ITEM_MALL_AVATAR_M_FOX	72	-1	xxx	-1	xxx	-1	xxx	-1	xxx	
1	15	MALL_AVATAR_DRESS	PACKAGE_ITEM_MALL_AVATAR_W_FOX	73	-1	xxx	-1	xxx	-1	xxx	-1	xxx	
1	15	MALL_AVATAR_HAT	PACKAGE_ITEM_MALL_AVATAR_M_FOX_HAT	68	-1	xxx	-1	xxx	-1	xxx	-1	xxx	
1	15	MALL_AVATAR_HAT	PACKAGE_ITEM_MALL_AVATAR_W_FOX_HAT	69	-1	xxx	-1	xxx	-1	xxx	-1	xxx	
1	15	MALL_AVATAR_ATTACH	PACKAGE_ITEM_MALL_AVATAR_M_VAMPIRE_ATTACH	46	-1	xxx	-1	xxx	-1	xxx	-1	xxx	
1	15	MALL_AVATAR_ATTACH	PACKAGE_ITEM_MALL_AVATAR_W_VAMPIRE_ATTACH	47	-1	xxx	-1	xxx	-1	xxx	-1	xxx	
1	15	MALL_AVATAR_DRESS	PACKAGE_ITEM_MALL_AVATAR_M_VAMPIRE	78	-1	xxx	-1	xxx	-1	xxx	-1	xxx	
1	15	MALL_AVATAR_DRESS	PACKAGE_ITEM_MALL_AVATAR_W_VAMPIRE	79	-1	xxx	-1	xxx	-1	xxx	-1	xxx	
1	15	MALL_AVATAR_HAT	PACKAGE_ITEM_MALL_AVATAR_M_VAMPIRE_HAT	72	-1	xxx	-1	xxx	-1	xxx	-1	xxx	
1	15	MALL_AVATAR_HAT	PACKAGE_ITEM_MALL_AVATAR_W_VAMPIRE_HAT	73	-1	xxx	-1	xxx	-1	xxx	-1	xxx	
1	15	MALL_AVATAR_ATTACH	PACKAGE_ITEM_MALL_AVATAR_M_ASSASSIN_ATTACH	48	-1	xxx	-1	xxx	-1	xxx	-1	xxx	
1	15	MALL_AVATAR_ATTACH	PACKAGE_ITEM_MALL_AVATAR_W_ASSASSIN_ATTACH	49	-1	xxx	-1	xxx	-1	xxx	-1	xxx	
1	15	MALL_AVATAR_DRESS	PACKAGE_ITEM_MALL_AVATAR_M_ASSASSIN	80	-1	xxx	-1	xxx	-1	xxx	-1	xxx	
1	15	MALL_AVATAR_DRESS	PACKAGE_ITEM_MALL_AVATAR_W_ASSASSIN	81	-1	xxx	-1	xxx	-1	xxx	-1	xxx	
1	15	MALL_AVATAR_HAT	PACKAGE_ITEM_MALL_AVATAR_M_ASSASSIN_HAT	74	-1	xxx	-1	xxx	-1	xxx	-1	xxx	
1	15	MALL_AVATAR_HAT	PACKAGE_ITEM_MALL_AVATAR_W_ASSASSIN_HAT	75	-1	xxx	-1	xxx	-1	xxx	-1	xxx	
1	15	MALL_AVATAR_ATTACH	PACKAGE_ITEM_MALL_AVATAR_M_NEWHALLOWEEN_ATTACH	50	-1	xxx	-1	xxx	-1	xxx	-1	xxx	
1	15	MALL_AVATAR_ATTACH	PACKAGE_ITEM_MALL_AVATAR_W_NEWHALLOWEEN_ATTACH	51	-1	xxx	-1	xxx	-1	xxx	-1	xxx	
1	15	MALL_AVATAR_DRESS	PACKAGE_ITEM_MALL_AVATAR_M_NEWHALLOWEEN	82	-1	xxx	-1	xxx	-1	xxx	-1	xxx	
1	15	MALL_AVATAR_DRESS	PACKAGE_ITEM_MALL_AVATAR_W_NEWHALLOWEEN	83	-1	xxx	-1	xxx	-1	xxx	-1	xxx	
1	15	MALL_AVATAR_HAT	PACKAGE_ITEM_MALL_AVATAR_M_NEWHALLOWEEN_HAT	76	-1	xxx	-1	xxx	-1	xxx	-1	xxx	
1	15	MALL_AVATAR_HAT	PACKAGE_ITEM_MALL_AVATAR_W_NEWHALLOWEEN_HAT	77	-1	xxx	-1	xxx	-1	xxx	-1	xxx	
1	15	MALL_AVATAR_DRESS	PACKAGE_ITEM_MALL_AVATAR_M_BLACKWING	84	-1	xxx	-1	xxx	-1	xxx	-1	xxx	
1	15	MALL_AVATAR_DRESS	PACKAGE_ITEM_MALL_AVATAR_W_BLACKWING	85	-1	xxx	-1	xxx	-1	xxx	-1	xxx	
1	15	MALL_AVATAR_HAT	PACKAGE_ITEM_MALL_AVATAR_M_BLACKWING_HAT	78	-1	xxx	-1	xxx	-1	xxx	-1	xxx	
1	15	MALL_AVATAR_HAT	PACKAGE_ITEM_MALL_AVATAR_W_BLACKWING_HAT	79	-1	xxx	-1	xxx	-1	xxx	-1	xxx	
1	15	MALL_PREMIUM_NASRUN	PACKAGE_ITEM_MALL_AVATAR_M_NASRUN	0	-1	xxx	-1	xxx	-1	xxx	-1	xxx	
1	15	MALL_PREMIUM_NASRUN	PACKAGE_ITEM_MALL_AVATAR_M_NASRUN_BLUE	2	-1	xxx	-1	xxx	-1	xxx	-1	xxx	
1	15	MALL_PREMIUM_NASRUN	PACKAGE_ITEM_MALL_AVATAR_M_NASRUN_YELLOW	4	-1	xxx	-1	xxx	-1	xxx	-1	xxx	
1	15	MALL_PREMIUM_NASRUN	PACKAGE_ITEM_MALL_AVATAR_W_NASRUN	1	-1	xxx	-1	xxx	-1	xxx	-1	xxx	
1	15	MALL_PREMIUM_NASRUN	PACKAGE_ITEM_MALL_AVATAR_W_NASRUN_BLUE	3	-1	xxx	-1	xxx	-1	xxx	-1	xxx	
1	15	MALL_PREMIUM_NASRUN	PACKAGE_ITEM_MALL_AVATAR_W_NASRUN_YELLOW	5	-1	xxx	-1	xxx	-1	xxx	-1	xxx	
1	15	MALL_PREMIUM_NASRUN	PACKAGE_ITEM_MALL_AVATAR_M_NASRUN_UNIQUE	6	-1	xxx	-1	xxx	-1	xxx	-1	xxx	
1	15	MALL_PREMIUM_NASRUN	PACKAGE_ITEM_MALL_AVATAR_W_NASRUN_UNIQUE	7	-1	xxx	-1	xxx	-1	xxx	-1	xxx	
1	15	STORE_CH_POTION_TAB1	PACKAGE_ITEM_ETC_CURE_ALL_01	18	-1	xxx	-1	xxx	-1	xxx	-1	xxx	
1	15	STORE_WC_POTION_TAB1	PACKAGE_ITEM_ETC_CURE_ALL_01	18	-1	xxx	-1	xxx	-1	xxx	-1	xxx	
1	15	STORE_KT_POTION_TAB1	PACKAGE_ITEM_ETC_CURE_ALL_01	18	-1	xxx	-1	xxx	-1	xxx	-1	xxx	
1	15	STORE_EU_POTION_TAB1	PACKAGE_ITEM_ETC_CURE_ALL_01	18	-1	xxx	-1	xxx	-1	xxx	-1	xxx	
1	15	STORE_CA_POTION_TAB1	PACKAGE_ITEM_ETC_CURE_ALL_01	18	-1	xxx	-1	xxx	-1	xxx	-1	xxx	
1	15	MALL_PET_A_GROWTH	PACKAGE_ITEM_COS_P_JINN_SCROLL	6	-1	xxx	-1	xxx	-1	xxx	-1	xxx	
1	15	MALL_PET_B_SILK	PACKAGE_ITEM_COS_P_GOLDPIG_SCROLL	8	-1	xxx	-1	xxx	-1	xxx	-1	xxx	
1	15	MALL_PET_B_SILK	PACKAGE_ITEM_COS_P_PINKPIG_SCROLL	9	-1	xxx	-1	xxx	-1	xxx	-1	xxx	
1	15	MALL_PET_B_SILK	PACKAGE_ITEM_COS_P_CIRCUSBEAR_SCROLL	10	-1	xxx	-1	xxx	-1	xxx	-1	xxx	
1	15	MALL_PET_B_SILK	PACKAGE_ITEM_COS_P_GHOST_SCROLL	11	-1	xxx	-1	xxx	-1	xxx	-1	xxx	
1	15	MALL_PET_B_SILK	PACKAGE_ITEM_COS_P_WINTER_SNOWMAN_SCROLL	12	-1	xxx	-1	xxx	-1	xxx	-1	xxx	
1	15	MALL_PET_E_STORES	PACKAGE_ITEM_MALL_PET_SKILL_COLD	3	-1	xxx	-1	xxx	-1	xxx	-1	xxx	
1	15	MALL_PET_E_STORES	PACKAGE_ITEM_MALL_PET_SKILL_FIRE	4	-1	xxx	-1	xxx	-1	xxx	-1	xxx	
1	15	MALL_PET_E_STORES	PACKAGE_ITEM_MALL_PET_SKILL_LIGHTNING	5	-1	xxx	-1	xxx	-1	xxx	-1	xxx	
1	15	MALL_CONSUME_POTION	PACKAGE_ITEM_MALL_CURE_SUPERSET_1_BAG	8	-1	xxx	-1	xxx	-1	xxx	-1	xxx	
1	15	MALL_CONSUME_POTION	PACKAGE_ITEM_MALL_CURE_SUPERSET_2_BAG	9	-1	xxx	-1	xxx	-1	xxx	-1	xxx	
1	15	MALL_CONSUME_POTION	PACKAGE_ITEM_MALL_CURE_SUPERSET_3_BAG	10	-1	xxx	-1	xxx	-1	xxx	-1	xxx	
1	15	MALL_CONSUME_POTION	PACKAGE_ITEM_MALL_CURE_SUPERSET_4_BAG	11	-1	xxx	-1	xxx	-1	xxx	-1	xxx	
1	15	STORE_CH_NEW_TRADE_HUNTER_TAB1	PACKAGE_ITEM_CH_M_NEW_TRADE_HUNTER_02	2	-1	xxx	-1	xxx	-1	xxx	-1	xxx	
1	15	STORE_CH_NEW_TRADE_HUNTER_TAB1	PACKAGE_ITEM_CH_M_NEW_TRADE_HUNTER_03	4	-1	xxx	-1	xxx	-1	xxx	-1	xxx	
1	15	STORE_EU_NEW_TRADE_HUNTER_TAB1	PACKAGE_ITEM_EU_M_NEW_TRADE_HUNTER_02	2	-1	xxx	-1	xxx	-1	xxx	-1	xxx	
1	15	STORE_EU_NEW_TRADE_HUNTER_TAB1	PACKAGE_ITEM_EU_M_NEW_TRADE_HUNTER_03	4	-1	xxx	-1	xxx	-1	xxx	-1	xxx	
1	15	STORE_CH_NEW_TRADE_HUNTER_TAB1	PACKAGE_ITEM_CH_W_NEW_TRADE_HUNTER_02	3	-1	xxx	-1	xxx	-1	xxx	-1	xxx	
1	15	STORE_CH_NEW_TRADE_HUNTER_TAB1	PACKAGE_ITEM_CH_W_NEW_TRADE_HUNTER_03	5	-1	xxx	-1	xxx	-1	xxx	-1	xxx	
1	15	STORE_EU_NEW_TRADE_HUNTER_TAB1	PACKAGE_ITEM_EU_W_NEW_TRADE_HUNTER_02	3	-1	xxx	-1	xxx	-1	xxx	-1	xxx	
1	15	STORE_EU_NEW_TRADE_HUNTER_TAB1	PACKAGE_ITEM_EU_W_NEW_TRADE_HUNTER_03	5	-1	xxx	-1	xxx	-1	xxx	-1	xxx	
1	15	STORE_CH_NEW_TRADE_THIEF_TAB1	PACKAGE_ITEM_CH_M_NEW_TRADE_THIEF_02	2	-1	xxx	-1	xxx	-1	xxx	-1	xxx	
1	15	STORE_CH_NEW_TRADE_THIEF_TAB1	PACKAGE_ITEM_CH_M_NEW_TRADE_THIEF_03	4	-1	xxx	-1	xxx	-1	xxx	-1	xxx	
1	15	STORE_EU_NEW_TRADE_THIEF_TAB1	PACKAGE_ITEM_EU_M_NEW_TRADE_THIEF_02	2	-1	xxx	-1	xxx	-1	xxx	-1	xxx	
1	15	STORE_CH_NEW_TRADE_THIEF_TAB1	PACKAGE_ITEM_CH_W_NEW_TRADE_THIEF_02	3	-1	xxx	-1	xxx	-1	xxx	-1	xxx	
1	15	STORE_CH_NEW_TRADE_THIEF_TAB1	PACKAGE_ITEM_CH_W_NEW_TRADE_THIEF_03	5	-1	xxx	-1	xxx	-1	xxx	-1	xxx	
1	15	STORE_EU_NEW_TRADE_THIEF_TAB1	PACKAGE_ITEM_EU_W_NEW_TRADE_THIEF_02	3	-1	xxx	-1	xxx	-1	xxx	-1	xxx	
1	15	STORE_EU_NEW_TRADE_THIEF_TAB1	PACKAGE_ITEM_EU_M_NEW_TRADE_THIEF_03	4	-1	xxx	-1	xxx	-1	xxx	-1	xxx	
1	15	STORE_EU_NEW_TRADE_THIEF_TAB1	PACKAGE_ITEM_EU_W_NEW_TRADE_THIEF_03	5	-1	xxx	-1	xxx	-1	xxx	-1	xxx	
//A'Dan Z'Ye Silkroad Private Server Editleri
