1	11001	1	SN_ZONE_11001	장안	대장간	로컬 장안맵	0	1	-1	-1	413	459	0	0	255	255	255	0	0	1	xxx
1	11002	1	SN_ZONE_11002	장안	방어구점	로컬 장안맵	0	1	-1	-1	413	507	0	0	255	255	255	0	0	1	xxx
1	11003	1	SN_ZONE_11003	장안	의약품점	로컬 장안맵	0	1	-1	-1	616	426	0	0	255	255	255	0	0	1	xxx
1	11004	1	SN_ZONE_11004	장안	잡화점	로컬 장안맵	0	1	-1	-1	615	508	0	0	255	255	255	0	0	1	xxx
1	11005	1	SN_ZONE_11005	장안	특산품점	로컬 장안맵	0	1	-1	-1	616	608	0	0	255	255	255	0	0	1	xxx
1	11007	1	SN_ZONE_11007	장안	마구간	로컬 장안맵	0	1	-1	-1	413	596	0	0	255	255	255	0	0	1	xxx
1	11008	1	SN_ZONE_11008	장안	창고	로컬 장안맵	0	1	-1	-1	494	523	0	0	255	255	255	0	0	1	xxx
1	11009	1	SN_ZONE_11009	장안	차원의 문	로컬 장안맵	0	1	-1	-1	554	469	0	0	255	255	255	0	0	1	xxx
1	11010	1	SN_ZONE_11010	돈황	대장간	로컬 돈황맵	0	2	-1	-1	430	415	0	0	255	255	255	0	0	1	xxx
1	11011	1	SN_ZONE_11011	돈황	방어구점	로컬 돈황맵	0	2	-1	-1	433	461	0	0	255	255	255	0	0	1	xxx
1	11012	1	SN_ZONE_11012	돈황	의약품점	로컬 돈황맵	0	2	-1	-1	326	430	0	0	255	255	255	0	0	1	xxx
1	11013	1	SN_ZONE_11013	돈황	잡화점	로컬 돈황맵	0	2	-1	-1	326	482	0	0	255	255	255	0	0	1	xxx
1	11014	1	SN_ZONE_11014	돈황	특산품점	로컬 돈황맵	0	2	-1	-1	312	381	0	0	255	255	255	0	0	1	xxx
1	11016	1	SN_ZONE_11016	돈황	마구간	로컬 돈황맵	0	2	-1	-1	446	367	0	0	255	255	255	0	0	1	xxx
1	11017	1	SN_ZONE_11017	돈황	창고	로컬 돈황맵	0	2	-1	-1	433	509	0	0	255	255	255	0	0	1	xxx
1	11018	1	SN_ZONE_11018	돈황	차원의 문	로컬 돈황맵	0	2	-1	-1	384	320	0	0	255	255	255	0	0	1	xxx
1	11019	1	SN_ZONE_11019	호탄	대장간	로컬 호탄맵	0	3	-1	-1	225	727	0	0	255	255	255	0	0	1	xxx
1	11020	1	SN_ZONE_11020	호탄	방어구점	로컬 호탄맵	0	3	-1	-1	228	813	0	0	255	255	255	0	0	1	xxx
1	11021	1	SN_ZONE_11021	호탄	의약품점	로컬 호탄맵	0	3	-1	-1	262	686	0	0	255	255	255	0	0	1	xxx
1	11022	1	SN_ZONE_11022	호탄	잡화점	로컬 호탄맵	0	3	-1	-1	264	851	0	0	255	255	255	0	0	1	xxx
1	11023	1	SN_ZONE_11023	호탄	특산품점	로컬 호탄맵	0	3	-1	-1	388	710	0	0	255	255	255	0	0	1	xxx
1	11025	1	SN_ZONE_11025	호탄	마구간	로컬 호탄맵	0	3	-1	-1	385	832	0	0	255	255	255	0	0	1	xxx
1	11026	1	SN_ZONE_11026	호탄	창고	로컬 호탄맵	0	3	-1	-1	287	743	0	0	255	255	255	0	0	1	xxx
1	11027	1	SN_ZONE_11027	호탄	차원의 문	로컬 호탄맵	0	3	-1	-1	313	770	0	0	255	255	255	0	0	1	xxx
1	11028	1	SN_ZONE_11028	장안	헌터조합	로컬 장안맵	0	1	-1	-1	335	334	0	0	255	255	255	0	0	1	xxx
1	11029	1	SN_ZONE_11029	돈황	헌터조합	로컬 돈황맵	0	2	-1	-1	316	219	0	0	255	255	255	0	0	1	xxx
1	11030	1	SN_ZONE_11030	호탄	헌터조합	로컬 호탄맵	0	3	-1	-1	457	631	0	0	255	255	255	0	0	1	xxx
1	11031	1	SN_ZONE_11031	사마르칸트	대장간	로컬 사마르칸트맵	0	4	-1	-1	295	177	0	0	255	255	255	0	0	1	xxx
1	11032	1	SN_ZONE_11032	사마르칸트	방어구점	로컬 사마르칸트맵	0	4	-1	-1	243	219	0	0	255	255	255	0	0	1	xxx
1	11033	1	SN_ZONE_11033	사마르칸트	의약품점	로컬 사마르칸트맵	0	4	-1	-1	237	295	0	0	255	255	255	0	0	1	xxx
1	11034	1	SN_ZONE_11034	사마르칸트	잡화점	로컬 사마르칸트맵	0	4	-1	-1	282	340	0	0	255	255	255	0	0	1	xxx
1	11035	1	SN_ZONE_11035	사마르칸트	특산품점	로컬 사마르칸트맵	0	4	-1	-1	406	297	0	0	255	255	255	0	0	1	xxx
1	11036	1	SN_ZONE_11036	사마르칸트	창고	로컬 사마르칸트맵	0	4	-1	-1	402	356	0	0	255	255	255	0	0	1	xxx
1	11037	1	SN_ZONE_11037	사마르칸트	마구간	로컬 사마르칸트맵	0	4	-1	-1	401	219	0	0	255	255	255	0	0	1	xxx
1	11038	1	SN_ZONE_11038	사마르칸트	헌터조합	로컬 사마르칸트맵	0	4	-1	-1	391	123	0	0	255	255	255	0	0	1	xxx
1	11039	1	SN_ZONE_11039	사마르칸트	차원의 문	로컬 사마르칸트맵	0	4	-1	-1	322	260	0	0	255	255	255	0	0	1	xxx
1	11040	1	SN_ZONE_11040	콘스탄티노플	대장간	로컬 콘스탄티노플맵	0	5	-1	-1	429	419	0	0	255	255	255	0	0	1	xxx
1	11041	1	SN_ZONE_11041	콘스탄티노플	방어구점	로컬 콘스탄티노플맵	0	5	-1	-1	325	501	0	0	255	255	255	0	0	1	xxx
1	11042	1	SN_ZONE_11042	콘스탄티노플	의약품점	로컬 콘스탄티노플맵	0	5	-1	-1	517	466	0	0	255	255	255	0	0	1	xxx
1	11043	1	SN_ZONE_11043	콘스탄티노플	아틀라스 동상	로컬 콘스탄티노플맵	0	5	-1	-1	423	514	0	0	255	255	255	0	0	1	xxx
1	11044	1	SN_ZONE_11044	콘스탄티노플	마구간	로컬 콘스탄티노플맵	0	5	-1	-1	310	554	0	0	255	255	255	0	0	1	xxx
1	11045	1	SN_ZONE_11045	콘스탄티노플	여관	로컬 콘스탄티노플맵	0	5	-1	-1	515	525	0	0	255	255	255	0	0	1	xxx
1	11046	1	SN_ZONE_11046	콘스탄티노플	특산품점	로컬 콘스탄티노플맵	0	5	-1	-1	370	593	0	0	255	255	255	0	0	1	xxx
1	11047	1	SN_ZONE_11047	콘스탄티노플	잡화점	로컬 콘스탄티노플맵	0	5	-1	-1	431	545	0	0	255	255	255	0	0	1	xxx
1	11048	1	SN_ZONE_11048	콘스탄티노플	헌터조합	로컬 콘스탄티노플맵	0	5	-1	-1	265	404	0	0	255	255	255	0	0	1	xxx
1	11050	1	SN_ZONE_11050	알렉산드리아	대장간	알렉산드리아	0	12	-1	-1	247	767	0	0	255	255	255	0	0	1	
1	11051	1	SN_ZONE_11051	알렉산드리아	방어구점	알렉산드리아							0	0	255	255	255	0	0	1	
1	11052	1	SN_ZONE_11052	알렉산드리아	의약품점	알렉산드리아	0	12	-1	-1	372	877	0	0	255	255	255	0	0	1	
1	11053	1	SN_ZONE_11053	알렉산드리아	잡화점	알렉산드리아	0	12	-1	-1	405	816	0	0	255	255	255	0	0	1	
1	11054	1	SN_ZONE_11054	알렉산드리아	특산품점	알렉산드리아	0	12	-1	-1	400	558	0	0	255	255	255	0	0	1	
1	11055	1	SN_ZONE_11055	알렉산드리아	마구간	알렉산드리아	0	12	-1	-1	519	780	0	0	255	255	255	0	0	1	
1	11056	1	SN_ZONE_11056	알렉산드리아	창고	알렉산드리아	0	12	-1	-1	481	841	0	0	255	255	255	0	0	1	
1	11057	1	SN_ZONE_11057	알렉산드리아	시공의 문	알렉산드리아	0	12	-1	-1	337	813	0	0	255	255	255	0	0	1	
1	11058	1	SN_ZONE_11058	알렉산드리아	헌터조합	알렉산드리아	0	12	-1	-1	331	673	0	0	255	255	255	0	0	1	
1	11059	1	SN_ZONE_11059	알렉산드리아	상인조합	알렉산드리아	0	12	-1	-1	330	548	0	0	255	255	255	0	0	1	
1	11060	1	SN_ZONE_11060	알렉산드리아	도적조합	알렉산드리아	0	12	-1	-1	783	610	0	0	255	255	255	0	0	1	
1	11061	1	SN_ZONE_11061	알렉산드리아	길드창고	알렉산드리아	0	12	-1	-1	763	658	0	0	255	255	255	0	0	1	
1	11062	1	SN_ZONE_11062	알렉산드리아	시공의 문	알렉산드리아	0	12	-1	-1	720	545	0	0	255	255	255	0	0	1	
1	11063	1	SN_ZONE_11063	알렉산드리아	창고	알렉산드리아	0	12	-1	-1	784	540	0	0	255	255	255	0	0	1	
1	11064	1	SN_ZONE_11064	알렉산드리아	길드창고	알렉산드리아	0	12	-1	-1	320	594	0	0	255	255	255	0	0	1	
1	11065	1	SN_ZONE_11065	알렉산드리아	대장간	알렉산드리아	0	12	-1	-1	615	617	0	0	255	255	255	0	0	1	
1	11066	1	SN_ZONE_11066	알렉산드리아	방어구점	알렉산드리아							0	0	255	255	255	0	0	1	
1	11067	1	SN_ZONE_11067	알렉산드리아	의약품점	알렉산드리아	0	12	-1	-1	629	517	0	0	255	255	255	0	0	1	
1	11068	1	SN_ZONE_11068	알렉산드리아	잡화점	알렉산드리아	0	12	-1	-1	674	498	0	0	255	255	255	0	0	1	
1	12005	1	SN_ZONE_12005	황하	무당 묘소령	월드맵	0	1										0	0	1	xxx
1	13002	1	SN_ZONE_13002	장안	황궁	로컬 장안맵	0	1	-1	-1	512	226	2	0	255	244	166	0	1	1	xxx
1	13003	1	SN_ZONE_13003	장안	주점거리	로컬 장안맵	0	1	-1	-1	241	533	2	0	255	244	166	0	1	1	xxx
1	13004	1	SN_ZONE_13004	장안	군영	로컬 장안맵	0	1	-1	-1	266	244	2	0	255	244	166	0	1	1	xxx
1	13005	1	SN_ZONE_13005	장안	부촌	로컬 장안맵	0	1	-1	-1	777	507	2	0	255	244	166	0	1	1	xxx
1	13006	1	SN_ZONE_13006	장안	자은사	로컬 장안맵	0	1	-1	-1	730	251	2	0	255	244	166	0	1	1	xxx
1	13007	1	SN_ZONE_13007	돈황	군영	로컬 돈황맵	0	2	-1	-1	146	312	2	0	255	244	166	0	1	1	xxx
1	13008	1	SN_ZONE_13008	돈황	백마사	로컬 돈황맵	0	2	-1	-1	421	161	2	0	255	244	166	0	1	1	xxx
1	13011	1	SN_ZONE_13011	호탄	호탄왕궁	로컬 호탄맵	0	3	-1	-1	314	241	2	0	255	244	166	0	1	1	xxx
1	13012	1	SN_ZONE_13012	호탄	군영	로컬 호탄맵	0	3	-1	-1	492	579	2	0	255	244	166	0	1	1	xxx
1	13013	1	SN_ZONE_13013	콘스탄티노플	비잔티움 궁정	로컬 콘스탄티노플맵	0	5	-1	-1	241	288	2	0	255	244	166	0	1	1	xxx
1	13014	1	SN_ZONE_13014	콘스탄티노플	민가 지역	로컬 콘스탄티노플맵	0	5	-1	-1	571	253	2	0	255	244	166	0	1	1	xxx
1	13015	1	SN_ZONE_13015	콘스탄티노플	성 소피아 대성당	로컬 콘스탄티노플맵	0	5	-1	-1	781	289	2	0	255	244	166	0	1	1	xxx
1	13016	1	SN_ZONE_13016	콘스탄티노플	군영	로컬 콘스탄티노플맵	0	5	-1	-1	252	596	2	0	255	244	166	0	1	1	xxx
1	13017	1	SN_ZONE_13017	콘스탄티노플	상단	로컬 콘스탄티노플맵	0	5	-1	-1	227	669	2	0	255	244	166	0	1	1	xxx
1	13018	1	SN_ZONE_13018	콘스탄티노플	대경기장	로컬 콘스탄티노플맵	0	5	-1	-1	205	827	2	0	255	244	166	0	1	1	xxx
1	13019	1	SN_ZONE_13019	콘스탄티노플	항구마을 지역	로컬 콘스탄티노플맵	0	5	-1	-1	390	750	2	0	255	244	166	0	1	1	xxx
1	13020	1	SN_ZONE_13020	콘스탄티노플	항구	로컬 콘스탄티노플맵	0	5	-1	-1	697	602	2	0	255	244	166	0	1	1	xxx
1	13021	1	SN_ZONE_13021	콘스탄티노플	마르마라해	로컬 콘스탄티노플맵	0	5	-1	-1	833	706	2	0	255	244	166	0	1	1	xxx
1	14001	1	SN_ZONE_14001	장안	도박장	로컬 장안맵	0	1	-1	-1	695	474	0	0	255	255	255	0	1	1	xxx
1	14008	1	SN_ZONE_14008	장안	서문	로컬 장안맵	0	1	-1	-1	139	387	0	0	255	255	255	0	0	1	xxx
1	14009	1	SN_ZONE_14009	장안	<-황하	로컬 장안맵	0	1	-1	-1	93	371	0	0	255	255	255	0	0	1	xxx
1	14016	1	SN_ZONE_14016	장안	남문	로컬 장안맵	0	1	-1	-1	518	664	0	0	255	255	255	0	0	1	xxx
1	14022	1	SN_ZONE_14022	장안	동문	로컬 장안맵	0	1	-1	-1	859	390	0	0	255	255	255	0	0	1	xxx
1	14023	1	SN_ZONE_14023	장안	진시황릉->	로컬 장안맵	0	1	-1	-1	917	371	0	0	255	255	255	0	0	1	xxx
1	14025	1	SN_ZONE_14025	돈황	서문	로컬 돈황맵	0	2	-1	-1	248	293	0	0	255	255	255	0	0	1	xxx
1	14029	1	SN_ZONE_14029	돈황	동문	로컬 돈황맵	0	2	-1	-1	508	297	0	0	255	255	255	0	0	1	xxx
1	14031	1	SN_ZONE_14031	돈황	남문	로컬 돈황맵	0	2	-1	-1	369	544	0	0	255	255	255	0	0	1	xxx
1	14033	1	SN_ZONE_14033	호탄	연옥제련소	로컬 호탄맵	0	3	-1	-1	448	246	0	0	255	255	255	0	0	1	xxx
1	14034	1	SN_ZONE_14034	호탄	사원	로컬 호탄맵	0	3	-1	-1	178	242	0	0	255	255	255	0	0	1	xxx
1	14035	1	SN_ZONE_14035	호탄	선착장	로컬 호탄맵	0	3	-1	-1	65	570	0	0	255	255	255	0	0	1	xxx
1	14036	1	SN_ZONE_14036	호탄	선착장	로컬 호탄맵	0	3	-1	-1	578	985	0	0	255	255	255	0	0	1	xxx
1	14037	1	SN_ZONE_14037	사마르칸트	북문	로컬 사마르칸트맵	0	4	-1	-1	323	20	0	0	255	255	255	0	0	1	xxx
1	14038	1	SN_ZONE_14038	사마르칸트	서문	로컬 사마르칸트맵	0	4	-1	-1	102	234	0	0	255	255	255	0	0	1	xxx
1	14039	1	SN_ZONE_14039	사마르칸트	남문	로컬 사마르칸트맵	0	4	-1	-1	325	488	0	0	255	255	255	0	0	1	xxx
1	14040	1	SN_ZONE_14040	사마르칸트	동문	로컬 사마르칸트맵	0	4	-1	-1	542	234	0	0	255	255	255	0	0	1	xxx
1	14041	1	SN_ZONE_14041	사마르칸트	<-소아시아	로컬 사마르칸트맵	0	4	-1	-1	37	216	0	0	255	255	255	0	0	1	xxx
1	14042	1	SN_ZONE_14042	사마르칸트	파미르 고원->	로컬 사마르칸트맵	0	4	-1	-1	601	217	0	0	255	255	255	0	0	1	xxx
1	14043	1	SN_ZONE_14043	콘스탄티노플	카리시우스 문	로컬 콘스탄티노플맵	0	5	-1	-1	479	107	0	0	255	255	255	0	0	1	xxx
1	14044	1	SN_ZONE_14044	콘스탄티노플	페가에 문	로컬 콘스탄티노플맵	0	5	-1	-1	111	426	0	0	255	255	255	0	0	1	xxx
1	14045	1	SN_ZONE_14045	콘스탄티노플	마녀의 등대	로컬 콘스탄티노플맵	0	5	-1	-1	523	66	0	0	255	255	255	0	0	1	xxx
1	14046	1	SN_ZONE_14046	콘스탄티노플	<-황금 초원	로컬 콘스탄티노플맵	0	5	-1	-1	38	419	0	0	255	255	255	0	0	1	xxx
1	14047	1	SN_ZONE_14047	콘스탄티노플	항구건물	로컬 콘스탄티노플맵	0	5	-1	-1	514	829	0	0	255	255	255	0	0	1	xxx
1	14048	1	SN_ZONE_14048	콘스탄티노플	항구건물	로컬 콘스탄티노플맵	0	5	-1	-1	572	691	0	0	255	255	255	0	0	1	xxx
1	14049	1	SN_ZONE_14049	장안요새	요새의 심장	로컬 장안요새맵	0	1001	-1	-1	510	107	2	0	255	244	166	0	1	1	xxx
1	14058	1	SN_ZONE_14058	장안요새	부활의 문	로컬 장안요새맵	0	1001	-1	-1	503	281	0	0	255	255	255	0	0	1	xxx
1	14066	1	SN_ZONE_14066	장안요새	요새의문	로컬 장안요새맵	0	1001	-1	-1	164	758	0	0	255	255	255	0	0	1	xxx
1	14067	1	SN_ZONE_14067	장안요새	요새의문	로컬 장안요새맵	0	1001	-1	-1	347	762	0	0	255	255	255	0	0	1	xxx
1	14068	1	SN_ZONE_14068	장안요새	요새의문	로컬 장안요새맵	0	1001	-1	-1	912	771	0	0	255	255	255	0	0	1	xxx
1	14069	1	SN_ZONE_14069	장안요새	돌격의문	로컬 장안요새맵	0	1001	-1	-1	120	161	0	0	255	255	255	0	0	1	xxx
1	14070	1	SN_ZONE_14070	장안요새	영광의문	로컬 장안요새맵	0	1001	-1	-1	654	762	0	0	255	255	255	0	0	1	xxx
1	14071	1	SN_ZONE_14071	장안요새	요새관리인	로컬 장안요새맵	0	1001	-1	-1	275	104	0	0	255	255	255	0	0	1	xxx
1	14072	1	SN_ZONE_14072	장안요새	조련사	로컬 장안요새맵	0	1001	-1	-1	344	144	0	0	255	255	255	0	0	1	xxx
1	14073	1	SN_ZONE_14073	장안요새	전투보좌관	로컬 장안요새맵	0	1001	-1	-1	369	87	0	0	255	255	255	0	0	1	xxx
1	14074	1	SN_ZONE_14074	장안요새	대장장이	로컬 장안요새맵	0	1001	-1	-1	307	161	0	0	255	255	255	0	0	1	xxx
1	14075	1	SN_ZONE_14075	비적단요새	요새의 심장	로컬비적단요새맵	0	1002	-1	-1	557	677	2	0	255	239	128	1	1	1	xxx
1	14076	1	SN_ZONE_14076	비적단요새	부활의 문	로컬비적단요새맵	0	1002	-1	-1	436	912	0	0	255	255	255	0	0	1	xxx
1	14077	1	SN_ZONE_14077	비적단요새	요새의문	로컬비적단요새맵	0	1002	-1	-1	35	94	0	0	255	255	255	0	0	1	xxx
1	14078	1	SN_ZONE_14078	비적단요새	요새의문	로컬비적단요새맵	0	1002	-1	-1	547	96	0	0	255	255	255	0	0	1	xxx
1	14079	1	SN_ZONE_14079	비적단요새	요새의문	로컬비적단요새맵	0	1002	-1	-1	795	67	0	0	255	255	255	0	0	1	xxx
1	14080	1	SN_ZONE_14080	비적단요새	돌격의문	로컬비적단요새맵	0	1002	-1	-1	613	386	0	0	255	255	255	0	0	1	xxx
1	14081	1	SN_ZONE_14081	비적단요새	영광의문	로컬비적단요새맵	0	1002	-1	-1	236	82	0	0	255	255	255	0	0	1	xxx
1	14082	1	SN_ZONE_14082	비적단요새	요새관리인	로컬비적단요새맵	0	1002	-1	-1	543	493	0	0	255	255	255	0	0	1	xxx
1	14084	1	SN_ZONE_14084	비적단요새	전투보좌관	로컬비적단요새맵	0	1002	-1	-1	479	474	0	0	255	255	255	0	0	1	xxx
1	14085	1	SN_ZONE_14085	비적단요새	대장장이	로컬비적단요새맵	0	1002	-1	-1	453	520	0	0	255	255	255	0	0	1	xxx
1	14086	1	SN_ZONE_14086	비적단요새	성문도르레	로컬비적단요새맵	0	1002	-1	-1	294	751	0	0	255	255	255	0	0	1	xxx
1	14087	1	SN_ZONE_14087	비적단요새	성문도르레	로컬비적단요새맵	0	1002	-1	-1	706	707	0	0	255	255	255	0	0	1	xxx
1	14088	1	SN_ZONE_14088	비적단요새	방어진지	로컬비적단요새맵	0	1002	-1	-1	318	547	0	0	255	255	255	0	0	1	xxx
1	14089	1	SN_ZONE_14089	비적단요새	방어진지	로컬비적단요새맵	0	1002	-1	-1	685	572	0	0	255	255	255	0	0	1	xxx
1	14090	1	SN_ZONE_14090	비적단요새	방어진지	로컬비적단요새맵	0	1002	-1	-1	682	898	0	0	255	255	255	0	0	1	xxx
1	14091	1	SN_ZONE_14091	비적단요새	방어진지	로컬비적단요새맵	0	1002	-1	-1	314	880	0	0	255	255	255	0	0	1	xxx
1	14092	1	SN_ZONE_14092	호탄요새	요새의 심장	로컬호탄요새맵	0	1003	-1	-1	345	116	2	0	255	244	166	0	1	1	xxx
1	14093	1	SN_ZONE_14093	호탄요새	부활의 문	로컬호탄요새맵	0	1003	-1	-1	506	797	0	0	255	255	255	0	0	1	xxx
1	14094	1	SN_ZONE_14094	호탄요새	요새의문	로컬호탄요새맵	0	1003	-1	-1	135	989	0	0	255	255	255	0	0	1	xxx
1	14095	1	SN_ZONE_14095	호탄요새	요새의문	로컬호탄요새맵	0	1003	-1	-1	266	987	0	0	255	255	255	0	0	1	xxx
1	14096	1	SN_ZONE_14096	호탄요새	요새의문	로컬호탄요새맵	0	1003	-1	-1	397	988	0	0	255	255	255	0	0	1	xxx
1	14097	1	SN_ZONE_14097	호탄요새	요새의문	로컬호탄요새맵	0	1003	-1	-1	529	994	0	0	255	255	255	0	0	1	xxx
1	14098	1	SN_ZONE_14098	호탄요새	돌격의문	로컬호탄요새맵	0	1003	-1	-1	53	797	0	0	255	255	255	0	0	1	xxx
1	14099	1	SN_ZONE_14099	호탄요새	영광의문	로컬호탄요새맵	0	1003	-1	-1	655	774	0	0	255	255	255	0	0	1	xxx
1	14100	1	SN_ZONE_14100	호탄요새	요새관리인	로컬호탄요새맵	0	1003	-1	-1	175	750	0	0	255	255	255	0	0	1	xxx
1	14101	1	SN_ZONE_14101	호탄요새	조련사	로컬호탄요새맵	0	1003	-1	-1	182	829	0	0	255	255	255	0	0	1	xxx
1	14102	1	SN_ZONE_14102	호탄요새	전투보좌관	로컬호탄요새맵	0	1003	-1	-1	133	806	0	0	255	255	255	0	0	1	xxx
1	14103	1	SN_ZONE_14103	호탄요새	대장장이	로컬호탄요새맵	0	1003	-1	-1	237	789	0	0	255	255	255	0	0	1	xxx
1	14104	1	SN_ZONE_14104	콘스탄티노플요새	부활의 문	로컬콘스탄티노플요새맵	0	1004	-1	-1	937	644	0	0	255	255	255	0	0	1	xxx
1	14105	1	SN_ZONE_14105	콘스탄티노플요새	요새의문	로컬콘스탄티노플요새맵	0	1004	-1	-1	104	169	0	0	255	255	255	0	0	1	xxx
1	14106	1	SN_ZONE_14106	콘스탄티노플요새	요새의문	로컬콘스탄티노플요새맵	0	1004	-1	-1	123	374	0	0	255	255	255	0	0	1	xxx
1	14107	1	SN_ZONE_14107	콘스탄티노플요새	요새의문	로컬콘스탄티노플요새맵	0	1004	-1	-1	161	922	0	0	255	255	255	0	0	1	xxx
1	14108	1	SN_ZONE_14108	콘스탄티노플요새	돌격의문	로컬콘스탄티노플요새맵	0	1004	-1	-1	908	103	0	0	255	255	255	0	0	1	xxx
1	14109	1	SN_ZONE_14109	콘스탄티노플요새	영광의문	로컬콘스탄티노플요새맵	0	1004	-1	-1	126	669	0	0	255	255	255	0	0	1	xxx
1	14110	1	SN_ZONE_14110	콘스탄티노플요새	요새관리인	로컬콘스탄티노플요새맵	0	1004	-1	-1	541	499	0	0	255	255	255	0	0	1	xxx
1	14111	1	SN_ZONE_14111	콘스탄티노플요새	조련사	로컬콘스탄티노플요새맵	0	1004	-1	-1	608	499	0	0	255	255	255	0	0	1	xxx
1	14112	1	SN_ZONE_14112	콘스탄티노플요새	전투보좌관	로컬콘스탄티노플요새맵	0	1004	-1	-1	580	542	0	0	255	255	255	0	0	1	xxx
1	14113	1	SN_ZONE_14113	콘스탄티노플요새	대장장이	로컬콘스탄티노플요새맵	0	1004	-1	-1	641	542	0	0	255	255	255	0	0	1	xxx
1	14114	1	SN_ZONE_14114	콘스탄티노플요새	요새의심장	로컬콘스탄티노플요새맵	0	1004	-1	-1	940	950	0	0	255	255	255	0	0	1	xxx
1	15000	1	STORE_DH_GATE_OUT	서역	돈황석굴	돈황석굴 출구	0	2001	-1	-1	405	394	2	0	255	244	166	0	1	1	xxx
1	15105	1	STORE_QT_GATE_2-TRESURE1	중국	진시황릉	용기의 방[2F]	0	2006	-1	-1	99	315	2	0	255	244	166	0	1	1	xxx
1	15106	1	STORE_QT_GATE_2-TRESURE2	중국	진시황릉	도전의 방[2F]	0	2006	-1	-1	99	509	2	0	255	244	166	0	1	1	xxx
1	15107	1	STORE_QT_GATE_2-TRESURE3	중국	진시황릉	시련의 방[2F]	0	2006	-1	-1	1309	128	2	0	255	244	166	0	1	1	xxx
1	15108	1	STORE_QT_GATE_2-TRESURE4	중국	진시황릉	영웅의 방[2F]	0	2006	-1	-1	1308	314	2	0	255	244	166	0	1	1	xxx
1	15316	1	SN_ZONE_23600	중국	진시황릉	염화령	0	2009	-1	-1	580	643	2	0	255	255	255	0	1	1	
1	15317	1	SN_ZONE_23601	중국	진시황릉	태호관	0	2009	-1	-1	96	581	2	0	255	255	255	0	1	1	
1	15318	1	SN_ZONE_23602	중국	진시황릉	전욱관	0	2009	-1	-1	580	125	2	0	255	255	255	0	1	1	
1	15319	1	SN_ZONE_23603	중국	진시황릉	소호관	0	2009	-1	-1	1096	641	2	0	255	255	255	0	1	1	
1	15320	1	SN_ZONE_23604	중국	진시황릉	염제관	0	2009	-1	-1	588	1143	2	0	255	255	255	0	1	1	
1	15200	1	SN_ZONE_15200	이집트	파라오의 무덤	중앙입구	0	0	73	75	31	21	2	0	255	255	255	0	1	1	
1	15201	1	SN_ZONE_15201	이집트	파라오의 무덤	중앙출구	0	0	75	74	2	11	2	0	255	255	255	0	1	1	
1	15202	1	SN_ZONE_15202	이집트	파라오의 무덤	오시리스의 정원															
1	15300	1	SN_ZONE_15300	이집트	신전	상인/헌터 입구															
1	15301	1	SN_ZONE_15301	이집트	신전	도적 입구															
1	15302	1	SN_ZONE_15302	이집트	신전	상인/헌터 출구															
1	15303	1	SN_ZONE_15303	이집트	신전	도적 출구															
1	15304	1	SN_ZONE_15304	이집트	신전	차원의 문(세이트)															
1	15400	1	SN_ZONE_21835_3	이집트	신전	제약의 성소	0	2011	-1	-1	103	74	2	0	255	255	255	0	1	1	xxx
1	15401	1	SN_ZONE_21835_4	이집트	신전	부활의 성소	0	2011	-1	-1	216	343	2	0	255	255	255	0	1	1	xxx
1	15402	1	SN_ZONE_21835_5	이집트	신전	푸른눈의 성소	0	2011	-1	-1	337	87	2	0	255	255	255	0	1	1	xxx
1	15403	1	SN_ZONE_21835_6	이집트	신전	의문의 성소	0	2011	-1	-1	374	242	2	0	255	255	255	0	1	1	xxx
1	15404	1	SN_ZONE_21835_7	이집트	신전	시험의 성소	0	2011	-1	-1	527	243	2	0	255	255	255	0	1	1	xxx
1	15405	1	SN_ZONE_21835_8	이집트	신전	붉은 눈의 성소	0	2011	-1	-1	475	360	2	0	255	255	255	0	1	1	xxx
1	15406	1	SN_ZONE_21835_9	이집트	신전	신비의 성소	0	2011	-1	-1	614	321	2	0	255	255	255	0	1	1	xxx
1	15407	1	SN_ZONE_21836_1	이집트	신전	영광의 성소	0	2011	-1	-1	810	258	2	0	255	255	255	0	1	1	xxx
1	15408	1	SN_ZONE_21836_2	이집트	신전	속죄의 성소	0	2011	-1	-1	811	501	2	0	255	255	255	0	1	1	xxx
1	15409	1	SN_ZONE_21836_3	이집트	신전	알현의 성소	0	2011	-1	-1	1013	340	2	0	255	255	255	0	1	1	xxx
1	15410	1	SN_ZONE_21836_4	이집트	신전	영생의 성소	0	2011	-1	-1	1255	320	2	0	255	255	255	0	1	1	xxx
1	15411	1	SN_ZONE_21837_2	이집트	신전	징벌의 성소	0	2011	-1	-1	662	641	2	0	255	255	255	0	1	1	xxx
1	15412	1	SN_ZONE_21835_5	이집트	신전	푸른눈의 성소	0	2011	-1	-1	704	91	2	0	255	255	255	0	1	1	xxx
1	15413	1	SN_ZONE_21836_5	이집트	신전	어둠의 성소	0	2011	-1	-1	1281	74	2	0	255	255	255	0	1	1	xxx
1	15414	1	SN_ZONE_21835_3	이집트	신전	제약의 성소	0	2012	-1	-1	103	74	2	0	255	255	255	0	1	1	xxx
1	15415	1	SN_ZONE_21835_4	이집트	신전	부활의 성소	0	2012	-1	-1	216	343	2	0	255	255	255	0	1	1	xxx
1	15416	1	SN_ZONE_21835_5	이집트	신전	푸른눈의 성소	0	2012	-1	-1	337	87	2	0	255	255	255	0	1	1	xxx
1	15417	1	SN_ZONE_21835_6	이집트	신전	의문의 성소	0	2012	-1	-1	374	242	2	0	255	255	255	0	1	1	xxx
1	15418	1	SN_ZONE_21835_7	이집트	신전	시험의 성소	0	2012	-1	-1	527	243	2	0	255	255	255	0	1	1	xxx
1	15419	1	SN_ZONE_21835_8	이집트	신전	붉은 눈의 성소	0	2012	-1	-1	475	360	2	0	255	255	255	0	1	1	xxx
1	15420	1	SN_ZONE_21835_9	이집트	신전	신비의 성소	0	2012	-1	-1	614	321	2	0	255	255	255	0	1	1	xxx
1	15421	1	SN_ZONE_21836_1	이집트	신전	영광의 성소	0	2012	-1	-1	810	258	2	0	255	255	255	0	1	1	xxx
1	15422	1	SN_ZONE_21836_2	이집트	신전	속죄의 성소	0	2012	-1	-1	811	501	2	0	255	255	255	0	1	1	xxx
1	15423	1	SN_ZONE_21836_3	이집트	신전	알현의 성소	0	2012	-1	-1	1013	340	2	0	255	255	255	0	1	1	xxx
1	15424	1	SN_ZONE_21836_4	이집트	신전	영생의 성소	0	2012	-1	-1	1255	320	2	0	255	255	255	0	1	1	xxx
1	15425	1	SN_ZONE_21837_2	이집트	신전	징벌의 성소	0	2012	-1	-1	662	641	2	0	255	255	255	0	1	1	xxx
1	15426	1	SN_ZONE_21835_5	이집트	신전	푸른눈의 성소	0	2012	-1	-1	704	91	2	0	255	255	255	0	1	1	xxx
1	15427	1	SN_ZONE_21836_5	이집트	신전	어둠의 성소	0	2012	-1	-1	1281	74	2	0	255	255	255	0	1	1	xxx
1	15428	1	SN_ZONE_21835_3	이집트	신전	제약의 성소	0	2013	-1	-1	103	74	2	0	255	255	255	0	1	1	xxx
1	15429	1	SN_ZONE_21835_4	이집트	신전	부활의 성소	0	2013	-1	-1	216	343	2	0	255	255	255	0	1	1	xxx
1	15430	1	SN_ZONE_21835_5	이집트	신전	푸른눈의 성소	0	2013	-1	-1	337	87	2	0	255	255	255	0	1	1	xxx
1	15431	1	SN_ZONE_21835_6	이집트	신전	의문의 성소	0	2013	-1	-1	374	242	2	0	255	255	255	0	1	1	xxx
1	15432	1	SN_ZONE_21835_7	이집트	신전	시험의 성소	0	2013	-1	-1	527	243	2	0	255	255	255	0	1	1	xxx
1	15433	1	SN_ZONE_21835_8	이집트	신전	붉은 눈의 성소	0	2013	-1	-1	475	360	2	0	255	255	255	0	1	1	xxx
1	15434	1	SN_ZONE_21835_9	이집트	신전	신비의 성소	0	2013	-1	-1	614	321	2	0	255	255	255	0	1	1	xxx
1	15435	1	SN_ZONE_21836_1	이집트	신전	영광의 성소	0	2013	-1	-1	810	258	2	0	255	255	255	0	1	1	xxx
1	15436	1	SN_ZONE_21836_2	이집트	신전	속죄의 성소	0	2013	-1	-1	811	501	2	0	255	255	255	0	1	1	xxx
1	15437	1	SN_ZONE_21836_3	이집트	신전	알현의 성소	0	2013	-1	-1	1013	340	2	0	255	255	255	0	1	1	xxx
1	15438	1	SN_ZONE_21836_4	이집트	신전	영생의 성소	0	2013	-1	-1	1255	320	2	0	255	255	255	0	1	1	xxx
1	15439	1	SN_ZONE_21837_2	이집트	신전	징벌의 성소	0	2013	-1	-1	662	641	2	0	255	255	255	0	1	1	xxx
1	15440	1	SN_ZONE_21835_5	이집트	신전	푸른눈의 성소	0	2013	-1	-1	704	91	2	0	255	255	255	0	1	1	xxx
1	15441	1	SN_ZONE_21836_5	이집트	신전	어둠의 성소	0	2013	-1	-1	1281	74	2	0	255	255	255	0	1	1	xxx
1	15442	1	SN_ZONE_21835_3	이집트	신전	제약의 성소	0	2014	-1	-1	103	74	2	0	255	255	255	0	1	1	xxx
1	15443	1	SN_ZONE_21835_4	이집트	신전	부활의 성소	0	2014	-1	-1	216	343	2	0	255	255	255	0	1	1	xxx
1	15444	1	SN_ZONE_21835_5	이집트	신전	푸른눈의 성소	0	2014	-1	-1	337	87	2	0	255	255	255	0	1	1	xxx
1	15445	1	SN_ZONE_21835_6	이집트	신전	의문의 성소	0	2014	-1	-1	374	242	2	0	255	255	255	0	1	1	xxx
1	15446	1	SN_ZONE_21835_7	이집트	신전	시험의 성소	0	2014	-1	-1	527	243	2	0	255	255	255	0	1	1	xxx
1	15447	1	SN_ZONE_21835_8	이집트	신전	붉은 눈의 성소	0	2014	-1	-1	475	360	2	0	255	255	255	0	1	1	xxx
1	15448	1	SN_ZONE_21835_9	이집트	신전	신비의 성소	0	2014	-1	-1	614	321	2	0	255	255	255	0	1	1	xxx
1	15449	1	SN_ZONE_21836_1	이집트	신전	영광의 성소	0	2014	-1	-1	810	258	2	0	255	255	255	0	1	1	xxx
1	15450	1	SN_ZONE_21836_2	이집트	신전	속죄의 성소	0	2014	-1	-1	811	501	2	0	255	255	255	0	1	1	xxx
1	15451	1	SN_ZONE_21836_3	이집트	신전	알현의 성소	0	2014	-1	-1	1013	340	2	0	255	255	255	0	1	1	xxx
1	15452	1	SN_ZONE_21836_4	이집트	신전	영생의 성소	0	2014	-1	-1	1255	320	2	0	255	255	255	0	1	1	xxx
1	15453	1	SN_ZONE_21837_2	이집트	신전	징벌의 성소	0	2014	-1	-1	662	641	2	0	255	255	255	0	1	1	xxx
1	15454	1	SN_ZONE_21835_5	이집트	신전	푸른눈의 성소	0	2014	-1	-1	704	91	2	0	255	255	255	0	1	1	xxx
1	15455	1	SN_ZONE_21836_5	이집트	신전	어둠의 성소	0	2014	-1	-1	1281	74	2	0	255	255	255	0	1	1	xxx
1	15456	1	SN_ZONE_21835_3	이집트	신전	제약의 성소	0	2015	-1	-1	103	74	2	0	255	255	255	0	1	1	xxx
1	15457	1	SN_ZONE_21835_4	이집트	신전	부활의 성소	0	2015	-1	-1	216	343	2	0	255	255	255	0	1	1	xxx
1	15458	1	SN_ZONE_21835_5	이집트	신전	푸른눈의 성소	0	2015	-1	-1	337	87	2	0	255	255	255	0	1	1	xxx
1	15459	1	SN_ZONE_21835_6	이집트	신전	의문의 성소	0	2015	-1	-1	374	242	2	0	255	255	255	0	1	1	xxx
1	15460	1	SN_ZONE_21835_7	이집트	신전	시험의 성소	0	2015	-1	-1	527	243	2	0	255	255	255	0	1	1	xxx
1	15461	1	SN_ZONE_21835_8	이집트	신전	붉은 눈의 성소	0	2015	-1	-1	475	360	2	0	255	255	255	0	1	1	xxx
1	15462	1	SN_ZONE_21835_9	이집트	신전	신비의 성소	0	2015	-1	-1	614	321	2	0	255	255	255	0	1	1	xxx
1	15463	1	SN_ZONE_21836_1	이집트	신전	영광의 성소	0	2015	-1	-1	810	258	2	0	255	255	255	0	1	1	xxx
1	15464	1	SN_ZONE_21836_2	이집트	신전	속죄의 성소	0	2015	-1	-1	811	501	2	0	255	255	255	0	1	1	xxx
1	15465	1	SN_ZONE_21836_3	이집트	신전	알현의 성소	0	2015	-1	-1	1013	340	2	0	255	255	255	0	1	1	xxx
1	15466	1	SN_ZONE_21836_4	이집트	신전	영생의 성소	0	2015	-1	-1	1255	320	2	0	255	255	255	0	1	1	xxx
1	15467	1	SN_ZONE_21837_2	이집트	신전	징벌의 성소	0	2015	-1	-1	662	641	2	0	255	255	255	0	1	1	xxx
1	15468	1	SN_ZONE_21835_5	이집트	신전	푸른눈의 성소	0	2015	-1	-1	704	91	2	0	255	255	255	0	1	1	xxx
1	15469	1	SN_ZONE_21836_5	이집트	신전	어둠의 성소	0	2015	-1	-1	1281	74	2	0	255	255	255	0	1	1	xxx
1	15483	1	SN_ZONE_21836_5	이집트	신전	어둠의 성소	0	2016	-1	-1	385	94	2	0	255	255	255	0	1	1	xxx
1	15484	1	SN_ZONE_21835_3	이집트	신전	제약의 성소	0	2017	-1	-1	103	74	2	0	255	255	255	0	1	1	xxx
1	15485	1	SN_ZONE_21835_4	이집트	신전	부활의 성소	0	2017	-1	-1	216	343	2	0	255	255	255	0	1	1	xxx
1	15486	1	SN_ZONE_21835_5	이집트	신전	푸른눈의 성소	0	2017	-1	-1	337	87	2	0	255	255	255	0	1	1	xxx
1	15487	1	SN_ZONE_21835_6	이집트	신전	의문의 성소	0	2017	-1	-1	374	242	2	0	255	255	255	0	1	1	xxx
1	15488	1	SN_ZONE_21835_7	이집트	신전	시험의 성소	0	2017	-1	-1	527	243	2	0	255	255	255	0	1	1	xxx
1	15489	1	SN_ZONE_21835_8	이집트	신전	붉은 눈의 성소	0	2017	-1	-1	475	360	2	0	255	255	255	0	1	1	xxx
1	15490	1	SN_ZONE_21835_9	이집트	신전	신비의 성소	0	2017	-1	-1	614	321	2	0	255	255	255	0	1	1	xxx
1	15491	1	SN_ZONE_21836_1	이집트	신전	영광의 성소	0	2017	-1	-1	810	258	2	0	255	255	255	0	1	1	xxx
1	15492	1	SN_ZONE_21836_2	이집트	신전	속죄의 성소	0	2017	-1	-1	811	501	2	0	255	255	255	0	1	1	xxx
1	15493	1	SN_ZONE_21836_3	이집트	신전	알현의 성소	0	2017	-1	-1	1013	340	2	0	255	255	255	0	1	1	xxx
1	15494	1	SN_ZONE_21836_4	이집트	신전	영생의 성소	0	2017	-1	-1	1255	320	2	0	255	255	255	0	1	1	xxx
1	15496	1	SN_ZONE_21837_2	이집트	신전	징벌의 성소	0	2017	-1	-1	662	641	2	0	255	255	255	0	1	1	xxx
1	15497	1	SN_ZONE_21835_5	이집트	신전	푸른눈의 성소	0	2017	-1	-1	704	91	2	0	255	255	255	0	1	1	xxx
1	15498	1	SN_ZONE_21836_5	이집트	신전	어둠의 성소	0	2017	-1	-1	1281	74	2	0	255	255	255	0	1	1	xxx
1	21001	1	SN_ZONE_21001	월드맵	무당의 집	월드맵	0	0	164	98	20	22	0	0	255	255	255	0	0	1	xxx
1	21002	1	SN_ZONE_21002	월드맵	장안 나루터	월드맵	0	0	161	97	19	17	0	0	255	255	255	0	0	1	xxx
1	21003	1	SN_ZONE_21003	월드맵	장안 나루터	월드맵	0	0	158	96	7	26	0	0	255	255	255	0	0	1	xxx
1	21004	1	SN_ZONE_21004	월드맵	서역 나루터	월드맵	0	0	161	100	11	29	0	0	255	255	255	0	0	1	xxx
1	21005	1	SN_ZONE_21005	월드맵	서역 나루터	월드맵	0	0	156	97	17	9	0	0	255	255	255	0	0	1	xxx
1	21007	1	SN_ZONE_21007	월드맵	드로아 선착장	월드맵(소아시아)	0	0	90	104	6	23	0	0	255	255	255	0	0	1	xxx
1	21008	1	SN_ZONE_21008	월드맵	시기아 선착장	월드맵(소아시아)	0	0	90	101	3	25	0	0	255	255	255	0	0	1	xxx
1	21009	1	SN_ZONE_21009	월드맵	동유럽 선착장	월드맵(동유럽)	0	0	76	97	12	21	0	0	255	255	255	0	0	1	xxx
1	21010	1	SN_ZONE_21010	월드맵	비공선 선착장	월드맵(소아시아)	0	0	104	97	19	21	0	0	255	255	255	0	0	1	xxx
1	21011	1	SN_ZONE_21011	월드맵	비공선 선착장	월드맵(중앙아시아)	0	0	119	100	9	3	0	0	255	255	255	0	0	1	xxx
1	21012	1	SN_ZONE_21012	월드맵	지배자의 문	월드맵(로크산 정상입구)	0	0	111	91	8	9	0	0	255	255	255	0	0	1	xxx
1	22001	1	SN_ZONE_22001	중국	장 안	월드맵	0	0	168	97	15	10	0	0	255	247	182	0	1	1	xxx
1	22002	1	SN_ZONE_22002	서역	돈 황	월드맵	0	0	153	102	20	10	0	0	255	247	182	0	1	1	xxx
1	22003	1	SN_ZONE_22003	오아시스	호탄	월드맵	0	0	135	91	21	0	0	0	255	247	182	0	1	1	xxx
1	22004	1	SN_ZONE_22004	동유럽	콘스탄티노플	월드맵	0	0	79	105	15	26	0	0	255	247	182	0	1	0	xxx
1	22005	1	SN_ZONE_22005	중앙아시아	사마르칸트	월드맵	0	0	107	106	30	1	0	0	255	247	182	0	1	0	xxx
1	22006	1	SN_ZONE_22006	월드맵(요새)	장안요새	월드맵	0	0	168	91	2	0	0	0	217	240	152	0	1	1	xxx
1	22007	1	SN_ZONE_22007	월드맵(비적단)	비적단요새	월드맵	0	0	163	91	8	4	0	0	217	240	152	0	1	1	xxx
1	22008	1	SN_ZONE_22008	월드맵(호탄)	호탄요새	월드맵	0	0	134	98	28	27	0	0	217	240	152	0	1	1	xxx
1	22009	1	SN_ZONE_22009	월드맵(알렉산드리아)	알렉산드리아	월드맵	0	0	48	90	19	10	0	0	255	247	182	0	1	1	xxx
1	23001	1	SN_ZONE_23001	중국	진시황릉	월드맵	0	0	172	102	20	27	0	0	196	231	255	0	1	1	xxx
1	23002	1	SN_ZONE_23002	서역	돈황석굴	월드맵	0	0	148	105	2	16	0	0	196	231	255	0	1	1	xxx
1	23003	1	SN_ZONE_23003	동유럽	유피테르신전	월드맵	0	0	70	95	14	2	0	0	196	231	255	0	1	1	xxx
1	23004	1	SN_ZONE_23004	동유럽	유피테르신전(경배의 신전)	월드맵	0	0	0	0	0	0	0	0	0	0	0	0	1	1	xxx
1	24001	1	SN_ZONE_24001	월드맵	황하	월드맵	0	0	158	98	29	20	0	0	217	240	152	0	1	1	xxx
1	24002	1	SN_ZONE_24002	월드맵	호혈산	월드맵	0	0	161	94	12	14	0	0	217	240	152	0	1	1	xxx
1	24003	1	SN_ZONE_24003	월드맵	진령계곡	월드맵	0	0	169	90	20	25	0	0	217	240	152	0	1	1	xxx
1	24004	1	SN_ZONE_24004	월드맵	기련산맥	월드맵	0	0	154	106	5	6	0	0	217	240	152	0	1	1	xxx
1	24005	1	SN_ZONE_24005	월드맵	옥문관	월드맵	0	0	151	103	29	27	0	0	217	240	152	0	1	1	xxx
1	24006	1	SN_ZONE_24006	월드맵	타림분지	월드맵	0	0	147	94	12	21	0	0	217	240	152	0	1	1	xxx
1	24007	1	SN_ZONE_24007	월드맵	북망산	월드맵	0	0	173	104	2	22	0	0	217	240	152	0	1	1	xxx
1	24008	1	SN_ZONE_24008	월드맵	진령산맥	월드맵	0	0	175	96	16	0	0	0	217	240	152	0	1	1	xxx
1	24009	1	SN_ZONE_24009	월드맵	화염산	월드맵	0	0	136	87	16	2	0	0	217	240	152	0	1	1	xxx
1	24010	1	SN_ZONE_24010	월드맵	타클라마칸 사막	월드맵	0	0	132	105	15	27	0	0	217	240	152	0	1	1	xxx
1	24011	1	SN_ZONE_24011	월드맵	카라코람	월드맵	0	0	127	91	10	0	0	0	217	240	152	0	1	1	xxx
1	24012	1	SN_ZONE_24012	월드맵	천산산맥	월드맵	0	0	133	107	14	21	0	0	217	240	152	0	1	1	xxx
1	24013	1	SN_ZONE_24013	월드맵	로크산	월드맵	0	0	111	96	21	19	0	0	217	240	152	0	1	1	xxx
1	24014	1	SN_ZONE_24014	월드맵	중앙아시아	월드맵	0	0	112	106	17	13	0	0	217	240	152	0	1	1	xxx
1	24015	1	SN_ZONE_24015	월드맵	소아시아	월드맵	0	0	99	104	6	5	0	0	217	240	152	0	1	1	xxx
1	24016	1	SN_ZONE_24016	월드맵	아라라트 산	월드맵	0	0	95	103	3	25	0	0	217	240	152	0	1	1	xxx
1	24017	1	SN_ZONE_24017	월드맵	마르마라해	월드맵	0	0	85	104	3	2	0	0	217	240	152	0	1	1	xxx
1	24018	1	SN_ZONE_24018	월드맵	동유럽	월드맵	0	0	74	109	8	19	0	0	217	240	152	0	1	1	xxx
1	25002	1	SN_ZONE_25002	월드맵	오아시스	월드맵	0	0	151	94	5	22	0	0	255	255	255	0	0	1	xxx
1	25003	1	SN_ZONE_25003	월드맵	흑막단의 소굴	월드맵	0	0	148	91	17	23	0	0	255	255	255	0	0	1	xxx
1	25004	1	SN_ZONE_25004	월드맵	죽음의 계곡	월드맵	0	0	146	95	14	22	0	0	255	255	255	0	0	1	xxx
1	25005	1	SN_ZONE_25005	월드맵	비적단의 산채	월드맵	0	0	160	91	24	21	0	0	255	255	255	0	0	1	xxx
1	25006	1	SN_ZONE_25006	월드맵	늪지대	월드맵	0	0	167	100	15	9	0	0	255	255	255	0	0	1	xxx
1	25007	1	SN_ZONE_25007	월드맵	남부 초원	월드맵	0	0	168	93	13	1	0	0	255	255	255	0	0	1	xxx
1	25008	1	SN_ZONE_25010	월드맵	파오촌	월드맵	0	0	139	91	21	9	0	0	255	255	255	0	0	1	xxx
1	25009	1	SN_ZONE_25011	월드맵	초원길	월드맵	0	0	138	94	3	11	0	0	255	255	255	0	0	1	xxx
1	25010	1	SN_ZONE_25012	월드맵	흑옥하	월드맵	0	0	138	90	25	30	0	0	255	255	255	0	0	1	xxx
1	25011	1	SN_ZONE_25013	월드맵	백옥하	월드맵	0	0	133	96	1	24	0	0	255	255	255	0	0	1	xxx
1	25012	1	SN_ZONE_25014	월드맵	묘지	월드맵	0	0	172	93	11	27	0	0	255	255	255	0	0	1	xxx
1	25013	1	SN_ZONE_25015	월드맵	흉노의 고토	월드맵	0	0	158	102	17	1	0	0	255	255	255	0	0	1	xxx
1	25014	1	SN_ZONE_25016	월드맵	초원길	월드맵	0	0	155	105	22	18	0	0	255	255	255	0	0	1	xxx
1	25015	1	SN_ZONE_25017	월드맵	협곡	월드맵	0	0	153	99	15	19	0	0	255	255	255	0	0	1	xxx
1	25016	1	SN_ZONE_25018	월드맵	카라코람 입구	월드맵	0	0	131	92	5	11	0	0	255	255	255	0	0	1	xxx
1	25017	1	SN_ZONE_25019	월드맵	고대유적	월드맵	0	0	127	89	4	3	0	0	255	255	255	0	0	1	xxx
1	25018	1	SN_ZONE_25020	월드맵	거미의 숲	월드맵	0	0	125	94	4	24	0	0	255	255	255	0	0	1	xxx
1	25019	1	SN_ZONE_25021	월드맵	오아시스	월드맵	0	0	125	88	0	28	0	0	255	255	255	0	0	1	xxx
1	25020	1	SN_ZONE_25023	월드맵	어둠의 동굴	월드맵	0	0	127	97	6	21	0	0	255	255	255	0	0	1	xxx
1	25021	1	SN_ZONE_25024	월드맵	괴사의 사막	월드맵	0	0	131	100	8	14	0	0	255	255	255	0	0	1	xxx
1	25022	1	SN_ZONE_25025	월드맵	아나히타 강	월드맵	0	0	132	101	6	2	0	0	255	255	255	0	0	1	xxx
1	25023	1	SN_ZONE_25026	월드맵	풍요의 사원	월드맵	0	0	135	102	2	5	0	0	255	255	255	0	0	1	xxx
1	25024	1	SN_ZONE_25027	월드맵	니야 유적	월드맵	0	0	128	102	5	0	0	0	255	255	255	0	0	1	xxx
1	25025	1	SN_ZONE_25028	월드맵	타림 나루터	월드맵	0	0	143	91	7	19	0	0	255	255	255	0	0	1	xxx
1	25026	1	SN_ZONE_25029	월드맵	호탄 나루터	월드맵	0	0	140	91	24	29	0	0	255	255	255	0	0	1	xxx
1	25028	1	SN_ZONE_25031	월드맵	비공선 선착장	월드맵(카라코람)	0	0	120	95	27	14	0	0	255	255	255	0	0	1	xxx
1	25030	1	SN_ZONE_25033	월드맵	비공선 선착장	월드맵(로크산)	0	0	120	88	14	15	0	0	255	255	255	0	0	1	xxx
1	25031	1	SN_ZONE_25034	월드맵	바람의 마을	월드맵(로크산)	0	0	116	91	16	23	0	0	255	255	255	0	0	1	xxx
1	25032	1	SN_ZONE_25035	월드맵	양치기의 마을	월드맵(로크산)	0	0	110	86	2	4	0	0	255	255	255	0	0	1	xxx
1	25033	1	SN_ZONE_25036	월드맵	버려진 마을	월드맵(로크산)	0	0	106	93	17	8	0	0	255	255	255	0	0	1	xxx
1	25034	1	SN_ZONE_25037	월드맵	눈의 봉우리	월드맵(로크산)	0	0	107	95	15	9	0	0	255	255	255	0	0	1	xxx
1	25035	1	SN_ZONE_25038	월드맵	뇌의 봉우리	월드맵(로크산)	0	0	116	95	12	14	0	0	255	255	255	0	0	1	xxx
1	25036	1	SN_ZONE_25039	월드맵	심장의 봉우리	월드맵(로크산)	0	0	112	93	2	3	0	0	255	255	255	0	0	1	xxx
1	25037	1	SN_ZONE_25040	월드맵	날개의 봉우리	월드맵(로크산)	0	0	113	90	28	4	0	0	255	255	255	0	0	1	xxx
1	25038	1	SN_ZONE_25041	월드맵	발톱의 봉우리	월드맵(로크산)	0	0	109	89	26	4	0	0	255	255	255	0	0	1	xxx
1	25039	1	SN_ZONE_25042	월드맵	꼬리의 봉우리	월드맵(로크산)	0	0	107	87	12	8	0	0	255	255	255	0	0	1	xxx
1	25040	1	SN_ZONE_25043	월드맵	부리의 봉우리	월드맵(로크산)	0	0	116	87	13	8	0	0	255	255	255	0	0	1	xxx
1	25046	1	SN_ZONE_25044	월드맵	심연의 터널	월드맵(중앙아시아)	0	0	122	102	8	26	0	0	255	255	255	0	0	1	xxx
1	25048	1	SN_ZONE_25045	월드맵	파미르 고원	월드맵(중앙아시아)	0	0	118	105	4	26	0	0	255	255	255	0	0	1	xxx
1	25049	1	SN_ZONE_25046	월드맵	훈족 주둔지	월드맵(중앙아시아)	0	0	111	105	2	5	0	0	255	255	255	0	0	1	xxx
1	25050	1	SN_ZONE_25047	월드맵	옹 서식지	월드맵(중앙아시아)	0	0	108	103	13	8	0	0	255	255	255	0	0	1	xxx
1	25051	1	SN_ZONE_25048	월드맵	징벌의 계곡	월드맵(소아시아)	0	0	104	106	15	22	0	0	255	255	255	0	0	1	xxx
1	25052	1	SN_ZONE_25049	월드맵	구원의 다리	월드맵(소아시아)	0	0	104	104	25	9	0	0	255	255	255	0	0	1	xxx
1	25053	1	SN_ZONE_25050	월드맵	속죄의 다리	월드맵(소아시아)	0	0	104	102	24	10	0	0	255	255	255	0	0	1	xxx
1	25056	1	SN_ZONE_25051	월드맵	원형 극장	월드맵(소아시아)	0	0	101	106	4	16	0	0	255	255	255	0	0	1	xxx
1	25057	1	SN_ZONE_25052	월드맵	아나톨리아 고원	월드맵(소아시아)	0	0	101	103	8	19	0	0	255	255	255	0	0	1	xxx
1	25058	1	SN_ZONE_25053	월드맵	클레오파트라의 문	월드맵(소아시아)	0	0	98	100	15	0	0	0	255	255	255	0	0	1	xxx
1	25059	1	SN_ZONE_25054	월드맵	하란의 탑	월드맵(소아시아)	0	0	99	98	3	0	0	0	255	255	255	0	0	1	xxx
1	25060	1	SN_ZONE_25055	월드맵	카파도키아	월드맵(소아시아)	0	0	97	102	3	22	0	0	255	255	255	0	0	1	xxx
1	25061	1	SN_ZONE_25056	월드맵	이블오더 요새	월드맵(소아시아)	0	0	95	99	31	16	0	0	255	255	255	0	0	1	xxx
1	25062	1	SN_ZONE_25057	월드맵	연못 유적	월드맵(소아시아)	0	0	93	101	15	3	0	0	255	255	255	0	0	1	xxx
1	25063	1	SN_ZONE_25058	월드맵	트로이 해안	월드맵(소아시아)	0	0	90	102	30	21	0	0	255	255	255	0	0	1	xxx
1	25064	1	SN_ZONE_25059	월드맵	마녀의 등대	월드맵(동유럽)	0	0	82	109	1	23	0	0	255	255	255	0	0	1	xxx
1	25065	1	SN_ZONE_25060	월드맵	여행자의 언덕	월드맵(동유럽)	0	0	78	109	11	12	0	0	255	255	255	0	0	1	xxx
1	25066	1	SN_ZONE_25061	월드맵	혈투의 구릉	월드맵(동유럽)	0	0	75	108	9	9	0	0	255	255	255	0	0	1	xxx
1	25067	1	SN_ZONE_25062	월드맵	황금 초원	월드맵(동유럽)	0	0	75	105	26	6	0	0	255	255	255	0	0	1	xxx
1	25068	1	SN_ZONE_25063	월드맵	슬픔의 숲	월드맵(동유럽)	0	0	71	107	3	28	0	0	255	255	255	0	0	1	xxx
1	25069	1	SN_ZONE_25064	월드맵	천둥 폭포	월드맵(동유럽)	0	0	68	104	3	17	0	0	255	255	255	0	0	1	xxx
1	25070	1	SN_ZONE_25065	월드맵	무법자의 언덕	월드맵(동유럽)	0	0	72	102	3	5	0	0	255	255	255	0	0	1	xxx
1	25071	1	SN_ZONE_25066	월드맵	황혼의 숲	월드맵(동유럽)	0	0	75	102	4	21	0	0	255	255	255	0	0	1	xxx
1	25072	1	SN_ZONE_25067	월드맵	황금사과나무	월드맵(동유럽)	0	0	77	100	9	13	0	0	255	255	255	0	0	1	xxx
1	25073	1	SN_ZONE_25068	월드맵	신들의 정원	월드맵(동유럽)	0	0	70	99	24	3	0	0	255	255	255	0	0	1	xxx
1	25074	1	SN_ZONE_25069	월드맵	미명의 해안	월드맵(동유럽)	0	0	75	98	13	5	0	0	255	255	255	0	0	1	xxx
1	26000	1	SN_ZONE_23501	월드맵	파로스 등대	알렉산드리아 마을맵	0	12	-1	-1	376	72	2	0	255	244	166	0	1	1	xxx
1	26001	1	SN_ZONE_23502	월드맵	알렉산드리아 항구	알렉산드리아 마을맵	0	12	-1	-1	388	280	2	0	255	244	166	0	1	1	xxx
1	26002	1	SN_ZONE_23503	월드맵	이시스 신전	알렉산드리아 마을맵	0	12	-1	-1	363	433	2	0	255	244	166	0	1	1	xxx
1	26003	1	SN_ZONE_23504	월드맵	궁전	알렉산드리아 마을맵	0	12	-1	-1	217	651	2	0	255	244	166	0	1	1	xxx
1	26004	1	SN_ZONE_23505	월드맵	알렉산드리아 도서관	알렉산드리아 마을맵	0	12	-1	-1	494	664	2	0	255	244	166	0	1	1	xxx
1	26005	1	SN_ZONE_23506	월드맵	상인/헌터 지역	알렉산드리아 마을맵	0	12	-1	-1	341	750	2	0	255	244	166	0	1	1	xxx
1	26006	1	SN_ZONE_23507	월드맵	세라피움	알렉산드리아 마을맵	0	12	-1	-1	268	889	2	0	255	244	166	0	1	1	xxx
1	26007	1	SN_ZONE_23508	월드맵	알렉산드리아 남문	알렉산드리아 마을맵	0	12	-1	-1	501	959	2	0	255	244	166	0	1	1	xxx
1	26008	1	SN_ZONE_23509	월드맵	도적 지역	알렉산드리아 마을맵	0	12	-1	-1	696	591	2	0	255	244	166	0	1	1	xxx
1	26009	1	SN_ZONE_23510	월드맵	알렉산드리아 동문	알렉산드리아 마을맵	0	12	-1	-1	791	476	2	0	255	244	166	0	1	1	xxx
1	26300	1	SN_ZONE_21833_1	월드맵	마아무라 해안	델타 필드	0	0	54	93	11	7	0	0	255	255	255	0	0	1	xxx
1	26301	1	SN_ZONE_21833_2	월드맵	풍요의 대지	델타 필드	0	0	53	91	22	25	0	0	255	255	255	0	0	1	xxx
1	26302	1	SN_ZONE_21833_3	월드맵	아부메나 유적	델타 필드	0	0	53	89	8	21	0	0	255	255	255	0	0	1	xxx
1	26303	1	SN_ZONE_21833_4	월드맵	잊혀진 평원	델타 필드	0	0	52	86	19	11	0	0	255	255	255	0	0	1	xxx
1	26304	1	SN_ZONE_21833_5	월드맵	소리의 협곡	[왕가의 계곡]	0	0	60	73	11	2	0	0	255	255	255	0	0	1	xxx
1	26316	1	SN_ZONE_21833_5	월드맵	소리의 협곡	[왕가의 계곡]	0	0	60	75	11	1	0	0	255	255	255	0	0	1	xxx
1	26305	1	SN_ZONE_21833_6	월드맵	붉은 대지	[왕가의 계곡]	0	0	66	75	3	29	0	0	255	255	255	0	0	1	xxx
1	26306	1	SN_ZONE_21833_7	월드맵	혼돈의 미로	[왕가의 계곡]	0	0	69	75	24	28	0	0	255	255	255	0	0	1	xxx
1	26307	1	SN_ZONE_21839	월드맵	성수의 사원	[왕가의 계곡]	0	0	74	75	4	27	0	0	255	255	255	0	0	1	xxx
1	26317	1	SN_ZONE_21833_8	월드맵	소금사막	[폭풍과 구름의 사막]	0	0	74	85	18	20	0	0	255	255	255	0	0	1	xxx
1	26308	1	SN_ZONE_21833_9	월드맵	소금기둥	[폭풍과 구름의 사막]	0	0	70	85	18	8	0	0	255	255	255	0	0	1	xxx
1	26309	1	SN_ZONE_21834_1	월드맵	붉은 에그르	[폭풍과 구름의 사막]	0	0	74	87	23	28	0	0	255	255	255	0	0	1	xxx
1	26310	1	SN_ZONE_21834_2	월드맵	붉은 레그	[폭풍과 구름의 사막]	0	0	70	87	14	5	0	0	255	255	255	0	0	1	xxx
1	26311	1	SN_ZONE_21834_3	월드맵	붉은 하마다	[폭풍과 구름의 사막]	0	0	66	87	9	22	0	0	255	255	255	0	0	1	xxx
1	26312	1	SN_ZONE_21834_4	월드맵	검은 에그르	[폭풍과 구름의 사막]	0	0	75	83	10	21	0	0	255	255	255	0	0	1	xxx
1	26313	1	SN_ZONE_21834_5	월드맵	검은 레그	[폭풍과 구름의 사막]	0	0	70	82	30	9	0	0	255	255	255	0	0	1	xxx
1	26314	1	SN_ZONE_21834_6	월드맵	검은 하마다	[폭풍과 구름의 사막]	0	0	66	82	13	3	0	0	255	255	255	0	0	1	xxx
1	26315	1	SN_ZONE_21834_7	월드맵	버섯 바위 지역	[폭풍과 구름의 사막]	0	0	67	85	11	28	0	0	255	255	255	0	0	1	xxx
1	27000	1	SN_ZONE_32737_1	월드맵	1번 주둔지	토귀마을 - 잊혀진세계	0	15	-1	-1	411	291	0	0	255	255	255	1	1	1	xxx
1	27001	1	SN_ZONE_32737_2	월드맵	2번 주둔지	토귀마을 - 잊혀진세계	0	15	-1	-1	590	477	0	0	255	255	255	1	1	1	xxx
1	27002	1	SN_ZONE_32737_3	월드맵	3번 주둔지	토귀마을 - 잊혀진세계	0	15	-1	-1	240	517	0	0	255	255	255	1	1	1	xxx
1	27003	1	SN_ZONE_32786_1	월드맵	1번 구역	화염산 - 잊혀진세계	0	2019	-1	-1	537	600	0	0	255	255	255	1	1	1	xxx
1	27004	1	SN_ZONE_32786_2	월드맵	2번 구역	화염산 - 잊혀진세계	0	2019	-1	-1	344	733	0	0	255	255	255	1	1	1	xxx
1	27005	1	SN_ZONE_32786_3	월드맵	3번 구역	화염산 - 잊혀진세계	0	2019	-1	-1	220	530	0	0	255	255	255	1	1	1	xxx
1	27006	1	SN_ZONE_32786_4	월드맵	4번 구역	화염산 - 잊혀진세계	0	2019	-1	-1	426	387	0	0	255	255	255	1	1	1	xxx
1	27007	1	SN_ZONE_30189_1	월드맵	1번 난파선	난파선 실내 -- 잊혀진세계	0	13	-1	-1	274	420	0	0	255	255	255	1	1	1	xxx
1	27008	1	SN_ZONE_30189_2	월드맵	2번 난파선	난파선 실내 -- 잊혀진세계	0	13	-1	-1	565	796	0	0	255	255	255	1	1	1	xxx
1	27009	1	SN_ZONE_30189_3	월드맵	3번 난파선	난파선 실내 -- 잊혀진세계	0	13	-1	-1	849	385	0	0	255	255	255	1	1	1	xxx
1	27010	1	SN_ZONE_30172_1	월드맵	1번 난파선	난파선 실외 - 잊혀진세계	0	14	-1	-1	849	385	0	0	255	255	255	1	1	1	xxx
1	27011	1	SN_ZONE_30172_2	월드맵	2번 난파선	난파선 실외 - 잊혀진세계	0	14	-1	-1	274	420	0	0	255	255	255	1	1	1	xxx
1	28000	1	SN_NPC_CH_COMMERCE1	장안	무역 상인 유선	로컬 장안맵	0	1	-1	-1	522	559	0	0	255	255	255	0	0	1	xxx
1	28001	1	SN_NPC_WC_COMMERCE1	돈황	무역 상인 선화	로컬 돈황맵	0	2	-1	-1	310	545	0	0	255	255	255	0	0	1	xxx
1	28002	1	SN_NPC_EU_COMMERCE1	콘스탄티노플	무역 상인 애냐	로컬 콘스탄티노플맵	0	5	-1	-1	283	451	0	0	255	255	255	0	0	1	xxx
1	28003	1	SN_NPC_CA_COMMERCE1	중앙아시아	무역 상인 사만다	로컬 중앙아시아맵	0	4	-1	-1	328	293	0	0	255	255	255	0	0	1	xxx
1	28004	1	SN_NPC_KT_COMMERCE1	호탄	무역 상인 샤본느	로컬 호탄맵	0	3	-1	-1	385	787	0	0	255	255	255	0	0	1	xxx
1	28005	1	SN_NPC_CH_COMMERCE2	장안	밀무역 상인 챠오	로컬 장안맵	0	1	-1	-1	314	481	0	0	255	255	255	0	0	1	xxx
1	28006	1	SN_NPC_WC_COMMERCE2	돈황	밀무역 상인 충호	로컬 돈황맵	0	2	-1	-1	531	453	0	0	255	255	255	0	0	1	xxx
1	28007	1	SN_NPC_EU_COMMERCE2	콘스탄티노플	밀무역 상인 라울	로컬 콘스탄티노플맵	0	5	-1	-1	154	550	0	0	255	255	255	0	0	1	xxx
1	28008	1	SN_NPC_CA_COMMERCE2	중앙아시아	밀무역 상인 바루스	로컬 중앙아시아맵	0	4	-1	-1	255	450	0	0	255	255	255	0	0	1	xxx
1	28009	1	SN_NPC_KT_COMMERCE2	호탄	밀무역 상인 이슈타드	로컬 호탄맵	0	3	-1	-1	284	931	0	0	255	255	255	0	0	1	xxx
1	28100	1	SN_ZONE_25800_1	거울 차원의 막사	거울 차원의 막사	유피테르 필드	0	17	-1	-1	103	373	0	0	255	255	255	0	0	1	xxx
1	28101	1	SN_ZONE_25800_2	복제된 신들의 정원	복제된 신들의 정원	유피테르 필드	0	17	-1	-1	142	460	0	0	255	255	255	0	0	1	xxx
1	28102	1	SN_ZONE_25800_3	복제된 황혼의 숲	복제된 황혼의 숲	유피테르 필드	0	17	-1	-1	313	371	0	0	255	255	255	0	0	1	xxx
1	28103	1	SN_ZONE_25800_4	복제된 무법자들의 언덕	복제된 무법자들의 언덕	유피테르 필드	0	17	-1	-1	218	328	0	0	255	255	255	0	0	1	xxx
1	28104	1	SN_ZONE_25800_5	복제된 슬픔의 숲	복제된 슬픔의 숲	유피테르 필드	0	17	-1	-1	133	190	0	0	255	255	255	0	0	1	xxx
1	28105	1	SN_ZONE_25800_6	복제된 미명의 해안	복제된 미명의 해안	유피테르 필드	0	17	-1	-1	306	494	0	0	255	255	255	0	0	1	xxx
1	28106	1	SN_ZONE_25800_7	신전 포탈	신전 포탈	유피테르 필드	0	17	-1	-1	141	543	0	0	255	255	255	0	0	1	xxx
1	28107	1	SN_ZONE_25800_8	귀환 포탈	귀환 포탈	유피테르 필드	0	17	-1	-1	88	396	0	0	255	255	255	0	0	1	xxx
1	28108	1	SN_ZONE_25800_9	경배의 제단 (좌)	경배의 제단 (좌)	유피테르 신전 A	0	16	-1	-1	254	384	0	0	255	255	255	0	0	1	xxx
1	28109	1	SN_ZONE_25800_9	경배의 제단 (우)	경배의 제단 (우)	유피테르 신전 A	0	16	-1	-1	508	384	0	0	255	255	255	0	0	1	xxx
1	28110	1	SN_ZONE_25800_10	분수대	분수대	유피테르 신전 A	0	16	-1	-1	377	478	0	0	255	255	255	0	0	1	xxx
1	28111	1	SN_ZONE_25800_11	정화의 연못 (좌)	정화의 연못 (좌)	유피테르 신전 A	0	16	-1	-1	203	533	0	0	255	255	255	0	0	1	xxx
1	28112	1	SN_ZONE_25800_11	정화의 연못 (우)	정화의 연못 (우)	유피테르 신전 A	0	16	-1	-1	555	533	0	0	255	255	255	0	0	1	xxx
1	28113	1	SN_ZONE_25800_12	유피테르 대신전	유피테르 대신전	유피테르 신전 A	0	16	-1	-1	377	712	0	0	255	255	255	0	0	1	xxx
1	28114	1	SN_ZONE_25800_13	봉인의 예배당	봉인의 예배당	유피테르 신전 B	0	2023	-1	-1	516	701	0	0	255	255	255	0	0	1	xxx
1	28115	1	SN_ZONE_25800_14	피의 예배당	피의 예배당	유피테르 신전 B	0	2023	-1	-1	318	352	0	0	255	255	255	0	0	1	xxx
1	28116	1	SN_ZONE_25800_15	욕망의 예배당	욕망의 예배당	유피테르 신전 B	0	2023	-1	-1	710	352	0	0	255	255	255	0	0	1	xxx
1	28117	1	SN_ZONE_25800_16	타락의 전당	타락의 전당	유피테르 신전 B	0	2023	-1	-1	264	265	0	0	255	255	255	0	0	1	xxx
1	28118	1	SN_ZONE_25800_17	악마의 전당	악마의 전당	유피테르 신전 B	0	2023	-1	-1	652	265	0	0	255	255	255	0	0	1	xxx
1	28119	1	SN_ZONE_25800_18	광신도의 전당	광신도의 전당	유피테르 신전 B	0	2023	-1	-1	454	608	0	0	255	255	255	0	0	1	xxx
1	28120	1	SN_ZONE_25800_19	경배의 전당	입구 포탈	유피테르 신전 A 하급	0	16	-1	-1	378	372	0	0	255	255	255	0	0	1	xxx
1	28121	1	SN_ZONE_25800_19	광신도의 은신처	입구 포탈	유피테르 신전 B 하급	0	2023	-1	-1	556	507	0	0	255	255	255	0	0	1	xxx
1	28122	1	SN_ZONE_25800_8	남쪽방 중앙	귀환 포탈	유피테르 신전 B 하급	0	2023	-1	-1	556	766	0	0	255	255	255	0	0	1	xxx
1	28123	1	SN_ZONE_25800_8	북서쪽 방 중앙	귀환 포탈	유피테르 신전 B 하급	0	2023	-1	-1	326	378	0	0	255	255	255	0	0	1	xxx
1	28124	1	SN_ZONE_25800_8	북동쪽 방 중앙	귀환 포탈	유피테르 신전 B 하급	0	2023	-1	-1	783	378	0	0	255	255	255	0	0	1	xxx
1	91001	2	interface\worldmap\map\city_jangan.ddj	중국	장안	월드맵	1	0	167	98	16	2	64	64	0	0	0	0	0	1	xxx
1	91002	2	interface\worldmap\map\city_donhwang.ddj	서역	돈황	월드맵	2	0	152	103	19	2	64	64	0	0	0	0	0	1	xxx
1	91003	2	interface\worldmap\map\city_khotan.ddj	오아시스	호탄	월드맵	3	0	134	93	20	19	64	64	0	0	0	0	0	1	xxx
1	91004	2	interface\worldmap\map\city_samarkand.ddj	중아아시야	사마르칸트	월드맵	4	0	106	108	15	10	96	96	0	0	0	0	0	1	xxx
1	91005	2	interface\worldmap\map\city_constantinople.ddj	동유럽	콘스탄티노플	월드맵	5	0	77	107	30	26	96	96	0	0	0	0	0	1	xxx
1	91006	2	interface\worldmap\map\fort_worldmap.ddj	중국	장안요새	월드맵	1001	0	167	93	23	18	24	44	0	0	0	0	0	1	xxx
1	91007	2	interface\worldmap\map\fort_worldmap.ddj	중국	장안요새	월드맵	1001	0	166	93	25	23	24	44	0	0	0	0	0	1	xxx
1	91008	2	interface\worldmap\map\fort_worldmap.ddj	중국	장안요새	월드맵	1001	0	169	93	4	23	24	44	0	0	0	0	0	1	xxx
1	91009	2	interface\worldmap\map\fort_small_worldmap.ddj	중국	비적단요새	월드맵	1002	0	162	93	28	16	20	32	0	0	0	0	0	1	xxx
1	91010	2	interface\worldmap\map\fort_small_worldmap.ddj	중국	비적단요새	월드맵	1002	0	163	92	3	7	20	32	0	0	0	0	0	1	xxx
1	91011	2	interface\worldmap\map\fort_worldmap.ddj	오아시스	호탄요새	월드맵	1003	0	134	97	1	24	24	44	0	0	0	0	0	1	xxx
1	91012	2	interface\worldmap\map\fort_worldmap.ddj	오아시스	호탄요새	월드맵	1003	0	134	97	25	15	24	44	0	0	0	0	0	1	xxx
1	91013	2	interface\worldmap\map\fort_worldmap.ddj	오아시스	호탄요새	월드맵	1003	0	135	97	20	10	24	44	0	0	0	0	0	1	xxx
1	91014	2	interface\worldmap\map\tahomet_gate.ddj	로크산	로크산	월드맵	0	0	110	92	17	17	32	32	0	0	0	0	0	1	xxx
1	91015	2	interface\worldmap\map\fort_worldmap.ddj	동유럽	콘스탄티노플요새	월드맵	1004	0	76	103	21	15	24	44	0	0	0	0	0	1	xxx
1	91016	2	interface\worldmap\map\fort_worldmap.ddj	동유럽	콘스탄티노플요새	월드맵	1004	0	76	102	25	29	24	44	0	0	0	0	0	1	xxx
1	91017	2	interface\worldmap\map\fort_worldmap.ddj	동유럽	콘스탄티노플요새	월드맵	1004	0	76	100	17	25	24	44	0	0	0	0	0	1	xxx
1	99000	2	interface\worldmap\map\city_alexandria.ddj	월드맵	알렉산드리아	알렉산드리아	12	0	46	92	25	10	112	88	0	0	0	0	0	1	
1	92001	2	interface\worldmap\map\xy_shamanhouse.ddj	월드맵	무당의 집	월드맵	0	0	164	98	9	1	32	32	0	0	0	0	0	1	xxx
1	92002	2	interface\worldmap\map\xy_ferry.ddj	월드맵	장안 나루터	월드맵	0	0	161	98	2	18	32	32	0	0	0	0	0	1	xxx
1	92003	2	interface\worldmap\map\xy_ferry.ddj	월드맵	장안 나루터	월드맵	0	0	157	97	25	28	32	32	0	0	0	0	0	1	xxx
1	92004	2	interface\worldmap\map\xy_ferry.ddj	월드맵	서역 나루터	월드맵	0	0	160	100	28	1	32	32	0	0	0	0	0	1	xxx
1	92005	2	interface\worldmap\map\xy_ferry.ddj	월드맵	서역 나루터	월드맵	0	0	156	98	4	12	32	32	0	0	0	0	0	1	xxx
1	92006	2	interface\worldmap\map\xy_weapon.ddj	장안	대장간	로컬 장안맵	0	1	-1	-1	401	433	32	32	0	0	0	0	0	1	xxx
1	92007	2	interface\worldmap\map\xy_armor.ddj	장안	방어구점	로컬 장안맵	0	1	-1	-1	401	480	32	32	0	0	0	0	0	1	xxx
1	92008	2	interface\worldmap\map\xy_potion.ddj	장안	의약품점	로컬 장안맵	0	1	-1	-1	604	440	32	32	0	0	0	0	0	1	xxx
1	92009	2	interface\worldmap\map\xy_etc.ddj	장안	잡화점	로컬 장안맵	0	1	-1	-1	604	482	32	32	0	0	0	0	0	1	xxx
1	92010	2	interface\worldmap\map\xy_speciality.ddj	장안	특산품점	로컬 장안맵	0	1	-1	-1	604	582	32	32	0	0	0	0	0	1	xxx
1	92011	2	interface\worldmap\map\xy_stable.ddj	장안	마구간	로컬 장안맵	0	1	-1	-1	401	570	32	32	0	0	0	0	0	1	xxx
1	92012	2	interface\worldmap\map\xy_warehouse.ddj	장안	창고	로컬 장안맵	0	1	-1	-1	482	496	32	32	0	0	0	0	0	1	xxx
1	92013	2	interface\worldmap\map\xy_gate.ddj	장안	차원의 문	로컬 장안맵	0	1	-1	-1	542	443	32	32	0	0	0	0	0	1	xxx
1	92014	2	interface\worldmap\map\xy_weapon.ddj	돈황	대장간	로컬 돈황맵	0	2	-1	-1	419	387	32	32	0	0	0	0	0	1	xxx
1	92015	2	interface\worldmap\map\xy_armor.ddj	돈황	방어구점	로컬 돈황맵	0	2	-1	-1	421	433	32	32	0	0	0	0	0	1	xxx
1	92016	2	interface\worldmap\map\xy_potion.ddj	돈황	의약품점	로컬 돈황맵	0	2	-1	-1	315	404	32	32	0	0	0	0	0	1	xxx
1	92017	2	interface\worldmap\map\xy_etc.ddj	돈황	잡화점	로컬 돈황맵	0	2	-1	-1	315	455	32	32	0	0	0	0	0	1	xxx
1	92018	2	interface\worldmap\map\xy_speciality.ddj	돈황	특산품점	로컬 돈황맵	0	2	-1	-1	301	353	32	32	0	0	0	0	0	1	xxx
1	92019	2	interface\worldmap\map\xy_stable.ddj	돈황	마구간	로컬 돈황맵	0	2	-1	-1	435	339	32	32	0	0	0	0	0	1	xxx
1	92020	2	interface\worldmap\map\xy_warehouse.ddj	돈황	창고	로컬 돈황맵	0	2	-1	-1	421	481	32	32	0	0	0	0	0	1	xxx
1	92021	2	interface\worldmap\map\xy_gate.ddj	돈황	차원의 문	로컬 돈황맵	0	2	-1	-1	374	293	32	32	0	0	0	0	0	1	xxx
1	92022	2	interface\worldmap\map\xy_weapon.ddj	호탄	대장간	로컬 호탄맵	0	3	-1	-1	214	699	32	32	0	0	0	0	0	1	xxx
1	92023	2	interface\worldmap\map\xy_armor.ddj	호탄	방어구점	로컬 호탄맵	0	3	-1	-1	217	785	32	32	0	0	0	0	0	1	xxx
1	92024	2	interface\worldmap\map\xy_potion.ddj	호탄	의약품점	로컬 호탄맵	0	3	-1	-1	251	658	32	32	0	0	0	0	0	1	xxx
1	92025	2	interface\worldmap\map\xy_etc.ddj	호탄	잡화점	로컬 호탄맵	0	3	-1	-1	254	823	32	32	0	0	0	0	0	1	xxx
1	92026	2	interface\worldmap\map\xy_speciality.ddj	호탄	특산품점	로컬 호탄맵	0	3	-1	-1	375	685	32	32	0	0	0	0	0	1	xxx
1	92027	2	interface\worldmap\map\xy_stable.ddj	호탄	마구간	로컬 호탄맵	0	3	-1	-1	373	804	32	32	0	0	0	0	0	1	xxx
1	92028	2	interface\worldmap\map\xy_warehouse.ddj	호탄	창고	로컬 호탄맵	0	3	-1	-1	275	715	32	32	0	0	0	0	0	1	xxx
1	92029	2	interface\worldmap\map\xy_gate.ddj	호탄	차원의 문	로컬 호탄맵	0	3	-1	-1	301	742	32	32	0	0	0	0	0	1	xxx
1	92030	2	interface\worldmap\map\xy_ferry.ddj	호탄	호탄선착장	로컬 호탄맵	0	3	-1	-1	54	542	32	32	0	0	0	0	0	1	xxx
1	92031	2	interface\worldmap\map\xy_ferry.ddj	호탄	호탄선착장	로컬 호탄맵	0	3	-1	-1	568	960	32	32	0	0	0	0	0	1	xxx
1	92032	2	interface\worldmap\map\xy_dungeon.ddj	월드맵	진시황릉	월드맵	2005	0	172	102	7	0	32	32	0	0	0	0	0	1	xxx
1	92033	2	interface\worldmap\map\xy_dungeon.ddj	월드맵	돈황석굴	월드맵	2001	0	147	106	20	19	32	32	0	0	0	0	0	1	xxx
1	92034	2	interface\worldmap\map\xy_ferry.ddj	월드맵	호탄나루터	월드맵	0	0	140	92	18	16	32	32							xxx
1	92035	2	interface\worldmap\map\xy_ferry.ddj	월드맵	호탄나루터	월드맵	0	0	140	90	23	13	32	32							xxx
1	92036	2	interface\worldmap\map\xy_ferry.ddj	월드맵	타림나루터	월드맵	0	0	142	92	20	16	32	32							xxx
1	92037	2	interface\worldmap\map\xy_ferry.ddj	월드맵	타림나루터	월드맵	0	0	142	90	20	1	32	32							xxx
1	92038	2	interface\worldmap\map\xy_ferry.ddj	월드맵	선착장	월드맵	0	0	46	50	12	22	32	32	0	0	0	0	0	1	xxx
1	92039	2	interface\worldmap\map\xy_ferry.ddj	월드맵	호탄선착장	월드맵	0	0	45	47	6	4	32	32	0	0	0	0	0	1	xxx
1	92040	2	interface\worldmap\map\xy_ferry.ddj	월드맵	호탄선착장	월드맵	0	0	47	45	15	4	32	32	0	0	0	0	0	1	xxx
1	92041	2	interface\worldmap\map\xy_hunter.ddj	장안	헌터조합	로컬 장안맵	0	1	-1	-1	324	307	32	32	0	0	0	0	0	1	xxx
1	92042	2	interface\worldmap\map\xy_hunter.ddj	돈황	헌터조합	로컬 돈황맵	0	2	-1	-1	305	191	32	32	0	0	0	0	0	1	xxx
1	92043	2	interface\worldmap\map\xy_hunter.ddj	호탄	헌터조합	로컬 호탄맵	0	3	-1	-1	446	603	32	32	0	0	0	0	0	1	xxx
1	92044	2	interface\worldmap\map\xy_flyship.ddj	카라코람	비공선 선착장	월드맵	0	0	120	94	24	3	64	64							xxx
1	92045	2	interface\worldmap\map\xy_flyship.ddj	카라코람	비공선 선착장	월드맵	0	0	120	87	21	14	64	64							xxx
1	92046	2	interface\worldmap\map\xy_flyship.ddj	로크산	비공선 선착장	월드맵	0	0	118	96	3	21	64	64							xxx
1	92047	2	interface\worldmap\map\xy_flyship.ddj	로크산	비공선 선착장	월드맵	0	0	118	88	3	29	64	64							xxx
1	92048	2	interface\worldmap\map\xy_ferry.ddj	소아시아	드로아 선착장	월드맵	0	0	88	103	30	5	32	32							xxx
1	92049	2	interface\worldmap\map\xy_ferry.ddj	소아시아	시기아 선착장	월드맵	0	0	88	101	30	3	32	32							xxx
1	92050	2	interface\worldmap\map\xy_ferry.ddj	콘스탄티노플	동유럽 선착장	월드맵 	0	0	75	98	6	25	32	32							xxx
1	92052	2	interface\worldmap\map\xy_stable.ddj	사마르칸트	마구간	로컬 사마르칸트맵	0	4	-1	-1	385	189	32	32	0	0	0	0	0	1	xxx
1	92053	2	interface\worldmap\map\xy_warehouse.ddj	사마르칸트	창고	로컬 사마르칸트맵	0	4	-1	-1	387	326	32	32	0	0	0	0	0	1	xxx
1	92054	2	interface\worldmap\map\xy_gate.ddj	사마르칸트	차원의 문	로컬 사마르칸트맵	0	4	-1	-1	307	229	32	32	0	0	0	0	0	1	xxx
1	92055	2	interface\worldmap\map\xy_weapon.ddj	사마르칸트	대장간	로컬 사마르칸트맵	0	4	-1	-1	279	148	32	32	0	0	0	0	0	1	xxx
1	92056	2	interface\worldmap\map\xy_armor.ddj	사마르칸트	방어구점	로컬 사마르칸트맵	0	4	-1	-1	229	192	32	32	0	0	0	0	0	1	xxx
1	92057	2	interface\worldmap\map\xy_potion.ddj	사마르칸트	의약품점	로컬 사마르칸트맵	0	4	-1	-1	224	266	32	32	0	0	0	0	0	1	xxx
1	92058	2	interface\worldmap\map\xy_etc.ddj	사마르칸트	잡화점	로컬 사마르칸트맵	0	4	-1	-1	271	311	32	32	0	0	0	0	0	1	xxx
1	92059	2	interface\worldmap\map\xy_speciality.ddj	사마르칸트	특산품점	로컬 사마르칸트맵	0	4	-1	-1	394	268	32	32	0	0	0	0	0	1	xxx
1	92060	2	interface\worldmap\map\xy_hunter.ddj	사마르칸트	헌터조합	로컬 사마르칸트맵	0	4	-1	-1	378	94	32	32	0	0	0	0	0	1	xxx
1	92062	2	interface\worldmap\map\xy_stable.ddj	콘스탄티노플	마구간	로컬 콘스탄티노플맵	0	5	-1	-1	302	527	32	32	0	0	0	0	0	1	xxx
1	92063	2	interface\worldmap\map\xy_warehouse.ddj	콘스탄티노플	여관	로컬 콘스탄티노플맵	0	5	-1	-1	506	500	32	32	0	0	0	0	0	1	xxx
1	92064	2	interface\worldmap\map\xy_gate.ddj	콘스탄티노플	아틀라스 동상	로컬 콘스탄티노플맵	0	5	-1	-1	413	488	32	32	0	0	0	0	0	1	xxx
1	92065	2	interface\worldmap\map\xy_weapon.ddj	콘스탄티노플	대장간	로컬 콘스탄티노플맵	0	5	-1	-1	417	392	32	32	0	0	0	0	0	1	xxx
1	92066	2	interface\worldmap\map\xy_armor.ddj	콘스탄티노플	방어구점	로컬 콘스탄티노플맵	0	5	-1	-1	313	474	32	32	0	0	0	0	0	1	xxx
1	92067	2	interface\worldmap\map\xy_potion.ddj	콘스탄티노플	의약품점	로컬 콘스탄티노플맵	0	5	-1	-1	510	440	32	32	0	0	0	0	0	1	xxx
1	92068	2	interface\worldmap\map\xy_etc.ddj	콘스탄티노플	잡화점	로컬 콘스탄티노플맵	0	5	-1	-1	422	563	32	32	0	0	0	0	0	1	xxx
1	92069	2	interface\worldmap\map\xy_speciality.ddj	콘스탄티노플	특산품점	로컬 콘스탄티노플맵	0	5	-1	-1	358	565	32	32	0	0	0	0	0	1	xxx
1	92070	2	interface\worldmap\map\xy_hunter.ddj	콘스탄티노플	헌터조합	로컬 콘스탄티노플맵	0	5	-1	-1	257	378	32	32	0	0	0	0	0	1	xxx
1	92071	2	interface\worldmap\map\Map_arrow.ddj	콘스탄티노플	화살표	로컬 콘스탄티노플맵	0	5	-1	-1	495	53	32	32	0	0	0	0	0	1	xxx
1	92072	2	interface\worldmap\map\tahomet_gate.ddj	로크산	수호자의 문	월드맵 로크산 정상입구	0	0	0	0	0	0	0	0	0	0	0	0	0	0	xxx
1	92703	2	interface\worldmap\map\xy_stable.ddj	알렉산드리아	마구간	로컬 알렉산드리아맵	0	12	-1	-1	508	753	32	32	0	0	0	0	0	1	xxx
1	92704	2	interface\worldmap\map\xy_warehouse.ddj	알렉산드리아	창고	로컬 알렉산드리아맵	0	12	-1	-1	773	553	32	32	0	0	0	0	0	1	xxx
1	92705	2	interface\worldmap\map\xy_warehouse.ddj	알렉산드리아	창고	로컬 알렉산드리아맵	0	12	-1	-1	468	815	32	32	0	0	0	0	0	1	xxx
1	92706	2	interface\worldmap\map\xy_gate.ddj	알렉산드리아	차원의 문	로컬 알렉산드리아맵	0	12	-1	-1	327	785	32	32	0	0	0	0	0	1	xxx
1	92707	2	interface\worldmap\map\xy_weapon.ddj	알렉산드리아	대장간	로컬 알렉산드리아맵	0	12	-1	-1	236	783	32	32	0	0	0	0	0	1	xxx
1	92708	2	interface\worldmap\map\xy_potion.ddj	알렉산드리아	의약품점	로컬 알렉산드리아맵	0	12	-1	-1	359	849	32	32	0	0	0	0	0	1	xxx
1	92709	2	interface\worldmap\map\xy_etc.ddj	알렉산드리아	잡화점	로컬 알렉산드리아맵	0	12	-1	-1	393	789	32	32	0	0	0	0	0	1	xxx
1	92710	2	interface\worldmap\map\xy_weapon.ddj	알렉산드리아	대장간	로컬 알렉산드리아맵	0	12	-1	-1	602	589	32	32	0	0	0	0	0	1	xxx
1	92711	2	interface\worldmap\map\xy_potion.ddj	알렉산드리아	의약품점	로컬 알렉산드리아맵	0	12	-1	-1	622	530	32	32	0	0	0	0	0	1	xxx
1	92712	2	interface\worldmap\map\xy_etc.ddj	알렉산드리아	잡화점	로컬 알렉산드리아맵	0	12	-1	-1	662	512	32	32	0	0	0	0	0	1	xxx
1	92713	2	interface\worldmap\map\xy_gate.ddj	알렉산드리아	차원의 문	로컬 알렉산드리아맵	0	12	-1	-1	704	517	32	32	0	0	0	0	0	1	xxx
1	92714	2	interface\worldmap\map\xy_merchant.ddj	알렉산드리아	상인조합	로컬 알렉산드리아맵	0	12	-1	-1	321	561	32	32	0	0	0	0	0	1	xxx
1	92715	2	interface\worldmap\map\xy_guild.ddj	알렉산드리아	길드창고	로컬 알렉산드리아맵	0	12	-1	-1	309	607	32	32	0	0	0	0	0	1	xxx
1	92716	2	interface\worldmap\map\xy_hunter.ddj	알렉산드리아	헌터조합	로컬 알렉산드리아맵	0	12	-1	-1	321	646	32	32	0	0	0	0	0	1	xxx
1	92717	2	interface\worldmap\map\xy_thief.ddj	알렉산드리아	도적조합	로컬 알렉산드리아맵	0	12	-1	-1	765	583	32	32	0	0	0	0	0	1	xxx
1	92718	2	interface\worldmap\map\xy_guild.ddj	알렉산드리아	길드창고	로컬 알렉산드리아맵	0	12	-1	-1	750	628	32	32	0	0	0	0	0	1	xxx
1	92719	2	interface\worldmap\map\xy_speciality.ddj	알렉산드리아	특산품점	로컬 알렉산드리아맵	0	12	-1	-1	385	572	32	32	0	0	0	0	0	1	
1	95002	2	icon\etc\strut_revival_gate.ddj	장안요새	부활의 문	로컬 장안요새맵	0	1001	-1	-1	489	253	24	24	0	0	0	0	0	1	xxx
1	95004	2	icon\npc\fortress_manager.ddj	장안요새	요새관리인	로컬 장안요새맵	0	1001	-1	-1	308	98	24	24	0	0	0	0	0	1	xxx
1	95005	2	icon\npc\fortress_battleaide.ddj	장안요새	전투보좌관	로컬 장안요새맵	0	1001	-1	-1	356	100	24	24	0	0	0	0	0	1	xxx
1	95006	2	icon\npc\fortress_trainer.ddj	장안요새	조련사	로컬 장안요새맵	0	1001	-1	-1	331	119	24	24	0	0	0	0	0	1	xxx
1	95007	2	icon\npc\fortress_smith.ddj	장안요새	대장장이	로컬 장안요새맵	0	1001	-1	-1	296	137	24	24	0	0	0	0	0	1	xxx
1	95008	2	icon\etc\strut_charge_gate.ddj	장안요새	돌격의문	로컬 장안요새맵	0	1001	-1	-1	105	135	24	24	0	0	0	0	0	1	xxx
1	95009	2	icon\etc\strut_gate_pulley.ddj	장안요새	성문도르레	로컬 장안요새맵	0	1001	-1	-1	262	177	24	24	0	0	0	0	0	1	xxx
1	95010	2	icon\etc\strut_gate_pulley.ddj	장안요새	성문도르레	로컬 장안요새맵	0	1001	-1	-1	448	363	24	24	0	0	0	0	0	1	xxx
1	95011	2	icon\etc\strut_gate_pulley.ddj	장안요새	성문도르레	로컬 장안요새맵	0	1001	-1	-1	745	262	24	24	0	0	0	0	0	1	xxx
1	95012	2	icon\etc\strut_fort_gate.ddj	장안요새	요새의문	로컬 장안요새맵	0	1001	-1	-1	151	731	24	24	0	0	0	0	0	1	xxx
1	95013	2	icon\etc\strut_fort_gate.ddj	장안요새	요새의문	로컬 장안요새맵	0	1001	-1	-1	336	736	24	24	0	0	0	0	0	1	xxx
1	95014	2	icon\etc\strut_fort_gate.ddj	장안요새	요새의문	로컬 장안요새맵	0	1001	-1	-1	900	745	24	24	0	0	0	0	0	1	xxx
1	95015	2	icon\etc\strut_glory_gate.ddj	장안요새	영광의문	로컬 장안요새맵	0	1001	-1	-1	640	735	24	24	0	0	0	0	0	1	xxx
1	95016	2	icon\etc\strut_revival_gate.ddj	비적단요새	부활의 문	로컬 비적단요새맵	0	1002	-1	-1	423	886	24	24	0	0	0	0	0	1	xxx
1	95017	2	icon\npc\fortress_manager.ddj	비적단요새	요새관리인	로컬 비적단요새맵	0	1002	-1	-1	488	487	24	24	0	0	0	0	0	1	xxx
1	95018	2	icon\npc\fortress_battleaide.ddj	비적단요새	전투보좌관	로컬 비적단요새맵	0	1002	-1	-1	464	487	24	24	0	0	0	0	0	1	xxx
1	95019	2	icon\npc\fortress_smith.ddj	비적단요새	대장장이	로컬 비적단요새맵	0	1002	-1	-1	440	497	24	24	0	0	0	0	0	1	xxx
1	95020	2	icon\etc\strut_charge_gate.ddj	비적단요새	돌격의문	로컬 비적단요새맵	0	1002	-1	-1	600	361	24	24	0	0	0	0	0	1	xxx
1	95021	2	icon\etc\strut_gate_pulley.ddj	비적단요새	성문도르레	로컬 비적단요새맵	0	1002	-1	-1	281	724	24	24	0	0	0	0	0	1	xxx
1	95022	2	icon\etc\strut_gate_pulley.ddj	비적단요새	성문도르레	로컬 비적단요새맵	0	1002	-1	-1	695	682	24	24	0	0	0	0	0	1	xxx
1	95023	2	icon\etc\strut_fort_gate.ddj	비적단요새	요새의문	로컬 비적단요새맵	0	1002	-1	-1	21	68	24	24	0	0	0	0	0	1	xxx
1	95024	2	icon\etc\strut_fort_gate.ddj	비적단요새	요새의문	로컬 비적단요새맵	0	1002	-1	-1	534	71	24	24	0	0	0	0	0	1	xxx
1	95025	2	icon\etc\strut_fort_gate.ddj	비적단요새	요새의문	로컬 비적단요새맵	0	1002	-1	-1	782	42	24	24	0	0	0	0	0	1	xxx
1	95026	2	icon\etc\strut_glory_gate.ddj	비적단요새	영광의문	로컬 비적단요새맵	0	1002	-1	-1	224	57	24	24	0	0	0	0	0	1	xxx
1	95027	2	icon\etc\strut_revival_gate.ddj	호탄요새	부활의 문	로컬 호탄요새맵	0	1003	-1	-1	492	772	24	24	0	0	0	0	0	1	xxx
1	95028	2	icon\npc\fortress_manager.ddj	호탄요새	요새관리인	로컬 호탄요새맵	0	1003	-1	-1	164	762	24	24	0	0	0	0	0	1	xxx
1	95029	2	icon\npc\fortress_battleaide.ddj	호탄요새	전투보좌관	로컬 호탄요새맵	0	1003	-1	-1	146	781	24	24	0	0	0	0	0	1	xxx
1	95030	2	icon\npc\fortress_trainer.ddj	호탄요새	조련사	로컬 호탄요새맵	0	1003	-1	-1	170	804	24	24	0	0	0	0	0	1	xxx
1	95031	2	icon\npc\fortress_smith.ddj	호탄요새	대장장이	로컬 호탄요새맵	0	1003	-1	-1	188	782	24	24	0	0	0	0	0	1	xxx
1	95032	2	icon\etc\strut_charge_gate.ddj	호탄요새	돌격의문	로컬 호탄요새맵	0	1003	-1	-1	41	773	24	24	0	0	0	0	0	1	xxx
1	95033	2	icon\etc\strut_gate_pulley.ddj	호탄요새	성문도르레	로컬 호탄요새맵	0	1003	-1	-1	209	588	24	24	0	0	0	0	0	1	xxx
1	95034	2	icon\etc\strut_gate_pulley.ddj	호탄요새	성문도르레	로컬 호탄요새맵	0	1003	-1	-1	309	739	24	24	0	0	0	0	0	1	xxx
1	95035	2	icon\etc\strut_gate_pulley.ddj	호탄요새	성문도르레	로컬 호탄요새맵	0	1003	-1	-1	458	635	24	24	0	0	0	0	0	1	xxx
1	95036	2	icon\etc\strut_fort_gate.ddj	호탄요새	요새의문	로컬 호탄요새맵	0	1003	-1	-1	122	965	24	24	0	0	0	0	0	1	xxx
1	95037	2	icon\etc\strut_fort_gate.ddj	호탄요새	요새의문	로컬 호탄요새맵	0	1003	-1	-1	254	963	24	24	0	0	0	0	0	1	xxx
1	95038	2	icon\etc\strut_fort_gate.ddj	호탄요새	요새의문	로컬 호탄요새맵	0	1003	-1	-1	385	964	24	24	0	0	0	0	0	1	xxx
1	95039	2	icon\etc\strut_fort_gate.ddj	호탄요새	요새의문	로컬 호탄요새맵	0	1003	-1	-1	517	970	24	24	0	0	0	0	0	1	xxx
1	95040	2	icon\etc\strut_glory_gate.ddj	호탄요새	영광의문	로컬 호탄요새맵	0	1003	-1	-1	641	750	24	24	0	0	0	0	0	1	xxx
1	95041	2	icon\etc\strut_revival_gate.ddj	콘스탄티노플요새	부활의 문	로컬콘스탄티노플요새맵	0	1004	-1	-1	920	616	24	24	0	0	0	0	0	1	xxx
1	95042	2	icon\npc\fortress_manager.ddj	콘스탄티노플요새	요새관리인	로컬콘스탄티노플요새맵	0	1004	-1	-1	540	515	24	24	0	0	0	0	0	1	xxx
1	95043	2	icon\npc\fortress_battleaide.ddj	콘스탄티노플요새	전투보좌관	로컬콘스탄티노플요새맵	0	1004	-1	-1	566	515	24	24	0	0	0	0	0	1	xxx
1	95044	2	icon\npc\fortress_trainer.ddj	콘스탄티노플요새	조련사	로컬콘스탄티노플요새맵	0	1004	-1	-1	593	515	24	24	0	0	0	0	0	1	xxx
1	95045	2	icon\npc\fortress_smith.ddj	콘스탄티노플요새	대장장이	로컬콘스탄티노플요새맵	0	1004	-1	-1	619	515	24	24	0	0	0	0	0	1	xxx
1	95046	2	icon\etc\strut_charge_gate.ddj	콘스탄티노플요새	돌격의문	로컬콘스탄티노플요새맵	0	1004	-1	-1	894	76	24	24	0	0	0	0	0	1	xxx
1	95047	2	icon\etc\strut_gate_pulley.ddj	콘스탄티노플요새	성문도르레	로컬콘스탄티노플요새맵	0	1004	-1	-1	790	240	24	24	0	0	0	0	0	1	xxx
1	95048	2	icon\etc\strut_gate_pulley.ddj	콘스탄티노플요새	성문도르레	로컬콘스탄티노플요새맵	0	1004	-1	-1	780	305	24	24	0	0	0	0	0	1	xxx
1	95049	2	icon\etc\strut_gate_pulley.ddj	콘스탄티노플요새	성문도르레	로컬콘스탄티노플요새맵	0	1004	-1	-1	478	560	24	24	0	0	0	0	0	1	xxx
1	95050	2	icon\etc\strut_gate_pulley.ddj	콘스탄티노플요새	성문도르레	로컬콘스탄티노플요새맵	0	1004	-1	-1	530	550	24	24	0	0	0	0	0	1	xxx
1	95051	2	icon\etc\strut_fort_gate.ddj	콘스탄티노플요새	요새의문	로컬콘스탄티노플요새맵	0	1004	-1	-1	90	148	24	24	0	0	0	0	0	1	xxx
1	95052	2	icon\etc\strut_fort_gate.ddj	콘스탄티노플요새	요새의문	로컬콘스탄티노플요새맵	0	1004	-1	-1	109	347	24	24	0	0	0	0	0	1	xxx
1	95053	2	icon\etc\strut_fort_gate.ddj	콘스탄티노플요새	요새의문	로컬콘스탄티노플요새맵	0	1004	-1	-1	150	895	24	24	0	0	0	0	0	1	xxx
1	95054	2	icon\etc\strut_glory_gate.ddj	콘스탄티노플요새	영광의문	로컬콘스탄티노플요새맵	0	1004	-1	-1	113	641	24	24	0	0	0	0	0	1	xxx
1	90000	2	interface\worldmap\map\xy_npc.ddj	장안	대장장이 철현	로컬 장안맵	0	1	-1	-1	428	431	16	16	0	0	0	0	0	1	SN_NPC_CH_SMITH
1	90001	2	interface\worldmap\map\xy_npc.ddj	장안	방어구 상인 장부인	로컬 장안맵	0	1	-1	-1	427	472	16	16	0	0	0	0	0	1	SN_NPC_CH_ARMOR
1	90002	2	interface\worldmap\map\xy_npc.ddj	장안	한의사 양익지	로컬 장안맵	0	1	-1	-1	602	438	16	16	0	0	0	0	0	1	SN_NPC_CH_POTION
1	90003	2	interface\worldmap\map\xy_npc.ddj	장안	잡화점 점원 진진	로컬 장안맵	0	1	-1	-1	603	473	16	16	0	0	0	0	0	1	SN_NPC_CH_ACCESSORY
1	90004	2	interface\worldmap\map\xy_npc.ddj	장안	마구간지기 마천리	로컬 장안맵	0	1	-1	-1	426	557	16	16	0	0	0	0	0	1	SN_NPC_CH_HORSE
1	90005	2	interface\worldmap\map\xy_npc.ddj	장안	특산품 거래상 조대산	로컬 장안맵	0	1	-1	-1	616	571	16	16	0	0	0	0	0	1	SN_NPC_CH_SPECIAL
1	90010	2	interface\worldmap\map\xy_npc.ddj	장안	창고지기 왕우	로컬 장안맵	0	1	-1	-1	506	489	16	16	0	0	0	0	0	1	SN_NPC_CH_WAREHOUSE_M
1	90011	2	interface\worldmap\map\xy_npc.ddj	장안	창고지기 산산	로컬 장안맵	0	1	-1	-1	510	489	16	16	0	0	0	0	0	1	SN_NPC_CH_WAREHOUSE_W
1	90012	2	interface\worldmap\map\xy_npc.ddj	장안	표 판매원 교운	로컬 장안맵	0	1	-1	-1	660	491	16	16	0	0	0	0	0	1	SN_NPC_CH_TICKET
1	90013	2	interface\worldmap\map\xy_npc.ddj	장안	복권 판매원 왕대원	로컬 장안맵	0	1	-1	-1	678	493	16	16	0	0	0	0	0	1	SN_NPC_CH_LOTTERY
1	90015	2	interface\worldmap\map\xy_npc.ddj	장안	촌장 황노두	로컬 장안맵	0	1	-1	-1	756	437	16	16	0	0	0	0	0	1	SN_NPC_CH_CHEF
1	90016	2	interface\worldmap\map\xy_npc.ddj	장안	대장군 손현	로컬 장안맵	0	1	-1	-1	210	326	16	16	0	0	0	0	0	1	SN_NPC_CH_GENARAL
1	90017	2	interface\worldmap\map\xy_npc.ddj	장안	헌터조합원 곽위	로컬 장안맵	0	1	-1	-1	347	314	16	16	0	0	0	0	0	1	SN_NPC_CH_GENARAL_SW
1	90018	2	interface\worldmap\map\xy_npc.ddj	장안	길드관리인 이백룡	로컬 장안맵	0	1	-1	-1	261	305	16	16	0	0	0	0	0	1	SN_NPC_CH_GENARAL_SP
1	90019	2	interface\worldmap\map\xy_npc.ddj	장안	주호	로컬 장안맵	0	1	-1	-1	323	170	16	16	0	0	0	0	0	1	SN_NPC_CH_GENARAL_BO
1	90020	2	interface\worldmap\map\xy_npc.ddj	장안	자은사의 법사 정혜	로컬 장안맵	0	1	-1	-1	733	230	16	16	0	0	0	0	0	1	SN_NPC_CH_PRIEST
1	90024	2	interface\worldmap\map\xy_npc.ddj	장안	상인조합원 화중생	로컬 장안맵	0	1	-1	-1	617	591	16	16	0	0	0	0	0	1	SN_NPC_CH_DOCTOR
1	90025	2	interface\worldmap\map\xy_npc.ddj	장안	이슬람 상인 이샤크	로컬 장안맵	0	1	-1	-1	612	550	16	16	0	0	0	0	0	1	SN_NPC_CH_ISLAM
1	90026	2	interface\worldmap\map\xy_npc.ddj	장안	모험가 플로라	로컬 장안맵	0	1	-1	-1	594	597	16	16	0	0	0	0	0	1	SN_NPC_CH_EUROPE
1	90027	2	interface\worldmap\map\xy_npc.ddj	장안	인도 승려 쿠샨	로컬 장안맵	0	1	-1	-1	732	344	16	16	0	0	0	0	0	1	SN_NPC_CH_INDIA
1	90028	2	interface\worldmap\map\xy_npc.ddj	장안	병사 최평	로컬 장안맵	0	1	-1	-1	526	375	16	16	0	0	0	0	0	1	SN_NPC_CH_SOLDIER_EM1
1	90029	2	interface\worldmap\map\xy_npc.ddj	장안	병사 풍헌	로컬 장안맵	0	1	-1	-1	486	375	16	16	0	0	0	0	0	1	SN_NPC_CH_SOLDIER_EM2
1	90030	2	interface\worldmap\map\xy_npc.ddj	장안	병사 이양	로컬 장안맵	0	1	-1	-1	830	366	16	16	0	0	0	0	0	1	SN_NPC_CH_SOLDIER_EA1
1	90031	2	interface\worldmap\map\xy_npc.ddj	장안	병사 상관남	로컬 장안맵	0	1	-1	-1	828	404	16	16	0	0	0	0	0	1	SN_NPC_CH_SOLDIER_EA2
1	90032	2	interface\worldmap\map\xy_npc.ddj	장안	병사 호강	로컬 장안맵	0	1	-1	-1	152	367	16	16	0	0	0	0	0	1	SN_NPC_CH_SOLDIER_WE1
1	90033	2	interface\worldmap\map\xy_npc.ddj	장안	병사 조경초	로컬 장안맵	0	1	-1	-1	151	412	16	16	0	0	0	0	0	1	SN_NPC_CH_SOLDIER_WE2
1	90034	2	interface\worldmap\map\xy_npc.ddj	장안	병사 진견	로컬 장안맵	0	1	-1	-1	483	639	16	16	0	0	0	0	0	1	SN_NPC_CH_SOLDIER_SO1
1	90035	2	interface\worldmap\map\xy_npc.ddj	장안	병사 당요명	로컬 장안맵	0	1	-1	-1	521	638	16	16	0	0	0	0	0	1	SN_NPC_CH_SOLDIER_SO2
1	90036	2	interface\worldmap\map\xy_npc.ddj	장안	거지 소칠	로컬 장안맵	0	1	-1	-1	315	550	16	16	0	0	0	0	0	1	SN_NPC_CH_BEGGARBOY
1	90037	2	interface\worldmap\map\xy_npc.ddj	장안	도박장 기도 허호안	로컬 장안맵	0	1	-1	-1	706	529	16	16	0	0	0	0	0	1	SN_NPC_CH_BIGMAN
1	90038	2	interface\worldmap\map\xy_npc.ddj	장안	기녀 소옥	로컬 장안맵	0	1	-1	-1	250	551	16	16	0	0	0	0	0	1	SN_NPC_CH_KISAENG1
1	90039	2	interface\worldmap\map\xy_npc.ddj	장안	기녀 녹주	로컬 장안맵	0	1	-1	-1	319	466	16	16	0	0	0	0	0	1	SN_NPC_CH_KISAENG2
1	90040	2	interface\worldmap\map\xy_npc.ddj	장안	기녀 아진	로컬 장안맵	0	1	-1	-1	237	490	16	16	0	0	0	0	0	1	SN_NPC_CH_KISAENG3
1	90041	2	interface\worldmap\map\xy_npc.ddj	중국	기녀 향옥	로컬 장안맵	0	1	-1	-1	226	483	16	16	0	0	0	0	0	1	SN_NPC_CH_KISAENG4
1	90042	2	interface\worldmap\map\xy_npc.ddj	중국	기녀 주령	로컬 장안맵	0	1	-1	-1	327	486	16	16	0	0	0	0	0	1	SN_NPC_CH_KISAENG5
1	90043	2	interface\worldmap\map\xy_npc.ddj	장안	기녀 유미	로컬 장안맵	0	1	-1	-1	224	568	16	16	0	0	0	0	0	1	SN_NPC_CH_KISAENG6
1	90055	2	interface\worldmap\map\xy_npc.ddj	장안	월영	로컬 장안맵	0	1	-1	-1	755	480	16	16	0	0	0	0	0	1	SN_NPC_CH_MOONSHADOW
1	90057	2	interface\worldmap\map\xy_npc.ddj	장안	이벤트 소옥	로컬 장안맵	0	1	-1	-1	534	513	16	16	0	0	0	0	0	1	SN_NPC_CH_EVENT_KISAENG1
1	90058	2	interface\worldmap\map\xy_npc.ddj	장안	교환원 고리	로컬 장안맵	0	1	-1	-1	509	530	16	16	0	0	0	0	0	1	SN_NPC_CH_GACHA_OPERATOR
1	90059	2	interface\worldmap\map\xy_npc.ddj	장안	요술 팡	로컬 장안맵	0	1	-1	-1	603	456	16	16	0	0	0	0	0	1	SN_NPC_CH_GACHA_MACHINE
1	90060	2	interface\worldmap\map\xy_npc.ddj	장안	요새 사무관	로컬 장안맵	0	1	-1	-1	578	225	16	16	0	0	0	0	0	1	SN_NPC_CH_FORTRESS_OFFICIAL
1	90061	2	interface\worldmap\map\xy_npc.ddj	장안	밀무역 상인 챠오	로컬 장안맵	0	1	-1	-1	310	450	16	16	0	0	0	0	0	1	SN_NPC_CH_COMMERCE2
1	90062	2	interface\worldmap\map\xy_npc.ddj	장안	무역 상인 유선	로컬 장안맵	0	1	-1	-1	582	551	16	16	0	0	0	0	0	1	SN_NPC_CH_COMMERCE1
1	90063	2	interface\worldmap\map\xy_npc.ddj	장안	아레나 관리인	로컬 장안맵	0	1	-1	-1	485	515	16	16	0	0	0	0	0	1	SN_NPC_SD_ARENA_MANAGER
1	90067	2	interface\worldmap\map\xy_npc.ddj	장안	위탁판매	로컬 장안맵	0	1	-1	-1	616	580	16	16	0	0	0	0	0	1	SN_NPC_OPEN_MARKET_JUEL
1	90100	2	interface\worldmap\map\xy_npc.ddj	돈황	대장장이 아골	로컬 돈황맵	0	2	-1	-1	409	405	16	16	0	0	0	0	0	1	SN_NPC_WC_SMITH
1	90101	2	interface\worldmap\map\xy_npc.ddj	돈황	방어구 상인 열비아	로컬 돈황맵	0	2	-1	-1	403	448	16	16	0	0	0	0	0	1	SN_NPC_WC_ARMOR
1	90102	2	interface\worldmap\map\xy_npc.ddj	돈황	한의사 보리	로컬 돈황맵	0	2	-1	-1	345	421	16	16	0	0	0	0	0	1	SN_NPC_WC_POTION
1	90103	2	interface\worldmap\map\xy_npc.ddj	돈황	잡화점 점원 여선고려	로컬 돈황맵	0	2	-1	-1	341	463	16	16	0	0	0	0	0	1	SN_NPC_WC_ACCESSORY
1	90104	2	interface\worldmap\map\xy_npc.ddj	돈황	마구간지기 막고	로컬 돈황맵	0	2	-1	-1	444	337									SN_NPC_WC_HORSE
1	90108	2	interface\worldmap\map\xy_npc.ddj	돈황	창고지기 패도	로컬 돈황맵	0	2	-1	-1	414	464	16	16	0	0	0	0	0	1	SN_NPC_WC_WAREHOUSE_M
1	90109	2	interface\worldmap\map\xy_npc.ddj	돈황	창고지기 이리나	로컬 돈황맵	0	2	-1	-1	418	464	16	16	0	0	0	0	0	1	SN_NPC_WC_WAREHOUSE_W
1	90110	2	interface\worldmap\map\xy_npc.ddj	돈황	특산품점 노인 아사덕	로컬 돈황맵	0	2	-1	-1	294	354	16	16	0	0	0	0	0	1	SN_NPC_WC_SPECIAL
1	90112	2	interface\worldmap\map\xy_npc.ddj	돈황	법사 법현	로컬 돈황맵	0	2	-1	-1	372	72	16	16	0	0	0	0	0	1	SN_NPC_WC_PRIEST1
1	90113	2	interface\worldmap\map\xy_npc.ddj	돈황	현장 법사	로컬 돈황맵	0	2	-1	-1	436	144	16	16	0	0	0	0	0	1	SN_NPC_WC_PRIEST2
1	90114	2	interface\worldmap\map\xy_npc.ddj	돈황	헌터조합원 하라호	로컬 돈황맵	0	2	-1	-1	321	233	16	16	0	0	0	0	0	1	SN_NPC_WC_GENARAL_SW
1	90115	2	interface\worldmap\map\xy_npc.ddj	돈황	백악오	로컬 돈황맵	0	2	-1	-1	296	511	16	16	0	0	0	0	0	1	SN_NPC_WC_GENARAL_SP
1	90116	2	interface\worldmap\map\xy_npc.ddj	돈황	혼무사	로컬 돈황맵	0	2	-1	-1	311	512	16	16	0	0	0	0	0	1	SN_NPC_WC_GENARAL_BO
1	90117	2	interface\worldmap\map\xy_npc.ddj	돈황	상인조합원 합리극	로컬 돈황맵	0	2	-1	-1	308	354	16	16	0	0	0	0	0	1	SN_NPC_WC_DOCTOR
1	90118	2	interface\worldmap\map\xy_npc.ddj	돈황	병사 모호	로컬 돈황맵	0	2	-1	-1	483	298	16	16	0	0	0	0	0	1	SN_NPC_WC_SOLDIER_EA1
1	90119	2	interface\worldmap\map\xy_npc.ddj	돈황	병사 합돈	로컬 돈황맵	0	2	-1	-1	483	327	16	16	0	0	0	0	0	1	SN_NPC_WC_SOLDIER_EA2
1	90120	2	interface\worldmap\map\xy_npc.ddj	돈황	병사 척만	로컬 돈황맵	0	2	-1	-1	271	293	16	16	0	0	0	0	0	1	SN_NPC_WC_SOLDIER_WE1
1	90121	2	interface\worldmap\map\xy_npc.ddj	돈황	병사 도각	로컬 돈황맵	0	2	-1	-1	271	324	16	16	0	0	0	0	0	1	SN_NPC_WC_SOLDIER_WE2
1	90122	2	interface\worldmap\map\xy_npc.ddj	돈황	병사 백리혁	로컬 돈황맵	0	2	-1	-1	374	522	16	16	0	0	0	0	0	1	SN_NPC_WC_SOLDIER_SO
1	90123	2	interface\worldmap\map\xy_npc.ddj	돈황	법사 법공	로컬 돈황맵	0	2	-1	-1	336	111	16	16	0	0	0	0	0	1	SN_NPC_WC_PRIEST3
1	90126	2	interface\worldmap\map\xy_npc.ddj	돈황	길드관리인 류강	로컬 돈황맵	0	2	-1	-1	425	504	16	16	0	0	0	0	0	1	SN_NPC_WC_GUILD
1	90127	2	interface\worldmap\map\xy_npc.ddj	돈황	이벤트 소옥	로컬 돈황맵	0	2	-1	-1	375	358	16	16	0	0	0	0	0	1	SN_NPC_CH_EVENT_KISAENG1
1	90128	2	interface\worldmap\map\xy_npc.ddj	돈황	교환원 고리	로컬 돈황맵	0	2	-1	-1	402	383	16	16	0	0	0	0	0	1	SN_NPC_CH_GACHA_OPERATOR
1	90129	2	interface\worldmap\map\xy_npc.ddj	돈황	요술 팡	로컬 돈황맵	0	2	-1	-1	324	355	16	16	0	0	0	0	0	1	SN_NPC_CH_GACHA_MACHINE
1	90130	2	interface\worldmap\map\xy_npc.ddj	돈황	밀무역 상인 충호	로컬 돈황맵	0	2	-1	-1	453	451	16	16	0	0	0	0	0	1	SN_NPC_WC_COMMERCE2
1	90131	2	interface\worldmap\map\xy_npc.ddj	돈황	무역 상인 선화	로컬 돈황맵	0	2	-1	-1	325	524	16	16	0	0	0	0	0	1	SN_NPC_WC_COMMERCE1
1	90132	2	interface\worldmap\map\xy_npc.ddj	돈황	아레나 관리인	로컬 돈황맵	0	2	-1	-1	376	338	16	16	0	0	0	0	0	1	SN_NPC_SD_ARENA_MANAGER
1	90200	2	interface\worldmap\map\xy_npc.ddj	호탄	대장장이 소보이	로컬 호탄맵	0	3	-1	-1	235	721	16	16	0	0	0	0	0	1	SN_NPC_KT_SMITH
1	90201	2	interface\worldmap\map\xy_npc.ddj	호탄	방어구 상인 고니샤	로컬 호탄맵	0	3	-1	-1	236	780	16	16	0	0	0	0	0	1	SN_NPC_KT_ARMOR
1	90202	2	interface\worldmap\map\xy_npc.ddj	호탄	물약상인 만이나	로컬 호탄맵	0	3	-1	-1	270	671	16	16	0	0	0	0	0	1	SN_NPC_KT_POTION
1	90203	2	interface\worldmap\map\xy_npc.ddj	호탄	보석 세공사 마목제	로컬 호탄맵	0	3	-1	-1	264	818	16	16	0	0	0	0	0	1	SN_NPC_KT_ACCESSORY
1	90204	2	interface\worldmap\map\xy_npc.ddj	호탄	마구간지기 살리합	로컬 호탄맵	0	3	-1	-1	368	822	16	16	0	0	0	0	0	1	SN_NPC_KT_HORSE
1	90205	2	interface\worldmap\map\xy_npc.ddj	호탄	특산품 거래상 사지극	로컬 호탄맵	0	3	-1	-1	349	696	16	16	0	0	0	0	0	1	SN_NPC_KT_SPECIAL
1	90207	2	interface\worldmap\map\xy_npc.ddj	호탄	상인조합원 아사만	로컬 호탄맵	0	3	-1	-1	359	707	16	16	0	0	0	0	0	1	SN_NPC_KT_DESIGNER
1	90208	2	interface\worldmap\map\xy_npc.ddj	오아시스 왕국	배 매표원 아력곤	월드맵	0	3	-1	-1	506	895	16	16	0	0	0	0	0	1	SN_NPC_KT_FERRY
1	90212	2	interface\worldmap\map\xy_npc.ddj	호탄	창고지기 아의산	로컬 호탄맵	0	3	-1	-1	305	719	16	16	0	0	0	0	0	1	SN_NPC_KT_WAREHOUSE
1	90213	2	interface\worldmap\map\xy_npc.ddj	호탄	연옥 제련소장 파잡	로컬 호탄맵	0	3	-1	-1	435	269	16	16	0	0	0	0	0	1	SN_NPC_KT_MANAGER
1	90214	2	interface\worldmap\map\xy_npc.ddj	호탄	헌터조합원 아력목	로컬 호탄맵	0	3	-1	-1	423	623	16	16	0	0	0	0	0	1	SN_NPC_KT_MINISTER
1	90215	2	interface\worldmap\map\xy_npc.ddj	호탄	병사 파오이강	로컬 호탄맵	0	3	-1	-1	315	376	16	16	0	0	0	0	0	1	SN_NPC_KT_SOLDIER_EM1
1	90216	2	interface\worldmap\map\xy_npc.ddj	호탄	병사 탁호제 	로컬 호탄맵	0	3	-1	-1	293	376	16	16	0	0	0	0	0	1	SN_NPC_KT_SOLDIER_EM2
1	90217	2	interface\worldmap\map\xy_npc.ddj	호탄	병사 보력격	로컬 호탄맵	0	3	-1	-1	554	739	16	16	0	0	0	0	0	1	SN_NPC_KT_SOLDIER_EA1
1	90218	2	interface\worldmap\map\xy_npc.ddj	호탄	병사 막한	로컬 호탄맵	0	3	-1	-1	554	764	16	16	0	0	0	0	0	1	SN_NPC_KT_SOLDIER_EA2
1	90219	2	interface\worldmap\map\xy_npc.ddj	호탄	병사 도륜일	로컬 호탄맵	0	3	-1	-1	295	993	16	16	0	0	0	0	0	1	SN_NPC_KT_SOLDIER_SO1
1	90220	2	interface\worldmap\map\xy_npc.ddj	호탄	병사 뇌극목	로컬 호탄맵	0	3	-1	-1	317	993	16	16	0	0	0	0	0	1	SN_NPC_KT_SOLDIER_SO2
1	90221	2	interface\worldmap\map\xy_npc.ddj	호탄	병사 오륜	로컬 호탄맵	0	3	-1	-1	69	741	16	16	0	0	0	0	0	1	SN_NPC_KT_SOLDIER_WE1
1	90222	2	interface\worldmap\map\xy_npc.ddj	호탄	병사 파일제	로컬 호탄맵	0	3	-1	-1	69	764	16	16	0	0	0	0	0	1	SN_NPC_KT_SOLDIER_WE2
1	90227	2	interface\worldmap\map\xy_npc.ddj	호탄	길드관리인 무사이	로컬 호탄맵	0	3	-1	-1	305	281	16	16	0	0	0	0	0	1	SN_NPC_KT_GUILD
1	90232	2	interface\worldmap\map\xy_npc.ddj	호탄	이벤트 소옥	로컬 호탄맵	0	3	-1	-1	305	765	16	16	0	0	0	0	0	1	SN_NPC_CH_EVENT_KISAENG1
1	90233	2	interface\worldmap\map\xy_npc.ddj	호탄	교환원 고리	로컬 호탄맵	0	3	-1	-1	280	740	16	16	0	0	0	0	0	1	SN_NPC_CH_GACHA_OPERATOR
1	90234	2	interface\worldmap\map\xy_npc.ddj	호탄	요술 팡	로컬 호탄맵	0	3	-1	-1	366	721	16	16	0	0	0	0	0	1	SN_NPC_CH_GACHA_MACHINE
1	90235	2	interface\worldmap\map\xy_npc.ddj	호탄	요새 사무관	로컬 호탄맵	0	3	-1	-1	181	243	16	16	0	0	0	0	0	1	SN_NPC_KT_FORTRESS_OFFICIAL
1	90236	2	interface\worldmap\map\xy_npc.ddj	호탄	밀무역 상인 이슈타드	로컬 호탄맵	0	3	-1	-1	278	919	16	16	0	0	0	0	0	1	SN_NPC_KT_COMMERCE2
1	90237	2	interface\worldmap\map\xy_npc.ddj	호탄	무역상인 샤본느	로컬 호탄맵	0	3	-1	-1	352	802	16	16	0	0	0	0	0	1	SN_NPC_KT_COMMERCE1
1	90238	2	interface\worldmap\map\xy_npc.ddj	호탄	위탁판매	로컬 호탄맵	0	3	-1	-1	341	683	16	16	0	0	0	0	0	1	SN_NPC_OPEN_MARKET_JUEL
1	90239	2	interface\worldmap\map\xy_npc.ddj	호탄	아레나 관리인	로컬 호탄맵	0	3	-1	-1	333	755	16	16	0	0	0	0	0	1	SN_NPC_SD_ARENA_MANAGER
1	90240	2	interface\worldmap\map\xy_npc.ddj	호탄	아레나 교환원	로컬 호탄맵	0	3	-1	-1	333	736	16	16	0	0	0	0	0	1	SN_NPC_SD_ARENA_CHANGER
1	90600	2	interface\worldmap\map\xy_npc.ddj	콘스탄티노플	무기 상인 발바르도	로컬 콘스탄티노플	0	5	-1	-1	430	407	16	16	0	0	0	0	0	1	SN_NPC_EU_SMITH
1	90601	2	interface\worldmap\map\xy_npc.ddj	콘스탄티노플	방어구 상인 자토모	로컬 콘스탄티노플	0	5	-1	-1	325	483	16	16	0	0	0	0	0	1	SN_NPC_EU_ARMOR
1	90602	2	interface\worldmap\map\xy_npc.ddj	콘스탄티노플	수녀 레탈디	로컬 콘스탄티노플	0	5	-1	-1	481	441	16	16	0	0	0	0	0	1	SN_NPC_EU_POTION
1	90603	2	interface\worldmap\map\xy_npc.ddj	콘스탄티노플	잡화점 상인 바젤	로컬 콘스탄티노플	0	5	-1	-1	417	563	16	16	0	0	0	0	0	1	SN_NPC_EU_ACCESSORY
1	90604	2	interface\worldmap\map\xy_npc.ddj	콘스탄티노플	마구간지기 트레노	로컬 콘스탄티노플	0	5	-1	-1	323	548	16	16	0	0	0	0	0	1	SN_NPC_EU_HORSE
1	90605	2	interface\worldmap\map\xy_npc.ddj	콘스탄티노플	특산품 거래상 티나	로컬 콘스탄티노플	0	5	-1	-1	377	556	16	16	0	0	0	0	0	1	SN_NPC_EU_SPECIAL
1	90606	2	interface\worldmap\map\xy_npc.ddj	콘스탄티노플	상인 조합 타나	로컬 콘스탄티노플	0	5	-1	-1	364	560	16	16	0	0	0	0	0	1	SN_NPC_EU_MERCHANT
1	90607	2	interface\worldmap\map\xy_npc.ddj	콘스탄티노플	항구 관리인 게오리온	로컬 콘스탄티노플	0	5	-1	-1	669	556	16	16	0	0	0	0	0	1	SN_NPC_EU_FERRY
1	90608	2	interface\worldmap\map\xy_npc.ddj	콘스탄티노플	여관 주인 시클로	로컬 콘스탄티노플	0	5	-1	-1	481	490	16	16	0	0	0	0	0	1	SN_NPC_EU_WAREHOUSE
1	90609	2	interface\worldmap\map\xy_npc.ddj	콘스탄티노플	헌터 조합 아드리아	로컬 콘스탄티노플	0	5	-1	-1	274	381	16	16	0	0	0	0	0	1	SN_NPC_EU_HUNTER
1	90612	2	interface\worldmap\map\xy_npc.ddj	콘스탄티노플	성직자 가브리엘	로컬 콘스탄티노플	0	5	-1	-1	690	299	16	16	0	0	0	0	0	1	SN_NPC_EU_PRIEST
1	90613	2	interface\worldmap\map\xy_npc.ddj	콘스탄티노플	모험가 데메트리	로컬 콘스탄티노플	0	5	-1	-1	481	521	16	16	0	0	0	0	0	1	SN_NPC_EU_ADVENTURER
1	90614	2	interface\worldmap\map\xy_npc.ddj	콘스탄티노플	집사 유피텔	로컬 콘스탄티노플	0	5	-1	-1	240	454	16	16	0	0	0	0	0	1	SN_NPC_EU_MANAGER
1	90616	2	interface\worldmap\map\xy_npc.ddj	콘스탄티노플	집정관 리알토	로컬 콘스탄티노플	0	5	-1	-1	251	313	16	16	0	0	0	0	0	1	SN_NPC_EU_CONSUL
1	90617	2	interface\worldmap\map\xy_npc.ddj	콘스탄티노플	조합장 카프로스	로컬 콘스탄티노플	0	5	-1	-1	273	659	16	16	0	0	0	0	0	1	SN_NPC_EU_UNION1
1	90618	2	interface\worldmap\map\xy_npc.ddj	콘스탄티노플	조합장 우베티노	로컬 콘스탄티노플	0	5	-1	-1	222	710	16	16	0	0	0	0	0	1	SN_NPC_EU_UNION2
1	90619	2	interface\worldmap\map\xy_npc.ddj	콘스탄티노플	장군 발테그루	로컬 콘스탄티노플	0	5	-1	-1	286	606	16	16	0	0	0	0	0	1	SN_NPC_EU_GENERAL
1	90620	2	interface\worldmap\map\xy_npc.ddj	콘스탄티노플	병사 베사로스	로컬 콘스탄티노플	0	5	-1	-1	341	423	16	16	0	0	0	0	0	1	SN_NPC_EU_SOLDIER_CA1
1	90621	2	interface\worldmap\map\xy_npc.ddj	콘스탄티노플	병사 카시우스	로컬 콘스탄티노플	0	5	-1	-1	370	403	16	16	0	0	0	0	0	1	SN_NPC_EU_SOLDIER_CA2
1	90622	2	interface\worldmap\map\xy_npc.ddj	콘스탄티노플	병사 코토모	로컬 콘스탄티노플	0	5	-1	-1	481	175	16	16	0	0	0	0	0	1	SN_NPC_EU_SOLDIER_NO1
1	90623	2	interface\worldmap\map\xy_npc.ddj	콘스탄티노플	병사 리에도	로컬 콘스탄티노플	0	5	-1	-1	454	174	16	16	0	0	0	0	0	1	SN_NPC_EU_SOLDIER_NO2
1	90624	2	interface\worldmap\map\xy_npc.ddj	콘스탄티노플	병사 타키아	로컬 콘스탄티노플	0	5	-1	-1	125	422	16	16	0	0	0	0	0	1	SN_NPC_EU_SOLDIER_EA1
1	90625	2	interface\worldmap\map\xy_npc.ddj	콘스탄티노플	병사 알렉스	로컬 콘스탄티노플	0	5	-1	-1	125	459	16	16	0	0	0	0	0	1	SN_NPC_EU_SOLDIER_EA2
1	90626	2	interface\worldmap\map\xy_npc.ddj	콘스탄티노플	병사 마시무스	로컬 콘스탄티노플	0	5	-1	-1	605	582	16	16	0	0	0	0	0	1	SN_NPC_EU_SOLDIER_PO1
1	90627	2	interface\worldmap\map\xy_npc.ddj	콘스탄티노플	병사 카르티노	로컬 콘스탄티노플	0	5	-1	-1	587	599	16	16	0	0	0	0	0	1	SN_NPC_EU_SOLDIER_PO2
1	90628	2	interface\worldmap\map\xy_npc.ddj	콘스탄티노플	병사 주스티아	로컬 콘스탄티노플	0	5	-1	-1	265	742	16	16	0	0	0	0	0	1	SN_NPC_EU_SOLDIER_CC1
1	90630	2	interface\worldmap\map\xy_npc.ddj	콘스탄티노플	길드 관리인 길트	로컬 콘스탄티노플	0	5	-1	-1	527	724	16	16	0	0	0	0	0	1	SN_NPC_EU_GUILD
1	90631	2	interface\worldmap\map\xy_npc.ddj	콘스탄티노플	안내인 리프리아	로컬 콘스탄티노플	0	5	-1	-1	481	190	16	16	0	0	0	0	0	1	SN_NPC_EU_ADVICE
1	90632	2	interface\worldmap\map\xy_npc.ddj	콘스탄티노플	안내인 라피	로컬 콘스탄티노플	0	5	-1	-1	150	452	16	16	0	0	0	0	0	1	SN_NPC_EU_ADVICE2
1	90633	2	interface\worldmap\map\xy_npc.ddj	콘스탄티노플	안내인 리세	로컬 콘스탄티노플	0	5	-1	-1	390	473	16	16	0	0	0	0	0	1	SN_NPC_EU_ADVICE3
1	90635	2	interface\worldmap\map\xy_npc.ddj	콘스탄티노플	이벤트 소옥	로컬 콘스탄티노플	0	5	-1	-1	419	462	16	16	0	0	0	0	0	1	SN_NPC_CH_EVENT_KISAENG1
1	90636	2	interface\worldmap\map\xy_npc.ddj	콘스탄티노플	교환원 고리	로컬 콘스탄티노플	0	5	-1	-1	443	482	16	16	0	0	0	0	0	1	SN_NPC_CH_GACHA_OPERATOR
1	90637	2	interface\worldmap\map\xy_npc.ddj	콘스탄티노플	요술 팡	로컬 콘스탄티노플	0	5	-1	-1	391	558	16	16	0	0	0	0	0	1	SN_NPC_CH_GACHA_MACHINE
1	90638	2	interface\worldmap\map\xy_npc.ddj	콘스탄티노플	요새 관리인	로컬 콘스탄티노플	0	5	-1	-1	339	296	16	16	0	0	0	0	0	1	SN_NPC_EU_FORTRESS_OFFICIAL
1	90639	2	interface\worldmap\map\xy_npc.ddj	콘스탄티노플	밀무역 상인 라울	로컬 콘스탄티노플	0	5	-1	-1	152	529	16	16	0	0	0	0	0	1	SN_NPC_EU_COMMERCE2
1	90640	2	interface\worldmap\map\xy_npc.ddj	콘스탄티노플	무역 상인 애냐	로컬 콘스탄티노플	0	5	-1	-1	302	454	16	16	0	0	0	0	0	1	SN_NPC_EU_COMMERCE1
1	90641	2	interface\worldmap\map\xy_npc.ddj	콘스탄티노플	위탁판매	로컬 콘스탄티노플	0	5	-1	-1	348	556	16	16	0	0	0	0	0	1	SN_NPC_OPEN_MARKET_JUEL
1	90642	2	interface\worldmap\map\xy_npc.ddj	콘스탄티노플	아레나 관리인	로컬 콘스탄티노플	0	5	-1	-1	386	492	16	16	0	0	0	0	0	1	SN_NPC_SD_ARENA_MANAGER
1	90800	2	interface\worldmap\map\xy_npc.ddj	사마르칸트	무기 상인 트리시아	월드맵	0	4	-1	-1	294	183	16	16	0	0	0	0	0	1	SN_NPC_CA_SMITH
1	90801	2	interface\worldmap\map\xy_npc.ddj	사마르칸트	방어구 상인 아려안	월드맵	0	4	-1	-1	244	218	16	16	0	0	0	0	0	1	SN_NPC_CA_ARMOR
1	90802	2	interface\worldmap\map\xy_npc.ddj	사마르칸트	수녀 마르텔	월드맵	0	4	-1	-1	239	260	16	16	0	0	0	0	0	1	SN_NPC_CA_POTION
1	90803	2	interface\worldmap\map\xy_npc.ddj	사마르칸트	잡화점 상인 사하	월드맵	0	4	-1	-1	279	302	16	16	0	0	0	0	0	1	SN_NPC_CA_ACCESSORY
1	90804	2	interface\worldmap\map\xy_npc.ddj	사마르칸트	마구간지기 호연	월드맵	0	4	-1	-1	385	224	16	16	0	0	0	0	0	1	SN_NPC_CA_HORSE
1	90805	2	interface\worldmap\map\xy_npc.ddj	사마르칸트	특산품 거래상 토손	월드맵	0	4	-1	-1	402	268	16	16	0	0	0	0	0	1	SN_NPC_CA_SPECIAL
1	90806	2	interface\worldmap\map\xy_npc.ddj	사마르칸트	상인 조합 카르엔	월드맵	0	4	-1	-1	376	268	16	16	0	0	0	0	0	1	SN_NPC_CA_MERCHANT
1	90807	2	interface\worldmap\map\xy_npc.ddj	사마르칸트	창고 관리인 새사	월드맵	0	4	-1	-1	376	351	16	16	0	0	0	0	0	1	SN_NPC_CA_WAREHOUSE
1	90808	2	interface\worldmap\map\xy_npc.ddj	사마르칸트	헌터 조합원 샤하드	월드맵	0	4	-1	-1	355	116	16	16	0	0	0	0	0	1	SN_NPC_CA_HUNTER
1	90809	2	interface\worldmap\map\xy_npc.ddj	사마르칸트	병사 주합	로컬 사마르칸트	0	4	-1	-1	522	237	16	16	0	0	0	0	0	1	SN_NPC_CA_SOLDIER_EA1
1	90810	2	interface\worldmap\map\xy_npc.ddj	사마르칸트	병사 파제	로컬 사마르칸트	0	4	-1	-1	522	265	16	16	0	0	0	0	0	1	SN_NPC_CA_SOLDIER_EA2
1	90811	2	interface\worldmap\map\xy_npc.ddj	사마르칸트	병사 도소화	로컬 사마르칸트	0	4	-1	-1	302	454	16	16	0	0	0	0	0	1	SN_NPC_CA_SOLDIER_SO1
1	90812	2	interface\worldmap\map\xy_npc.ddj	사마르칸트	병사 타파이	로컬 사마르칸트	0	4	-1	-1	327	454	16	16	0	0	0	0	0	1	SN_NPC_CA_SOLDIER_SO2
1	90813	2	interface\worldmap\map\xy_npc.ddj	사마르칸트	병사 아혹	로컬 사마르칸트	0	4	-1	-1	107	235	16	16	0	0	0	0	0	1	SN_NPC_CA_SOLDIER_WE1
1	90814	2	interface\worldmap\map\xy_npc.ddj	사마르칸트	병사 아사합	로컬 사마르칸트	0	4	-1	-1	107	264	16	16	0	0	0	0	0	1	SN_NPC_CA_SOLDIER_WE2
1	90819	2	interface\worldmap\map\xy_npc.ddj	사마르칸트	길드관리인 합사	월드맵	0	4	-1	-1	332	143	16	16	0	0	0	0	0	1	SN_NPC_CA_GUILD
1	90820	2	interface\worldmap\map\xy_npc.ddj	사마르칸트	이벤트 소옥	로컬 사마르칸트	0	4	-1	-1	332	278	16	16	0	0	0	0	0	1	SN_NPC_CH_EVENT_KISAENG1
1	90821	2	interface\worldmap\map\xy_npc.ddj	사마르칸트	교환원 고리	로컬 사마르칸트	0	4	-1	-1	376	323	16	16	0	0	0	0	0	1	SN_NPC_CH_GACHA_OPERATOR
1	90822	2	interface\worldmap\map\xy_npc.ddj	사마르칸트	요술 팡	로컬 사마르칸트	0	4	-1	-1	427	267	16	16	0	0	0	0	0	1	SN_NPC_CH_GACHA_MACHINE
1	90823	2	interface\worldmap\map\xy_npc.ddj	사마르칸트	요새 사무관	로컬 사마르칸트	0	4	-1	-1			16	16	0	0	0	0	0	1	SN_NPC_CA_SOLDIER_WE1
1	90824	2	interface\worldmap\map\xy_npc.ddj	사마르칸트	밀무역 상인 바루스	로컬 사마르칸트	0	4	-1	-1	251	426	16	16	0	0	0	0	0	1	SN_NPC_CA_COMMERCE2
1	90825	2	interface\worldmap\map\xy_npc.ddj	사마르칸트	무역 상인 사만다	로컬 사마르칸트	0	4	-1	-1	251	283	16	16	0	0	0	0	0	1	SN_NPC_CA_COMMERCE1
1	90826	2	interface\worldmap\map\xy_npc.ddj	사마르칸트	아레나 관리인	로컬 사마르칸트	0	4	-1	-1	341	257	16	16	0	0	0	0	0	1	SN_NPC_SD_ARENA_MANAGER
1	91500	2	interface\worldmap\map\xy_npc.ddj	알렉산드리아	무기 상인 헤마카	로컬 알렉산드리아	0	12	-1	-1	258	787	16	16	0	0	0	0	0	1	SN_NPC_SD_M_AREA_SMITH
1	91501	2	interface\worldmap\map\xy_npc.ddj	알렉산드리아	물약 상인 티티	로컬 알렉산드리아	0	12	-1	-1	347	850	16	16	0	0	0	0	0	1	SN_NPC_SD_M_AREA_POTION
1	91502	2	interface\worldmap\map\xy_npc.ddj	알렉산드리아	잡화 상인 메리트	로컬 알렉산드리아	0	12	-1	-1	380	789	16	16	0	0	0	0	0	1	SN_NPC_SD_M_AREA_ACCESSORY
1	91503	2	interface\worldmap\map\xy_npc.ddj	알렉산드리아	특산품 상인 와스디	로컬 알렉산드리아	0	12	-1	-1	371	575	16	16	0	0	0	0	0	1	SN_NPC_SD_M_AREA_SPECIAL
1	91504	2	interface\worldmap\map\xy_npc.ddj	알렉산드리아	창고지기 카메레르네	로컬 알렉산드리아	0	12	-1	-1	456	809	16	16	0	0	0	0	0	1	SN_NPC_SD_M_AREA_WAREHOUSE
1	91505	2	interface\worldmap\map\xy_npc.ddj	알렉산드리아	길드 관리인 세네페르	로컬 알렉산드리아	0	12	-1	-1	334	610	16	16	0	0	0	0	0	1	SN_NPC_SD_M_AREA_GUILD
1	91506	2	interface\worldmap\map\xy_npc.ddj	알렉산드리아	등대지기 스네푸르	로컬 알렉산드리아	0	12	-1	-1	308	247	16	16	0	0	0	0	0	1	SN_NPC_SD_M_AREA_LIGHTHOUSE
1	91507	2	interface\worldmap\map\xy_npc.ddj	알렉산드리아	마구간지기 네프레트	로컬 알렉산드리아	0	12	-1	-1	494	753	16	16	0	0	0	0	0	1	SN_NPC_SD_M_AREA_HORSE
1	91508	2	interface\worldmap\map\xy_npc.ddj	알렉산드리아	항구 관리인 마르와	로컬 알렉산드리아	0	12	-1	-1	409	294	16	16	0	0	0	0	0	1	SN_NPC_SD_M_AREA_FERRY
1	91509	2	interface\worldmap\map\xy_npc.ddj	알렉산드리아	상인 조합장 나우나크트	로컬 알렉산드리아	0	12	-1	-1	346	568	16	16	0	0	0	0	0	1	SN_NPC_SD_M_AREA_MERCHANT
1	91510	2	interface\worldmap\map\xy_npc.ddj	알렉산드리아	헌터 조합장 나르메르	로컬 알렉산드리아	0	12	-1	-1	345	649	16	16	0	0	0	0	0	1	SN_NPC_SD_M_AREA_HUNTER
1	91511	2	interface\worldmap\map\xy_npc.ddj	알렉산드리아	사서 아하	로컬 알렉산드리아	0	12	-1	-1	493	641	16	16	0	0	0	0	0	1	SN_NPC_SD_M_AREA_AHHA
1	91512	2	interface\worldmap\map\xy_npc.ddj	알렉산드리아	궁전 경비병 무샤리	로컬 알렉산드리아	0	12	-1	-1	247	709	16	16	0	0	0	0	0	1	SN_NPC_SD_M_AREA_EYPTSOLIDER_1
1	91513	2	interface\worldmap\map\xy_npc.ddj	알렉산드리아	이집트 병사 투리안	로컬 알렉산드리아	0	12	-1	-1	467	940	16	16	0	0	0	0	0	1	SN_NPC_SD_M_AREA_EYPTSOLIDER_3
1	91514	2	interface\worldmap\map\xy_npc.ddj	알렉산드리아	이집트 병사 카모리	로컬 알렉산드리아	0	12	-1	-1	814	501	16	16	0	0	0	0	0	1	SN_NPC_SD_M_AREA_EYPTSOLIDER_4
1	91519	2	interface\worldmap\map\xy_npc.ddj	알렉산드리아	이집트 속주 총독 센무트	로컬 알렉산드리아	0	12	-1	-1	243	694	16	16	0	0	0	0	0	1	SN_NPC_SD_M_AREA_SENMUTE
1	91521	2	interface\worldmap\map\xy_npc.ddj	알렉산드리아	의사 레네누테트	로컬 알렉산드리아	0	12	-1	-1	269	869	16	16	0	0	0	0	0	1	SN_NPC_SD_M_AREA_LENENUNE
1	91522	2	interface\worldmap\map\xy_npc.ddj	알렉산드리아	재무관 마네토	로컬 알렉산드리아	0	12	-1	-1	481	635	16	16	0	0	0	0	0	1	SN_NPC_SD_M_AREA_MANETO
1	91523	2	interface\worldmap\map\xy_npc.ddj	신전	베레니케	신전 NPC	0	12	-1	-1	1158	392	2	0	0	0	0	0	0	1	SN_NPC_SD_M_AREA_BERENICE
1	91524	2	interface\worldmap\map\xy_npc.ddj	알렉산드리아	도적 조합장 타우세르트	로컬 알렉산드리아	0	12	-1	-1	750	583	16	16	0	0	0	0	0	1	SN_NPC_SD_T_AREA_THIEF
1	91525	2	interface\worldmap\map\xy_npc.ddj	알렉산드리아	길드 관리인 엘리아	로컬 알렉산드리아	0	12	-1	-1	739	614	16	16	0	0	0	0	0	1	SN_NPC_SD_T_AREA_GUILD2
1	91526	2	interface\worldmap\map\xy_npc.ddj	알렉산드리아	길드 관리인 엘리아	로컬 알렉산드리아	0	12	-1	-1	760	559	16	16	0	0	0	0	0	1	SN_NPC_SD_T_AREA_WAREHOUSE2
1	91527	2	interface\worldmap\map\xy_npc.ddj	알렉산드리아	무기 상인 천무	로컬 알렉산드리아	0	12	-1	-1	624	589	16	16	0	0	0	0	0	1	SN_NPC_SD_T_AREA_SMITH
1	91528	2	interface\worldmap\map\xy_npc.ddj	알렉산드리아	물약 상인 씨아라	로컬 알렉산드리아	0	12	-1	-1	643	551	16	16	0	0	0	0	0	1	SN_NPC_SD_T_AREA_POTION
1	91529	2	interface\worldmap\map\xy_npc.ddj	알렉산드리아	잡화 상인 카프라	로컬 알렉산드리아	0	12	-1	-1	671	535	16	16	0	0	0	0	0	1	SN_NPC_SD_T_AREA_ACCESSORY
1	91532	2	interface\worldmap\map\xy_npc.ddj	알렉산드리아	상인/헌터조합 아이템 교환원 바카라	로컬 알렉산드리아	0	12	-1	-1	371	600	16	16	0	0	0	0	0	1	SN_NPC_SD_MERCHANT_CHANGER
1	91533	2	interface\worldmap\map\xy_npc.ddj	알렉산드리아	도적조합 아이템 교환원 루레시아	로컬 알렉산드리아	0	12	-1	-1	708	628	16	16	0	0	0	0	0	1	SN_NPC_SD_THIEF_AGENT_CHANGER
1	91538	2	interface\worldmap\map\xy_npc.ddj	알렉산드리아	궁전 경비병 세실름	로컬 알렉산드리아	0	12	-1	-1	255	700	16	16	0	0	0	0	0	1	SN_NPC_SD_M_AREA_EYPTSOLIDER_2
1	91539	2	interface\worldmap\map\xy_npc.ddj	알렉산드리아	이집트 병사 압타르	로컬 알렉산드리아	0	12	-1	-1	825	518	16	16	0	0	0	0	0	1	SN_NPC_SD_M_AREA_EYPTSOLIDER_5
1	91540	2	interface\worldmap\map\xy_npc.ddj	알렉산드리아	이집트 병사 모베프	로컬 알렉산드리아	0	12	-1	-1	482	924	16	16	0	0	0	0	0	1	SN_NPC_SD_M_AREA_EYPTSOLIDER_6
1	91542	2	interface\worldmap\map\xy_npc.ddj	알렉산드리아	이벤트 소옥	로컬 알렉산드리아	0	12	-1	-1	320	770	16	16	0	0	0	0	0	1	SN_NPC_CH_EVENT_KISAENG1
1	91543	2	interface\worldmap\map\xy_npc.ddj	알렉산드리아	교환원 고리	로컬 알렉산드리아	0	12	-1	-1	348	773	16	16	0	0	0	0	0	1	SN_NPC_CH_GACHA_OPERATOR
1	91544	2	interface\worldmap\map\xy_npc.ddj	알렉산드리아	요술 팡	로컬 알렉산드리아		12													SN_NPC_CH_GACHA_MACHINE
1	91545	2	interface\worldmap\map\xy_npc.ddj	알렉산드리아	아레나 관리인	로컬 알렉산드리아	0	12	-1	-1	349	804	16	16	0	0	0	0	0	1	SN_NPC_SD_ARENA_MANAGER
1	96001	2	interface\worldmap\dungeon\map_world_iconwf.ddj	중국	돈황석굴	돈황석굴 출구	0	2001	-1	-1	394	360	24	24	0	0	0	0	0	1	STORE_DH_GATE_OUT
1	96002	2	interface\worldmap\dungeon\map_world_iconwf.ddj	중국	진시황릉	진시황릉 출구	0	2005	-1	-1	376	860	24	24	0	0	0	0	0	1	STORE_QT_GATE_OUT
1	96003	2	interface\worldmap\dungeon\map_world_iconwf.ddj	중국	진시황릉	황제알현실[1F] -> 군진1실[2F]	0	2005	-1	-1	376	206	24	24	0	0	0	0	0	1	STORE_QT_GATE_1STEP
1	96004	2	interface\worldmap\dungeon\map_world_iconwf.ddj	중국	진시황릉	군진1실[2F] -> 황제알현실[1F]	0	2006	-1	-1	225	124	24	24	0	0	0	0	0	1	STORE_QT_GATE_2-1STEP
1	96005	2	interface\worldmap\dungeon\map_world_iconwf.ddj	중국	진시황릉	군진 16실[2F] -> 3층 중앙굴[3F]	0	2006	-1	-1	1361	506	24	24	0	0	0	0	0	1	STORE_QT_GATE_2-16STEP
1	96010	2	interface\worldmap\dungeon\map_world_iconwf.ddj	중국	진시황릉	3층 중앙굴[3F] -> 군진 16실[2F]	0	2007	-1	-1	381	373	24	24	0	0	0	0	0	1	STORE_QT_GATE_3-1STEP
1	96011	2	interface\worldmap\dungeon\map_world_iconwf.ddj	중국	진시황릉	사서굴(래)[3F] -> 북서(기)[4F]	0	2007	-1	-1	115	48	24	24	0	0	0	0	0	1	STORE_QT_GATE_3-2STEP
1	96012	2	interface\worldmap\dungeon\map_world_iconwf.ddj	중국	진시황릉	사북굴(래)[3F] -> 북동(기)[4F]	0	2007	-1	-1	693	114	24	24	0	0	0	0	0	1	STORE_QT_GATE_3-3STEP
1	96013	2	interface\worldmap\dungeon\map_world_iconwf.ddj	중국	진시황릉	사동굴(래)[3F] -> 남동(기)[4F]	0	2007	-1	-1	636	689	24	24	0	0	0	0	0	1	STORE_QT_GATE_3-4STEP
1	96014	2	interface\worldmap\dungeon\map_world_iconwf.ddj	중국	진시황릉	사남굴(래)[3F] -> 남서(기)[4F]	0	2007	-1	-1	57	643	24	24	0	0	0	0	0	1	STORE_QT_GATE_3-5STEP
1	96015	2	interface\worldmap\dungeon\map_world_iconwf.ddj	중국	진시황릉	사관령[4F] -> 염화령[5F]	0	2008	-1	-1	604	700	24	24	0	0	0	0	0	1	STORE_QT_GATE_4STEP
1	96016	2	interface\worldmap\dungeon\map_world_iconwf.ddj	중국	진시황릉	북서(기)[4F] -> 사서굴(래)[3F]	0	2008	-1	-1	127	24	24	24	0	0	0	0	0	1	STORE_QT_GATE_4-1STEP
1	96017	2	interface\worldmap\dungeon\map_world_iconwf.ddj	중국	진시황릉	북동(기)[4F] -> 사북굴(래)[3F]	0	2008	-1	-1	1246	216	24	24	0	0	0	0	0	1	STORE_QT_GATE_4-2STEP
1	96018	2	interface\worldmap\dungeon\map_world_iconwf.ddj	중국	진시황릉	남동(기)[4F] -> 사동굴(래)[3F]	0	2008	-1	-1	1142	1364	24	24	0	0	0	0	0	1	STORE_QT_GATE_4-3STEP
1	96019	2	interface\worldmap\dungeon\map_world_iconwf.ddj	중국	진시황릉	남서(기)[4F] -> 사남굴(래)[3F]	0	2008	-1	-1	24	1169	24	24	0	0	0	0	0	1	STORE_QT_GATE_4-4STEP
1	96021	2	interface\worldmap\dungeon\map_world_iconwf.ddj	중국	진시황릉	6층 입구[6F] -> 황제알현실[1F]	0	2010	-1	-1	345	291	24	24	0	0	0	0	0		STORE_QT_GATE_6-1STEP
1	96022	2	interface\worldmap\dungeon\map_world_iconwf.ddj	중국	진시황릉	6층 입구[6F] -> 군진1실[2F]	0	2010	-1	-1	386	280	24	24	0	0	0	0	0		STORE_QT_GATE_6-2STEP
1	96023	2	interface\worldmap\dungeon\map_world_iconwf.ddj	중국	진시황릉	6층 입구[6F] -> 3층 중앙굴[3F]	0	2010	-1	-1	353	337	24	24	0	0	0	0	0		STORE_QT_GATE_6-3STEP
1	96024	2	interface\worldmap\dungeon\map_world_iconwf.ddj	중국	진시황릉	6층 입구[6F] -> 사관령[4F]	0	2010	-1	-1	400	325	24	24	0	0	0	0	0		STORE_QT_GATE_6-4STEP
1	96025	2	interface\worldmap\dungeon\map_world_iconwf.ddj	중국	진시황릉	6층 입구[6F] -> 백사령[6F]	0	2010	-1	-1	366	220	24	24	0	0	0	0	0		STORE_QT_GATE_6-5STEP
1	96029	2	interface\worldmap\dungeon\map_world_iconwf.ddj	중국	진시황릉	백사령[6F] -> 6층 입구[6F]	0	2010	-1	-1	373	158	24	24	0	0	0	0	0		STORE_QT_GATE_6-9STEP
1	97001	2	interface\worldmap\map\map_war_icon_revival.ddj	깃발전	부활위치	봉황의길	0	10	-1	-1	316	66	28	28	0	0	0	0	0	1	
1	97002	2	interface\worldmap\map\map_war_icon_revival.ddj	깃발전	부활위치	봉황의길	0	10	-1	-1	36	347	28	28	0	0	0	0	0	1	
1	97003	2	interface\worldmap\map\map_war_icon_flag.ddj	깃발전	깃발최초위치	봉황의길	0	10	-1	-1	271	290	20	28	0	0	0	0	0	1	
1	97004	2	interface\worldmap\map\map_war_icon_flag.ddj	깃발전	깃발최초위치	봉황의길	0	10	-1	-1	294	290	20	28	0	0	0	0	0	1	
1	97005	2	interface\worldmap\map\map_war_icon_flag.ddj	깃발전	깃발최초위치	봉황의길	0	10	-1	-1	317	290	20	28	0	0	0	0	0	1	
1	97006	2	interface\worldmap\map\map_war_icon_flag.ddj	깃발전	깃발최초위치	봉황의길	0	10	-1	-1	271	316	20	28	0	0	0	0	0	1	
1	97007	2	interface\worldmap\map\map_war_icon_flag.ddj	깃발전	깃발최초위치	봉황의길	0	10	-1	-1	294	316	20	28	0	0	0	0	0	1	
1	97008	2	interface\worldmap\map\map_war_icon_flag.ddj	깃발전	깃발최초위치	봉황의길	0	10	-1	-1	317	316	20	28	0	0	0	0	0	1	
1	97009	2	interface\worldmap\map\map_war_icon_flag.ddj	깃발전	깃발최초위치	봉황의길	0	10	-1	-1	271	342	20	28	0	0	0	0	0	1	
1	97010	2	interface\worldmap\map\map_war_icon_flag.ddj	깃발전	깃발최초위치	봉황의길	0	10	-1	-1	294	342	20	28	0	0	0	0	0	1	
1	97011	2	interface\worldmap\map\map_war_icon_flag.ddj	깃발전	깃발최초위치	봉황의길	0	10	-1	-1	317	342	20	28	0	0	0	0	0	1	
1	97012	2	interface\worldmap\map\map_war_icon_blacklion.ddj	깃발전	흑사자진영깃대위치	봉황의길	0	10	-1	-1	252	198	20	20	0	0	0	0	0	1	
1	97013	2	interface\worldmap\map\map_war_icon_blacklion.ddj	깃발전	흑사자진영깃대위치	봉황의길	0	10	-1	-1	252	217	20	20	0	0	0	0	0	1	
1	97014	2	interface\worldmap\map\map_war_icon_blacklion.ddj	깃발전	흑사자진영깃대위치	봉황의길	0	10	-1	-1	155	430	20	20	0	0	0	0	0	1	
1	97015	2	interface\worldmap\map\map_war_icon_blacklion.ddj	깃발전	흑사자진영깃대위치	봉황의길	0	10	-1	-1	179	430	20	20	0	0	0	0	0	1	
1	97016	2	interface\worldmap\map\map_war_icon_blacklion.ddj	깃발전	흑사자진영깃대위치	봉황의길	0	10	-1	-1	203	430	20	20	0	0	0	0	0	1	
1	97017	2	interface\worldmap\map\map_war_icon_blacklion.ddj	깃발전	흑사자진영깃대위치	봉황의길	0	10	-1	-1	228	430	20	20	0	0	0	0	0	1	
1	97018	2	interface\worldmap\map\map_war_icon_blacklion.ddj	깃발전	흑사자진영깃대위치	봉황의길	0	10	-1	-1	252	430	20	20	0	0	0	0	0	1	
1	97019	2	interface\worldmap\map\map_war_icon_blacklion.ddj	깃발전	흑사자진영깃대위치	봉황의길	0	10	-1	-1	276	430	20	20	0	0	0	0	0	1	
1	97020	2	interface\worldmap\map\map_war_icon_blacklion.ddj	깃발전	흑사자진영깃대위치	봉황의길	0	10	-1	-1	300	430	20	20	0	0	0	0	0	1	
1	97021	2	interface\worldmap\map\map_war_icon_whitelion.ddj	깃발전	백사자진영깃대위치	봉황의길	0	10	-1	-1	395	193	20	20	0	0	0	0	0	1	
1	97022	2	interface\worldmap\map\map_war_icon_whitelion.ddj	깃발전	백사자진영깃대위치	봉황의길	0	10	-1	-1	395	217	20	20	0	0	0	0	0	1	
1	97023	2	interface\worldmap\map\map_war_icon_whitelion.ddj	깃발전	백사자진영깃대위치	봉황의길	0	10	-1	-1	395	240	20	20	0	0	0	0	0	1	
1	97024	2	interface\worldmap\map\map_war_icon_whitelion.ddj	깃발전	백사자진영깃대위치	봉황의길	0	10	-1	-1	395	264	20	20	0	0	0	0	0	1	
1	97025	2	interface\worldmap\map\map_war_icon_whitelion.ddj	깃발전	백사자진영깃대위치	봉황의길	0	10	-1	-1	395	287	20	20	0	0	0	0	0	1	
1	97026	2	interface\worldmap\map\map_war_icon_whitelion.ddj	깃발전	백사자진영깃대위치	봉황의길	0	10	-1	-1	395	311	20	20	0	0	0	0	0	1	
1	97027	2	interface\worldmap\map\map_war_icon_whitelion.ddj	깃발전	백사자진영깃대위치	봉황의길	0	10	-1	-1	395	334	20	20	0	0	0	0	0	1	
1	97028	2	interface\worldmap\map\map_war_icon_whitelion.ddj	깃발전	백사자진영깃대위치	봉황의길	0	10	-1	-1	161	281	20	20	0	0	0	0	0	1	
1	97029	2	interface\worldmap\map\map_war_icon_whitelion.ddj	깃발전	백사자진영깃대위치	봉황의길	0	10	-1	-1	182	281	20	20	0	0	0	0	0	1	
1	97030	2	interface\worldmap\map\map_war_icon_revival.ddj	깃발전	부활위치	용의길	0	9	-1	-1	97	273	28	28	0	0	0	0	0	1	
1	97031	2	interface\worldmap\map\map_war_icon_revival.ddj	깃발전	부활위치	용의길	0	9	-1	-1	486	331	28	28	0	0	0	0	0	1	
1	97032	2	interface\worldmap\map\map_war_icon_flag.ddj	깃발전	깃발최초위치	용의길	0	9	-1	-1	294	274	20	28	0	0	0	0	0	1	
1	97033	2	interface\worldmap\map\map_war_icon_flag.ddj	깃발전	깃발최초위치	용의길	0	9	-1	-1	294	301	20	28	0	0	0	0	0	1	
1	97034	2	interface\worldmap\map\map_war_icon_flag.ddj	깃발전	깃발최초위치	용의길	0	9	-1	-1	294	329	20	28	0	0	0	0	0	1	
1	97035	2	interface\worldmap\map\map_war_icon_blacklion.ddj	깃발전	흑사자진영깃대위치	용의길	0	9	-1	-1	291	466	20	20	0	0	0	0	0	1	
1	97036	2	interface\worldmap\map\map_war_icon_blacklion.ddj	깃발전	흑사자진영깃대위치	용의길	0	9	-1	-1	277	493	20	20	0	0	0	0	0	1	
1	97037	2	interface\worldmap\map\map_war_icon_blacklion.ddj	깃발전	흑사자진영깃대위치	용의길	0	9	-1	-1	307	493	20	20	0	0	0	0	0	1	
1	97038	2	interface\worldmap\map\map_war_icon_whitelion.ddj	깃발전	백사자진영깃대위치	용의길	0	9	-1	-1	295	151	20	20	0	0	0	0	0	1	
1	97039	2	interface\worldmap\map\map_war_icon_whitelion.ddj	깃발전	백사자진영깃대위치	용의길	0	9	-1	-1	277	120	20	20	0	0	0	0	0	1	
1	97040	2	interface\worldmap\map\map_war_icon_whitelion.ddj	깃발전	백사자진영깃대위치	용의길	0	9	-1	-1	309	120	20	20	0	0	0	0	0	1	
1	97041	2	interface\worldmap\map\map_war_icon_revival.ddj	깃발전	부활위치	주작의 길	0	11	-1	-1	30	233	28	28	0	0	0	0	0	1	
1	97042	2	interface\worldmap\map\map_war_icon_revival.ddj	깃발전	부활위치	주작의 길	0	11	-1	-1	526	233	28	28	0	0	0	0	0	1	
1	97043	2	interface\worldmap\map\map_war_icon_flag.ddj	깃발전	깃발최초위치	주작의 길	0	11	-1	-1	281	103	20	28	0	0	0	0	0	1	
1	97044	2	interface\worldmap\map\map_war_icon_blacklion.ddj	깃발전	흑사자진영깃대위치	주작의 길	0	11	-1	-1	354	239	20	20	0	0	0	0	0	1	
1	97045	2	interface\worldmap\map\map_war_icon_whitelion.ddj	깃발전	백사자진영깃대위치	주작의 길	0	11	-1	-1	205	239	20	20	0	0	0	0	0	1	
1	98000	2	interface\worldmap\map\map_shrine_worf_blue.ddj	이집트	배치형텔레포트	이집트신전	0	2011	-1	-1	401	144	16	16	0	0	0	0	0	1	
1	98001	2	interface\worldmap\map\map_shrine_worf_blue.ddj	이집트	배치형텔레포트	이집트신전	0	2011	-1	-1	753	441	16	16	0	0	0	0	0	1	
1	98002	2	interface\worldmap\map\map_shrine_worf_blue.ddj	이집트	배치형텔레포트	이집트신전	0	2011	-1	-1	652	537	16	16	0	0	0	0	0	1	
1	98003	2	interface\worldmap\map\map_shrine_worf_blue.ddj	이집트	배치형텔레포트	이집트신전	0	2011	-1	-1	1272	170	16	16	0	0	0	0	0	1	
1	98004	2	interface\worldmap\map\map_shrine_worf_blue.ddj	이집트	배치형텔레포트	이집트신전	0	2011	-1	-1	95	230	16	16	0	0	0	0	0	1	
1	98005	2	interface\worldmap\map\map_shrine_worf_orange.ddj	이집트	런타임텔레포트	이집트신전	0	2011	-1	-1	426	144	16	16	0	0	0	0	0	1	
1	98006	2	interface\worldmap\map\map_shrine_worf_orange.ddj	이집트	런타임텔레포트	이집트신전	0	2011	-1	-1	652	510	16	16	0	0	0	0	0	1	
1	98007	2	interface\worldmap\map\map_shrine_worf_orange.ddj	이집트	런타임텔레포트	이집트신전	0	2011	-1	-1	734	441	16	16	0	0	0	0	0	1	
1	98008	2	interface\worldmap\map\map_shrine_worf_orange.ddj	이집트	런타임텔레포트	이집트신전	0	2011	-1	-1	95	254	16	16	0	0	0	0	0	1	
1	98009	2	interface\worldmap\map\map_shrine_worf_orange.ddj	이집트	런타임텔레포트	이집트신전	0	2011	-1	-1	1150	375	16	16	0	0	0	0	0	1	
1	98010	2	interface\worldmap\map\map_shrine_worf_green.ddj	이집트	런타임텔레포트	이집트신전	0	2011	-1	-1	1255	374	16	16	0	0	0	0	0	1	
1	98011	2	interface\worldmap\map\map_temmon_anubis.ddj	이집트	아누비스	이집트신전	0	2011	-1	-1	647	577	24	24	0	0	0	1	0	1	
1	98012	2	interface\worldmap\map\map_temmon_haro.ddj	이집트	하로에리스	이집트신전	0	2011	-1	-1	1272	367	24	24	0	0	0	1	0	1	
1	98013	2	interface\worldmap\map\map_temmon_isis.ddj	이집트	이시스	이집트신전	0	2011	-1	-1	796	434	24	24	0	0	0	1	0	1	
1	98014	2	interface\worldmap\map\map_temmon_neit.ddj	이집트	네이트	이집트신전	0	2011	-1	-1	296	139	24	24	0	0	0	1	0	1	
1	98015	2	interface\worldmap\map\map_temmon_seit.ddj	이집트	세이트	이집트신전	0	2011	-1	-1	1268	101	24	24	0	0	0	1	0	1	
1	98016	2	interface\worldmap\map\map_temmons_selki.ddj	이집트	셀키스	이집트신전	0	2011	-1	-1	92	123	24	24	0	0	0	1	0	1	
1	98017	2	interface\worldmap\map\map_shrine_worf_blue.ddj	이집트	배치형텔레포트	이집트신전	0	2012	-1	-1	401	144	16	16	0	0	0	0	0	1	
1	98018	2	interface\worldmap\map\map_shrine_worf_blue.ddj	이집트	배치형텔레포트	이집트신전	0	2012	-1	-1	753	441	16	16	0	0	0	0	0	1	
1	98019	2	interface\worldmap\map\map_shrine_worf_blue.ddj	이집트	배치형텔레포트	이집트신전	0	2012	-1	-1	652	537	16	16	0	0	0	0	0	1	
1	98020	2	interface\worldmap\map\map_shrine_worf_blue.ddj	이집트	배치형텔레포트	이집트신전	0	2012	-1	-1	1272	170	16	16	0	0	0	0	0	1	
1	98021	2	interface\worldmap\map\map_shrine_worf_blue.ddj	이집트	배치형텔레포트	이집트신전	0	2012	-1	-1	95	230	16	16	0	0	0	0	0	1	
1	98022	2	interface\worldmap\map\map_shrine_worf_orange.ddj	이집트	런타임텔레포트	이집트신전	0	2012	-1	-1	426	144	16	16	0	0	0	0	0	1	
1	98023	2	interface\worldmap\map\map_shrine_worf_orange.ddj	이집트	런타임텔레포트	이집트신전	0	2012	-1	-1	652	510	16	16	0	0	0	0	0	1	
1	98024	2	interface\worldmap\map\map_shrine_worf_orange.ddj	이집트	런타임텔레포트	이집트신전	0	2012	-1	-1	734	441	16	16	0	0	0	0	0	1	
1	98025	2	interface\worldmap\map\map_shrine_worf_orange.ddj	이집트	런타임텔레포트	이집트신전	0	2012	-1	-1	95	254	16	16	0	0	0	0	0	1	
1	98026	2	interface\worldmap\map\map_shrine_worf_orange.ddj	이집트	런타임텔레포트	이집트신전	0	2012	-1	-1	1150	375	16	16	0	0	0	0	0	1	
1	98027	2	interface\worldmap\map\map_shrine_worf_green.ddj	이집트	런타임텔레포트	이집트신전	0	2012	-1	-1	1255	374	16	16	0	0	0	0	0	1	
1	98028	2	interface\worldmap\map\map_temmon_anubis.ddj	이집트	아누비스	이집트신전	0	2012	-1	-1	647	577	24	24	0	0	0	1	0	1	
1	98029	2	interface\worldmap\map\map_temmon_haro.ddj	이집트	하로에리스	이집트신전	0	2012	-1	-1	1272	367	24	24	0	0	0	1	0	1	
1	98030	2	interface\worldmap\map\map_temmon_isis.ddj	이집트	이시스	이집트신전	0	2012	-1	-1	796	434	24	24	0	0	0	1	0	1	
1	98031	2	interface\worldmap\map\map_temmon_neit.ddj	이집트	네이트	이집트신전	0	2012	-1	-1	296	139	24	24	0	0	0	1	0	1	
1	98032	2	interface\worldmap\map\map_temmon_seit.ddj	이집트	세이트	이집트신전	0	2012	-1	-1	1268	101	24	24	0	0	0	1	0	1	
1	98033	2	interface\worldmap\map\map_temmons_selki.ddj	이집트	셀키스	이집트신전	0	2012	-1	-1	92	123	24	24	0	0	0	1	0	1	
1	98034	2	interface\worldmap\map\map_shrine_worf_blue.ddj	이집트	배치형텔레포트	이집트신전	0	2013	-1	-1	401	144	16	16	0	0	0	0	0	1	
1	98035	2	interface\worldmap\map\map_shrine_worf_blue.ddj	이집트	배치형텔레포트	이집트신전	0	2013	-1	-1	753	441	16	16	0	0	0	0	0	1	
1	98036	2	interface\worldmap\map\map_shrine_worf_blue.ddj	이집트	배치형텔레포트	이집트신전	0	2013	-1	-1	652	537	16	16	0	0	0	0	0	1	
1	98037	2	interface\worldmap\map\map_shrine_worf_blue.ddj	이집트	배치형텔레포트	이집트신전	0	2013	-1	-1	1272	170	16	16	0	0	0	0	0	1	
1	98038	2	interface\worldmap\map\map_shrine_worf_blue.ddj	이집트	배치형텔레포트	이집트신전	0	2013	-1	-1	95	230	16	16	0	0	0	0	0	1	
1	98039	2	interface\worldmap\map\map_shrine_worf_orange.ddj	이집트	런타임텔레포트	이집트신전	0	2013	-1	-1	426	144	16	16	0	0	0	0	0	1	
1	98040	2	interface\worldmap\map\map_shrine_worf_orange.ddj	이집트	런타임텔레포트	이집트신전	0	2013	-1	-1	652	510	16	16	0	0	0	0	0	1	
1	98041	2	interface\worldmap\map\map_shrine_worf_orange.ddj	이집트	런타임텔레포트	이집트신전	0	2013	-1	-1	734	441	16	16	0	0	0	0	0	1	
1	98042	2	interface\worldmap\map\map_shrine_worf_orange.ddj	이집트	런타임텔레포트	이집트신전	0	2013	-1	-1	95	254	16	16	0	0	0	0	0	1	
1	98043	2	interface\worldmap\map\map_shrine_worf_orange.ddj	이집트	런타임텔레포트	이집트신전	0	2013	-1	-1	1150	375	16	16	0	0	0	0	0	1	
1	98044	2	interface\worldmap\map\map_shrine_worf_green.ddj	이집트	런타임텔레포트	이집트신전	0	2013	-1	-1	1255	374	16	16	0	0	0	0	0	1	
1	98045	2	interface\worldmap\map\map_temmon_anubis.ddj	이집트	아누비스	이집트신전	0	2013	-1	-1	647	577	24	24	0	0	0	1	0	1	
1	98046	2	interface\worldmap\map\map_temmon_haro.ddj	이집트	하로에리스	이집트신전	0	2013	-1	-1	1272	367	24	24	0	0	0	1	0	1	
1	98047	2	interface\worldmap\map\map_temmon_isis.ddj	이집트	이시스	이집트신전	0	2013	-1	-1	796	434	24	24	0	0	0	1	0	1	
1	98048	2	interface\worldmap\map\map_temmon_neit.ddj	이집트	네이트	이집트신전	0	2013	-1	-1	296	139	24	24	0	0	0	1	0	1	
1	98049	2	interface\worldmap\map\map_temmon_seit.ddj	이집트	세이트	이집트신전	0	2013	-1	-1	1268	101	24	24	0	0	0	1	0	1	
1	98050	2	interface\worldmap\map\map_temmons_selki.ddj	이집트	셀키스	이집트신전	0	2013	-1	-1	92	123	24	24	0	0	0	1	0	1	
1	98051	2	interface\worldmap\map\map_shrine_worf_blue.ddj	이집트	배치형텔레포트	이집트신전	0	2014	-1	-1	401	144	16	16	0	0	0	0	0	1	
1	98052	2	interface\worldmap\map\map_shrine_worf_blue.ddj	이집트	배치형텔레포트	이집트신전	0	2014	-1	-1	753	441	16	16	0	0	0	0	0	1	
1	98053	2	interface\worldmap\map\map_shrine_worf_blue.ddj	이집트	배치형텔레포트	이집트신전	0	2014	-1	-1	652	537	16	16	0	0	0	0	0	1	
1	98054	2	interface\worldmap\map\map_shrine_worf_blue.ddj	이집트	배치형텔레포트	이집트신전	0	2014	-1	-1	1272	170	16	16	0	0	0	0	0	1	
1	98055	2	interface\worldmap\map\map_shrine_worf_blue.ddj	이집트	배치형텔레포트	이집트신전	0	2014	-1	-1	95	230	16	16	0	0	0	0	0	1	
1	98056	2	interface\worldmap\map\map_shrine_worf_orange.ddj	이집트	런타임텔레포트	이집트신전	0	2014	-1	-1	426	144	16	16	0	0	0	0	0	1	
1	98057	2	interface\worldmap\map\map_shrine_worf_orange.ddj	이집트	런타임텔레포트	이집트신전	0	2014	-1	-1	652	510	16	16	0	0	0	0	0	1	
1	98058	2	interface\worldmap\map\map_shrine_worf_orange.ddj	이집트	런타임텔레포트	이집트신전	0	2014	-1	-1	734	441	16	16	0	0	0	0	0	1	
1	98059	2	interface\worldmap\map\map_shrine_worf_orange.ddj	이집트	런타임텔레포트	이집트신전	0	2014	-1	-1	95	254	16	16	0	0	0	0	0	1	
1	98060	2	interface\worldmap\map\map_shrine_worf_orange.ddj	이집트	런타임텔레포트	이집트신전	0	2014	-1	-1	1150	375	16	16	0	0	0	0	0	1	
1	98061	2	interface\worldmap\map\map_shrine_worf_green.ddj	이집트	런타임텔레포트	이집트신전	0	2014	-1	-1	1255	374	16	16	0	0	0	0	0	1	
1	98062	2	interface\worldmap\map\map_temmon_anubis.ddj	이집트	아누비스	이집트신전	0	2014	-1	-1	647	577	24	24	0	0	0	1	0	1	
1	98063	2	interface\worldmap\map\map_temmon_haro.ddj	이집트	하로에리스	이집트신전	0	2014	-1	-1	1272	367	24	24	0	0	0	1	0	1	
1	98064	2	interface\worldmap\map\map_temmon_isis.ddj	이집트	이시스	이집트신전	0	2014	-1	-1	796	434	24	24	0	0	0	1	0	1	
1	98065	2	interface\worldmap\map\map_temmon_neit.ddj	이집트	네이트	이집트신전	0	2014	-1	-1	296	139	24	24	0	0	0	1	0	1	
1	98066	2	interface\worldmap\map\map_temmon_seit.ddj	이집트	세이트	이집트신전	0	2014	-1	-1	1268	101	24	24	0	0	0	1	0	1	
1	98067	2	interface\worldmap\map\map_temmons_selki.ddj	이집트	셀키스	이집트신전	0	2014	-1	-1	92	123	24	24	0	0	0	1	0	1	
1	98068	2	interface\worldmap\map\map_shrine_worf_blue.ddj	이집트	배치형텔레포트	이집트신전	0	2015	-1	-1	401	144	16	16	0	0	0	0	0	1	
1	98069	2	interface\worldmap\map\map_shrine_worf_blue.ddj	이집트	배치형텔레포트	이집트신전	0	2015	-1	-1	753	441	16	16	0	0	0	0	0	1	
1	98070	2	interface\worldmap\map\map_shrine_worf_blue.ddj	이집트	배치형텔레포트	이집트신전	0	2015	-1	-1	652	537	16	16	0	0	0	0	0	1	
1	98071	2	interface\worldmap\map\map_shrine_worf_blue.ddj	이집트	배치형텔레포트	이집트신전	0	2015	-1	-1	1272	170	16	16	0	0	0	0	0	1	
1	98072	2	interface\worldmap\map\map_shrine_worf_blue.ddj	이집트	배치형텔레포트	이집트신전	0	2015	-1	-1	95	230	16	16	0	0	0	0	0	1	
1	98073	2	interface\worldmap\map\map_shrine_worf_orange.ddj	이집트	런타임텔레포트	이집트신전	0	2015	-1	-1	426	144	16	16	0	0	0	0	0	1	
1	98074	2	interface\worldmap\map\map_shrine_worf_orange.ddj	이집트	런타임텔레포트	이집트신전	0	2015	-1	-1	652	510	16	16	0	0	0	0	0	1	
1	98075	2	interface\worldmap\map\map_shrine_worf_orange.ddj	이집트	런타임텔레포트	이집트신전	0	2015	-1	-1	734	441	16	16	0	0	0	0	0	1	
1	98076	2	interface\worldmap\map\map_shrine_worf_orange.ddj	이집트	런타임텔레포트	이집트신전	0	2015	-1	-1	95	254	16	16	0	0	0	0	0	1	
1	98077	2	interface\worldmap\map\map_shrine_worf_orange.ddj	이집트	런타임텔레포트	이집트신전	0	2015	-1	-1	1150	375	16	16	0	0	0	0	0	1	
1	98078	2	interface\worldmap\map\map_shrine_worf_green.ddj	이집트	런타임텔레포트	이집트신전	0	2015	-1	-1	1255	374	16	16	0	0	0	0	0	1	
1	98079	2	interface\worldmap\map\map_temmon_anubis.ddj	이집트	아누비스	이집트신전	0	2015	-1	-1	647	577	24	24	0	0	0	1	0	1	
1	98080	2	interface\worldmap\map\map_temmon_haro.ddj	이집트	하로에리스	이집트신전	0	2015	-1	-1	1272	367	24	24	0	0	0	1	0	1	
1	98081	2	interface\worldmap\map\map_temmon_isis.ddj	이집트	이시스	이집트신전	0	2015	-1	-1	796	434	24	24	0	0	0	1	0	1	
1	98082	2	interface\worldmap\map\map_temmon_neit.ddj	이집트	네이트	이집트신전	0	2015	-1	-1	296	139	24	24	0	0	0	1	0	1	
1	98083	2	interface\worldmap\map\map_temmon_seit.ddj	이집트	세이트	이집트신전	0	2015	-1	-1	1268	101	24	24	0	0	0	1	0	1	
1	98084	2	interface\worldmap\map\map_temmons_selki.ddj	이집트	셀키스	이집트신전	0	2015	-1	-1	92	123	24	24	0	0	0	1	0	1	
1	98085	2	interface\worldmap\map\map_shrine_worf_blue.ddj	이집트	배치형텔레포트	이집트신전	0	2016	-1	-1	376	254	16	16	0	0	0	0	0	1	
1	98086	2	interface\worldmap\map\map_temmon_seit.ddj	이집트	세이트	이집트신전	0	2016	-1	-1	372	192	24	24	0	0	0	1	0	1	
1	98087	2	interface\worldmap\map\map_shrine_worf_blue.ddj	이집트	배치형텔레포트	이집트신전	0	2017	-1	-1	401	144	16	16	0	0	0	0	0	1	
1	98088	2	interface\worldmap\map\map_shrine_worf_blue.ddj	이집트	배치형텔레포트	이집트신전	0	2017	-1	-1	753	441	16	16	0	0	0	0	0	1	
1	98089	2	interface\worldmap\map\map_shrine_worf_blue.ddj	이집트	배치형텔레포트	이집트신전	0	2017	-1	-1	652	537	16	16	0	0	0	0	0	1	
1	98090	2	interface\worldmap\map\map_shrine_worf_blue.ddj	이집트	배치형텔레포트	이집트신전	0	2017	-1	-1	1272	170	16	16	0	0	0	0	0	1	
1	98091	2	interface\worldmap\map\map_shrine_worf_blue.ddj	이집트	배치형텔레포트	이집트신전	0	2017	-1	-1	95	230	16	16	0	0	0	0	0	1	
1	98092	2	interface\worldmap\map\map_shrine_worf_orange.ddj	이집트	런타임텔레포트	이집트신전	0	2017	-1	-1	426	144	16	16	0	0	0	0	0	1	
1	98093	2	interface\worldmap\map\map_shrine_worf_orange.ddj	이집트	런타임텔레포트	이집트신전	0	2017	-1	-1	652	510	16	16	0	0	0	0	0	1	
1	98094	2	interface\worldmap\map\map_shrine_worf_orange.ddj	이집트	런타임텔레포트	이집트신전	0	2017	-1	-1	734	441	16	16	0	0	0	0	0	1	
1	98095	2	interface\worldmap\map\map_shrine_worf_orange.ddj	이집트	런타임텔레포트	이집트신전	0	2017	-1	-1	95	254	16	16	0	0	0	0	0	1	
1	98096	2	interface\worldmap\map\map_shrine_worf_orange.ddj	이집트	런타임텔레포트	이집트신전	0	2017	-1	-1	1150	375	16	16	0	0	0	0	0	1	
1	98097	2	interface\worldmap\map\map_shrine_worf_green.ddj	이집트	런타임텔레포트	이집트신전	0	2017	-1	-1	1255	374	16	16	0	0	0	0	0	1	
1	98098	2	interface\worldmap\map\map_temmon_anubis.ddj	이집트	아누비스	이집트신전	0	2017	-1	-1	647	577	24	24	0	0	0	1	0	1	
1	98099	2	interface\worldmap\map\map_temmon_haro.ddj	이집트	하로에리스	이집트신전	0	2017	-1	-1	1272	367	24	24	0	0	0	1	0	1	
1	98100	2	interface\worldmap\map\map_temmon_isis.ddj	이집트	이시스	이집트신전	0	2017	-1	-1	796	434	24	24	0	0	0	1	0	1	
1	98101	2	interface\worldmap\map\map_temmon_neit.ddj	이집트	네이트	이집트신전	0	2017	-1	-1	296	139	24	24	0	0	0	1	0	1	
1	98102	2	interface\worldmap\map\map_temmon_seit.ddj	이집트	세이트	이집트신전	0	2017	-1	-1	1268	101	24	24	0	0	0	1	0	1	
1	98103	2	interface\worldmap\map\map_temmons_selki.ddj	이집트	셀키스	이집트신전	0	2017	-1	-1	92	123	24	24	0	0	0	1	0	1	
1	99001	2	interface\worldmap\map\map_icon_tel01.ddj	월드맵	텔레포트	델타지역	0	0	52	85	6	9	40	28	0	0	0	0	0	1	
1	99002	2	interface\worldmap\map\map_icon_tel01.ddj	월드맵	텔레포트	델타지역	0	0	56	92	1	2	40	28	0	0	0	0	0	1	
1	99003	2	interface\worldmap\map\map_icon_tel02.ddj	월드맵	텔레포트	왕가의 계곡	0	0	56	75	23	24	36	36	0	0	0	0	0	1	
1	99004	2	interface\worldmap\map\map_icon_tel02.ddj	월드맵	텔레포트	폭풍과 구름의 사막필드	0	0	64	85	28	18	36	36	0	0	0	0	0	1	
1	99005	2	interface\worldmap\map\map_icon_tel03.ddj	월드맵	텔레포트	폭풍과 구름의 사막필드	2017	0	74	82	26	2	36	36	0	0	0	0	0	1	
1	99006	2	interface\worldmap\map\map_icon_tel03.ddj	월드맵	텔레포트	폭풍과 구름의 사막필드	2017	0	74	88	26	20	36	36	0	0	0	0	0	1	
1	99007	2	interface\worldmap\map\map_icon_tel04.ddj	월드맵	텔레포트	왕가의 계곡	0	0	75	75	15	5	40	48	0	0	0	0	0	1	
1	99100	2	interface\worldmap\dungeon\map_world_iconwf.ddj	월드맵	1번 텔레포트	토귀마을 - 잊혀진세계	0	15	-1	-1	409	49	24	24	0	0	0	0	0	1	SN_NPC_INS_EXIT_TELEPORT
1	99101	2	interface\worldmap\dungeon\map_world_iconwf.ddj	월드맵	2번 텔레포트	토귀마을 - 잊혀진세계	0	15	-1	-1	226	568	24	24	0	0	0	0	0	1	SN_NPC_INS_EXIT_TELEPORT
1	99103	2	interface\worldmap\dungeon\map_world_iconwf.ddj	월드맵	1번 텔레포트	화염산 - 잊혀진세계	0	2019	-1	-1	796	640	24	24	0	0	0	0	0	1	SN_NPC_INS_EXIT_TELEPORT
1	99104	2	interface\worldmap\dungeon\map_world_iconwf.ddj	월드맵	2번 텔레포트	화염산 - 잊혀진세계	0	2019	-1	-1	415	398	24	24	0	0	0	0	0	1	SN_NPC_INS_EXIT_TELEPORT
1	99107	2	interface\worldmap\dungeon\map_world_iconwf.ddj	월드맵	1번 텔레포트	난파선 실내 -- 잊혀진세계	0	13	-1	-1	390	163	24	24	0	0	0	0	0	1	SN_NPC_INS_EXIT_TELEPORT
1	99109	2	interface\worldmap\dungeon\map_world_iconwf.ddj	월드맵	2번 텔레포트	난파선 실내 -- 잊혀진세계	0	13	-1	-1	776	410	24	24	0	0	0	0	0	1	SN_NPC_INS_EXIT_TELEPORT
1	99110	2	interface\worldmap\dungeon\map_world_iconwf.ddj	월드맵	1번 텔레포트	난파선 실외 - 잊혀진세계	0	14	-1	-1	600	387	24	24	0	0	0	0	0	1	SN_NPC_INS_EXIT_TELEPORT
1	99300	2	interface\worldmap\map\xy_maksa.ddj	막사 위치	막사 위치	막사 위치	0	17	-1	-1	86	346	24	24	0	0	0	0	0	1	
1	99301	2	interface\worldmap\map\xy_gate.ddj	귀환 포탈	귀환 포탈	귀환 포탈	0	17	-1	-1	88	346	32	32	0	0	0	0	0	1	SN_ZONE_25800_8
1	99302	2	interface\worldmap\map\xy_gate.ddj	신전 포탈	신전 포탈	신전 포탈	0	17	-1	-1	129	517	32	32	0	0	0	0	0	1	SN_ZONE_25800_7
1	99303	2	interface\worldmap\map\xy_gate.ddj	경배의 전당	입구	입장 및 귀환포탈	0	16	-1	-1	367	387	32	32	0	0	0	0	0	1	SN_ZONE_25800_19
1	99304	2	interface\worldmap\map\xy_gate.ddj	광신도 은신처	중앙	입장 및 귀환포탈	0	2023	-1	-1	502	500	32	32	0	0	0	0	0	1	SN_ZONE_25800_19
1	99305	2	interface\worldmap\map\xy_gate.ddj	광신도 은신처	남쪽 방	귀환 포탈	0	2023	-1	-1	502	759	32	32	0	0	0	0	0	1	SN_ZONE_25800_8
1	99306	2	interface\worldmap\map\xy_gate.ddj	광신도 은신처	북서쪽 방	귀환 포탈	0	2023	-1	-1	272	371	32	32	0	0	0	0	0	1	SN_ZONE_25800_8
1	99307	2	interface\worldmap\map\xy_gate.ddj	광신도 은신처	복동쪽 방	귀환 포탈	0	2023	-1	-1	729	371	32	32	0	0	0	0	0	1	SN_ZONE_25800_8
1	22010	1	SN_ZONE_22010	월드맵(바그다드)	바그다드	월드맵	0	0	91	87	0	10	0	0	255	247	182	0	1	1	xxx
1	28400	1	SN_ZONE_26000_01	군사지구	마을 지역구 이름	로컬 바그다드맵	0	18	-1	-1	476	178	0	0	255	255	255	0	0	1	xxx
1	28401	1	SN_ZONE_26000_02	상업지구	마을 지역구 이름	로컬 바그다드맵	0	18	-1	-1	275	471	0	0	255	255	255	0	0	1	xxx
1	28402	1	SN_ZONE_26000_03	문화지구	마을 지역구 이름	로컬 바그다드맵	0	18	-1	-1	410	562	0	0	255	255	255	0	0	1	xxx
1	28403	1	SN_ZONE_26000_04	라운드 시티	마을 지역구 이름	로컬 바그다드맵	0	18	-1	-1	495	432	0	0	255	255	255	0	0	1	xxx
1	28404	1	SN_ZONE_26000_05	아바시드 왕궁	마을 지역구 이름	로컬 바그다드맵	0	18	-1	-1	529	332	0	0	255	255	255	0	0	1	xxx
1	28405	1	SN_ZONE_26000_06	무스탄시리아 대학	마을 지역구 이름	로컬 바그다드맵	0	18	-1	-1	348	624	0	0	255	255	255	0	0	1	xxx
1	28406	1	SN_ZONE_26000_07	카디미아 사원	마을 지역구 이름	로컬 바그다드맵	0	18	-1	-1	678	554	0	0	255	255	255	0	0	1	xxx
1	28407	1	SN_ZONE_26000_08	잡화점	잡화점 아이콘	로컬 바그다드맵	0	18	-1	-1	240	313	0	0	255	255	255	0	0	1	xxx
1	28408	1	SN_ZONE_26000_09	특산품점	특산품 아이콘	로컬 바그다드맵	0	18	-1	-1	208	283	0	0	255	255	255	0	0	1	xxx
1	28409	1	SN_ZONE_26000_10	의약품점	물약상점 아이콘	로컬 바그다드맵	0	18	-1	-1	160	398	0	0	255	255	255	0	0	1	xxx
1	28410	1	SN_ZONE_26000_11	수리점	무기상점 아이콘	로컬 바그다드맵	0	18	-1	-1	465	129	0	0	255	255	255	0	0	1	xxx
1	28411	1	SN_ZONE_26000_12	헌터조	헌터조합 아이콘	로컬 바그다드맵	0	18	-1	-1	397	175	0	0	255	255	255	0	0	1	xxx
1	28412	1	SN_ZONE_26000_13	마구간	마구간 아이콘	로컬 바그다드맵	0	18	-1	-1	350	163	0	0	255	255	255	0	0	1	xxx
1	28413	1	SN_ZONE_26000_14	창고	창고 아이콘	로컬 바그다드맵	0	18	-1	-1	459	594	0	0	255	255	255	0	0	1	xxx
1	28414	1	SN_ZONE_26000_15	파견대 초소	막사 아이콘	월드맵	0	0	86	86	21	10	0	0	255	255	255	0	0	1	xxx
1	28415	1	SN_ZONE_26000_16	정찰대 초소	막사 아이콘	월드맵	0	0	83	87	16	3	0	0	255	255	255	0	0	1	xxx
1	28416	1	SN_ZONE_26000_17	카크	지역명 스트링	월드맵	0	0	87	88	4	2	0	0	255	255	255	0	0	1	xxx
1	28417	1	SN_ZONE_26000_18	몽환의 사막	지역명 스트링	월드맵	0	0	81	81	22	5	0	0	255	255	255	0	0	1	xxx
1	100000	2	interface\worldmap\map\city_bagdad.ddj	아라비아	바그다드	월드맵	18	0	89	89	17	10	96	88	0	0	0	0	0	1	xxx
1	99600	2	interface\worldmap\map\xy_npc.ddj	NPC 아이콘	국왕 샤리야르	로컬 바그다드맵	0	18	-1	-1	444	350	16	16	0	0	0	0	0	1	SN_NPC_AR_SHARIAL
1	99601	2	interface\worldmap\map\xy_npc.ddj	NPC 아이콘	왕비 세라자드	로컬 바그다드맵	0	18	-1	-1	451	365	16	16	0	0	0	0	0	1	SN_NPC_AR_SHEHERAZADE
1	99602	2	interface\worldmap\map\xy_npc.ddj	NPC 아이콘	궁전 경비 병사 알림	로컬 바그다드맵	0	18	-1	-1	427	343	16	16	0	0	0	0	0	1	SN_NPC_AR_CASTLESOLDIER_1
1	99603	2	interface\worldmap\map\xy_npc.ddj	NPC 아이콘	궁전 경비 병사 아짐	로컬 바그다드맵	0	18	-1	-1	435	374	16	16	0	0	0	0	0	1	SN_NPC_AR_CASTLESOLDIER_2
1	99605	2	interface\worldmap\map\xy_npc.ddj	NPC 아이콘	잡화 상인 와르다	로컬 바그다드맵	0	18	-1	-1	250	290	16	16	0	0	0	0	0	1	SN_NPC_AR_ACCESSORY
1	99606	2	interface\worldmap\map\xy_npc.ddj	NPC 아이콘	특산품 상인 아부 탈립	로컬 바그다드맵	0	18	-1	-1	218	259	16	16	0	0	0	0	0	1	SN_NPC_AR_SPECIAL
1	99607	2	interface\worldmap\map\xy_npc.ddj	NPC 아이콘	물약 상인 아부 바르크	로컬 바그다드맵	0	18	-1	-1	210	397	16	16	0	0	0	0	0	1	SN_NPC_AR_POTION
1	99609	2	interface\worldmap\map\xy_npc.ddj	NPC 아이콘	경비 병사 아지즈	로컬 바그다드맵	0	18	-1	-1	315	343	16	16	0	0	0	0	0	1	SN_NPC_AR_TOWNSOLDIER_1
1	99610	2	interface\worldmap\map\xy_npc.ddj	NPC 아이콘	경비 병사 바리	로컬 바그다드맵	0	18	-1	-1	315	359	16	16	0	0	0	0	0	1	SN_NPC_AR_TOWNSOLDIER_2
1	99611	2	interface\worldmap\map\xy_npc.ddj	NPC 아이콘	기름 장수 칼리드	로컬 바그다드맵	0	18	-1	-1	214	430	16	16	0	0	0	0	0	1	SN_NPC_AR_KHALED
1	99612	2	interface\worldmap\map\xy_npc.ddj	NPC 아이콘	향신료 장수 말라크	로컬 바그다드맵	0	18	-1	-1	227	419	16	16	0	0	0	0	0	1	SN_NPC_AR_MALAK
1	99613	2	interface\worldmap\map\xy_npc.ddj	NPC 아이콘	과일 장수 슈크리	로컬 바그다드맵	0	18	-1	-1	234	496	16	16	0	0	0	0	0	1	SN_NPC_AR_CHOUKRI
1	99614	2	interface\worldmap\map\xy_npc.ddj	NPC 아이콘	마을 여인 나지마	로컬 바그다드맵	0	18	-1	-1	253	507	16	16	0	0	0	0	0	1	SN_NPC_AR_NAJIMA
1	99615	2	interface\worldmap\map\xy_npc.ddj	NPC 아이콘	성문 경비병 바시트	로컬 바그다드맵	0	18	-1	-1	202	320	16	16	0	0	0	0	0	1	SN_NPC_AR_SOLDIER_1
1	99616	2	interface\worldmap\map\xy_npc.ddj	NPC 아이콘	성문 경비병 파타흐	로컬 바그다드맵	0	18	-1	-1	202	344	16	16	0	0	0	0	0	1	SN_NPC_AR_SOLDIER_2
1	99617	2	interface\worldmap\map\xy_npc.ddj	NPC 아이콘	수리 상인 오스만	로컬 바그다드맵	0	18	-1	-1	476	106	16	16	0	0	0	0	0	1	SN_NPC_AR_SMITH
1	99619	2	interface\worldmap\map\xy_npc.ddj	NPC 아이콘	마구간지기 알리	로컬 바그다드맵	0	18	-1	-1	361	141	16	16	0	0	0	0	0	1	SN_NPC_AR_HORSE
1	99620	2	interface\worldmap\map\xy_npc.ddj	NPC 아이콘	경비 병사 하지브	로컬 바그다드맵	0	18	-1	-1	450	199	16	16	0	0	0	0	0	1	SN_NPC_AR_TOWNSOLDIER_3
1	99621	2	interface\worldmap\map\xy_npc.ddj	NPC 아이콘	경비 병사 모하렛	로컬 바그다드맵	0	18	-1	-1	468	199	16	16	0	0	0	0	0	1	SN_NPC_AR_TOWNSOLDIER_4
1	99622	2	interface\worldmap\map\xy_npc.ddj	NPC 아이콘	마을 남성 푸아드	로컬 바그다드맵	0	18	-1	-1	584	165	16	16	0	0	0	0	0	1	SN_NPC_AR_FOUAD
1	99623	2	interface\worldmap\map\xy_npc.ddj	NPC 아이콘	경비 병사 힌드신드	로컬 바그다드맵	0	18	-1	-1	469	520	16	16	0	0	0	0	0	1	SN_NPC_AR_TOWNSOLDIER_5
1	99624	2	interface\worldmap\map\xy_npc.ddj	NPC 아이콘	경비 병사 하룬	로컬 바그다드맵	0	18	-1	-1	487	520	16	16	0	0	0	0	0	1	SN_NPC_AR_TOWNSOLDIER_6
1	99625	2	interface\worldmap\map\xy_npc.ddj	NPC 아이콘	마을 노인 케림	로컬 바그다드맵	0	18	-1	-1	365	579	16	16	0	0	0	0	0	1	SN_NPC_AR_KAREM
1	99627	2	interface\worldmap\map\xy_npc.ddj	NPC 아이콘	창고지기 압둘라	로컬 바그다드맵	0	18	-1	-1	469	571	16	16	0	0	0	0	0	1	SN_NPC_AR_WAREHOUSE
1	99628	2	interface\worldmap\map\xy_npc.ddj	NPC 아이콘	마을 남자 이사크	로컬 바그다드맵	0	18	-1	-1	519	584	16	16	0	0	0	0	0	1	SN_NPC_AR_ESHARK
1	99629	2	interface\worldmap\map\xy_npc.ddj	NPC 아이콘	마을 여자 즈바이다	로컬 바그다드맵	0	18	-1	-1	541	574	16	16	0	0	0	0	0	1	SN_NPC_AR_ZBAYDA
1	99630	2	interface\worldmap\map\xy_npc.ddj	NPC 아이콘	대신 압샤드	로컬 바그다드맵	0	18	-1	-1	609	537	16	16	0	0	0	0	0	1	SN_NPC_AR_ABSHAD
1	99631	2	interface\worldmap\map\xy_npc.ddj	NPC 아이콘	대신 마흐무드	로컬 바그다드맵	0	18	-1	-1	647	497	16	16	0	0	0	0	0	1	SN_NPC_AR_MAHMUD
1	99632	2	interface\worldmap\map\xy_npc.ddj	NPC 아이콘	성문 경비병 쟈발	로컬 바그다드맵	0	18	-1	-1	462	653	16	16	0	0	0	0	0	1	SN_NPC_AR_SOLDIER_3
1	99633	2	interface\worldmap\map\xy_npc.ddj	NPC 아이콘	성문 경비병 압둘 알리	로컬 바그다드맵	0	18	-1	-1	483	653	16	16	0	0	0	0	0	1	SN_NPC_AR_SOLDIER_4
1	99634	2	interface\worldmap\map\xy_npc.ddj	NPC 아이콘	마을 남자 야마인	로컬 바그다드맵	0	18	-1	-1	451	637	16	16	0	0	0	0	0	1	SN_NPC_AR_YAMAIN
1	99635	2	interface\worldmap\map\xy_npc.ddj	NPC 아이콘	마을 여자 싸아다툰	로컬 바그다드맵	0	18	-1	-1	589	576	16	16	0	0	0	0	0	1	SN_NPC_AR_SSADATUNE
1	99636	2	interface\worldmap\map\xy_npc.ddj	NPC 아이콘	경비 병사 두반	로컬 바그다드맵	0	18	-1	-1	645	190	16	16	0	0	0	0	0	1	SN_NPC_AR_TOWNSOLDIER_7
1	99637	2	interface\worldmap\map\xy_npc.ddj	NPC 아이콘	경비 병사 자파르	로컬 바그다드맵	0	18	-1	-1	648	206	16	16	0	0	0	0	0	1	SN_NPC_AR_TOWNSOLDIER_8
1	99638	2	interface\worldmap\map\xy_npc.ddj	NPC 아이콘	경비 병사 카이슈	로컬 바그다드맵	0	18	-1	-1	694	312	16	16	0	0	0	0	0	1	SN_NPC_AR_TOWNSOLDIER_9
1	99639	2	interface\worldmap\map\xy_npc.ddj	NPC 아이콘	경비 병사 쟈만	로컬 바그다드맵	0	18	-1	-1	696	328	16	16	0	0	0	0	0	1	SN_NPC_AR_TOWNSOLDIER_10
1	99640	2	interface\worldmap\map\xy_npc.ddj	NPC 아이콘	경비 병사 이마눈	로컬 바그다드맵	0	18	-1	-1	711	422	16	16	0	0	0	0	0	1	SN_NPC_AR_TOWNSOLDIER_11
1	99641	2	interface\worldmap\map\xy_npc.ddj	NPC 아이콘	경비 병사 커우푼	로컬 바그다드맵	0	18	-1	-1	711	438	16	16	0	0	0	0	0	1	SN_NPC_AR_TOWNSOLDIER_12
1	99642	2	interface\worldmap\map\xy_npc.ddj	NPC 아이콘	경비 병사 무타거뜨리쑨	로컬 바그다드맵	0	18	-1	-1	661	328	16	16	0	0	0	0	0	1	SN_NPC_AR_TOWNSOLDIER_13
1	99643	2	interface\worldmap\map\xy_npc.ddj	NPC 아이콘	경비 병사 꾸와툰	로컬 바그다드맵	0	18	-1	-1	661	345	16	16	0	0	0	0	0	1	SN_NPC_AR_TOWNSOLDIER_14
1	99644	2	interface\worldmap\map\xy_npc.ddj	NPC 아이콘	농장 주인 무자리운	카크 필드	0	0	85	88	27	29	16	16	0	0	0	0	0	1	SN_NPC_AR_FARMER1
1	99645	2	interface\worldmap\map\xy_npc.ddj	NPC 아이콘	농장 주인 아내 하디쟈	카크 필드	0	0	85	87	19	0	16	16	0	0	0	0	0	1	SN_NPC_AR_FARMER2
1	99646	2	interface\worldmap\map\xy_maksa.ddj	NPC 아이콘	파견대 초소	카크 필드	0	0	84	86	25	4	24	24	0	0	0	0	0	1	SN_NPC_AR_SPECIAL_SOLDIER_1,SN_NPC_AR_SPECIAL_SOLDIER_2,SN_NPC_AR_SPECIAL_SOLDIER_3
1	99647	2	interface\worldmap\map\xy_maksa.ddj	NPC 아이콘	정찰대 초소	카크 필드	0	0	83	88	2	8	24	24	0	0	0	0	0	1	SN_NPC_AR_SPECIAL_SOLDIER_4,SN_NPC_AR_SPECIAL_SOLDIER_5,SN_NPC_AR_SPECIAL_SOLDIER_6
1	99648	2	interface\worldmap\map\xy_npc.ddj	NPC 아이콘	마법사 무함마드	카크 필드	0	0	82	87	8	22	16	16	0	0	0	0	0	1	SN_NPC_AR_MUHAMMAD
1	99650	2	interface\worldmap\map\xy_npc.ddj	NPC 아이콘	비밀 요원 파룬	몽환의 사막 필드	0	0	79	81	4	25	16	16	0	0	0	0	0	1	SN_NPC_AR_SPECIAL_SOLDIER_7
1	99651	2	interface\worldmap\map\xy_npc.ddj	NPC 아이콘	비밀 요원 타핫디	몽환의 사막 필드	0	0	82	79	1	28	16	16	0	0	0	0	0	1	SN_NPC_AR_SPECIAL_SOLDIER_8
1	99652	2	interface\worldmap\map\xy_npc.ddj	NPC 아이콘	왕궁 조사단 이자둔	몽환의 사막 필드	0	0	81	78	24	5	16	16	0	0	0	0	0	1	SN_NPC_AR_SPECIAL_INVESTIGATION_1
1	99653	2	interface\worldmap\map\xy_npc.ddj	NPC 아이콘	비밀 요원 이야러툰	몽환의 사막 필드	0	0	79	76	6	28	16	16	0	0	0	0	0	1	SN_NPC_AR_SPECIAL_SOLDIER_9
1	99654	2	interface\worldmap\map\xy_npc.ddj	NPC 아이콘	비밀 요원 씨룬	몽환의 사막 필드	0	0	81	73	14	8	16	16	0	0	0	0	0	1	SN_NPC_AR_SPECIAL_SOLDIER_10
1	99655	2	interface\worldmap\map\xy_etc.ddj	잡화점 아이콘	잡화상인 와르다의 위치	로컬 바그다드맵	0	18	-1	-1	227	286	32	32	0	0	0	0	0	1	xxx
1	99656	2	interface\worldmap\map\xy_speciality.ddj	특산품 아이콘	특산품 상인 아부 탈립의 위치	로컬 바그다드맵	0	18	-1	-1	195	256	32	32	0	0	0	0	0	1	xxx
1	99657	2	interface\worldmap\map\xy_potion.ddj	물약상점 아이콘	물약 상인 아부 바르크의 위치	로컬 바그다드맵	0	18	-1	-1	187	392	32	32	0	0	0	0	0	1	xxx
1	99658	2	interface\worldmap\map\xy_weapon.ddj	무기상점 아이콘	수리 상인 오스만의 위치	로컬 바그다드맵	0	18	-1	-1	453	102	32	32	0	0	0	0	0	1	xxx
1	99659	2	interface\worldmap\map\xy_hunter.ddj	헌터조합 아이콘	헌터 조합장 싸미의 위치	로컬 바그다드맵	0	18	-1	-1	385	148	32	32	0	0	0	0	0	1	xxx
1	99660	2	interface\worldmap\map\xy_stable.ddj	마구간 아이콘	마구간지기 알리의 위치	로컬 바그다드맵	0	18	-1	-1	338	136	32	32	0	0	0	0	0	1	xxx
1	99661	2	interface\worldmap\map\xy_warehouse.ddj	창고 아이콘	창고지기 압둘라의 위치	로컬 바그다드맵	0	18	-1	-1	446	567	32	32	0	0	0	0	0	1	xxx
1	99662	2	interface\worldmap\map\xy_gate.ddj	포탈 아이콘	마을 서쪽 포탈	로컬 바그다드맵	0	18	-1	-1	227	325	32	32	0	0	0	0	0	1	SN_NPC_AR_GATE_01
1	99663	2	interface\worldmap\map\xy_gate.ddj	포탈 아이콘	마을 북쪽 포탈	로컬 바그다드맵	0	18	-1	-1	495	119	32	32	0	0	0	0	0	1	SN_NPC_AR_GATE_02
1	99664	2	interface\worldmap\map\xy_gate.ddj	포탈 아이콘	마을 남쪽 포탈	로컬 바그다드맵	0	18	-1	-1	434	647	32	32	0	0	0	0	0	1	SN_NPC_AR_GATE_03
1	99665	2	interface\worldmap\map\xy_gate.ddj	포탈 아이콘	마을 중앙 포탈	로컬 바그다드맵	0	18	-1	-1	450	380	32	32	0	0	0	0	0	1	SN_NPC_AR_GATE_04
1	99666	2	interface\worldmap\map\xy_gate.ddj	차원의 문	차원의 문	로컬 바그다드맵	0	18	-1	-1	417	320	32	32	0	0	0	0	0	1	SN_NPC_CH_GATE
1	99667	2	interface\worldmap\map\xy_gate.ddj	포탈 아이콘	사막의 틈새	카크필드	0	0	85	86	3	27	32	32	0	0	0	0	0	1	SN_NPC_AR_GATE_05
1	99668	2	interface\worldmap\map\xy_gate.ddj	포탈 아이콘	협곡의 틈새	카크필드	0	0	81	87	24	10	32	32	0	0	0	0	0	1	SN_NPC_AR_GATE_06
1	99669	2	interface\worldmap\map\xy_gate.ddj	포탈 아이콘	사막의 틈새	몽환의 사막 필드	0	0	78	81	18	8	32	32	0	0	0	0	0	1	SN_NPC_AR_GATE_05
1	99670	2	interface\worldmap\map\xy_gate.ddj	포탈 아이콘	은신처의 포탈	몽환의 사막 필드	0	0	81	73	20	15	32	32	0	0	0	0	0	1	SN_NPC_AR_GATE_07
1	99671	2	interface\worldmap\map\xy_gate.ddj	포탈 아이콘	바그다드 인던 포탈 (동쪽)	바그다드 인던	0	19	-1	-1	629	451	32	32	0	0	0	0	0	1	SN_NPC_AR_GATE_08
1	99672	2	interface\worldmap\map\xy_gate.ddj	포탈 아이콘	바그다드 인던 포탈 (중앙쪽)	바그다드 인던	0	19	-1	-1	425	318	32	32	0	0	0	0	0	1	SN_NPC_AR_GATE_08
1	99673	2	interface\worldmap\map\xy_gate.ddj	포탈 아이콘	칼리아의 은신처 포탈	칼리아의 은신처	0	2024	-1	-1	499	382	32	32	0	0	0	0	0	1	SN_NPC_AR_GATE_09
1	99649	2	interface\worldmap\map\xy_npc.ddj	NPC 아이콘	목장지기 자밀룬	카크 필드	0	0	85	89	26	6	16	16	0	0	0	0	0	1	SN_NPC_AR_FARMER3
1	99604	2	interface\worldmap\map\xy_npc.ddj	NPC 아이콘	도적 조합장 오바드	로컬 바그다드맵	0	18	-1	-1	581	419	16	16	0	0	0	0	0	1	SN_NPC_AR_THIEF
1	99608	2	interface\worldmap\map\xy_npc.ddj	NPC 아이콘	상인 조합장 하산	로컬 바그다드맵	0	18	-1	-1	299	366	16	16	0	0	0	0	0	1	SN_NPC_AR_MERCHANT
1	99618	2	interface\worldmap\map\xy_npc.ddj	NPC 아이콘	헌터 조합장 싸미	로컬 바그다드맵	0	18	-1	-1	408	152	16	16	0	0	0	0	0	1	SN_NPC_AR_HUNTER
1	99626	2	interface\worldmap\map\xy_npc.ddj	NPC 아이콘	길드 관리인 누르	로컬 바그다드맵	0	18	-1	-1	511	565	16	16	0	0	0	0	0	1	SN_NPC_AR_GUILD
1	99678	2	interface\worldmap\map\xy_guild.ddj	알렉산드리아	길드창고	로컬 알렉산드리아맵	0	18	-1	-1	511	565	32	32	0	0	0	0	0	1	xxx
1	99679	1	SN_ZONE_27000_01	Arabian Coast	xxx	xxx	0	0	87	77	73	72	0	0	255	255	255	1	0	1	xxx
1	99678	1	SN_ZONE_27000_03	Devil's Garden	xxx	xxx	0	0	95	81	32	62	0	0	196	231	255	0	1	1	xxx
1	99680	1	SN_ZONE_27000_04	Flaming Tree	xxx	xxx	0	0	87	81	75	84	0	0	255	255	255	1	0	1	xxx
1	99681	1	SN_ZONE_27000_05	North Camp	xxx	xxx	0	0	86	85	107	70	0	0	255	255	255	1	0	1	xxx
1	99682	1	SN_ZONE_27000_06	East Camp	xxx	xxx	0	0	90	81	120	10	0	0	255	255	255	1	0	1	xxx
1	99683	2	interface\worldmap\map\xy_maksa.ddj	East Camp	xxx	xxx	0	0	90	81	120	30	24	24	0	0	0	0	0	1	xxx
1	99684	2	interface\worldmap\map\xy_maksa.ddj	North Camp	xxx	xxx	0	0	86	85	107	42	24	24	0	0	0	0	0	1	xxx
1	99685	2	interface\worldmap\map\xy_gate.ddj	Devil's Garden TP	xxx	xxx	0	0	94	81	40	33	32	32	0	0	0	0	0	1	xxx
1	99686	2	interface\worldmap\map\xy_npc.ddj	Arabian Coast	Maribatun	xxx	0	0	90	77	51	59	16	16	0	0	0	0	0	1	SN_NPC_AR_SPECIAL_INVESTIGATION_2
1	99687	2	interface\worldmap\map\xy_npc.ddj	Arabian Coast	Assibatun	xxx	0	0	94	81	42	58	16	16	0	0	0	0	0	1	SN_NPC_AR_SPECIAL_SOLDIER_17
1	99688	2	interface\worldmap\map\xy_npc.ddj	Arabian Coast	Grung	xxx	0	0	82	77	126	33	16	16	0	0	0	0	0	1	SN_NPC_AR_SPECIAL_SOLDIER_11
1	99689	2	interface\worldmap\map\xy_npc.ddj	Arabian Coast	Dilun	xxx	0	0	82	81	125	56	16	16	0	0	0	0	0	1	SN_NPC_AR_SPECIAL_SOLDIER_15
//
1	99200	2	interface\worldmap\map\xy_market_1.ddj	장안	무역 상인 유선	로컬 장안맵	0	1	-1	-1	559	553	24	24	0	0	0	0	0	1	xxx
1	99201	2	interface\worldmap\map\xy_market_1.ddj	돈황	무역 상인 선화	로컬 돈황맵	0	2	-1	-1	337	517	24	24	0	0	0	0	0	1	xxx
1	99202	2	interface\worldmap\map\xy_market_1.ddj	콘스탄티노플	무역 상인 애냐	로컬 콘스탄티노플맵	0	5	-1	-1	280	457	24	24	0	0	0	0	0	1	xxx
1	99203	2	interface\worldmap\map\xy_market_1.ddj	중앙아시아	무역 상인 사만다	로컬 중앙아시아맵	0	4	-1	-1	264	281	24	24	0	0	0	0	0	1	xxx
1	99204	2	interface\worldmap\map\xy_market_1.ddj	호탄	무역 상인 샤본느	로컬 호탄맵	0	3	-1	-1	330	800	24	24	0	0	0	0	0	1	xxx
1	99205	2	interface\worldmap\map\xy_market_2.ddj	장안	밀무역 상인 챠오	로컬 장안맵	0	1	-1	-1	286	453	24	24	0	0	0	0	0	1	xxx
1	99206	2	interface\worldmap\map\xy_market_2.ddj	돈황	밀무역 상인 충호	로컬 돈황맵	0	2	-1	-1	466	447	24	24	0	0	0	0	0	1	xxx
1	99207	2	interface\worldmap\map\xy_market_2.ddj	콘스탄티노플	밀무역 상인 라울	로컬 콘스탄티노플맵	0	5	-1	-1	129	524	24	24	0	0	0	0	0	1	xxx
1	99208	2	interface\worldmap\map\xy_market_2.ddj	중앙아시아	밀무역 상인 바루스	로컬 중앙아시아맵	0	4	-1	-1	229	422	24	24	0	0	0	0	0	1	xxx
1	99209	2	interface\worldmap\map\xy_market_2.ddj	호탄	밀무역 상인 이슈타드	로컬 호탄맵	0	3	-1	-1	255	914	24	24	0	0	0	0	0	1	xxx
1	99210	2	interface\worldmap\map\xy_market_1.ddj	알렉산드리아	무역 상인 데나	로컬 알렉산드리아맵	0	12	-1	-1	306	833	24	24	0	0	0	0	0	1	xxx
1	99211	2	interface\worldmap\map\xy_market_2.ddj	알렉산드리아	밀무역 상인 시크	로컬 알렉산드리아맵	0	12	-1	-1	748	537	24	24	0	0	0	0	0	1	xxx
1	99214	2	interface\worldmap\map\xy_market_1.ddj	바그다드	무역상인 샤디아	로컬 바그다드맵	0	18	-1	-1	384	125	24	24	0	0	0	0	0	1	xxx
1	99215	2	interface\worldmap\map\xy_market_2.ddj	바그다드	밀무역상인 두바이	로컬 바그다드맵	0	18	-1	-1	591	454	24	24	0	0	0	0	0	1	xxx
1	99674	2	interface\worldmap\map\xy_npc.ddj	NPC 아이콘	무역상인 샤디아	로컬 바그다드맵	0	18	-1	-1	407	128	16	16	0	0	0	0	0	1	SN_NPC_AR_COMMERCE1
1	99675	2	interface\worldmap\map\xy_npc.ddj	NPC 아이콘	밀무역상인 두바이	로컬 바그다드맵	0	18	-1	-1	578	457	16	16	0	0	0	0	0	1	SN_NPC_AR_COMMERCE2
1	99212	2	interface\worldmap\map\xy_npc.ddj	알렉산드리아	무역 상인 데나	로컬 알렉산드리아맵	0	12	-1	-1	329	831	16	16	0	0	0	0	0	1	SN_NPC_SD_COMMERCE1
1	99213	2	interface\worldmap\map\xy_npc.ddj	알렉산드리아	밀무역 상인 시크	로컬 알렉산드리아맵	0	12	-1	-1	735	540	16	16	0	0	0	0	0	1	SN_NPC_SD_COMMERCE2
1	28418	1	SN_NPC_AR_COMMERCE1	무역상인 샤디아	무역상인 샤디아	로컬 바그다드맵	0	18	-1	-1	394	109	0	0	255	255	255	0	0	1	xxx
1	28419	1	SN_NPC_AR_COMMERCE2	밀무역상인 두바이	밀무역상인 두바이	로컬 바그다드맵	0	18	-1	-1	670	458	0	0	255	255	255	0	0	1	xxx
1	28010	1	SN_NPC_SD_COMMERCE1	알렉산드리아	무역 상인 데나	로컬 알렉산드리아맵	0	12	-1	-1	307	859	0	0	255	255	255	0	0	1	xxx
1	28011	1	SN_NPC_SD_COMMERCE2	알렉산드리아	밀무역 상인 시크	로컬 알렉산드리아맵	0	12	-1	-1	819	538	0	0	255	255	255	0	0	1	xxx
//
1	99308	2	interface\worldmap\map\xy_gate.ddj	동유럽 포날	거울차원으로 향하는 포탈	포탈	0	0	70	98	11	16	32	32	0	0	0	0	0	1	SN_ZONE_25800_20