source_archive	source_path	status	source_size	source_sha256_1mib	format_magic	output_path	output_size	output_sha256
Music.pk2	ARABIA_DESERT.ogg	VERIFIED	2057764	c6dbb01f4ce650b3f778ec8d632725a5a0ee33a118c21a0b4c8e430ac3788020	OggS	android-assets/audio/music/arabia_desert.ogg	2057764	d17e8b5513376f788a9bf11a8f356e9ee872a6a9a3880ab64f38c3c882de0a0f
Music.pk2	ARABIA_DUNGEON.ogg	VERIFIED	1880036	e33d8a0b64cbaf25027769f8cb66764546210dbf4f738578a54bdcc8c1c05ae9	OggS	android-assets/audio/music/arabia_dungeon.ogg	1880036	57bef90a48b95a4e299e41e5b0f08ce685a6abf18371719850b6b8d55051cdca
Music.pk2	ARABIA_FIELD.ogg	VERIFIED	2513198	d4b3ff708f8aa5b9562615def505245c999573c477405acecbcc83ece19e9279	OggS	android-assets/audio/music/arabia_field.ogg	2513198	fc38b381b15139aa91bdc487f8a7fd2ccd6b22165a96ffe9ad828f2504b411d9
Music.pk2	ARABIA_THIEF_BOSS.ogg	VERIFIED	2011972	5697c5289cc51ec08acf9f9eb37712185f5ddb397c959363ecafd90b6ba51710	OggS	android-assets/audio/music/arabia_thief_boss.ogg	2011972	93b9e4a188291c39230a2363cf92bf4782490f4005c53b1ff73cb2d7b12a5ceb
Music.pk2	ARABIA_TOWN.ogg	VERIFIED	2686186	f6b36d76faa4c7400fd78a6162d33af8be86a518b389a61930529ce9d4381230	OggS	android-assets/audio/music/arabia_town.ogg	2686186	bb9ea1655cd084d15796865b4b98abc0cb8f6c6c7850edbf07e4af7b8b64f2c7
Music.pk2	arabia_coast.ogg	VERIFIED	1458243	5ce96f5104716ab2d8a1c8d77ccd109ceee345b34d4ea2af02270186b37429a9	OggS	android-assets/audio/music/arabia_coast.ogg	1458243	9f20175c6d47d505f783d685f2ef83c17d913fbd3d10b9b07f353c8feb4e9a34
Music.pk2	arabia_login.ogg	VERIFIED	1899599	c5402f08e4299156355f9784b198a38267d3b89189521a1bbfe458522c1320e1	OggS	android-assets/audio/music/arabia_login.ogg	1899599	1598f8eed3e204bbbb617406fac12f99296fb499f9e6bbba1023e5dbdfae104d
Music.pk2	asiaminor_field.ogg	VERIFIED	974962	da38d8a3188929dfc307bdab11cbab3915247aa89532504014128d2d9379f1e6	OggS	android-assets/audio/music/asiaminor_field.ogg	974962	da38d8a3188929dfc307bdab11cbab3915247aa89532504014128d2d9379f1e6
Music.pk2	battlearena_1.ogg	VERIFIED	955091	66e2e55175c61767d9c9b7dd2fa4fb4f591e6ff0a10f64ea3239a647d52e9baf	OggS	android-assets/audio/music/battlearena_1.ogg	955091	66e2e55175c61767d9c9b7dd2fa4fb4f591e6ff0a10f64ea3239a647d52e9baf
Music.pk2	centralasia_field.ogg	VERIFIED	1187957	faf70e487a0bab9ab4b8874f1a3bc8154846ee72bcf61f2f32d79b84df09ac3c	OggS	android-assets/audio/music/centralasia_field.ogg	1187957	99826bf511772e0434524876e5a2361280e431e910bb45820375241d8e28e99f
Music.pk2	centralasia_town.ogg	VERIFIED	1466548	413adaad64439d3d6d1d83cd7fd6f2433b6fff403ee3800404bcf0cb8bff8b26	OggS	android-assets/audio/music/centralasia_town.ogg	1466548	4a4e926a54b88e030f8367ad7c78ed5704ade4dd18776d3d46193aebf44e0f5f
Music.pk2	donwhang_dungeon.ogg	VERIFIED	1854124	98845b565d4fada32b5800fd99ad7bf27777e93ebb4c390d8616ef3f1c4105c1	OggS	android-assets/audio/music/donwhang_dungeon.ogg	1854124	ee2d81d450dc6960db812a0c6daef8ba6d594df1660c3e8f4f53e30c02d004f9
Music.pk2	donwhang_field.ogg	VERIFIED	417420	caa140b15cec7c79794972d0faac62c86634da490c854db593bb52c41bca8ff4	OggS	android-assets/audio/music/donwhang_field.ogg	417420	caa140b15cec7c79794972d0faac62c86634da490c854db593bb52c41bca8ff4
Music.pk2	donwhang_town.ogg	VERIFIED	381829	14e3bbd252f527d9afa249628686ec0af986242fcdba0d34df700fc2053e355a	OggS	android-assets/audio/music/donwhang_town.ogg	381829	14e3bbd252f527d9afa249628686ec0af986242fcdba0d34df700fc2053e355a
Music.pk2	easterneurope_field.ogg	VERIFIED	950063	d66f103b8dc9810aa8383090807381cf52431fc64a200a8a5ec717f88a189de9	OggS	android-assets/audio/music/easterneurope_field.ogg	950063	d66f103b8dc9810aa8383090807381cf52431fc64a200a8a5ec717f88a189de9
Music.pk2	easterneurope_town.ogg	VERIFIED	1777382	44aa70bef3a6178036fab3d759974ee7e4a1eba8b1c44c6912f9849ebab57088	OggS	android-assets/audio/music/easterneurope_town.ogg	1777382	a3c875654e788350d33b353ea52bd7a119dd5f1eb3fc333a6ff2ca6743393ec7
Music.pk2	egypt_dungeon_pharaoh.ogg	VERIFIED	1798091	d48d01b63a1c44b0925d701a4598d69d350a29c30b66759b2a3993677b9ee0ae	OggS	android-assets/audio/music/egypt_dungeon_pharaoh.ogg	1798091	8bec73b6941d9fbcbc28e18e74d6fb363d4f016915888b6c60c30de3f8f531df
Music.pk2	egypt_dungeon_temple.ogg	VERIFIED	1962708	e253c318030a43d08a8dc5062ed59c7692dbcffe13c9f822be0e10eed6e813fa	OggS	android-assets/audio/music/egypt_dungeon_temple.ogg	1962708	dbf747d4914c8bf0035741a5d54ec3a9f7eb978a4c4a9e75fb43354e88b3ee6a
Music.pk2	egypt_field_delta.ogg	VERIFIED	1622692	ec26aa318e0f699eba22d2f2533fb8cf0b3f38c2ceda794f004de221dd582cab	OggS	android-assets/audio/music/egypt_field_delta.ogg	1622692	3ff9aa1319c6ec46771078caa4c891bad21bf0ac51e834b4bc983521d60b6e7b
Music.pk2	egypt_field_kingsvalley.ogg	VERIFIED	1327605	ea41a9d37afc7664839f80e334a1e1793b99ab2e36833a53d70e67460c9759f4	OggS	android-assets/audio/music/egypt_field_kingsvalley.ogg	1327605	afafe59ba8fa82d2277db1dce019ced35d090b3d1413624bd7f053e3604f6c9d
Music.pk2	egypt_field_stormdesert.ogg	VERIFIED	1406819	5c93bc753e6c60793eaed20e18b532f19d87e3299bcd8ae342adfcc91313813d	OggS	android-assets/audio/music/egypt_field_stormdesert.ogg	1406819	3fbb26d87958e7f367bd7d29ad7fd5e7849900122407019d10549210d36a9059
Music.pk2	egypt_town_alexandria1.ogg	VERIFIED	2202685	f2692cde7193d02869ad452eb6683142934aa62c0c101ca2a2521c480eb93b9f	OggS	android-assets/audio/music/egypt_town_alexandria1.ogg	2202685	2a4713592355461b47c66be26fc055300b66dafaf2ffa17683bc1d316e46cd8e
Music.pk2	egypt_town_alexandria2.ogg	VERIFIED	2209906	4c4ade8c4898a692a3e757df578274dbdf80ba952dca17a38baae63c731430da	OggS	android-assets/audio/music/egypt_town_alexandria2.ogg	2209906	0f9eac1843db0a9ba7342e9cb341bc3d6f17974f8bf3dcfd5763a5d9b944a79b
Music.pk2	event_carol_01.ogg	VERIFIED	1642342	3ced10963e3d59d4d92630c174b01040b91d14709310c1160079e8df7d4730f8	OggS	android-assets/audio/music/event_carol_01.ogg	1642342	58f60a22fadde50f9f9ca7b672247b32f5560b02bbd8ff751c915a18b67c044f
Music.pk2	event_carol_02.ogg	VERIFIED	1557935	6db25743df506f28e27a4cb7525f5c9cdd0a9dd73517a83ed4ba9209b2dfb7de	OggS	android-assets/audio/music/event_carol_02.ogg	1557935	b814b3c0728334d75040b703fe8e9a52a903fd6ef6174c0b27275922f58f0843
Music.pk2	event_carol_03.ogg	VERIFIED	1554931	fdcfb887cf3228980735ff32202dd1d979d8c996549672a95f20a654318230b3	OggS	android-assets/audio/music/event_carol_03.ogg	1554931	3b23c0d5f87b50192feabfa2eae7f915b22b32190199b82160fe72f4726b86ba
Music.pk2	event_carol_04.ogg	VERIFIED	1288019	5d72b074bb0791ecbe1eaaee5000c720bfdb0c11fc82cb7a5684dbf07c0d907c	OggS	android-assets/audio/music/event_carol_04.ogg	1288019	4e5ff6648859938d9a55ce3aba7c6b5063c9b816240ffccff3a3bb60c0f9a8fe
Music.pk2	event_festival.ogg	VERIFIED	1400651	ccc21acd3dcb19c231bd06cc5e35b9702802ae0eac9a8dc585c1f822a49b0ea4	OggS	android-assets/audio/music/event_festival.ogg	1400651	acf45daf4d131fdc6e000cd7e11a87dd8d6e87dfbd6d78dc54c15c22961e1ea3
Music.pk2	event_ghost.ogg	VERIFIED	1414128	6024c7b0adafa7c0de361282a0a2c3fd42cc7f1105cbfa5862c18acd8b0086ee	OggS	android-assets/audio/music/event_ghost.ogg	1414128	6904add39dfe32481c4a5b9e6fa7114faab11cb61a768c90ce94e51ee8d03a4f
Music.pk2	forgotten_flame.ogg	VERIFIED	1779786	0aa18d855b257ab01a648620ac1eb59155eb656043d37054f7b5a991a35540ed	OggS	android-assets/audio/music/forgotten_flame.ogg	1779786	d5dc4825ba71fa63e30408ea0d8b6523e96e2df7d72524cef4e51fef02517cf0
Music.pk2	forgotten_ghost.ogg	VERIFIED	1685048	ce0dad98a95d8fb0e3e99b5f12266510158c685159c94af08048d15f3d49c4a1	OggS	android-assets/audio/music/forgotten_ghost.ogg	1685048	8a0317795c53e701ea70bfb9ccbfd42d1165fccf4cc3ddc0ab1b6256fa786809
Music.pk2	forgotten_togui.ogg	VERIFIED	2053477	0b3d99f252101195f71ad16cf1ab880fdeb6262eb6f95aca8075107ec798ff43	OggS	android-assets/audio/music/forgotten_togui.ogg	2053477	82f86e554c0d1cc5f714f9d521c8ad57b6bc4f4ebbc8d979f0cc067b9a2d549a
Music.pk2	fortress_war.ogg	VERIFIED	1221566	de17fc84e294625300fc3f5b16ad2ec8002054f25bda64bede5de7e9011dd70a	OggS	android-assets/audio/music/fortress_war.ogg	1221566	bee0bd0d326e63ddf431d410dce8e760b91e0e4a8678a5f0b222a88fee60110d
Music.pk2	gods_garden.ogg	VERIFIED	1350842	40f5f9a58e105b6306e5ce73e068f4b24f79765bee3fd5951cd0d798ef7a46c2	OggS	android-assets/audio/music/gods_garden.ogg	1350842	f7e04d5748d40cdd3e82a5aaf21d61fc6a0cc61b5e9a4384e877b3563a001ad2
Music.pk2	hotan_field.ogg	VERIFIED	1560205	74741805644f82c6c602b1c5a8046c1471b6c342a6c31006c4e5631a02e52070	OggS	android-assets/audio/music/hotan_field.ogg	1560205	a7aa719e7a2096bf83f0e52c72850420d9fddd71f31b7d9bf98f09657ea6489d
Music.pk2	jangan_field.ogg	VERIFIED	475571	e1ee5a2af2fd1ba378898430f9a2857219a09ddf14d8dbe81b859bd73b5fe003	OggS	android-assets/audio/music/jangan_field.ogg	475571	e1ee5a2af2fd1ba378898430f9a2857219a09ddf14d8dbe81b859bd73b5fe003
Music.pk2	jangan_town.ogg	VERIFIED	470512	96d6792423ccd73fdbe52179fbc643827f50375fd01e5692687175ed22e07674	OggS	android-assets/audio/music/jangan_town.ogg	470512	96d6792423ccd73fdbe52179fbc643827f50375fd01e5692687175ed22e07674
Music.pk2	jinsi_dungeon.ogg	VERIFIED	1000930	d7e7d0b352531a8bdc12e4e17eea62d35b5d1688bc289896febec79e79bedfa5	OggS	android-assets/audio/music/jinsi_dungeon.ogg	1000930	d7e7d0b352531a8bdc12e4e17eea62d35b5d1688bc289896febec79e79bedfa5
Music.pk2	jupiter_a.ogg	VERIFIED	2011198	0e2c468bd342a7d98b2535fd9cba5c7200a4647c929174b55484205690c866f9	OggS	android-assets/audio/music/jupiter_a.ogg	2011198	cee82fbd3bce114bb9ad5df5f5cfb4936ffe226ee124e91088bf93b2dd9cdc58
Music.pk2	jupiter_a_boss.ogg	VERIFIED	1691532	1b027a336c475ec5c5a33a074a1987e56ae05e62041ba775fd109433b978f51c	OggS	android-assets/audio/music/jupiter_a_boss.ogg	1691532	bfc740ac39298e2b6f720c59ffb595295dc9188c7ee4c24d618da36fe5eb4024
Music.pk2	jupiter_field.ogg	VERIFIED	1798971	15afd36e4b3a6dccfaa2551f58a13367825639e95d87fe82f2a9899d23f992a5	OggS	android-assets/audio/music/jupiter_field.ogg	1798971	a9b734e748eb2733d65c0aa8acecf43add11fa3a669397fb42c80e8736ffa780
Music.pk2	karakoram_field.ogg	VERIFIED	1258985	6787415ae2b2320d1c8657ffc9a75bf5dac4834a63b7342427b0d21788a5626d	OggS	android-assets/audio/music/karakoram_field.ogg	1258985	df42be89d7ef763886b642f9e1cf7a5084538155187c37176323cfb45f3d2a49
Music.pk2	maintheme_cut.ogg	VERIFIED	814029	7d050d3ff1140415e9094d92f75e2cbf2916cc0508d143d7ffada11d63791897	OggS	android-assets/audio/music/maintheme_cut.ogg	814029	7d050d3ff1140415e9094d92f75e2cbf2916cc0508d143d7ffada11d63791897
Music.pk2	mtrok_field.ogg	VERIFIED	1427903	f437dc6164b27e9ce8eb81a634b6d02c31278ed91a5f903db0107b620545c585	OggS	android-assets/audio/music/mtrok_field.ogg	1427903	dfac58cb500cfe0b9cf6967a56af80ce64872506921c2db0d428a3b1acb1b7ed
Music.pk2	petra_dungeon.ogg	VERIFIED	1464711	3df21b32f6dafdbc8e45b5c941b0fbb0fa6fd0d8c771ac89e85485074bd55999	OggS	android-assets/audio/music/petra_dungeon.ogg	1464711	ac719c432aea94d74517e2b8d50048b3cd30f8bc6585434d5cbe9e136636f251
Music.pk2	roc_battle.ogg	VERIFIED	1357266	6cc9a6e3d31d9c6ce50b536f13a70fc119009c491983b15c4727c5b0ebf38a25	OggS	android-assets/audio/music/roc_battle.ogg	1357266	bee910ccf80a48bd3dd8976f7a5a9de3152c244b7950b2f47fb5a1cebaec9d82
Music.pk2	roc_bgm_total.ogg	VERIFIED	772834	4c2e65f2844f302723cb2020dd71fe7e5ac06202de306dffab0495f296ca3905	OggS	android-assets/audio/music/roc_bgm_total.ogg	772834	4c2e65f2844f302723cb2020dd71fe7e5ac06202de306dffab0495f296ca3905
Music.pk2	roc_entrance.ogg	VERIFIED	557673	83896a00b8195273504a2b605b7b93b9a4b71d23ae820173dd8bcb35cb0b0d10	OggS	android-assets/audio/music/roc_entrance.ogg	557673	83896a00b8195273504a2b605b7b93b9a4b71d23ae820173dd8bcb35cb0b0d10
Music.pk2	shiningstar.ogg	VERIFIED	4454280	196361b87657cc025e82d8e327c9e619b3dbfa61d0725b9ac62a920e4263c600	OggS	android-assets/audio/music/shiningstar.ogg	4454280	cb1ac557dcedcc8d4940cab67dea3cdee94fb8842c4978046cddf684f195a7cc
Music.pk2	taklamakan_field.ogg	VERIFIED	1407306	449414420d351b67f49558d9898c6fe09bd6e37d5e75576efbbdbc811ad5c7ed	OggS	android-assets/audio/music/taklamakan_field.ogg	1407306	d10616f0d9190510599932d468f3cd73d8e2515d81d5535ec8c09836b214dada
Data.pk2	prim/snd/monster/Cara_WSN_ATTACK03.wav	VERIFIED	140460	453322d05bbf84693c6fab40401d3ee7d9b56ec90f74715f16c5513c5e40d5e4	RIFF	android-assets/audio/sfx/monster/cara_wsn_attack03.wav	140460	453322d05bbf84693c6fab40401d3ee7d9b56ec90f74715f16c5513c5e40d5e4
Data.pk2	prim/snd/monster/Cara_WSN_ATTACK04.wav	VERIFIED	177210	5f95bf11b954b131563bb4f5eeb6876c770daf9c25e5f017419bb98f6bcc8551	RIFF	android-assets/audio/sfx/monster/cara_wsn_attack04.wav	177210	5f95bf11b954b131563bb4f5eeb6876c770daf9c25e5f017419bb98f6bcc8551
Data.pk2	prim/snd/monster/Cara_WSN_ATTACK05.wav	VERIFIED	231974	0770dbc8fde68f37c9e679e51e3392f4b1dc4e6d35ba8e851bfc246c01688b89	RIFF	android-assets/audio/sfx/monster/cara_wsn_attack05.wav	231974	0770dbc8fde68f37c9e679e51e3392f4b1dc4e6d35ba8e851bfc246c01688b89
Data.pk2	prim/snd/monster/Cara_WSN_ATTACK06.wav	VERIFIED	199380	dba1c31b5d807d9a1ed1991255f98b87b84abaa53dbc189882558781ca6f40f2	RIFF	android-assets/audio/sfx/monster/cara_wsn_attack06.wav	199380	dba1c31b5d807d9a1ed1991255f98b87b84abaa53dbc189882558781ca6f40f2
Data.pk2	prim/snd/monster/cara_bunwang_die.wav	VERIFIED	114892	7ef57ec0b1ee57cdd95d9b7140c5745cf4783a791e1f69066b5d0db901946824	RIFF	android-assets/audio/sfx/monster/cara_bunwang_die.wav	114892	7ef57ec0b1ee57cdd95d9b7140c5745cf4783a791e1f69066b5d0db901946824
Data.pk2	prim/snd/monster/cara_bunwang_moan1.wav	VERIFIED	25132	194f7e4d8322cbb1ef3b0c7efb09a4632e4a006f5c7596cbe05e5702ac5b1ae0	RIFF	android-assets/audio/sfx/monster/cara_bunwang_moan1.wav	25132	194f7e4d8322cbb1ef3b0c7efb09a4632e4a006f5c7596cbe05e5702ac5b1ae0
Data.pk2	prim/snd/monster/cara_bunwang_moan2.wav	VERIFIED	44262	708773ad3563f97ccd6b84ffbaa08eb27f9f0a959b7e2ce687f5824aa4ed6ac6	RIFF	android-assets/audio/sfx/monster/cara_bunwang_moan2.wav	44262	708773ad3563f97ccd6b84ffbaa08eb27f9f0a959b7e2ce687f5824aa4ed6ac6
Data.pk2	prim/snd/monster/cara_bunwang_shout.wav	VERIFIED	20814	ca4eab384091c04270ec7f92edeab1a1382ebda0af134ad9d8bf34d4b46b7a1f	RIFF	android-assets/audio/sfx/monster/cara_bunwang_shout.wav	20814	ca4eab384091c04270ec7f92edeab1a1382ebda0af134ad9d8bf34d4b46b7a1f
Data.pk2	prim/snd/monster/cara_bunwang_shout_a.wav	VERIFIED	36904	4910034f44347c728314a8fe835189b6fcb8f70e1a6066c00179bee1bd0f815e	RIFF	android-assets/audio/sfx/monster/cara_bunwang_shout_a.wav	36904	4910034f44347c728314a8fe835189b6fcb8f70e1a6066c00179bee1bd0f815e
Data.pk2	prim/snd/monster/cara_bunwang_shout_b.wav	VERIFIED	66334	6f23eb4d38e2a74c100c1c232e8fa3a83b97d6348536f97eb6c1eeb69b6be67d	RIFF	android-assets/audio/sfx/monster/cara_bunwang_shout_b.wav	66334	6f23eb4d38e2a74c100c1c232e8fa3a83b97d6348536f97eb6c1eeb69b6be67d
Data.pk2	prim/snd/monster/cara_bunwang_stand.wav	VERIFIED	110474	c1bfa62a2a09b9050198fde435b1f66c27c3721e6480bff0064ff9e01061ba0a	RIFF	android-assets/audio/sfx/monster/cara_bunwang_stand.wav	110474	c1bfa62a2a09b9050198fde435b1f66c27c3721e6480bff0064ff9e01061ba0a
Data.pk2	prim/snd/monster/cara_bunwang_thud.wav	VERIFIED	21516	2a2d850723d5462c9196bc29465f852d30ceb333c58dd53209832c0aee49c5ef	RIFF	android-assets/audio/sfx/monster/cara_bunwang_thud.wav	21516	2a2d850723d5462c9196bc29465f852d30ceb333c58dd53209832c0aee49c5ef
Data.pk2	prim/snd/monster/cara_bunwang_walk.wav	VERIFIED	9394	a955f3ca580b33157db77615a6414269d6f6e44abf476ba403d7be8f3ea4692d	RIFF	android-assets/audio/sfx/monster/cara_bunwang_walk.wav	9394	a955f3ca580b33157db77615a6414269d6f6e44abf476ba403d7be8f3ea4692d
Data.pk2	prim/snd/monster/cara_esutar_die.wav	VERIFIED	224500	0db963abfa809e01a016020a91c3227d3b8a0d7936ffe15002eec5c21adbd754	RIFF	android-assets/audio/sfx/monster/cara_esutar_die.wav	224500	0db963abfa809e01a016020a91c3227d3b8a0d7936ffe15002eec5c21adbd754
Data.pk2	prim/snd/monster/cara_esutar_icehit.wav	VERIFIED	29554	14b074b1c8079a1bebd3250b0bbc6b67248a735ce8b942117c6c81bc5354a8ef	RIFF	android-assets/audio/sfx/monster/cara_esutar_icehit.wav	29554	14b074b1c8079a1bebd3250b0bbc6b67248a735ce8b942117c6c81bc5354a8ef
Data.pk2	prim/snd/monster/cara_esutar_icestorm.wav	VERIFIED	44268	6442a363a35c68e47fa24f13b53f1d5fc76c2ca4d1e63ecd2a257663ec57e1af	RIFF	android-assets/audio/sfx/monster/cara_esutar_icestorm.wav	44268	6442a363a35c68e47fa24f13b53f1d5fc76c2ca4d1e63ecd2a257663ec57e1af
Data.pk2	prim/snd/monster/cara_esutar_magintrap.wav	VERIFIED	75168	a0691ce89e92ee96178dd077321e71e968398e51addf5f5a917ad179258e2880	RIFF	android-assets/audio/sfx/monster/cara_esutar_magintrap.wav	75168	a0691ce89e92ee96178dd077321e71e968398e51addf5f5a917ad179258e2880
Data.pk2	prim/snd/monster/cara_esutar_moan1.wav	VERIFIED	53498	29dbf7a1f06b3e33687637f8ae92a8187b7db42b381032481bd9a2be20111182	RIFF	android-assets/audio/sfx/monster/cara_esutar_moan1.wav	53498	29dbf7a1f06b3e33687637f8ae92a8187b7db42b381032481bd9a2be20111182
Data.pk2	prim/snd/monster/cara_esutar_moan2.wav	VERIFIED	98712	69544c30dcc04a237913227ac1b5291a5b3c8cae7ed47b9a0b920309d5f92006	RIFF	android-assets/audio/sfx/monster/cara_esutar_moan2.wav	98712	69544c30dcc04a237913227ac1b5291a5b3c8cae7ed47b9a0b920309d5f92006
Data.pk2	prim/snd/monster/cara_esutar_shout_a.wav	VERIFIED	134026	55b21eab57acc0801d591080cc916b7605060c25ace1215ba3d93f87b31cf445	RIFF	android-assets/audio/sfx/monster/cara_esutar_shout_a.wav	134026	55b21eab57acc0801d591080cc916b7605060c25ace1215ba3d93f87b31cf445
Data.pk2	prim/snd/monster/cara_esutar_shout_b.wav	VERIFIED	104598	db742a5efc1df55cb06f2d1eac77e3702ef5a6bf7da9c22dd5478334b36f0c7e	RIFF	android-assets/audio/sfx/monster/cara_esutar_shout_b.wav	104598	db742a5efc1df55cb06f2d1eac77e3702ef5a6bf7da9c22dd5478334b36f0c7e
Data.pk2	prim/snd/monster/cara_esutar_stand.wav	VERIFIED	122250	43623f9416b9972ab7b3f12766de6960c6c0d3692a7a80377cba832b7b19915a	RIFF	android-assets/audio/sfx/monster/cara_esutar_stand.wav	122250	43623f9416b9972ab7b3f12766de6960c6c0d3692a7a80377cba832b7b19915a
Data.pk2	prim/snd/monster/cara_penon_die.wav	VERIFIED	111950	61a36aa17268ba5cfc195012a64160d595a23de63c3762fe8f542bcafd517748	RIFF	android-assets/audio/sfx/monster/cara_penon_die.wav	111950	61a36aa17268ba5cfc195012a64160d595a23de63c3762fe8f542bcafd517748
Data.pk2	prim/snd/monster/cara_penon_moan1.wav	VERIFIED	74480	28642a3a7c2508e46a328fdf21bd384b87742fe52a60f0897370ad2d9d31b22f	RIFF	android-assets/audio/sfx/monster/cara_penon_moan1.wav	74480	28642a3a7c2508e46a328fdf21bd384b87742fe52a60f0897370ad2d9d31b22f
Data.pk2	prim/snd/monster/cara_penon_moan2.wav	VERIFIED	92716	2b173e97f2343436e62b9ff17e10b056fa1e6516c1c4e95ecc3cabaf1c758a92	RIFF	android-assets/audio/sfx/monster/cara_penon_moan2.wav	92716	2b173e97f2343436e62b9ff17e10b056fa1e6516c1c4e95ecc3cabaf1c758a92
Data.pk2	prim/snd/monster/cara_penon_shout_a.wav	VERIFIED	58976	c5d4f1ac10e03f0724bdda0d96f573a1b680eacf61e4799f6df0c314b71e342d	RIFF	android-assets/audio/sfx/monster/cara_penon_shout_a.wav	58976	c5d4f1ac10e03f0724bdda0d96f573a1b680eacf61e4799f6df0c314b71e342d
Data.pk2	prim/snd/monster/cara_penon_shout_b.wav	VERIFIED	83992	7664abf658e6aa5a4f314484da992127729c6c5033779e03fc1561532dc8f481	RIFF	android-assets/audio/sfx/monster/cara_penon_shout_b.wav	83992	7664abf658e6aa5a4f314484da992127729c6c5033779e03fc1561532dc8f481
Data.pk2	prim/snd/monster/cara_penon_stand.wav	VERIFIED	117832	dab5c1778af25413d6975508ad70067e56ae0d2b894a9f60dcf1c0af1f8a7b1d	RIFF	android-assets/audio/sfx/monster/cara_penon_stand.wav	117832	dab5c1778af25413d6975508ad70067e56ae0d2b894a9f60dcf1c0af1f8a7b1d
Data.pk2	prim/snd/monster/cara_penon_walk.wav	VERIFIED	11886	bf5843936c56e8a0f923e9f8aca47f332692a0b2cdb1990412badf74565306ac	RIFF	android-assets/audio/sfx/monster/cara_penon_walk.wav	11886	bf5843936c56e8a0f923e9f8aca47f332692a0b2cdb1990412badf74565306ac
Data.pk2	prim/snd/monster/cara_plana_die.wav	VERIFIED	136824	073fad684818f566e2733ca91b2ddd7fd483ab8d9240d18ba26c11c60aea7dc3	RIFF	android-assets/audio/sfx/monster/cara_plana_die.wav	136824	073fad684818f566e2733ca91b2ddd7fd483ab8d9240d18ba26c11c60aea7dc3
Data.pk2	prim/snd/monster/cara_plana_icehit.wav	VERIFIED	35438	c6c43428d2f3584e6ba4e4878bf8cfb0d6dea825b653d74ad4c5f6af74d6dcc2	RIFF	android-assets/audio/sfx/monster/cara_plana_icehit.wav	35438	c6c43428d2f3584e6ba4e4878bf8cfb0d6dea825b653d74ad4c5f6af74d6dcc2
Data.pk2	prim/snd/monster/cara_plana_iceswing.wav	VERIFIED	32496	62a467d1c7a598686501d5d353aa12b6f079c88875d2157b16ba82020110a60e	RIFF	android-assets/audio/sfx/monster/cara_plana_iceswing.wav	32496	62a467d1c7a598686501d5d353aa12b6f079c88875d2157b16ba82020110a60e
Data.pk2	prim/snd/monster/cara_plana_moan1.wav	VERIFIED	54564	b9a6649ee40624fb4c8b8c5614666d013f88ad2d54424ccc5557e6e7841b9b2d	RIFF	android-assets/audio/sfx/monster/cara_plana_moan1.wav	54564	b9a6649ee40624fb4c8b8c5614666d013f88ad2d54424ccc5557e6e7841b9b2d
Data.pk2	prim/snd/monster/cara_plana_moan2.wav	VERIFIED	113422	1f2f141ebe18f3b272eae59e650ca316c50930acde9c7383ac1fac868f05e002	RIFF	android-assets/audio/sfx/monster/cara_plana_moan2.wav	113422	1f2f141ebe18f3b272eae59e650ca316c50930acde9c7383ac1fac868f05e002
Data.pk2	prim/snd/monster/cara_plana_shout_a.wav	VERIFIED	61922	4e3c5459a8ab59381e5b144528357d7ec097098eb42fbbb2cd6a53612e90e6ec	RIFF	android-assets/audio/sfx/monster/cara_plana_shout_a.wav	61922	4e3c5459a8ab59381e5b144528357d7ec097098eb42fbbb2cd6a53612e90e6ec
Data.pk2	prim/snd/monster/cara_plana_shout_b.wav	VERIFIED	92822	818f8ba521b0a18eace863e857ac20bc8f1a203e66421911be0382cfe392ffd6	RIFF	android-assets/audio/sfx/monster/cara_plana_shout_b.wav	92822	818f8ba521b0a18eace863e857ac20bc8f1a203e66421911be0382cfe392ffd6
Data.pk2	prim/snd/monster/cara_plana_stand.wav	VERIFIED	117834	620561528921937ffc5845f96073a13d7449ef8012783395428a8566b908c2f1	RIFF	android-assets/audio/sfx/monster/cara_plana_stand.wav	117834	620561528921937ffc5845f96073a13d7449ef8012783395428a8566b908c2f1
Data.pk2	prim/snd/monster/cara_plana_wavehit.wav	VERIFIED	50152	309fc96035f99436c5ba7573863e640092bb72c7d3ab7f6f5ca0501aa152650c	RIFF	android-assets/audio/sfx/monster/cara_plana_wavehit.wav	50152	309fc96035f99436c5ba7573863e640092bb72c7d3ab7f6f5ca0501aa152650c
Data.pk2	prim/snd/monster/cara_plana_waveswing.wav	VERIFIED	63396	bf52ad31fce708e4b27d3db98fcf2922ee0e29609325fbce13664423e3974a31	RIFF	android-assets/audio/sfx/monster/cara_plana_waveswing.wav	63396	bf52ad31fce708e4b27d3db98fcf2922ee0e29609325fbce13664423e3974a31
Data.pk2	prim/snd/monster/cara_wsn_die.wav	VERIFIED	75630	9026484e92ac191e01618dcf01709daf3cd0a332778f53e096f1d30444362e53	RIFF	android-assets/audio/sfx/monster/cara_wsn_die.wav	75630	9026484e92ac191e01618dcf01709daf3cd0a332778f53e096f1d30444362e53
Data.pk2	prim/snd/monster/cara_wsn_moan1.wav	VERIFIED	28078	9ee201f5ce7b98f695a8acc352d57bbf96b6b43cd5b82e5e9f3a0cc44a259616	RIFF	android-assets/audio/sfx/monster/cara_wsn_moan1.wav	28078	9ee201f5ce7b98f695a8acc352d57bbf96b6b43cd5b82e5e9f3a0cc44a259616
Data.pk2	prim/snd/monster/cara_wsn_moan2.wav	VERIFIED	50148	d96802ae337ff971cbe9cb1aaf3d0d44715bf4579723d8d733b2130341ec6702	RIFF	android-assets/audio/sfx/monster/cara_wsn_moan2.wav	50148	d96802ae337ff971cbe9cb1aaf3d0d44715bf4579723d8d733b2130341ec6702
Data.pk2	prim/snd/monster/cara_wsn_shout_a.wav	VERIFIED	26606	2c4780bc44f24ab9cf13bbd9cace5704d34787ac5b0bf28436330f4a98240e93	RIFF	android-assets/audio/sfx/monster/cara_wsn_shout_a.wav	26606	2c4780bc44f24ab9cf13bbd9cace5704d34787ac5b0bf28436330f4a98240e93
Data.pk2	prim/snd/monster/cara_wsn_shout_b.wav	VERIFIED	47206	1163decaad87902c5989acd09e468100198b025ab7437c59a553e4e33bd50c3f	RIFF	android-assets/audio/sfx/monster/cara_wsn_shout_b.wav	47206	1163decaad87902c5989acd09e468100198b025ab7437c59a553e4e33bd50c3f
Data.pk2	prim/snd/monster/cara_wsn_stand.wav	VERIFIED	82294	8ef651cfa7b7584c02173d4ce3035b81f38399b71f9a7a16f503e564f736caa4	RIFF	android-assets/audio/sfx/monster/cara_wsn_stand.wav	82294	8ef651cfa7b7584c02173d4ce3035b81f38399b71f9a7a16f503e564f736caa4
Data.pk2	prim/snd/monster/cara_wsn_swing.wav	VERIFIED	14094	f1bdf6b172c013a9970ba0ce76d2c345d61f342906862fb5f415f3278461ced2	RIFF	android-assets/audio/sfx/monster/cara_wsn_swing.wav	14094	f1bdf6b172c013a9970ba0ce76d2c345d61f342906862fb5f415f3278461ced2
Data.pk2	prim/snd/monster/cara_wsn_walk.wav	VERIFIED	23130	8ec7cc5e887eb733b8c0bc878385435d2ac8bd22b2fe048755edacacd159e540	RIFF	android-assets/audio/sfx/monster/cara_wsn_walk.wav	23130	8ec7cc5e887eb733b8c0bc878385435d2ac8bd22b2fe048755edacacd159e540
Data.pk2	prim/snd/monster/cara_wspider_die.wav	VERIFIED	50654	0a02e46c1bc0a7baffd61cb9ff3852011db6a0f6d70826caf3093136bd1a5bdd	RIFF	android-assets/audio/sfx/monster/cara_wspider_die.wav	50654	0a02e46c1bc0a7baffd61cb9ff3852011db6a0f6d70826caf3093136bd1a5bdd
Data.pk2	prim/snd/monster/cara_wspider_moan1.wav	VERIFIED	27246	6e2228b9b143107906b2a6eba880cd957c224d4c86eed5f8c35ae8e79c848974	RIFF	android-assets/audio/sfx/monster/cara_wspider_moan1.wav	27246	6e2228b9b143107906b2a6eba880cd957c224d4c86eed5f8c35ae8e79c848974
Data.pk2	prim/snd/monster/cara_wspider_moan2.wav	VERIFIED	22644	db899be961a81efd5c1cbc0c8b2db431e5af2ad38bd34b0cfd04136cc555bcc3	RIFF	android-assets/audio/sfx/monster/cara_wspider_moan2.wav	22644	db899be961a81efd5c1cbc0c8b2db431e5af2ad38bd34b0cfd04136cc555bcc3
Data.pk2	prim/snd/monster/cara_wspider_shout.wav	VERIFIED	17806	8eec0a3bc86f997c4550ca229c5e30a87faa4679bddffc6fa6802b1e5fdcbef5	RIFF	android-assets/audio/sfx/monster/cara_wspider_shout.wav	17806	8eec0a3bc86f997c4550ca229c5e30a87faa4679bddffc6fa6802b1e5fdcbef5
Data.pk2	prim/snd/monster/cara_wspider_skillswing.wav	VERIFIED	14094	f1bdf6b172c013a9970ba0ce76d2c345d61f342906862fb5f415f3278461ced2	RIFF	android-assets/audio/sfx/monster/cara_wspider_skillswing.wav	14094	f1bdf6b172c013a9970ba0ce76d2c345d61f342906862fb5f415f3278461ced2
Data.pk2	prim/snd/monster/cara_wspider_walk.wav	VERIFIED	23130	8ec7cc5e887eb733b8c0bc878385435d2ac8bd22b2fe048755edacacd159e540	RIFF	android-assets/audio/sfx/monster/cara_wspider_walk.wav	23130	8ec7cc5e887eb733b8c0bc878385435d2ac8bd22b2fe048755edacacd159e540
Data.pk2	prim/snd/monster/cara_yeti_die.wav	VERIFIED	103122	aac517d77f9557bcaa9ab64dd525305f0cce6727a57563a77074bc8e3d1cf77f	RIFF	android-assets/audio/sfx/monster/cara_yeti_die.wav	103122	aac517d77f9557bcaa9ab64dd525305f0cce6727a57563a77074bc8e3d1cf77f
Data.pk2	prim/snd/monster/cara_yeti_moan1.wav	VERIFIED	31022	b87dfe7844c3dfa704f8257bf2752c5c0151e8bd44a15e662f153a02e3474415	RIFF	android-assets/audio/sfx/monster/cara_yeti_moan1.wav	31022	b87dfe7844c3dfa704f8257bf2752c5c0151e8bd44a15e662f153a02e3474415
Data.pk2	prim/snd/monster/cara_yeti_moan2.wav	VERIFIED	64862	a1ecedbdd3ae04f03b577c33bbf8463896fbda5bb71657184254a9f6996093df	RIFF	android-assets/audio/sfx/monster/cara_yeti_moan2.wav	64862	a1ecedbdd3ae04f03b577c33bbf8463896fbda5bb71657184254a9f6996093df
Data.pk2	prim/snd/monster/cara_yeti_shout_a.wav	VERIFIED	63394	eb3e604bb8fb269a9d68bf0dc0d1f4c7e250054ec85e81354be757d57afd7532	RIFF	android-assets/audio/sfx/monster/cara_yeti_shout_a.wav	63394	eb3e604bb8fb269a9d68bf0dc0d1f4c7e250054ec85e81354be757d57afd7532
Data.pk2	prim/snd/monster/cara_yeti_shout_b.wav	VERIFIED	58978	86f965a169c29e1a48fd4ae36ecbdae15748cfd1765956f1e926cc9245c43374	RIFF	android-assets/audio/sfx/monster/cara_yeti_shout_b.wav	58978	86f965a169c29e1a48fd4ae36ecbdae15748cfd1765956f1e926cc9245c43374
Data.pk2	prim/snd/monster/cara_yeti_stand.wav	VERIFIED	94350	0d4e999bf66484b5ec201265770195bc61ae3290ab5c0f26cd3bd62e7bd6357b	RIFF	android-assets/audio/sfx/monster/cara_yeti_stand.wav	94350	0d4e999bf66484b5ec201265770195bc61ae3290ab5c0f26cd3bd62e7bd6357b
Data.pk2	prim/snd/monster/cara_yeti_walk.wav	VERIFIED	16300	afe0ce74e409940c58d1197cc9d93e8fc37e2f3dca12824385c36d6bf937a4a3	RIFF	android-assets/audio/sfx/monster/cara_yeti_walk.wav	16300	afe0ce74e409940c58d1197cc9d93e8fc37e2f3dca12824385c36d6bf937a4a3
Data.pk2	prim/snd/monster/cm_bandit_die.wav	VERIFIED	61740	4a982c6391f224c4100cda70222db8b169c16a5435434e4b12afd25113e371d3	RIFF	android-assets/audio/sfx/monster/cm_bandit_die.wav	61740	4a982c6391f224c4100cda70222db8b169c16a5435434e4b12afd25113e371d3
Data.pk2	prim/snd/monster/cm_bandit_die_a.wav	VERIFIED	70700	a602df0b04c07c1812ca7701ffc498a73ff4d21b62ae813e3b4eda53f6101951	RIFF	android-assets/audio/sfx/monster/cm_bandit_die_a.wav	70700	a602df0b04c07c1812ca7701ffc498a73ff4d21b62ae813e3b4eda53f6101951
Data.pk2	prim/snd/monster/cm_bandit_die_b.wav	VERIFIED	74668	656081034b4b7b758cb9467ab7fe57638b08a3990ec66d6b6473c0b7104c4c3a	RIFF	android-assets/audio/sfx/monster/cm_bandit_die_b.wav	74668	656081034b4b7b758cb9467ab7fe57638b08a3990ec66d6b6473c0b7104c4c3a
Data.pk2	prim/snd/monster/cm_bandit_moan1.wav	VERIFIED	16556	6bada540137c65ed70dc4ff77ba7828cf64f1dd253515e1929845f4885c3500d	RIFF	android-assets/audio/sfx/monster/cm_bandit_moan1.wav	16556	6bada540137c65ed70dc4ff77ba7828cf64f1dd253515e1929845f4885c3500d
Data.pk2	prim/snd/monster/cm_bandit_moan2.wav	VERIFIED	46508	4fbc8413526b547769ba46f3d9872dd405600686313d487cfe932b52f1260ecd	RIFF	android-assets/audio/sfx/monster/cm_bandit_moan2.wav	46508	4fbc8413526b547769ba46f3d9872dd405600686313d487cfe932b52f1260ecd
Data.pk2	prim/snd/monster/cm_bandit_shout_a.wav	VERIFIED	23468	2e59d6fd2eea97febd76e486af6e66577e3e416c9699460bd67ccdc95ef3b5a2	RIFF	android-assets/audio/sfx/monster/cm_bandit_shout_a.wav	23468	2e59d6fd2eea97febd76e486af6e66577e3e416c9699460bd67ccdc95ef3b5a2
Data.pk2	prim/snd/monster/cm_bandit_shout_b.wav	VERIFIED	16460	92a5134d238fab5f513e936ccf43ad5159deddbae304cfcc72ff1d18f65b6995	RIFF	android-assets/audio/sfx/monster/cm_bandit_shout_b.wav	16460	92a5134d238fab5f513e936ccf43ad5159deddbae304cfcc72ff1d18f65b6995
Data.pk2	prim/snd/monster/cm_bandit_shout_c.wav	VERIFIED	25324	c62b84259043b4291a0dc93fc2e4623f59970a5db23e082f92a254e9dda6a602	RIFF	android-assets/audio/sfx/monster/cm_bandit_shout_c.wav	25324	c62b84259043b4291a0dc93fc2e4623f59970a5db23e082f92a254e9dda6a602
Data.pk2	prim/snd/monster/cm_bandit_shout_d.wav	VERIFIED	29356	7462734807343e057ae8c4cce1ae193342b5b18c791fe966e257330dca4c87ea	RIFF	android-assets/audio/sfx/monster/cm_bandit_shout_d.wav	29356	7462734807343e057ae8c4cce1ae193342b5b18c791fe966e257330dca4c87ea
Data.pk2	prim/snd/monster/cm_bandit_stand_a.wav	VERIFIED	63020	b11f59d9c9e3c7dc8ff65e5ed624385d6522efa5cc826cfa51f7381d52b86e24	RIFF	android-assets/audio/sfx/monster/cm_bandit_stand_a.wav	63020	b11f59d9c9e3c7dc8ff65e5ed624385d6522efa5cc826cfa51f7381d52b86e24
Data.pk2	prim/snd/monster/cm_bandit_stand_b.wav	VERIFIED	47276	803f8364a36759d1935999c9004c1420855d7f09c8280c5e33c23d2ffa43010e	RIFF	android-assets/audio/sfx/monster/cm_bandit_stand_b.wav	47276	803f8364a36759d1935999c9004c1420855d7f09c8280c5e33c23d2ffa43010e
Data.pk2	prim/snd/monster/cm_banditar_die.wav	VERIFIED	57004	ce19e7c12b4a7931dbf117fba947919d6d5a5dc3e5a795cf8f14bfc6b3fe2e61	RIFF	android-assets/audio/sfx/monster/cm_banditar_die.wav	57004	ce19e7c12b4a7931dbf117fba947919d6d5a5dc3e5a795cf8f14bfc6b3fe2e61
Data.pk2	prim/snd/monster/cm_banditar_die_a.wav	VERIFIED	87852	4a5445e688cd17cc68aff3cbb49fda93e3688cca96c03f682267bd254e108dd4	RIFF	android-assets/audio/sfx/monster/cm_banditar_die_a.wav	87852	4a5445e688cd17cc68aff3cbb49fda93e3688cca96c03f682267bd254e108dd4
Data.pk2	prim/snd/monster/cm_banditar_die_b.wav	VERIFIED	81438	2d0f425a09cce64d70cc944bb0c370772c040f985590606044c568d1a78bc728	RIFF	android-assets/audio/sfx/monster/cm_banditar_die_b.wav	81438	2d0f425a09cce64d70cc944bb0c370772c040f985590606044c568d1a78bc728
Data.pk2	prim/snd/monster/cm_banditar_moan1.wav	VERIFIED	15404	b1829768110c7f6044df2fcb8409bcfb915cb4978fd6ebe40386f8224125f913	RIFF	android-assets/audio/sfx/monster/cm_banditar_moan1.wav	15404	b1829768110c7f6044df2fcb8409bcfb915cb4978fd6ebe40386f8224125f913
Data.pk2	prim/snd/monster/cm_banditar_moan2.wav	VERIFIED	46636	dad031b0673744f10d6e11c28c6fdcb53e1fb5ca0736e500dbdb33dea6ba7586	RIFF	android-assets/audio/sfx/monster/cm_banditar_moan2.wav	46636	dad031b0673744f10d6e11c28c6fdcb53e1fb5ca0736e500dbdb33dea6ba7586
Data.pk2	prim/snd/monster/cm_banditar_stand_a.wav	VERIFIED	96300	71afca21be27d54e3bcdc5975d99cd76d6e0c0ae120258bbb7fb6414fb5f4313	RIFF	android-assets/audio/sfx/monster/cm_banditar_stand_a.wav	96300	71afca21be27d54e3bcdc5975d99cd76d6e0c0ae120258bbb7fb6414fb5f4313
Data.pk2	prim/snd/monster/cm_banditar_stand_b.wav	VERIFIED	78764	53e97c536557ad40e3047d3722f5cd02db16413b2cc619b9bc26edad14c6ca8c	RIFF	android-assets/audio/sfx/monster/cm_banditar_stand_b.wav	78764	53e97c536557ad40e3047d3722f5cd02db16413b2cc619b9bc26edad14c6ca8c
Data.pk2	prim/snd/monster/cm_banditar_thud.wav	VERIFIED	22080	776fb7f4cc370d0115b4b93819fe5e68f4c542986bc7f0827d85f55f94ae9cdf	RIFF	android-assets/audio/sfx/monster/cm_banditar_thud.wav	22080	776fb7f4cc370d0115b4b93819fe5e68f4c542986bc7f0827d85f55f94ae9cdf
Data.pk2	prim/snd/monster/cm_beye_die_a.wav	VERIFIED	39908	93769347dc73a7f012079197a8ff3db276629a1af9b4b4d9fb54c203c995ad4d	RIFF	android-assets/audio/sfx/monster/cm_beye_die_a.wav	39908	93769347dc73a7f012079197a8ff3db276629a1af9b4b4d9fb54c203c995ad4d
Data.pk2	prim/snd/monster/cm_beye_die_b.wav	VERIFIED	37848	40f044390c81479337d500f07ef0ed22347794229f4f2ac3051a233321ed4a01	RIFF	android-assets/audio/sfx/monster/cm_beye_die_b.wav	37848	40f044390c81479337d500f07ef0ed22347794229f4f2ac3051a233321ed4a01
Data.pk2	prim/snd/monster/cm_beye_moan1.wav	VERIFIED	22030	cf725c8f243ca6641d5225b435e9f9e595efb2e8e4c01d5ba7fe9411fa14aa01	RIFF	android-assets/audio/sfx/monster/cm_beye_moan1.wav	22030	cf725c8f243ca6641d5225b435e9f9e595efb2e8e4c01d5ba7fe9411fa14aa01
Data.pk2	prim/snd/monster/cm_beye_moan2_a.wav	VERIFIED	26466	9f7509661158d6fd5cdd7099100e383da17f52dba8d792b260dfbcc38546044f	RIFF	android-assets/audio/sfx/monster/cm_beye_moan2_a.wav	26466	9f7509661158d6fd5cdd7099100e383da17f52dba8d792b260dfbcc38546044f
Data.pk2	prim/snd/monster/cm_beye_moan2_b.wav	VERIFIED	26574	cb69381638173140cf12bd75d5fbb0e0ea5aae6a5c6d145657525f149e56d0ed	RIFF	android-assets/audio/sfx/monster/cm_beye_moan2_b.wav	26574	cb69381638173140cf12bd75d5fbb0e0ea5aae6a5c6d145657525f149e56d0ed
Data.pk2	prim/snd/monster/cm_beye_shout_a.wav	VERIFIED	24230	e1f1e75f4c46bcd836796b6c69f1e7fdfe4b128b67c1864130a8720227066e5f	RIFF	android-assets/audio/sfx/monster/cm_beye_shout_a.wav	24230	e1f1e75f4c46bcd836796b6c69f1e7fdfe4b128b67c1864130a8720227066e5f
Data.pk2	prim/snd/monster/cm_beye_shout_b.wav	VERIFIED	28322	c317de4e07f0f81dc0136aa0f2ca69087b4ab3ef3a2528366dd93c2e4788f30f	RIFF	android-assets/audio/sfx/monster/cm_beye_shout_b.wav	28322	c317de4e07f0f81dc0136aa0f2ca69087b4ab3ef3a2528366dd93c2e4788f30f
Data.pk2	prim/snd/monster/cm_beye_thud.wav	VERIFIED	21516	3b46178b4f48567dd088b1d80e30ea30fe18be5a107eff9dc6e2b2befb78e4aa	RIFF	android-assets/audio/sfx/monster/cm_beye_thud.wav	21516	3b46178b4f48567dd088b1d80e30ea30fe18be5a107eff9dc6e2b2befb78e4aa
Data.pk2	prim/snd/monster/cm_beye_walk.wav	VERIFIED	9396	0903f7658e3a1d381eee6e9f07f3a4203aa67d6af30b9e9a279d6081a896d8f6	RIFF	android-assets/audio/sfx/monster/cm_beye_walk.wav	9396	0903f7658e3a1d381eee6e9f07f3a4203aa67d6af30b9e9a279d6081a896d8f6
Data.pk2	prim/snd/monster/cm_bluetiger_die.wav	VERIFIED	152984	d7f6e0091e5f4cebba33e1b94529a375b1b4e3b1a656e205123f93af2ca18aed	RIFF	android-assets/audio/sfx/monster/cm_bluetiger_die.wav	152984	d7f6e0091e5f4cebba33e1b94529a375b1b4e3b1a656e205123f93af2ca18aed
Data.pk2	prim/snd/monster/cm_bluetiger_find.wav	VERIFIED	132390	bae50b0d8326d0c48364e9f66fd4a52fd2ae9e6726f7ea8f52ab050f24fff3ab	RIFF	android-assets/audio/sfx/monster/cm_bluetiger_find.wav	132390	bae50b0d8326d0c48364e9f66fd4a52fd2ae9e6726f7ea8f52ab050f24fff3ab
Data.pk2	prim/snd/monster/cm_bluetiger_helf.wav	VERIFIED	66322	ced3d0a2177d2b148f845b98c43d9b837e04d3ced784bf69a5373ec2b9c83392	RIFF	android-assets/audio/sfx/monster/cm_bluetiger_helf.wav	66322	ced3d0a2177d2b148f845b98c43d9b837e04d3ced784bf69a5373ec2b9c83392
Data.pk2	prim/snd/monster/cm_bluetiger_moan1.wav	VERIFIED	134904	c37569208520fed7838602b0e0d4850db16fd086cb20fa5b170af1407f35455d	RIFF	android-assets/audio/sfx/monster/cm_bluetiger_moan1.wav	134904	c37569208520fed7838602b0e0d4850db16fd086cb20fa5b170af1407f35455d
Data.pk2	prim/snd/monster/cm_bluetiger_moan2.wav	VERIFIED	122142	6d31b471a021e79aa7e2c722b3f843c070c0d0be179ee1329960b9f5b964709c	RIFF	android-assets/audio/sfx/monster/cm_bluetiger_moan2.wav	122142	6d31b471a021e79aa7e2c722b3f843c070c0d0be179ee1329960b9f5b964709c
Data.pk2	prim/snd/monster/cm_bluetiger_moan3.wav	VERIFIED	74772	ecee31bab0b245caa6918ce187ae733b665af084894ff1e49a50f842d6c78700	RIFF	android-assets/audio/sfx/monster/cm_bluetiger_moan3.wav	74772	ecee31bab0b245caa6918ce187ae733b665af084894ff1e49a50f842d6c78700
Data.pk2	prim/snd/monster/cm_bluetiger_run.wav	VERIFIED	28906	268ea665f0403b55099760429b4723e3c5d97e038296d566d0e4164ab6848108	RIFF	android-assets/audio/sfx/monster/cm_bluetiger_run.wav	28906	268ea665f0403b55099760429b4723e3c5d97e038296d566d0e4164ab6848108
Data.pk2	prim/snd/monster/cm_bluetiger_shout_a.wav	VERIFIED	101226	34370c7bfa7d7ac1c9533e2624f54576e8dc9df1b999c0bc9e13eb1d9f76d310	RIFF	android-assets/audio/sfx/monster/cm_bluetiger_shout_a.wav	101226	34370c7bfa7d7ac1c9533e2624f54576e8dc9df1b999c0bc9e13eb1d9f76d310
Data.pk2	prim/snd/monster/cm_bluetiger_shout_b.wav	VERIFIED	99108	719b86644975c891f35d0325c58d82b17d6add89434233837639832f9a3898b7	RIFF	android-assets/audio/sfx/monster/cm_bluetiger_shout_b.wav	99108	719b86644975c891f35d0325c58d82b17d6add89434233837639832f9a3898b7
Data.pk2	prim/snd/monster/cm_bluetiger_stand.wav	VERIFIED	113342	a40174c1cfd5e40e6e2b1f9ffb19cf5fcd3cf8f2619556d81eaa23aea16a025f	RIFF	android-assets/audio/sfx/monster/cm_bluetiger_stand.wav	113342	a40174c1cfd5e40e6e2b1f9ffb19cf5fcd3cf8f2619556d81eaa23aea16a025f
Data.pk2	prim/snd/monster/cm_bluetiger_thud.wav	VERIFIED	34862	cb376dde939b091fcd751cb713baf895db33646365db62ded9302a4114d335f2	RIFF	android-assets/audio/sfx/monster/cm_bluetiger_thud.wav	34862	cb376dde939b091fcd751cb713baf895db33646365db62ded9302a4114d335f2
Data.pk2	prim/snd/monster/cm_bluetiger_walk.wav	VERIFIED	8930	337d8b3fcf408beb238fa97a7b8e960572ad537deeebe8df21fb65c90ec2f11d	RIFF	android-assets/audio/sfx/monster/cm_bluetiger_walk.wav	8930	337d8b3fcf408beb238fa97a7b8e960572ad537deeebe8df21fb65c90ec2f11d
Data.pk2	prim/snd/monster/cm_chakji_die_a.wav	VERIFIED	61828	fd9774e3d99eb78a7d33f09f1a546a40cdcbab9fe7a37454aa8fc71e2f85dd14	RIFF	android-assets/audio/sfx/monster/cm_chakji_die_a.wav	61828	fd9774e3d99eb78a7d33f09f1a546a40cdcbab9fe7a37454aa8fc71e2f85dd14
Data.pk2	prim/snd/monster/cm_chakji_die_b.wav	VERIFIED	44186	7ca2db319e4e7602976544245469c0963c746b354d9648df92d21b2a2ee69700	RIFF	android-assets/audio/sfx/monster/cm_chakji_die_b.wav	44186	7ca2db319e4e7602976544245469c0963c746b354d9648df92d21b2a2ee69700
Data.pk2	prim/snd/monster/cm_chakji_moan1_a.wav	VERIFIED	21990	ce4d73b0c902c9be9e70c3c899939d42725af63cf48ee7a9ea2e54cc1c1fce78	RIFF	android-assets/audio/sfx/monster/cm_chakji_moan1_a.wav	21990	ce4d73b0c902c9be9e70c3c899939d42725af63cf48ee7a9ea2e54cc1c1fce78
Data.pk2	prim/snd/monster/cm_chakji_moan1_b.wav	VERIFIED	20520	85bc94d663080290d4c32b4145e88bb16d1b90057d6ffc99e07080e9989674d7	RIFF	android-assets/audio/sfx/monster/cm_chakji_moan1_b.wav	20520	85bc94d663080290d4c32b4145e88bb16d1b90057d6ffc99e07080e9989674d7
Data.pk2	prim/snd/monster/cm_chakji_moan2_a.wav	VERIFIED	44076	38c9d5b6c68a8e433fb463fcc534b456c874cab478ed618e760c679311ea928f	RIFF	android-assets/audio/sfx/monster/cm_chakji_moan2_a.wav	44076	38c9d5b6c68a8e433fb463fcc534b456c874cab478ed618e760c679311ea928f
Data.pk2	prim/snd/monster/cm_chakji_moan2_b.wav	VERIFIED	30878	cb154c07ad6f46c4b4b6329c7cf6ed4ceca99ee4d5f5728804b3269b23755402	RIFF	android-assets/audio/sfx/monster/cm_chakji_moan2_b.wav	30878	cb154c07ad6f46c4b4b6329c7cf6ed4ceca99ee4d5f5728804b3269b23755402
Data.pk2	prim/snd/monster/cm_chakji_shout_a.wav	VERIFIED	24426	048aa0562d9022b8c4b38b715af39e5fc249d31119e0e32e3be184d59b469214	RIFF	android-assets/audio/sfx/monster/cm_chakji_shout_a.wav	24426	048aa0562d9022b8c4b38b715af39e5fc249d31119e0e32e3be184d59b469214
Data.pk2	prim/snd/monster/cm_chakji_shout_b.wav	VERIFIED	22036	9153c5cc07e0fd40b2e36334c5dd229356c2d5493bdb33a7a57bc48e10eb2296	RIFF	android-assets/audio/sfx/monster/cm_chakji_shout_b.wav	22036	9153c5cc07e0fd40b2e36334c5dd229356c2d5493bdb33a7a57bc48e10eb2296
Data.pk2	prim/snd/monster/cm_chakji_thud.wav	VERIFIED	30762	b9cc237d935bd898f93d5b14a1fddb931f441ba019953f4028f8d8113c815cba	RIFF	android-assets/audio/sfx/monster/cm_chakji_thud.wav	30762	b9cc237d935bd898f93d5b14a1fddb931f441ba019953f4028f8d8113c815cba
Data.pk2	prim/snd/monster/cm_gstone_die.wav	VERIFIED	88486	04a762f820bfe076114436bcbfab9316abaaa4bfda493d44adb33859d5da7400	RIFF	android-assets/audio/sfx/monster/cm_gstone_die.wav	88486	04a762f820bfe076114436bcbfab9316abaaa4bfda493d44adb33859d5da7400
Data.pk2	prim/snd/monster/cm_gstone_moan1_a.wav	VERIFIED	57238	33e62fd788da8c5fed4b91a3c0ac358ea49d4398b03fd4dce84f31ddc8924dbb	RIFF	android-assets/audio/sfx/monster/cm_gstone_moan1_a.wav	57238	33e62fd788da8c5fed4b91a3c0ac358ea49d4398b03fd4dce84f31ddc8924dbb
Data.pk2	prim/snd/monster/cm_gstone_moan1_b.wav	VERIFIED	47532	ecb77f09ac6d0586fe61347a0dca0f14918376974e159808aecaf410864d499f	RIFF	android-assets/audio/sfx/monster/cm_gstone_moan1_b.wav	47532	ecb77f09ac6d0586fe61347a0dca0f14918376974e159808aecaf410864d499f
Data.pk2	prim/snd/monster/cm_gstone_moan1_c.wav	VERIFIED	48558	be67a017fee618cbac5669e384488e65f1795201bf1a5c13528f76ae01f6c1fd	RIFF	android-assets/audio/sfx/monster/cm_gstone_moan1_c.wav	48558	be67a017fee618cbac5669e384488e65f1795201bf1a5c13528f76ae01f6c1fd
Data.pk2	prim/snd/monster/cm_gstone_moan2_a.wav	VERIFIED	75242	d27851a8cdcc2a38c739ddf096b65ce79acdb7567d642e5a1d254cddfca7d14c	RIFF	android-assets/audio/sfx/monster/cm_gstone_moan2_a.wav	75242	d27851a8cdcc2a38c739ddf096b65ce79acdb7567d642e5a1d254cddfca7d14c
Data.pk2	prim/snd/monster/cm_gstone_moan2_b.wav	VERIFIED	48680	64bcf4f0c15b147fb9d4755f77567e0b3bda1dc9d2e18a01f199f741c367d919	RIFF	android-assets/audio/sfx/monster/cm_gstone_moan2_b.wav	48680	64bcf4f0c15b147fb9d4755f77567e0b3bda1dc9d2e18a01f199f741c367d919
Data.pk2	prim/snd/monster/cm_gstone_shout_a.wav	VERIFIED	41548	08e739aca11d9928233de4ac3f5bf1fe5fea502e2ddcd5e3d43202592caa9933	RIFF	android-assets/audio/sfx/monster/cm_gstone_shout_a.wav	41548	08e739aca11d9928233de4ac3f5bf1fe5fea502e2ddcd5e3d43202592caa9933
Data.pk2	prim/snd/monster/cm_gstone_shout_b.wav	VERIFIED	41946	58b1ca820f80e039c6cbe81e145d2939381a2a87ebbec107ad8bb879923c0a84	RIFF	android-assets/audio/sfx/monster/cm_gstone_shout_b.wav	41946	58b1ca820f80e039c6cbe81e145d2939381a2a87ebbec107ad8bb879923c0a84
Data.pk2	prim/snd/monster/cm_gstone_thud_a.wav	VERIFIED	53420	a2ffa0eaa6797051e5ccb6b2e786bc4ba6c6f7f0432ff1ba91d117bef840e389	RIFF	android-assets/audio/sfx/monster/cm_gstone_thud_a.wav	53420	a2ffa0eaa6797051e5ccb6b2e786bc4ba6c6f7f0432ff1ba91d117bef840e389
Data.pk2	prim/snd/monster/cm_gstone_thud_b.wav	VERIFIED	48680	9cc0a2c78515860824b3ab4f7deb75772e39348e6c917d73df743d238cc6e0fa	RIFF	android-assets/audio/sfx/monster/cm_gstone_thud_b.wav	48680	9cc0a2c78515860824b3ab4f7deb75772e39348e6c917d73df743d238cc6e0fa
Data.pk2	prim/snd/monster/cm_gstone_walk.wav	VERIFIED	8930	337d8b3fcf408beb238fa97a7b8e960572ad537deeebe8df21fb65c90ec2f11d	RIFF	android-assets/audio/sfx/monster/cm_gstone_walk.wav	8930	337d8b3fcf408beb238fa97a7b8e960572ad537deeebe8df21fb65c90ec2f11d
Data.pk2	prim/snd/monster/cm_gyo_die_a.wav	VERIFIED	83318	6b4ab53559be50697bb5bc88b24d7c0b7f38dd3b1f039f2e17c0300d5ca04ba1	RIFF	android-assets/audio/sfx/monster/cm_gyo_die_a.wav	83318	6b4ab53559be50697bb5bc88b24d7c0b7f38dd3b1f039f2e17c0300d5ca04ba1
Data.pk2	prim/snd/monster/cm_gyo_die_b.wav	VERIFIED	77684	59504b9f3ca48d2f50b886d1a49427d4a0505eaa8e123f78725e0b553721cfa9	RIFF	android-assets/audio/sfx/monster/cm_gyo_die_b.wav	77684	59504b9f3ca48d2f50b886d1a49427d4a0505eaa8e123f78725e0b553721cfa9
Data.pk2	prim/snd/monster/cm_gyo_die_c.wav	VERIFIED	52780	bcddb1b33b74677ea32cd36460c510849ba9d48883ab9be703ea692c5a4aa740	RIFF	android-assets/audio/sfx/monster/cm_gyo_die_c.wav	52780	bcddb1b33b74677ea32cd36460c510849ba9d48883ab9be703ea692c5a4aa740
Data.pk2	prim/snd/monster/cm_gyo_moan1.wav	VERIFIED	22516	0ddcbb26e2b6494d88e0d438ae217cf348b4379a57c0180d6d25b29334b4681b	RIFF	android-assets/audio/sfx/monster/cm_gyo_moan1.wav	22516	0ddcbb26e2b6494d88e0d438ae217cf348b4379a57c0180d6d25b29334b4681b
Data.pk2	prim/snd/monster/cm_gyo_moan1_a.wav	VERIFIED	22120	8a4adf52427932ffd1c7a6bc9bf806b47b117ccda13b6099634f9596436d2bef	RIFF	android-assets/audio/sfx/monster/cm_gyo_moan1_a.wav	22120	8a4adf52427932ffd1c7a6bc9bf806b47b117ccda13b6099634f9596436d2bef
Data.pk2	prim/snd/monster/cm_gyo_moan1_b.wav	VERIFIED	21894	46adf3aefc693431d4c538aee865b59e9b3815af68ca42fca2fad55fb9ceaee8	RIFF	android-assets/audio/sfx/monster/cm_gyo_moan1_b.wav	21894	46adf3aefc693431d4c538aee865b59e9b3815af68ca42fca2fad55fb9ceaee8
Data.pk2	prim/snd/monster/cm_gyo_moan2.wav	VERIFIED	24500	86f31ce3e2b06ac85e69a78a042036f1ac4043981f43ae3a06037c43c042771c	RIFF	android-assets/audio/sfx/monster/cm_gyo_moan2.wav	24500	86f31ce3e2b06ac85e69a78a042036f1ac4043981f43ae3a06037c43c042771c
Data.pk2	prim/snd/monster/cm_gyo_moan2_a.wav	VERIFIED	26472	205733f4574c4168f96b4f5786905af672c5d382113689199982893fa55ec414	RIFF	android-assets/audio/sfx/monster/cm_gyo_moan2_a.wav	26472	205733f4574c4168f96b4f5786905af672c5d382113689199982893fa55ec414
Data.pk2	prim/snd/monster/cm_gyo_moan2_b.wav	VERIFIED	24294	44310cec3282d95fd9c530e05d21810922c6ebdbca87ac9ae4dc5242c722662e	RIFF	android-assets/audio/sfx/monster/cm_gyo_moan2_b.wav	24294	44310cec3282d95fd9c530e05d21810922c6ebdbca87ac9ae4dc5242c722662e
Data.pk2	prim/snd/monster/cm_gyo_moan2_c.wav	VERIFIED	32614	7a77fbf405d35ba0b138bf66b73639b95c0390759db32a7efd2b2ef9b33cf2c8	RIFF	android-assets/audio/sfx/monster/cm_gyo_moan2_c.wav	32614	7a77fbf405d35ba0b138bf66b73639b95c0390759db32a7efd2b2ef9b33cf2c8
Data.pk2	prim/snd/monster/cm_gyo_shout_a.wav	VERIFIED	10100	60be4fd0f232471add970fbad7e7fec747c446f89498754177d65bc45082f767	RIFF	android-assets/audio/sfx/monster/cm_gyo_shout_a.wav	10100	60be4fd0f232471add970fbad7e7fec747c446f89498754177d65bc45082f767
Data.pk2	prim/snd/monster/cm_gyo_shout_b.wav	VERIFIED	12916	289ffe34f15a10ec54eb4c6bbd7275ad765b0f63cfe092eacc1aebc11b097123	RIFF	android-assets/audio/sfx/monster/cm_gyo_shout_b.wav	12916	289ffe34f15a10ec54eb4c6bbd7275ad765b0f63cfe092eacc1aebc11b097123
Data.pk2	prim/snd/monster/cm_gyo_shout_c.wav	VERIFIED	13258	62a72bbd7c08cd6d25afbf1e712bd0b05b8a19bb3a1678999c6ff328885c6f6d	RIFF	android-assets/audio/sfx/monster/cm_gyo_shout_c.wav	13258	62a72bbd7c08cd6d25afbf1e712bd0b05b8a19bb3a1678999c6ff328885c6f6d
Data.pk2	prim/snd/monster/cm_gyo_stand.wav	VERIFIED	70902	55ea1777f93277cf37425dee9fa54abc3a85d6867ad4f898999fea5c38c6e231	RIFF	android-assets/audio/sfx/monster/cm_gyo_stand.wav	70902	55ea1777f93277cf37425dee9fa54abc3a85d6867ad4f898999fea5c38c6e231
Data.pk2	prim/snd/monster/cm_gyo_thud.wav	VERIFIED	22186	ac1d63c2fae71d50f0199df6560aa63e9c776a35227f2c624389bbcd12942211	RIFF	android-assets/audio/sfx/monster/cm_gyo_thud.wav	22186	ac1d63c2fae71d50f0199df6560aa63e9c776a35227f2c624389bbcd12942211
Data.pk2	prim/snd/monster/cm_gyo_walk.wav	VERIFIED	12788	9828a4b56ea763980d5c07491dfe75ee11f3be124cb73b999a3527f7bbad1c27	RIFF	android-assets/audio/sfx/monster/cm_gyo_walk.wav	12788	9828a4b56ea763980d5c07491dfe75ee11f3be124cb73b999a3527f7bbad1c27
Data.pk2	prim/snd/monster/cm_hoking_die.wav	VERIFIED	152984	d7f6e0091e5f4cebba33e1b94529a375b1b4e3b1a656e205123f93af2ca18aed	RIFF	android-assets/audio/sfx/monster/cm_hoking_die.wav	152984	d7f6e0091e5f4cebba33e1b94529a375b1b4e3b1a656e205123f93af2ca18aed
Data.pk2	prim/snd/monster/cm_hoking_find.wav	VERIFIED	132390	bae50b0d8326d0c48364e9f66fd4a52fd2ae9e6726f7ea8f52ab050f24fff3ab	RIFF	android-assets/audio/sfx/monster/cm_hoking_find.wav	132390	bae50b0d8326d0c48364e9f66fd4a52fd2ae9e6726f7ea8f52ab050f24fff3ab
Data.pk2	prim/snd/monster/cm_hoking_girlmoan1.wav	VERIFIED	33310	6010b6070f233802f288db00ba56e8bf99c56d22ca4d0372596bd4be9091ea03	RIFF	android-assets/audio/sfx/monster/cm_hoking_girlmoan1.wav	33310	6010b6070f233802f288db00ba56e8bf99c56d22ca4d0372596bd4be9091ea03
Data.pk2	prim/snd/monster/cm_hoking_girlmoan2.wav	VERIFIED	23036	5f22fb1b5a06a990ee0b59967c1edf0f92d802e3cb7660189a834963841382d0	RIFF	android-assets/audio/sfx/monster/cm_hoking_girlmoan2.wav	23036	5f22fb1b5a06a990ee0b59967c1edf0f92d802e3cb7660189a834963841382d0
Data.pk2	prim/snd/monster/cm_hoking_girlskillshout.wav	VERIFIED	123948	71e2581f5fd417c93690fe8a55a9b12ceabc84ac333edb80e9a318ac182d94f8	RIFF	android-assets/audio/sfx/monster/cm_hoking_girlskillshout.wav	123948	71e2581f5fd417c93690fe8a55a9b12ceabc84ac333edb80e9a318ac182d94f8
Data.pk2	prim/snd/monster/cm_hoking_helf.wav	VERIFIED	66322	ced3d0a2177d2b148f845b98c43d9b837e04d3ced784bf69a5373ec2b9c83392	RIFF	android-assets/audio/sfx/monster/cm_hoking_helf.wav	66322	ced3d0a2177d2b148f845b98c43d9b837e04d3ced784bf69a5373ec2b9c83392
Data.pk2	prim/snd/monster/cm_hoking_moan1.wav	VERIFIED	134904	c37569208520fed7838602b0e0d4850db16fd086cb20fa5b170af1407f35455d	RIFF	android-assets/audio/sfx/monster/cm_hoking_moan1.wav	134904	c37569208520fed7838602b0e0d4850db16fd086cb20fa5b170af1407f35455d
Data.pk2	prim/snd/monster/cm_hoking_moan2.wav	VERIFIED	122142	6d31b471a021e79aa7e2c722b3f843c070c0d0be179ee1329960b9f5b964709c	RIFF	android-assets/audio/sfx/monster/cm_hoking_moan2.wav	122142	6d31b471a021e79aa7e2c722b3f843c070c0d0be179ee1329960b9f5b964709c
Data.pk2	prim/snd/monster/cm_hoking_run.wav	VERIFIED	28906	268ea665f0403b55099760429b4723e3c5d97e038296d566d0e4164ab6848108	RIFF	android-assets/audio/sfx/monster/cm_hoking_run.wav	28906	268ea665f0403b55099760429b4723e3c5d97e038296d566d0e4164ab6848108
Data.pk2	prim/snd/monster/cm_hoking_shout.wav	VERIFIED	101226	34370c7bfa7d7ac1c9533e2624f54576e8dc9df1b999c0bc9e13eb1d9f76d310	RIFF	android-assets/audio/sfx/monster/cm_hoking_shout.wav	101226	34370c7bfa7d7ac1c9533e2624f54576e8dc9df1b999c0bc9e13eb1d9f76d310
Data.pk2	prim/snd/monster/cm_hoking_skillshout.wav	VERIFIED	99108	719b86644975c891f35d0325c58d82b17d6add89434233837639832f9a3898b7	RIFF	android-assets/audio/sfx/monster/cm_hoking_skillshout.wav	99108	719b86644975c891f35d0325c58d82b17d6add89434233837639832f9a3898b7
Data.pk2	prim/snd/monster/cm_hoking_stand.wav	VERIFIED	113342	a40174c1cfd5e40e6e2b1f9ffb19cf5fcd3cf8f2619556d81eaa23aea16a025f	RIFF	android-assets/audio/sfx/monster/cm_hoking_stand.wav	113342	a40174c1cfd5e40e6e2b1f9ffb19cf5fcd3cf8f2619556d81eaa23aea16a025f
Data.pk2	prim/snd/monster/cm_hoking_thud.wav	VERIFIED	34862	cb376dde939b091fcd751cb713baf895db33646365db62ded9302a4114d335f2	RIFF	android-assets/audio/sfx/monster/cm_hoking_thud.wav	34862	cb376dde939b091fcd751cb713baf895db33646365db62ded9302a4114d335f2
Data.pk2	prim/snd/monster/cm_hoking_walk.wav	VERIFIED	8930	337d8b3fcf408beb238fa97a7b8e960572ad537deeebe8df21fb65c90ec2f11d	RIFF	android-assets/audio/sfx/monster/cm_hoking_walk.wav	8930	337d8b3fcf408beb238fa97a7b8e960572ad537deeebe8df21fb65c90ec2f11d
Data.pk2	prim/snd/monster/cm_mang_die.wav	VERIFIED	88358	ca951f43251c32ab484ac9f697d0707458dd05cfc22e9121b738b4500b2b95ef	RIFF	android-assets/audio/sfx/monster/cm_mang_die.wav	88358	ca951f43251c32ab484ac9f697d0707458dd05cfc22e9121b738b4500b2b95ef
Data.pk2	prim/snd/monster/cm_mang_moan1.wav	VERIFIED	44398	0e0426c3b42287765c0f3ce0702a4958a8133ba3444171b5918213eba6b163d4	RIFF	android-assets/audio/sfx/monster/cm_mang_moan1.wav	44398	0e0426c3b42287765c0f3ce0702a4958a8133ba3444171b5918213eba6b163d4
Data.pk2	prim/snd/monster/cm_mang_shout.wav	VERIFIED	50368	42a3566646acce25be33d3e7804abe329b32142cebcbe77c0c0478bc49319d71	RIFF	android-assets/audio/sfx/monster/cm_mang_shout.wav	50368	42a3566646acce25be33d3e7804abe329b32142cebcbe77c0c0478bc49319d71
Data.pk2	prim/snd/monster/cm_mang_walk.wav	VERIFIED	13452	d02bf997d17157ae5122b38947808091d7671759329e6b3aeda5ed338cba5ec5	RIFF	android-assets/audio/sfx/monster/cm_mang_walk.wav	13452	d02bf997d17157ae5122b38947808091d7671759329e6b3aeda5ed338cba5ec5
Data.pk2	prim/snd/monster/cm_tiger_die.wav	VERIFIED	87956	3f40fb24029bf667d0bdca934a2b7796f969190a3d41f9443def17800a2c3898	RIFF	android-assets/audio/sfx/monster/cm_tiger_die.wav	87956	3f40fb24029bf667d0bdca934a2b7796f969190a3d41f9443def17800a2c3898
Data.pk2	prim/snd/monster/cm_tiger_moan1_a.wav	VERIFIED	43676	9bab8065f1146b40896aba5b8508e64593710bf6aa25eff7720d6d0bb26e24ef	RIFF	android-assets/audio/sfx/monster/cm_tiger_moan1_a.wav	43676	9bab8065f1146b40896aba5b8508e64593710bf6aa25eff7720d6d0bb26e24ef
Data.pk2	prim/snd/monster/cm_tiger_moan1_b.wav	VERIFIED	43592	4b64ad1ff2f4c6fc302cf938561c67e7aad62b3793dc4f36c03efc11d615ffe6	RIFF	android-assets/audio/sfx/monster/cm_tiger_moan1_b.wav	43592	4b64ad1ff2f4c6fc302cf938561c67e7aad62b3793dc4f36c03efc11d615ffe6
Data.pk2	prim/snd/monster/cm_tiger_moan2.wav	VERIFIED	74774	418d83f6fd5a42f65f0bafe9c4dbb350c8ff1fac5d159058da31dbdc10cbea28	RIFF	android-assets/audio/sfx/monster/cm_tiger_moan2.wav	74774	418d83f6fd5a42f65f0bafe9c4dbb350c8ff1fac5d159058da31dbdc10cbea28
Data.pk2	prim/snd/monster/cm_tiger_shout_a.wav	VERIFIED	43882	e5242279e340067496483ab4ac2e5ef3bf951f11caf231236e7bc7e4b97cc94f	RIFF	android-assets/audio/sfx/monster/cm_tiger_shout_a.wav	43882	e5242279e340067496483ab4ac2e5ef3bf951f11caf231236e7bc7e4b97cc94f
Data.pk2	prim/snd/monster/cm_tiger_shout_b.wav	VERIFIED	44200	462d20a1b0cd04fcead7ed6f54c7c01e2a91e265bd30feccb6a69cec32f18769	RIFF	android-assets/audio/sfx/monster/cm_tiger_shout_b.wav	44200	462d20a1b0cd04fcead7ed6f54c7c01e2a91e265bd30feccb6a69cec32f18769
Data.pk2	prim/snd/monster/cm_tigerwoman_magic.wav	VERIFIED	119416	3af25b2bcf447918f2db09b05e4fa0249c9dc6d1a6e80cc232b19b1ceaa8016e	RIFF	android-assets/audio/sfx/monster/cm_tigerwoman_magic.wav	119416	3af25b2bcf447918f2db09b05e4fa0249c9dc6d1a6e80cc232b19b1ceaa8016e
Data.pk2	prim/snd/monster/cm_tigerwoman_moan1.wav	VERIFIED	33310	6010b6070f233802f288db00ba56e8bf99c56d22ca4d0372596bd4be9091ea03	RIFF	android-assets/audio/sfx/monster/cm_tigerwoman_moan1.wav	33310	6010b6070f233802f288db00ba56e8bf99c56d22ca4d0372596bd4be9091ea03
Data.pk2	prim/snd/monster/cm_tigerwoman_moan2.wav	VERIFIED	23036	5f22fb1b5a06a990ee0b59967c1edf0f92d802e3cb7660189a834963841382d0	RIFF	android-assets/audio/sfx/monster/cm_tigerwoman_moan2.wav	23036	5f22fb1b5a06a990ee0b59967c1edf0f92d802e3cb7660189a834963841382d0
Data.pk2	prim/snd/monster/cm_tomb_die.wav	VERIFIED	143224	f02ae6563900ab32c3399f82330a8ed3582b4964a978d57f97f1ad333da635a6	RIFF	android-assets/audio/sfx/monster/cm_tomb_die.wav	143224	f02ae6563900ab32c3399f82330a8ed3582b4964a978d57f97f1ad333da635a6
Data.pk2	prim/snd/monster/cm_tomb_force1_hit.wav	VERIFIED	32496	5b05c3174e83b68af9e28b5273140cf27ca4f0784f340629025471e2bd2f19a9	RIFF	android-assets/audio/sfx/monster/cm_tomb_force1_hit.wav	32496	5b05c3174e83b68af9e28b5273140cf27ca4f0784f340629025471e2bd2f19a9
Data.pk2	prim/snd/monster/cm_tomb_force1_swing.wav	VERIFIED	48684	634c399432810467ce6de8efc64d64d83a95b5cfa025af4f3d71e4fe0eb41f9a	RIFF	android-assets/audio/sfx/monster/cm_tomb_force1_swing.wav	48684	634c399432810467ce6de8efc64d64d83a95b5cfa025af4f3d71e4fe0eb41f9a
Data.pk2	prim/snd/monster/cm_tomb_force2_hit.wav	VERIFIED	53096	12ff3fd484b3230158c768bb57bc982207c44809e5c79b1701ad0b5fb0b7dc6e	RIFF	android-assets/audio/sfx/monster/cm_tomb_force2_hit.wav	53096	12ff3fd484b3230158c768bb57bc982207c44809e5c79b1701ad0b5fb0b7dc6e
Data.pk2	prim/snd/monster/cm_tomb_force2_swing.wav	VERIFIED	44268	ba2e492dbfe5304da80598729c16f01b4b45911c3d1490e440bb901c57d8958b	RIFF	android-assets/audio/sfx/monster/cm_tomb_force2_swing.wav	44268	ba2e492dbfe5304da80598729c16f01b4b45911c3d1490e440bb901c57d8958b
Data.pk2	prim/snd/monster/cm_tomb_moan1.wav	VERIFIED	60910	453d4ad5dbeab0e23626322cdb14d09e8bdcf97e37893fa22dc13ca11bb646a9	RIFF	android-assets/audio/sfx/monster/cm_tomb_moan1.wav	60910	453d4ad5dbeab0e23626322cdb14d09e8bdcf97e37893fa22dc13ca11bb646a9
Data.pk2	prim/snd/monster/cm_tomb_moan2.wav	VERIFIED	89822	480800721d9c74b939f2796bce4c892d049a4e6e73019fabed524e2f15b516cd	RIFF	android-assets/audio/sfx/monster/cm_tomb_moan2.wav	89822	480800721d9c74b939f2796bce4c892d049a4e6e73019fabed524e2f15b516cd
Data.pk2	prim/snd/monster/cm_tomb_shout.wav	VERIFIED	57182	f774838275896d0ce8cdd002e9dcd2c47685d27bd3f4f0ffd0f968d12dc3a427	RIFF	android-assets/audio/sfx/monster/cm_tomb_shout.wav	57182	f774838275896d0ce8cdd002e9dcd2c47685d27bd3f4f0ffd0f968d12dc3a427
Data.pk2	prim/snd/monster/cm_wg_die.wav	VERIFIED	57388	8d0a7571f9f46be1188ecc7d7f5efb861f7602515564da0fce9d257d7d9787f4	RIFF	android-assets/audio/sfx/monster/cm_wg_die.wav	57388	8d0a7571f9f46be1188ecc7d7f5efb861f7602515564da0fce9d257d7d9787f4
Data.pk2	prim/snd/monster/cm_wg_die_a.wav	VERIFIED	57388	8d0a7571f9f46be1188ecc7d7f5efb861f7602515564da0fce9d257d7d9787f4	RIFF	android-assets/audio/sfx/monster/cm_wg_die_a.wav	57388	8d0a7571f9f46be1188ecc7d7f5efb861f7602515564da0fce9d257d7d9787f4
Data.pk2	prim/snd/monster/cm_wg_die_b.wav	VERIFIED	33056	b1b8d3f28a70d79ac7e5453ede0d93a2eae6f8ee26146e5e1fa0835013314401	RIFF	android-assets/audio/sfx/monster/cm_wg_die_b.wav	33056	b1b8d3f28a70d79ac7e5453ede0d93a2eae6f8ee26146e5e1fa0835013314401
Data.pk2	prim/snd/monster/cm_wg_gas.wav	VERIFIED	133480	9cdee5d70ffda3adc7ffa4eae7349ca002a7a4b379902c686c05d25924ac06aa	RIFF	android-assets/audio/sfx/monster/cm_wg_gas.wav	133480	9cdee5d70ffda3adc7ffa4eae7349ca002a7a4b379902c686c05d25924ac06aa
Data.pk2	prim/snd/monster/cm_wg_moan1_a.wav	VERIFIED	22092	63e3c247435e7491a7713916c700137d91ebd07b9a788482e42033d5b9981fa4	RIFF	android-assets/audio/sfx/monster/cm_wg_moan1_a.wav	22092	63e3c247435e7491a7713916c700137d91ebd07b9a788482e42033d5b9981fa4
Data.pk2	prim/snd/monster/cm_wg_moan1_b.wav	VERIFIED	17796	c9ef022dc5402eef67c3a98aae028a4a22b861d6c46b05c2a53fbdb9846b7db3	RIFF	android-assets/audio/sfx/monster/cm_wg_moan1_b.wav	17796	c9ef022dc5402eef67c3a98aae028a4a22b861d6c46b05c2a53fbdb9846b7db3
Data.pk2	prim/snd/monster/cm_wg_moan2_a.wav	VERIFIED	13312	933e452a30b7954d03fd3af2ca98572a94aa3d16ae07296f00072114815298f7	RIFF	android-assets/audio/sfx/monster/cm_wg_moan2_a.wav	13312	933e452a30b7954d03fd3af2ca98572a94aa3d16ae07296f00072114815298f7
Data.pk2	prim/snd/monster/cm_wg_moan2_b.wav	VERIFIED	22178	6833ac148f6b19a4208ff1958a2bb49189ce89e7a65067eed1a80abe964fe4af	RIFF	android-assets/audio/sfx/monster/cm_wg_moan2_b.wav	22178	6833ac148f6b19a4208ff1958a2bb49189ce89e7a65067eed1a80abe964fe4af
Data.pk2	prim/snd/monster/cm_wg_shout_a.wav	VERIFIED	13470	8e7d31d0738c399aa2af8eb4da025a934b2cb323ce6e20cf9732f6b25dd71d3c	RIFF	android-assets/audio/sfx/monster/cm_wg_shout_a.wav	13470	8e7d31d0738c399aa2af8eb4da025a934b2cb323ce6e20cf9732f6b25dd71d3c
Data.pk2	prim/snd/monster/cm_wg_shout_b.wav	VERIFIED	13332	f3235718c60cce9ddddace6c7645597d3fdb638a9aa5a742f09fc3066ff1d79c	RIFF	android-assets/audio/sfx/monster/cm_wg_shout_b.wav	13332	f3235718c60cce9ddddace6c7645597d3fdb638a9aa5a742f09fc3066ff1d79c
Data.pk2	prim/snd/monster/cm_wg_shout_c.wav	VERIFIED	8930	f4876d57c3d27702f7e8d5bed3741b2f11ae5485ed217f94803a43004be72cd8	RIFF	android-assets/audio/sfx/monster/cm_wg_shout_c.wav	8930	f4876d57c3d27702f7e8d5bed3741b2f11ae5485ed217f94803a43004be72cd8
Data.pk2	prim/snd/monster/cm_wg_shout_d.wav	VERIFIED	7180	30bcf54f540cf03b60ab1a8c7f175e18b290ad8393fd0f5736125d89e4a64793	RIFF	android-assets/audio/sfx/monster/cm_wg_shout_d.wav	7180	30bcf54f540cf03b60ab1a8c7f175e18b290ad8393fd0f5736125d89e4a64793
Data.pk2	prim/snd/monster/cm_wg_thud.wav	VERIFIED	21868	4b9a10355de3e84cb5e7aa378c8907c49c3dba57493f77093bc49c2d3d3315c2	RIFF	android-assets/audio/sfx/monster/cm_wg_thud.wav	21868	4b9a10355de3e84cb5e7aa378c8907c49c3dba57493f77093bc49c2d3d3315c2
Data.pk2	prim/snd/monster/cm_wg_walk.wav	VERIFIED	8930	4727403b181be264862833b3a97b6914bd1574a583bac5077cd4f4c45d3f514c	RIFF	android-assets/audio/sfx/monster/cm_wg_walk.wav	8930	4727403b181be264862833b3a97b6914bd1574a583bac5077cd4f4c45d3f514c
Data.pk2	prim/snd/monster/cm_yeoha_curse.wav	VERIFIED	137360	c27907d203d8bd86f460fa4f1636f6b0bd820e994ace0c86d8ba521c45792f5d	RIFF	android-assets/audio/sfx/monster/cm_yeoha_curse.wav	137360	c27907d203d8bd86f460fa4f1636f6b0bd820e994ace0c86d8ba521c45792f5d
Data.pk2	prim/snd/monster/cm_yeoha_die.wav	VERIFIED	55288	cc50c62bd4d0a08ca043c41c3d68da92db5699f848c01df3df7a725314a90e23	RIFF	android-assets/audio/sfx/monster/cm_yeoha_die.wav	55288	cc50c62bd4d0a08ca043c41c3d68da92db5699f848c01df3df7a725314a90e23
Data.pk2	prim/snd/monster/cm_yeoha_moan1.wav	VERIFIED	59146	882ddbb55a9583835f8f6d865aba54462a0b080bb8ce7c7abe4675af4a5256a8	RIFF	android-assets/audio/sfx/monster/cm_yeoha_moan1.wav	59146	882ddbb55a9583835f8f6d865aba54462a0b080bb8ce7c7abe4675af4a5256a8
Data.pk2	prim/snd/monster/cm_yeoha_moan2.wav	VERIFIED	56012	baa1c082fab72e169ae7ef1a7efe392d2cd97be7384694a760aa3276806331d4	RIFF	android-assets/audio/sfx/monster/cm_yeoha_moan2.wav	56012	baa1c082fab72e169ae7ef1a7efe392d2cd97be7384694a760aa3276806331d4
Data.pk2	prim/snd/monster/cm_yeoha_shout.wav	VERIFIED	68130	1ca4aee93099c62e73b38e376d8bdfa9a8b7b6a41df1499223a46d63fb11331c	RIFF	android-assets/audio/sfx/monster/cm_yeoha_shout.wav	68130	1ca4aee93099c62e73b38e376d8bdfa9a8b7b6a41df1499223a46d63fb11331c
Data.pk2	prim/snd/monster/khotan_bigspider_die.wav	VERIFIED	199854	9b23ac9115d762fa89e597703b5383e9e64c545ffb853cecb9f84eb0101ddda5	RIFF	android-assets/audio/sfx/monster/khotan_bigspider_die.wav	199854	9b23ac9115d762fa89e597703b5383e9e64c545ffb853cecb9f84eb0101ddda5
Data.pk2	prim/snd/monster/khotan_bigspider_shout.wav	VERIFIED	63360	01fd34576979d99b31fe7eef289836ceb9ed6e2d6427a47c9a158bf3c1369d6a	RIFF	android-assets/audio/sfx/monster/khotan_bigspider_shout.wav	63360	01fd34576979d99b31fe7eef289836ceb9ed6e2d6427a47c9a158bf3c1369d6a
Data.pk2	prim/snd/monster/khotan_bigspider_stand.wav	VERIFIED	291978	603c7b20a9a0edce242e2a5b047cf6a5608c5e256644a180647c4b4849d03383	RIFF	android-assets/audio/sfx/monster/khotan_bigspider_stand.wav	291978	603c7b20a9a0edce242e2a5b047cf6a5608c5e256644a180647c4b4849d03383
Data.pk2	prim/snd/monster/khotan_bigspider_swing.wav	VERIFIED	57118	93b17baff3e50e0fd54219d48d36c7e5870158d1b3d3b8bc178ba45535e1b0cd	RIFF	android-assets/audio/sfx/monster/khotan_bigspider_swing.wav	57118	93b17baff3e50e0fd54219d48d36c7e5870158d1b3d3b8bc178ba45535e1b0cd
Data.pk2	prim/snd/monster/khotan_bigspider_walk.wav	VERIFIED	30368	3827273718df68a71fd36d4ce5a1eecf935b4e6b093bbb04f5b6f717e5398fff	RIFF	android-assets/audio/sfx/monster/khotan_bigspider_walk.wav	30368	3827273718df68a71fd36d4ce5a1eecf935b4e6b093bbb04f5b6f717e5398fff
Data.pk2	prim/snd/monster/oa_yeowa_deathgas.wav	VERIFIED	56034	c196346f7c054c369c04e81c194ebd042c8d437392412541389f654d3c0c63f6	RIFF	android-assets/audio/sfx/monster/oa_yeowa_deathgas.wav	56034	c196346f7c054c369c04e81c194ebd042c8d437392412541389f654d3c0c63f6
Data.pk2	prim/snd/monster/oa_yeowa_die.wav	VERIFIED	95768	486103f197b663106a89189f297dea2f90d2bd8727b09cdf8c82f4d48eb8680e	RIFF	android-assets/audio/sfx/monster/oa_yeowa_die.wav	95768	486103f197b663106a89189f297dea2f90d2bd8727b09cdf8c82f4d48eb8680e
Data.pk2	prim/snd/monster/oa_yeowa_moan1.wav	VERIFIED	31022	7c3b21cb17500c3a41190283a3fa2c91acad7161d04d7dcfc25bc5a478e5a610	RIFF	android-assets/audio/sfx/monster/oa_yeowa_moan1.wav	31022	7c3b21cb17500c3a41190283a3fa2c91acad7161d04d7dcfc25bc5a478e5a610
Data.pk2	prim/snd/monster/oa_yeowa_moan2.wav	VERIFIED	44266	90429c6669d2153a94872fe39c99295e8d7ad7b24a1c55cae9fc9a19a54afcd7	RIFF	android-assets/audio/sfx/monster/oa_yeowa_moan2.wav	44266	90429c6669d2153a94872fe39c99295e8d7ad7b24a1c55cae9fc9a19a54afcd7
Data.pk2	prim/snd/monster/oa_yeowa_shout_a.wav	VERIFIED	39852	44fefb9d9834f0f266606a2dc6599fa8755e2189122a5b827392f4b2071e8a52	RIFF	android-assets/audio/sfx/monster/oa_yeowa_shout_a.wav	39852	44fefb9d9834f0f266606a2dc6599fa8755e2189122a5b827392f4b2071e8a52
Data.pk2	prim/snd/monster/oa_yeowa_shout_b.wav	VERIFIED	51622	2aa03f63e5c1d3897639e9ded8fd8e1ce796dce85e792bfc69107bda992952d2	RIFF	android-assets/audio/sfx/monster/oa_yeowa_shout_b.wav	51622	2aa03f63e5c1d3897639e9ded8fd8e1ce796dce85e792bfc69107bda992952d2
Data.pk2	prim/snd/monster/oa_yeowa_stand.wav	VERIFIED	135798	8127e740d76068c319b9a68265a431cf320e2e4b29c2bf37d48e51610f9cbdf2	RIFF	android-assets/audio/sfx/monster/oa_yeowa_stand.wav	135798	8127e740d76068c319b9a68265a431cf320e2e4b29c2bf37d48e51610f9cbdf2
Data.pk2	prim/snd/monster/oa_yeowa_walk.wav	VERIFIED	56030	30e742082335f335b80c0633a304a09a319e6f68ced8a30d85e7d4a9c0ae5d77	RIFF	android-assets/audio/sfx/monster/oa_yeowa_walk.wav	56030	30e742082335f335b80c0633a304a09a319e6f68ced8a30d85e7d4a9c0ae5d77
Data.pk2	prim/snd/monster/rm_biic_die.wav	VERIFIED	59582	2e07f9ff6b8e745caa364d461e030f32fe686883799720f0bc63170cd6f0d664	RIFF	android-assets/audio/sfx/monster/rm_biic_die.wav	59582	2e07f9ff6b8e745caa364d461e030f32fe686883799720f0bc63170cd6f0d664
Data.pk2	prim/snd/monster/rm_biic_moan1.wav	VERIFIED	31892	784ad4312f59a8a75e5d850e2f0eebe511a7622827af416046b2d88e871ef846	RIFF	android-assets/audio/sfx/monster/rm_biic_moan1.wav	31892	784ad4312f59a8a75e5d850e2f0eebe511a7622827af416046b2d88e871ef846
Data.pk2	prim/snd/monster/rm_biic_moan2.wav	VERIFIED	23488	805b1ee5e1f5a535fbe141b77081529150f2de4e7095cdb451d6f2fe43ca4a6e	RIFF	android-assets/audio/sfx/monster/rm_biic_moan2.wav	23488	805b1ee5e1f5a535fbe141b77081529150f2de4e7095cdb451d6f2fe43ca4a6e
Data.pk2	prim/snd/monster/rm_biic_shout1.wav	VERIFIED	28240	0d6076d1ff09e7580b0d4102c6a92d32539dde156a74b204675bd5181b3b337c	RIFF	android-assets/audio/sfx/monster/rm_biic_shout1.wav	28240	0d6076d1ff09e7580b0d4102c6a92d32539dde156a74b204675bd5181b3b337c
Data.pk2	prim/snd/monster/rm_biic_shout2.wav	VERIFIED	25204	4e96786ae5e104e6814e593121acac29e753b83a64fa8bfddf631083d64e4d8e	RIFF	android-assets/audio/sfx/monster/rm_biic_shout2.wav	25204	4e96786ae5e104e6814e593121acac29e753b83a64fa8bfddf631083d64e4d8e
Data.pk2	prim/snd/monster/rm_biic_stand.wav	VERIFIED	25656	44c5b829caa6788409f953b28f68875f089a088518eab77c3ba6d826c966e416	RIFF	android-assets/audio/sfx/monster/rm_biic_stand.wav	25656	44c5b829caa6788409f953b28f68875f089a088518eab77c3ba6d826c966e416
Data.pk2	prim/snd/monster/rm_blacke_die.wav	VERIFIED	46246	16c44102c5d0b40af1227dc28e70453504e7b93a9916e689cc02d93af33a2b0f	RIFF	android-assets/audio/sfx/monster/rm_blacke_die.wav	46246	16c44102c5d0b40af1227dc28e70453504e7b93a9916e689cc02d93af33a2b0f
Data.pk2	prim/snd/monster/rm_blacke_moan1.wav	VERIFIED	20694	fcb0e94526d5c2832f331bdd8e42d991ba04aefad2f8600ed0cacdc14e1df49c	RIFF	android-assets/audio/sfx/monster/rm_blacke_moan1.wav	20694	fcb0e94526d5c2832f331bdd8e42d991ba04aefad2f8600ed0cacdc14e1df49c
Data.pk2	prim/snd/monster/rm_blacke_moan2.wav	VERIFIED	49868	9348ab19a4e0942eb7b37d0edcd4723641266ef84303639a2b10a258b3c09f89	RIFF	android-assets/audio/sfx/monster/rm_blacke_moan2.wav	49868	9348ab19a4e0942eb7b37d0edcd4723641266ef84303639a2b10a258b3c09f89
Data.pk2	prim/snd/monster/rm_blacke_skill1.wav	VERIFIED	52376	2b2f80f6e028e35f0b25401eb07a4fa9004ed247811fc2670b1913726411bb96	RIFF	android-assets/audio/sfx/monster/rm_blacke_skill1.wav	52376	2b2f80f6e028e35f0b25401eb07a4fa9004ed247811fc2670b1913726411bb96
Data.pk2	prim/snd/monster/rm_blacke_stand.wav	VERIFIED	20094	9c71df1e77b05f1e0ec84030a614ae8452cdad95ddef9af7cd74de5b921d52e3	RIFF	android-assets/audio/sfx/monster/rm_blacke_stand.wav	20094	9c71df1e77b05f1e0ec84030a614ae8452cdad95ddef9af7cd74de5b921d52e3
Data.pk2	prim/snd/monster/rm_featherclock_die.wav	VERIFIED	80018	6dc1ff3735cbddf07bd338bf0f0bad15e43b8f15770742a0fd1bf33b08b53fe2	RIFF	android-assets/audio/sfx/monster/rm_featherclock_die.wav	80018	6dc1ff3735cbddf07bd338bf0f0bad15e43b8f15770742a0fd1bf33b08b53fe2
Data.pk2	prim/snd/monster/rm_featherclock_moan1.wav	VERIFIED	13746	1f0cfd3c9fb4446bb95aea2efb18460c6481610f8159bb8f4178c18939445c4d	RIFF	android-assets/audio/sfx/monster/rm_featherclock_moan1.wav	13746	1f0cfd3c9fb4446bb95aea2efb18460c6481610f8159bb8f4178c18939445c4d
Data.pk2	prim/snd/monster/rm_featherclock_moan2.wav	VERIFIED	34282	edde32c986e60c5047927b555e87d645b5698bbb59d89bbc0b2bdb5a0d085c42	RIFF	android-assets/audio/sfx/monster/rm_featherclock_moan2.wav	34282	edde32c986e60c5047927b555e87d645b5698bbb59d89bbc0b2bdb5a0d085c42
Data.pk2	prim/snd/monster/rm_featherclock_shout1.wav	VERIFIED	15164	eb7f2017b68c2aeace8a6d2b5b457d965bf2ebef28d4f3b2ba2fcdac9549537a	RIFF	android-assets/audio/sfx/monster/rm_featherclock_shout1.wav	15164	eb7f2017b68c2aeace8a6d2b5b457d965bf2ebef28d4f3b2ba2fcdac9549537a
Data.pk2	prim/snd/monster/rm_featherclock_shout2.wav	VERIFIED	70168	81a48a51a0497ae104e77ac79fc8939f3f929442601b718116789b65507f74dc	RIFF	android-assets/audio/sfx/monster/rm_featherclock_shout2.wav	70168	81a48a51a0497ae104e77ac79fc8939f3f929442601b718116789b65507f74dc
Data.pk2	prim/snd/monster/rm_gout_die.wav	VERIFIED	82204	9d3c5349d52f3fd969142178524ab340bf6e35cf909d9b8f4354ec1083f9dd70	RIFF	android-assets/audio/sfx/monster/rm_gout_die.wav	82204	9d3c5349d52f3fd969142178524ab340bf6e35cf909d9b8f4354ec1083f9dd70
Data.pk2	prim/snd/monster/rm_gout_moan1.wav	VERIFIED	19712	5ac3ea0c431d3591126094915eba00520950d4bc2bba46bfd2c675db51ad1c4a	RIFF	android-assets/audio/sfx/monster/rm_gout_moan1.wav	19712	5ac3ea0c431d3591126094915eba00520950d4bc2bba46bfd2c675db51ad1c4a
Data.pk2	prim/snd/monster/rm_gout_moan2.wav	VERIFIED	23512	f19fb6c2f8bc217d70c3bec94bec43730899d25a2796d37bb042928e3dbb27f8	RIFF	android-assets/audio/sfx/monster/rm_gout_moan2.wav	23512	f19fb6c2f8bc217d70c3bec94bec43730899d25a2796d37bb042928e3dbb27f8
Data.pk2	prim/snd/monster/rm_gout_shout1.wav	VERIFIED	26072	0b4827662807911df8daa0eb5f75b498a9a761ee63bfc10c975999e1851ee3ac	RIFF	android-assets/audio/sfx/monster/rm_gout_shout1.wav	26072	0b4827662807911df8daa0eb5f75b498a9a761ee63bfc10c975999e1851ee3ac
Data.pk2	prim/snd/monster/rm_gout_shout2.wav	VERIFIED	38368	dc534b7bb3e53bbefc99381885520df3266f12efdbd89d3e37f59f72eac59678	RIFF	android-assets/audio/sfx/monster/rm_gout_shout2.wav	38368	dc534b7bb3e53bbefc99381885520df3266f12efdbd89d3e37f59f72eac59678
Data.pk2	prim/snd/monster/rm_tahomate_die.wav	VERIFIED	174650	bce3db8497443dd3e0dc56b31b2558b6af9c289dc090563e353b9fb3b0d347b9	RIFF	android-assets/audio/sfx/monster/rm_tahomate_die.wav	174650	bce3db8497443dd3e0dc56b31b2558b6af9c289dc090563e353b9fb3b0d347b9
Data.pk2	prim/snd/monster/rm_tahomate_moan1.wav	VERIFIED	68724	31b159fe2adf08eb3860bfcf6efd6bdd80056ff1d269477fa438d73857de5602	RIFF	android-assets/audio/sfx/monster/rm_tahomate_moan1.wav	68724	31b159fe2adf08eb3860bfcf6efd6bdd80056ff1d269477fa438d73857de5602
Data.pk2	prim/snd/monster/rm_tahomate_moan2.wav	VERIFIED	68488	ff183bfa57933b599c8a262f55551870c846bd3310f2c41c74d0066812c0de37	RIFF	android-assets/audio/sfx/monster/rm_tahomate_moan2.wav	68488	ff183bfa57933b599c8a262f55551870c846bd3310f2c41c74d0066812c0de37
Data.pk2	prim/snd/monster/rm_tahomate_shout1.wav	VERIFIED	47438	d638e0fa92275e8613b2654c67899d5f9084213b7d2df22965f27ff5226fb88e	RIFF	android-assets/audio/sfx/monster/rm_tahomate_shout1.wav	47438	d638e0fa92275e8613b2654c67899d5f9084213b7d2df22965f27ff5226fb88e
Data.pk2	prim/snd/monster/rm_tahomate_skill_hit.wav	VERIFIED	68940	fe92e784a6ed41ac3312aef9ae645ecb0bd5d5e0c2f69c16961d20d424d59f71	RIFF	android-assets/audio/sfx/monster/rm_tahomate_skill_hit.wav	68940	fe92e784a6ed41ac3312aef9ae645ecb0bd5d5e0c2f69c16961d20d424d59f71
Data.pk2	prim/snd/monster/rm_tahomate_skill_hit2.wav	VERIFIED	68940	fe92e784a6ed41ac3312aef9ae645ecb0bd5d5e0c2f69c16961d20d424d59f71	RIFF	android-assets/audio/sfx/monster/rm_tahomate_skill_hit2.wav	68940	fe92e784a6ed41ac3312aef9ae645ecb0bd5d5e0c2f69c16961d20d424d59f71
Data.pk2	prim/snd/monster/rm_tahomate_skill_shout1.wav	VERIFIED	149638	b953c2a8e91c5c39fe20cbbe6a60e45df2192d4e6afba19712a9ccec905b0f75	RIFF	android-assets/audio/sfx/monster/rm_tahomate_skill_shout1.wav	149638	b953c2a8e91c5c39fe20cbbe6a60e45df2192d4e6afba19712a9ccec905b0f75
Data.pk2	prim/snd/monster/rm_tahomate_skill_shout2.wav	VERIFIED	136606	1b06f104fb77218772b5b001e1c428ce08c7e5b1f262ed1b7411da9ae60e878a	RIFF	android-assets/audio/sfx/monster/rm_tahomate_skill_shout2.wav	136606	1b06f104fb77218772b5b001e1c428ce08c7e5b1f262ed1b7411da9ae60e878a
Data.pk2	prim/snd/monster/rm_tahomate_skill_swing.wav	VERIFIED	43594	dab184e60f259c27dc747db8fb867c8458e388678f3846d5a41fe281802bc245	RIFF	android-assets/audio/sfx/monster/rm_tahomate_skill_swing.wav	43594	dab184e60f259c27dc747db8fb867c8458e388678f3846d5a41fe281802bc245
Data.pk2	prim/snd/monster/rm_tahomate_stand.wav	VERIFIED	39138	b05656ab65693925c2ae651cfd8e163c39421c3a9b0d7f4ff1fc4baae245c166	RIFF	android-assets/audio/sfx/monster/rm_tahomate_stand.wav	39138	b05656ab65693925c2ae651cfd8e163c39421c3a9b0d7f4ff1fc4baae245c166
Data.pk2	prim/snd/monster/tarim_bandit_die_a.wav	VERIFIED	66082	a3982df22e2be56ce63eebb780c259551a066da26e3319223c4bdd49b074e9a0	RIFF	android-assets/audio/sfx/monster/tarim_bandit_die_a.wav	66082	a3982df22e2be56ce63eebb780c259551a066da26e3319223c4bdd49b074e9a0
Data.pk2	prim/snd/monster/tarim_bandit_die_b.wav	VERIFIED	59298	539bb8038203840ac6dfeadcc026a23fce6ed4eb0cb670967f622e7798f3d0e9	RIFF	android-assets/audio/sfx/monster/tarim_bandit_die_b.wav	59298	539bb8038203840ac6dfeadcc026a23fce6ed4eb0cb670967f622e7798f3d0e9
Data.pk2	prim/snd/monster/tarim_bandit_help.wav	VERIFIED	111660	410d2f44e61604899ecf948be1b26da7a2f8aec6ea3c2ed64466b15253be23c4	RIFF	android-assets/audio/sfx/monster/tarim_bandit_help.wav	111660	410d2f44e61604899ecf948be1b26da7a2f8aec6ea3c2ed64466b15253be23c4
Data.pk2	prim/snd/monster/tarim_bandit_moan1_a.wav	VERIFIED	24226	b863dce315227a0a02e6a1de3bb65711dec448f06c84d2bfe1d6457f62c1372a	RIFF	android-assets/audio/sfx/monster/tarim_bandit_moan1_a.wav	24226	b863dce315227a0a02e6a1de3bb65711dec448f06c84d2bfe1d6457f62c1372a
Data.pk2	prim/snd/monster/tarim_bandit_moan1_b.wav	VERIFIED	18114	37f3338ca445e50a486d2a329eb7249c7ca50d4fdd2c114df781d3709a86a164	RIFF	android-assets/audio/sfx/monster/tarim_bandit_moan1_b.wav	18114	37f3338ca445e50a486d2a329eb7249c7ca50d4fdd2c114df781d3709a86a164
Data.pk2	prim/snd/monster/tarim_bandit_moan2.wav	VERIFIED	44514	55143d4c38bba74441ae3b92e533bdfcaf6288390e8b23f069e789b2e74425c7	RIFF	android-assets/audio/sfx/monster/tarim_bandit_moan2.wav	44514	55143d4c38bba74441ae3b92e533bdfcaf6288390e8b23f069e789b2e74425c7
Data.pk2	prim/snd/monster/tarim_bandit_shout_a.wav	VERIFIED	17922	8505741b9f7a347fd290dd56be8e9ee139eb30bddfc8d22cc0a29c38d4994f7a	RIFF	android-assets/audio/sfx/monster/tarim_bandit_shout_a.wav	17922	8505741b9f7a347fd290dd56be8e9ee139eb30bddfc8d22cc0a29c38d4994f7a
Data.pk2	prim/snd/monster/tarim_bandit_shout_b.wav	VERIFIED	23298	7ef59d9e45aa66a14f36b79f3585722c3aefd883171f9776f7b4849c5c39a874	RIFF	android-assets/audio/sfx/monster/tarim_bandit_shout_b.wav	23298	7ef59d9e45aa66a14f36b79f3585722c3aefd883171f9776f7b4849c5c39a874
Data.pk2	prim/snd/monster/tarim_banditar_die_a.wav	VERIFIED	74402	5b8a4a81de4b51e3a9b48bdc3ade6c5584f3dc96f546ddb9f060841f7a02c64b	RIFF	android-assets/audio/sfx/monster/tarim_banditar_die_a.wav	74402	5b8a4a81de4b51e3a9b48bdc3ade6c5584f3dc96f546ddb9f060841f7a02c64b
Data.pk2	prim/snd/monster/tarim_banditar_die_b.wav	VERIFIED	78626	e2c9f013e3c61332065349e43e0455d986d369df988c158c7bc74f44291d5a95	RIFF	android-assets/audio/sfx/monster/tarim_banditar_die_b.wav	78626	e2c9f013e3c61332065349e43e0455d986d369df988c158c7bc74f44291d5a95
Data.pk2	prim/snd/monster/tarim_banditar_help.wav	VERIFIED	77458	3f7c52646d0f140cb6f7b0a78e1c4dd2afb19b4aa617aadc4d440e1e622e08ac	RIFF	android-assets/audio/sfx/monster/tarim_banditar_help.wav	77458	3f7c52646d0f140cb6f7b0a78e1c4dd2afb19b4aa617aadc4d440e1e622e08ac
Data.pk2	prim/snd/monster/tarim_banditar_moan1.wav	VERIFIED	20514	442a9a63bd82f2c365e073f251c2668c9efa2b8f20a9b75ec1f025b5c04af708	RIFF	android-assets/audio/sfx/monster/tarim_banditar_moan1.wav	20514	442a9a63bd82f2c365e073f251c2668c9efa2b8f20a9b75ec1f025b5c04af708
Data.pk2	prim/snd/monster/tarim_banditar_moan2.wav	VERIFIED	25698	468d96adb8249e949b0261325e98d6cb146222462d2e5a4232c9fe187b95d2c2	RIFF	android-assets/audio/sfx/monster/tarim_banditar_moan2.wav	25698	468d96adb8249e949b0261325e98d6cb146222462d2e5a4232c9fe187b95d2c2
Data.pk2	prim/snd/monster/tarim_hyeol_die.wav	VERIFIED	108150	2ad482b134c3a5f702be67099a88ffd3cfc1f8755adaf4e0e8a9c392b1d12c68	RIFF	android-assets/audio/sfx/monster/tarim_hyeol_die.wav	108150	2ad482b134c3a5f702be67099a88ffd3cfc1f8755adaf4e0e8a9c392b1d12c68
Data.pk2	prim/snd/monster/tarim_hyeol_helf1.wav	VERIFIED	43934	d4cc7e5dc1917a8cbc63a7e4c2b6e97dec61b6b303600a0716b947fcc6afb9e5	RIFF	android-assets/audio/sfx/monster/tarim_hyeol_helf1.wav	43934	d4cc7e5dc1917a8cbc63a7e4c2b6e97dec61b6b303600a0716b947fcc6afb9e5
Data.pk2	prim/snd/monster/tarim_hyeol_helf2.wav	VERIFIED	43928	889008280c282af7a7e0d925d951c1a38328ee3044d14d2917be21584d4198b5	RIFF	android-assets/audio/sfx/monster/tarim_hyeol_helf2.wav	43928	889008280c282af7a7e0d925d951c1a38328ee3044d14d2917be21584d4198b5
Data.pk2	prim/snd/monster/tarim_hyeol_jombiegas.wav	VERIFIED	88410	9b700db78405b56a672ffe719141e8913d9d95c5ae8d93a759bb576a55c943fb	RIFF	android-assets/audio/sfx/monster/tarim_hyeol_jombiegas.wav	88410	9b700db78405b56a672ffe719141e8913d9d95c5ae8d93a759bb576a55c943fb
Data.pk2	prim/snd/monster/tarim_hyeol_julgi.wav	VERIFIED	37036	f451f66726a60e2310a43ffe4febf9881a2049f068d04d16d1a22681b66281ca	RIFF	android-assets/audio/sfx/monster/tarim_hyeol_julgi.wav	37036	f451f66726a60e2310a43ffe4febf9881a2049f068d04d16d1a22681b66281ca
Data.pk2	prim/snd/monster/tarim_hyeol_moan1_a.wav	VERIFIED	41972	4ac25781f541fdc514ccb4d2e7faaca0ee1775f378d14cad4d4121d112f0ea15	RIFF	android-assets/audio/sfx/monster/tarim_hyeol_moan1_a.wav	41972	4ac25781f541fdc514ccb4d2e7faaca0ee1775f378d14cad4d4121d112f0ea15
Data.pk2	prim/snd/monster/tarim_hyeol_moan1_b.wav	VERIFIED	46196	98ac30493f6b7352876ecd2dfddd58f3c941f20ef5704738489bd732aaa62c6b	RIFF	android-assets/audio/sfx/monster/tarim_hyeol_moan1_b.wav	46196	98ac30493f6b7352876ecd2dfddd58f3c941f20ef5704738489bd732aaa62c6b
Data.pk2	prim/snd/monster/tarim_hyeol_moan2.wav	VERIFIED	52212	bc0dbadc9a08b4f12b42a051f02cd8ec8fdd7f537f56e382eb9b2108c8851c1c	RIFF	android-assets/audio/sfx/monster/tarim_hyeol_moan2.wav	52212	bc0dbadc9a08b4f12b42a051f02cd8ec8fdd7f537f56e382eb9b2108c8851c1c
Data.pk2	prim/snd/monster/tarim_hyeol_moan2_a.wav	VERIFIED	44454	48676a2a991f194c59130ae148c85546b7f61fbadfd8618bb401464c2c6cf69c	RIFF	android-assets/audio/sfx/monster/tarim_hyeol_moan2_a.wav	44454	48676a2a991f194c59130ae148c85546b7f61fbadfd8618bb401464c2c6cf69c
Data.pk2	prim/snd/monster/tarim_hyeol_moan2_b.wav	VERIFIED	34208	17461e090bfd83194e0e4b88b1fa1ac31f68909955de287f93087e83399e7403	RIFF	android-assets/audio/sfx/monster/tarim_hyeol_moan2_b.wav	34208	17461e090bfd83194e0e4b88b1fa1ac31f68909955de287f93087e83399e7403
Data.pk2	prim/snd/monster/tarim_hyeol_shout_a.wav	VERIFIED	36212	ed5db97949e4dd07fcd461455054d38759bef133295b6f19c9bd80696e352749	RIFF	android-assets/audio/sfx/monster/tarim_hyeol_shout_a.wav	36212	ed5db97949e4dd07fcd461455054d38759bef133295b6f19c9bd80696e352749
Data.pk2	prim/snd/monster/tarim_hyeol_shout_b.wav	VERIFIED	43892	751f8389544307adf2c2bff473db7a29a6449e9a4b1bc259bc45bb74a00fa95b	RIFF	android-assets/audio/sfx/monster/tarim_hyeol_shout_b.wav	43892	751f8389544307adf2c2bff473db7a29a6449e9a4b1bc259bc45bb74a00fa95b
Data.pk2	prim/snd/monster/tarim_hyeol_stand.wav	VERIFIED	262070	e20d93d6ae4612e46c59b8d0d81989a929387a36b073bef4d114c966bb61daba	RIFF	android-assets/audio/sfx/monster/tarim_hyeol_stand.wav	262070	e20d93d6ae4612e46c59b8d0d81989a929387a36b073bef4d114c966bb61daba
Data.pk2	prim/snd/monster/tarim_hyeol_swing.wav	VERIFIED	98282	ab4f471b23d2c5600010a2596be480ca5a794e1fa3dfdd1c2c9ccd25424f1923	RIFF	android-assets/audio/sfx/monster/tarim_hyeol_swing.wav	98282	ab4f471b23d2c5600010a2596be480ca5a794e1fa3dfdd1c2c9ccd25424f1923
Data.pk2	prim/snd/monster/tarim_ong_die_a.wav	VERIFIED	61628	0b5fc4722e4122109af0d99e2160386a4a6d3ec0ad03ba90344f6610e74d989a	RIFF	android-assets/audio/sfx/monster/tarim_ong_die_a.wav	61628	0b5fc4722e4122109af0d99e2160386a4a6d3ec0ad03ba90344f6610e74d989a
Data.pk2	prim/snd/monster/tarim_ong_die_b.wav	VERIFIED	70056	d370c5c538c1ae43479eedb1acb943096cf9e2b5a422d8b0fdec774f8561576d	RIFF	android-assets/audio/sfx/monster/tarim_ong_die_b.wav	70056	d370c5c538c1ae43479eedb1acb943096cf9e2b5a422d8b0fdec774f8561576d
Data.pk2	prim/snd/monster/tarim_ong_fly.wav	VERIFIED	44392	e6f9b90ee2915749b5434b21d5029bfec9819f23584fb0bdc5941441b5345867	RIFF	android-assets/audio/sfx/monster/tarim_ong_fly.wav	44392	e6f9b90ee2915749b5434b21d5029bfec9819f23584fb0bdc5941441b5345867
Data.pk2	prim/snd/monster/tarim_ong_hit.wav	VERIFIED	25032	f7060e232d3ab57eada1512c288eacf612ce85c2f228edb98919e8767e96cd72	RIFF	android-assets/audio/sfx/monster/tarim_ong_hit.wav	25032	f7060e232d3ab57eada1512c288eacf612ce85c2f228edb98919e8767e96cd72
Data.pk2	prim/snd/monster/tarim_ong_moan1.wav	VERIFIED	40056	2bf254ab17a8026dc381a0f60ded77efa6bbc1a1c8e6dcfcd57b99dcb06d0e83	RIFF	android-assets/audio/sfx/monster/tarim_ong_moan1.wav	40056	2bf254ab17a8026dc381a0f60ded77efa6bbc1a1c8e6dcfcd57b99dcb06d0e83
Data.pk2	prim/snd/monster/tarim_ong_moan2.wav	VERIFIED	36632	547ac9e20c3508528e9347eee7ac042a86b4de34617207861ce53ba45067e647	RIFF	android-assets/audio/sfx/monster/tarim_ong_moan2.wav	36632	547ac9e20c3508528e9347eee7ac042a86b4de34617207861ce53ba45067e647
Data.pk2	prim/snd/monster/tarim_ong_shout_a.wav	VERIFIED	32202	a28c72737c9d719043e64f387489421b398a4272a52eb6a085445a902dbbf157	RIFF	android-assets/audio/sfx/monster/tarim_ong_shout_a.wav	32202	a28c72737c9d719043e64f387489421b398a4272a52eb6a085445a902dbbf157
Data.pk2	prim/snd/monster/tarim_ong_shout_b.wav	VERIFIED	24444	6daed45cc9c3232e8d645669d2c062d67c9c43c91991bee2b75ae40bb31c7187	RIFF	android-assets/audio/sfx/monster/tarim_ong_shout_b.wav	24444	6daed45cc9c3232e8d645669d2c062d67c9c43c91991bee2b75ae40bb31c7187
Data.pk2	prim/snd/monster/tarim_redeye_die.wav	VERIFIED	40108	225eee66deeee78e50d73ade3c70ccbc66e7925bbe69aa086a230e60a714fb11	RIFF	android-assets/audio/sfx/monster/tarim_redeye_die.wav	40108	225eee66deeee78e50d73ade3c70ccbc66e7925bbe69aa086a230e60a714fb11
Data.pk2	prim/snd/monster/tarim_redeye_flame.wav	VERIFIED	103492	83be03b7e79eeb6c5ebd7245a0b831a803ef867c903f1896029d1ebdd50f7230	RIFF	android-assets/audio/sfx/monster/tarim_redeye_flame.wav	103492	83be03b7e79eeb6c5ebd7245a0b831a803ef867c903f1896029d1ebdd50f7230
Data.pk2	prim/snd/monster/tarim_redeye_moan1.wav	VERIFIED	22316	ef8e6ff435416204188d2c0cef6cddce560fc611897f5605b3797d88818ac842	RIFF	android-assets/audio/sfx/monster/tarim_redeye_moan1.wav	22316	ef8e6ff435416204188d2c0cef6cddce560fc611897f5605b3797d88818ac842
Data.pk2	prim/snd/monster/tarim_redeye_moan2.wav	VERIFIED	28204	420c2660296006950208ec8bdad48f9a9617a99ef5e7b33d8e0de2fda4ed3825	RIFF	android-assets/audio/sfx/monster/tarim_redeye_moan2.wav	28204	420c2660296006950208ec8bdad48f9a9617a99ef5e7b33d8e0de2fda4ed3825
Data.pk2	prim/snd/monster/tarim_redeye_shout.wav	VERIFIED	32300	fc2a2d747da73709824aeb2b798744060f5adad36be3e9a7c10b086a7f3b70d0	RIFF	android-assets/audio/sfx/monster/tarim_redeye_shout.wav	32300	fc2a2d747da73709824aeb2b798744060f5adad36be3e9a7c10b086a7f3b70d0
Data.pk2	prim/snd/monster/tarim_redeye_thud.wav	VERIFIED	35238	8aa53015aa61a1682bf57e2057d4d94ab3f5d7c177b3a1f4c8b3f5a9a95e4158	RIFF	android-assets/audio/sfx/monster/tarim_redeye_thud.wav	35238	8aa53015aa61a1682bf57e2057d4d94ab3f5d7c177b3a1f4c8b3f5a9a95e4158
Data.pk2	prim/snd/monster/tarim_sagal_die_a.wav	VERIFIED	57640	398e38c59eb1db8d9aa3aa057323091d261a8c57a0ea1af8382aedddfc87e855	RIFF	android-assets/audio/sfx/monster/tarim_sagal_die_a.wav	57640	398e38c59eb1db8d9aa3aa057323091d261a8c57a0ea1af8382aedddfc87e855
Data.pk2	prim/snd/monster/tarim_sagal_die_b.wav	VERIFIED	39832	789ef7595157021a1873f3bfc83476cfb2a987c74f8af4baaa9441535507b707	RIFF	android-assets/audio/sfx/monster/tarim_sagal_die_b.wav	39832	789ef7595157021a1873f3bfc83476cfb2a987c74f8af4baaa9441535507b707
Data.pk2	prim/snd/monster/tarim_sagal_moan1.wav	VERIFIED	35876	1df50444bdc4f4cffa76b38b72e7b62d33f30407f08872e568b4876a934a4d92	RIFF	android-assets/audio/sfx/monster/tarim_sagal_moan1.wav	35876	1df50444bdc4f4cffa76b38b72e7b62d33f30407f08872e568b4876a934a4d92
Data.pk2	prim/snd/monster/tarim_sagal_moan2.wav	VERIFIED	22246	775ee4e04af8b891efd23082fc19c1c2dbed1dad5b860b628a5b39de7d6272c6	RIFF	android-assets/audio/sfx/monster/tarim_sagal_moan2.wav	22246	775ee4e04af8b891efd23082fc19c1c2dbed1dad5b860b628a5b39de7d6272c6
Data.pk2	prim/snd/monster/tarim_sagal_shout.wav	VERIFIED	34156	d05aec59dcb71d9d25d89ac3dc4c4c1382f0800df50d946d768a7405765f0d17	RIFF	android-assets/audio/sfx/monster/tarim_sagal_shout.wav	34156	d05aec59dcb71d9d25d89ac3dc4c4c1382f0800df50d946d768a7405765f0d17
Data.pk2	prim/snd/monster/tarim_sagal_skillswing.wav	VERIFIED	18092	4523fa615e87b55c643d53eb9fd6bc4f3defe72f02861543700692505fddfcbf	RIFF	android-assets/audio/sfx/monster/tarim_sagal_skillswing.wav	18092	4523fa615e87b55c643d53eb9fd6bc4f3defe72f02861543700692505fddfcbf
Data.pk2	prim/snd/monster/tarim_sagal_walk.wav	VERIFIED	23130	8ec7cc5e887eb733b8c0bc878385435d2ac8bd22b2fe048755edacacd159e540	RIFF	android-assets/audio/sfx/monster/tarim_sagal_walk.wav	23130	8ec7cc5e887eb733b8c0bc878385435d2ac8bd22b2fe048755edacacd159e540
Data.pk2	prim/snd/monster/tarim_ureuchdrai_walk.wav	VERIFIED	76596	95673681c8d999b690b0037e674299cc0ea9123345b8da9a4cb3e3934ce5f0d1	RIFF	android-assets/audio/sfx/monster/tarim_ureuchdrai_walk.wav	76596	95673681c8d999b690b0037e674299cc0ea9123345b8da9a4cb3e3934ce5f0d1
Data.pk2	prim/snd/monster/tarim_ureuchi_jangswing.wav	VERIFIED	91816	52b0cb513e51f502d07355770f4ca2bef90a3d20d0b8de4d28619a8b8e2fe3d3	RIFF	android-assets/audio/sfx/monster/tarim_ureuchi_jangswing.wav	91816	52b0cb513e51f502d07355770f4ca2bef90a3d20d0b8de4d28619a8b8e2fe3d3
Data.pk2	prim/snd/monster/tarim_ureuchi_shout.wav	VERIFIED	31270	da08b6bbd72b7c72e20a6282aa37f9bcc040d1a0428875ce0e091b9077727f45	RIFF	android-assets/audio/sfx/monster/tarim_ureuchi_shout.wav	31270	da08b6bbd72b7c72e20a6282aa37f9bcc040d1a0428875ce0e091b9077727f45
Data.pk2	prim/snd/monster/tarim_ureuchidra_die.wav	VERIFIED	192812	737b90a4cf72c9aea999cee25e44a2ef1defe3baaa880ee9d2d7cea0dd65b19a	RIFF	android-assets/audio/sfx/monster/tarim_ureuchidra_die.wav	192812	737b90a4cf72c9aea999cee25e44a2ef1defe3baaa880ee9d2d7cea0dd65b19a
Data.pk2	prim/snd/monster/tarim_ureuchidra_help.wav	VERIFIED	132244	79c190eb24c3701e9d92e20e5a2a17eea2b1087cf524553d3cc0310aa791f0d5	RIFF	android-assets/audio/sfx/monster/tarim_ureuchidra_help.wav	132244	79c190eb24c3701e9d92e20e5a2a17eea2b1087cf524553d3cc0310aa791f0d5
Data.pk2	prim/snd/monster/tarim_ureuchidra_moan.wav	VERIFIED	206374	a9a4c3c2a5fe7e708dce8ab583c8379f259957372cee46b3fdfd292780c36ceb	RIFF	android-assets/audio/sfx/monster/tarim_ureuchidra_moan.wav	206374	a9a4c3c2a5fe7e708dce8ab583c8379f259957372cee46b3fdfd292780c36ceb
Data.pk2	prim/snd/monster/tarim_ureuchidra_sandhit.wav	VERIFIED	182554	cc5884846241513a7e6a21d10bf99ab711a9ef0c1687d722a3e166b81488e8c1	RIFF	android-assets/audio/sfx/monster/tarim_ureuchidra_sandhit.wav	182554	cc5884846241513a7e6a21d10bf99ab711a9ef0c1687d722a3e166b81488e8c1
Data.pk2	prim/snd/monster/tarim_ureuchidra_search.wav	VERIFIED	162448	bae63fc987d232fd7f469df7b31275e646c02782623a742d1b501a2ae6111b33	RIFF	android-assets/audio/sfx/monster/tarim_ureuchidra_search.wav	162448	bae63fc987d232fd7f469df7b31275e646c02782623a742d1b501a2ae6111b33
Data.pk2	prim/snd/monster/tarim_ureuchidra_thud.wav	VERIFIED	65964	9e081cf7935a465ecb19f79833ae82d6ae48b46a4634a1ca31a2251aae9eacd3	RIFF	android-assets/audio/sfx/monster/tarim_ureuchidra_thud.wav	65964	9e081cf7935a465ecb19f79833ae82d6ae48b46a4634a1ca31a2251aae9eacd3
Data.pk2	prim/snd/monster/tarim_ureuchidra_tthud.wav	VERIFIED	65964	9e081cf7935a465ecb19f79833ae82d6ae48b46a4634a1ca31a2251aae9eacd3	RIFF	android-assets/audio/sfx/monster/tarim_ureuchidra_tthud.wav	65964	9e081cf7935a465ecb19f79833ae82d6ae48b46a4634a1ca31a2251aae9eacd3
Data.pk2	prim/snd/monster/tk_darkkara_die.wav	VERIFIED	68978	3da56b43c479da6b366bbebdc016e7eabe952a73340fa3cbcbd17dd4e80321d6	RIFF	android-assets/audio/sfx/monster/tk_darkkara_die.wav	68978	3da56b43c479da6b366bbebdc016e7eabe952a73340fa3cbcbd17dd4e80321d6
Data.pk2	prim/snd/monster/tk_darkkara_moan1.wav	VERIFIED	32870	25050e4e44e63113e84c168c1b8d2edd02d3099aad68b8d725f3e2dd10e6417b	RIFF	android-assets/audio/sfx/monster/tk_darkkara_moan1.wav	32870	25050e4e44e63113e84c168c1b8d2edd02d3099aad68b8d725f3e2dd10e6417b
Data.pk2	prim/snd/monster/tk_darkkara_moan2.wav	VERIFIED	51708	4e5089b6581257c4af61af08107b0008ad6fc5419158b960d1ebbd43205e7733	RIFF	android-assets/audio/sfx/monster/tk_darkkara_moan2.wav	51708	4e5089b6581257c4af61af08107b0008ad6fc5419158b960d1ebbd43205e7733
Data.pk2	prim/snd/monster/tk_darkkara_shout2.wav	VERIFIED	67370	40a1b51f5d39e09c6c0553fcf4c10b098efc8cf6174b386cec783f3732751b43	RIFF	android-assets/audio/sfx/monster/tk_darkkara_shout2.wav	67370	40a1b51f5d39e09c6c0553fcf4c10b098efc8cf6174b386cec783f3732751b43
Data.pk2	prim/snd/monster/tk_darkkara_skill1.wav	VERIFIED	70610	c0bc1f1aca1f0369e1490616c5125069aee842fa93a0ca0831188a986c36378e	RIFF	android-assets/audio/sfx/monster/tk_darkkara_skill1.wav	70610	c0bc1f1aca1f0369e1490616c5125069aee842fa93a0ca0831188a986c36378e
Data.pk2	prim/snd/monster/tk_darkkara_skill2.wav	VERIFIED	64174	635e64d65ac34f16acfe80c7b5b50d1b4af55630d967bdbf1661a656dcb4aed6	RIFF	android-assets/audio/sfx/monster/tk_darkkara_skill2.wav	64174	635e64d65ac34f16acfe80c7b5b50d1b4af55630d967bdbf1661a656dcb4aed6
Data.pk2	prim/snd/monster/tk_darkkara_stand_01.wav	VERIFIED	60410	63e4fa44802e902667b24a6d767a34b33cbf3f5019a4ccbeff68db8a27729e16	RIFF	android-assets/audio/sfx/monster/tk_darkkara_stand_01.wav	60410	63e4fa44802e902667b24a6d767a34b33cbf3f5019a4ccbeff68db8a27729e16
Data.pk2	prim/snd/monster/tk_darkkara_stand_02.wav	VERIFIED	44144	b786837b68626add54df0a4130577c3983e1dea249a37905e2be32685bffb1f9	RIFF	android-assets/audio/sfx/monster/tk_darkkara_stand_02.wav	44144	b786837b68626add54df0a4130577c3983e1dea249a37905e2be32685bffb1f9
Data.pk2	prim/snd/monster/tk_darkkara_walk.wav	VERIFIED	37424	00fb9b6ee09c5d4398538ac0595213f1ca53082a2dae060e0e018651bd19d362	RIFF	android-assets/audio/sfx/monster/tk_darkkara_walk.wav	37424	00fb9b6ee09c5d4398538ac0595213f1ca53082a2dae060e0e018651bd19d362
Data.pk2	prim/snd/monster/tk_edimmu_die.wav	VERIFIED	74054	89232ac783cd0c80b56acbeb6053acc66e4e12bc1a625d70e46691c39564ea77	RIFF	android-assets/audio/sfx/monster/tk_edimmu_die.wav	74054	89232ac783cd0c80b56acbeb6053acc66e4e12bc1a625d70e46691c39564ea77
Data.pk2	prim/snd/monster/tk_edimmu_moan1.wav	VERIFIED	37648	a62dc94c8d2f10b6be9ab3bfca457cfd22e0137da0ac9cb948f44475a03fe2c4	RIFF	android-assets/audio/sfx/monster/tk_edimmu_moan1.wav	37648	a62dc94c8d2f10b6be9ab3bfca457cfd22e0137da0ac9cb948f44475a03fe2c4
Data.pk2	prim/snd/monster/tk_edimmu_moan2.wav	VERIFIED	40690	63b16c8b263a05522333c4e7714fc5c901e2771372a2d70b8101a7779a865c42	RIFF	android-assets/audio/sfx/monster/tk_edimmu_moan2.wav	40690	63b16c8b263a05522333c4e7714fc5c901e2771372a2d70b8101a7779a865c42
Data.pk2	prim/snd/monster/tk_edimmu_skill1.wav	VERIFIED	64368	527828db0ea209042b89706d6455c3688a07ceabd4aa9dfc0251c64d92357120	RIFF	android-assets/audio/sfx/monster/tk_edimmu_skill1.wav	64368	527828db0ea209042b89706d6455c3688a07ceabd4aa9dfc0251c64d92357120
Data.pk2	prim/snd/monster/tk_edimmu_skill2.wav	VERIFIED	103918	c96df22d96b7cf847cc3ee4db2b8456b82b538cd393970246d8faa0d346f762e	RIFF	android-assets/audio/sfx/monster/tk_edimmu_skill2.wav	103918	c96df22d96b7cf847cc3ee4db2b8456b82b538cd393970246d8faa0d346f762e
Data.pk2	prim/snd/monster/tk_edimmu_stand.wav	VERIFIED	54164	30fa861b275c33374b942c85fe1125e9193caf669ef2287e9cfa415f4ca300b7	RIFF	android-assets/audio/sfx/monster/tk_edimmu_stand.wav	54164	30fa861b275c33374b942c85fe1125e9193caf669ef2287e9cfa415f4ca300b7
Data.pk2	prim/snd/monster/tk_edimmu_walk_01.wav	VERIFIED	32430	266510e804164623d54fd32b6fa7b6ae1c7b932405298022fe745cffc4b471c8	RIFF	android-assets/audio/sfx/monster/tk_edimmu_walk_01.wav	32430	266510e804164623d54fd32b6fa7b6ae1c7b932405298022fe745cffc4b471c8
Data.pk2	prim/snd/monster/tk_edimmu_walk_02.wav	VERIFIED	31662	b5448292ae8662aec7a75fcea6b07585246b67aa00284905f6ae9016328c3840	RIFF	android-assets/audio/sfx/monster/tk_edimmu_walk_02.wav	31662	b5448292ae8662aec7a75fcea6b07585246b67aa00284905f6ae9016328c3840
Data.pk2	prim/snd/monster/tk_niyamage_die.wav	VERIFIED	44220	75354130d55e1122f81d56c5a9dab5368d11f52029e3a1a5c30a6405c5218e0a	RIFF	android-assets/audio/sfx/monster/tk_niyamage_die.wav	44220	75354130d55e1122f81d56c5a9dab5368d11f52029e3a1a5c30a6405c5218e0a
Data.pk2	prim/snd/monster/tk_niyamage_moan1.wav	VERIFIED	44222	e692966d65e0d8a724cbcafd3ab9339df64a1764b1d6559048d4b2efe1e14c4f	RIFF	android-assets/audio/sfx/monster/tk_niyamage_moan1.wav	44222	e692966d65e0d8a724cbcafd3ab9339df64a1764b1d6559048d4b2efe1e14c4f
Data.pk2	prim/snd/monster/tk_niyamage_moan2.wav	VERIFIED	37030	c3b8a23f5b0bbe5a4e0fbdff050211140f4b503afc19990ae985ba5a87917950	RIFF	android-assets/audio/sfx/monster/tk_niyamage_moan2.wav	37030	c3b8a23f5b0bbe5a4e0fbdff050211140f4b503afc19990ae985ba5a87917950
Data.pk2	prim/snd/monster/tk_niyamage_shout.wav	VERIFIED	44224	80b0ffd1e4707b21d594d111eccf4965f76f539cfaa2f51c169c846712bc8dfb	RIFF	android-assets/audio/sfx/monster/tk_niyamage_shout.wav	44224	80b0ffd1e4707b21d594d111eccf4965f76f539cfaa2f51c169c846712bc8dfb
Data.pk2	prim/snd/monster/tk_niyamage_skill1.wav	VERIFIED	83016	694a5c6bb4087cfdafb342208a3f72d4dd55aa008bcb5a6b1c546d488a2efaae	RIFF	android-assets/audio/sfx/monster/tk_niyamage_skill1.wav	83016	694a5c6bb4087cfdafb342208a3f72d4dd55aa008bcb5a6b1c546d488a2efaae
Data.pk2	prim/snd/monster/tk_niyamage_stand.wav	VERIFIED	125724	cd6a54fc123dff41e4490c58c0b10166c376a21226be9a73ff18ef7aca8395cf	RIFF	android-assets/audio/sfx/monster/tk_niyamage_stand.wav	125724	cd6a54fc123dff41e4490c58c0b10166c376a21226be9a73ff18ef7aca8395cf
Data.pk2	prim/snd/monster/tk_niyasoldier_die.wav	VERIFIED	73212	7055cd6c36423c56f6f585e355272ac033b7a5977aba74c92381eae62ac6c5dc	RIFF	android-assets/audio/sfx/monster/tk_niyasoldier_die.wav	73212	7055cd6c36423c56f6f585e355272ac033b7a5977aba74c92381eae62ac6c5dc
Data.pk2	prim/snd/monster/tk_niyasoldier_moan1.wav	VERIFIED	35230	fbc18e0c9bfeeb41ddd633ea60ff8c9197db4f87d78d5fe0fcba1b6942352eb2	RIFF	android-assets/audio/sfx/monster/tk_niyasoldier_moan1.wav	35230	fbc18e0c9bfeeb41ddd633ea60ff8c9197db4f87d78d5fe0fcba1b6942352eb2
Data.pk2	prim/snd/monster/tk_niyasoldier_moan2.wav	VERIFIED	36604	9659dc373611ba8a627b71a222370862e2f295720e136fd105117c920d98dfcf	RIFF	android-assets/audio/sfx/monster/tk_niyasoldier_moan2.wav	36604	9659dc373611ba8a627b71a222370862e2f295720e136fd105117c920d98dfcf
Data.pk2	prim/snd/monster/tk_niyasoldier_walk.wav	VERIFIED	24284	fdf4b2ce3e5f9edf74e31f1e555201650c367b6c37aa934e6895ea58e8032b81	RIFF	android-assets/audio/sfx/monster/tk_niyasoldier_walk.wav	24284	fdf4b2ce3e5f9edf74e31f1e555201650c367b6c37aa934e6895ea58e8032b81
Data.pk2	prim/snd/monster/tk_road_die_01.wav	VERIFIED	88316	3adb2c1676e76b5489cb2a2a303cf5174579427c93ffece23657a54d52e6e298	RIFF	android-assets/audio/sfx/monster/tk_road_die_01.wav	88316	3adb2c1676e76b5489cb2a2a303cf5174579427c93ffece23657a54d52e6e298
Data.pk2	prim/snd/monster/tk_road_die_02.wav	VERIFIED	83058	6e58b552a2bd6ede8c914e51beb90bbf0a4f7cfebbe341e30690fcc7aed5bc22	RIFF	android-assets/audio/sfx/monster/tk_road_die_02.wav	83058	6e58b552a2bd6ede8c914e51beb90bbf0a4f7cfebbe341e30690fcc7aed5bc22
Data.pk2	prim/snd/monster/tk_road_moan1.wav	VERIFIED	57578	5c088fa317e53e9c1a582ef7ca4d04b6ab89c451f7e3ebe56efcd1912501d5e2	RIFF	android-assets/audio/sfx/monster/tk_road_moan1.wav	57578	5c088fa317e53e9c1a582ef7ca4d04b6ab89c451f7e3ebe56efcd1912501d5e2
Data.pk2	prim/snd/monster/tk_road_moan2.wav	VERIFIED	63700	fedcb791692a0639c77691aed3eb0ed1b753e1d366927859fb6c8a7fe9bf2229	RIFF	android-assets/audio/sfx/monster/tk_road_moan2.wav	63700	fedcb791692a0639c77691aed3eb0ed1b753e1d366927859fb6c8a7fe9bf2229
Data.pk2	prim/snd/monster/tk_road_shout.wav	VERIFIED	70832	a07cf14321989dbdb54119c23cf05500ec1b9e8e4ea85f9888c9d1176b4f4672	RIFF	android-assets/audio/sfx/monster/tk_road_shout.wav	70832	a07cf14321989dbdb54119c23cf05500ec1b9e8e4ea85f9888c9d1176b4f4672
Data.pk2	prim/snd/monster/tk_road_skillshout.wav	VERIFIED	132420	2e199ffe1f769c1ee105c839334a6dd6929e8968311587b963b44c8e84dabdd7	RIFF	android-assets/audio/sfx/monster/tk_road_skillshout.wav	132420	2e199ffe1f769c1ee105c839334a6dd6929e8968311587b963b44c8e84dabdd7
Data.pk2	prim/snd/monster/tk_road_walk.wav	VERIFIED	32630	dc3ee8007e28c8cd327332f62cbdee0cdfa624fbc36028f8c1e757976d98c145	RIFF	android-assets/audio/sfx/monster/tk_road_walk.wav	32630	dc3ee8007e28c8cd327332f62cbdee0cdfa624fbc36028f8c1e757976d98c145
Data.pk2	prim/snd/monster/wcm_dbug_die.wav	VERIFIED	49234	bafcf2c4d05554872fb47484abe94d3da7d4a6e7f3a47ae69746abf7b3d0c68e	RIFF	android-assets/audio/sfx/monster/wcm_dbug_die.wav	49234	bafcf2c4d05554872fb47484abe94d3da7d4a6e7f3a47ae69746abf7b3d0c68e
Data.pk2	prim/snd/monster/wcm_dbug_die_a.wav	VERIFIED	52902	aae5a444fee1e9182846f54a1674db06b25328c9d9c2fabaad361803d530da74	RIFF	android-assets/audio/sfx/monster/wcm_dbug_die_a.wav	52902	aae5a444fee1e9182846f54a1674db06b25328c9d9c2fabaad361803d530da74
Data.pk2	prim/snd/monster/wcm_dbug_die_b.wav	VERIFIED	80028	d7f183a010de353991d31d7101bf10568cf22ae34b406f31db63395efa42f3a2	RIFF	android-assets/audio/sfx/monster/wcm_dbug_die_b.wav	80028	d7f183a010de353991d31d7101bf10568cf22ae34b406f31db63395efa42f3a2
Data.pk2	prim/snd/monster/wcm_dbug_fly.wav	VERIFIED	165422	2633e82c9df2ffeb3bb61d4a15acfc10308b940f7234d527488f880123d56a85	RIFF	android-assets/audio/sfx/monster/wcm_dbug_fly.wav	165422	2633e82c9df2ffeb3bb61d4a15acfc10308b940f7234d527488f880123d56a85
Data.pk2	prim/snd/monster/wcm_dbug_moan1.wav	VERIFIED	24428	61dd68228e4492d2106905bd1e023a577d0d254179487e49aadba7ada052ac67	RIFF	android-assets/audio/sfx/monster/wcm_dbug_moan1.wav	24428	61dd68228e4492d2106905bd1e023a577d0d254179487e49aadba7ada052ac67
Data.pk2	prim/snd/monster/wcm_dbug_moan2.wav	VERIFIED	40910	5c135a634c0a96bf1e15032f90262c0220f33e54700013de795dcecb25dd746f	RIFF	android-assets/audio/sfx/monster/wcm_dbug_moan2.wav	40910	5c135a634c0a96bf1e15032f90262c0220f33e54700013de795dcecb25dd746f
Data.pk2	prim/snd/monster/wcm_dbug_shout.wav	VERIFIED	37778	2d1083a31c59b2b08a602fd9a07587764ab256e657e6aeaf7c9c4f900ad5231d	RIFF	android-assets/audio/sfx/monster/wcm_dbug_shout.wav	37778	2d1083a31c59b2b08a602fd9a07587764ab256e657e6aeaf7c9c4f900ad5231d
Data.pk2	prim/snd/monster/wcm_dbug_thud.wav	VERIFIED	33324	f79886002081b515a18dc83bb26ee10fe24b4af5973f6c9147288ccb3af4f833	RIFF	android-assets/audio/sfx/monster/wcm_dbug_thud.wav	33324	f79886002081b515a18dc83bb26ee10fe24b4af5973f6c9147288ccb3af4f833
Data.pk2	prim/snd/monster/wcm_devilbug_die_a.wav	VERIFIED	86668	0686832403dc76537d0b975f2c45eb2eb3264999913deb97c5d0110dbb5c392c	RIFF	android-assets/audio/sfx/monster/wcm_devilbug_die_a.wav	86668	0686832403dc76537d0b975f2c45eb2eb3264999913deb97c5d0110dbb5c392c
Data.pk2	prim/snd/monster/wcm_devilbug_die_b.wav	VERIFIED	81548	6487e55f83213dcf1b46b067efcd7d8bcb45b0613d7635b6e437587d9733f329	RIFF	android-assets/audio/sfx/monster/wcm_devilbug_die_b.wav	81548	6487e55f83213dcf1b46b067efcd7d8bcb45b0613d7635b6e437587d9733f329
Data.pk2	prim/snd/monster/wcm_devilbug_moan1_a.wav	VERIFIED	56140	cfb467a2f042914d9c1be58be000747f3e4e28f5bcae8809dab41a4f03f04126	RIFF	android-assets/audio/sfx/monster/wcm_devilbug_moan1_a.wav	56140	cfb467a2f042914d9c1be58be000747f3e4e28f5bcae8809dab41a4f03f04126
Data.pk2	prim/snd/monster/wcm_devilbug_moan2.wav	VERIFIED	37964	1d4a9abca0d2b1126c9c514b78ab463114aaf237f57ab4c65962b3d3426ca1f5	RIFF	android-assets/audio/sfx/monster/wcm_devilbug_moan2.wav	37964	1d4a9abca0d2b1126c9c514b78ab463114aaf237f57ab4c65962b3d3426ca1f5
Data.pk2	prim/snd/monster/wcm_devilbug_moan2_a.wav	VERIFIED	37964	1d4a9abca0d2b1126c9c514b78ab463114aaf237f57ab4c65962b3d3426ca1f5	RIFF	android-assets/audio/sfx/monster/wcm_devilbug_moan2_a.wav	37964	1d4a9abca0d2b1126c9c514b78ab463114aaf237f57ab4c65962b3d3426ca1f5
Data.pk2	prim/snd/monster/wcm_devilbug_moan2_b.wav	VERIFIED	68876	a5defe01ed11995d7925a585d9d5a6b15622856040432c532996dd72a41d7e7e	RIFF	android-assets/audio/sfx/monster/wcm_devilbug_moan2_b.wav	68876	a5defe01ed11995d7925a585d9d5a6b15622856040432c532996dd72a41d7e7e
Data.pk2	prim/snd/monster/wcm_devilbug_shout_a.wav	VERIFIED	36428	6ee3db03e2174033c82b0bdd7e0315f77270c1b78739e6e4820c77e62e823daf	RIFF	android-assets/audio/sfx/monster/wcm_devilbug_shout_a.wav	36428	6ee3db03e2174033c82b0bdd7e0315f77270c1b78739e6e4820c77e62e823daf
Data.pk2	prim/snd/monster/wcm_devilbug_shout_b.wav	VERIFIED	41612	f35779ad2ef689ae77a88e20346c518bd3e3a1db252772ddaf426f68e186b67c	RIFF	android-assets/audio/sfx/monster/wcm_devilbug_shout_b.wav	41612	f35779ad2ef689ae77a88e20346c518bd3e3a1db252772ddaf426f68e186b67c
Data.pk2	prim/snd/monster/wcm_dh_eg_die.wav	VERIFIED	54758	b11a7e4bacb0138df5aa54b6da8a149d8fbaff265fdbc68fbe27f10c2aa6f852	RIFF	android-assets/audio/sfx/monster/wcm_dh_eg_die.wav	54758	b11a7e4bacb0138df5aa54b6da8a149d8fbaff265fdbc68fbe27f10c2aa6f852
Data.pk2	prim/snd/monster/wcm_dh_eg_moan1.wav	VERIFIED	27114	557755e0b9041f2f3a3e6d3b9a92b2da88a77b3cb544f292d091466a3786c061	RIFF	android-assets/audio/sfx/monster/wcm_dh_eg_moan1.wav	27114	557755e0b9041f2f3a3e6d3b9a92b2da88a77b3cb544f292d091466a3786c061
Data.pk2	prim/snd/monster/wcm_dh_eg_moan2.wav	VERIFIED	30188	004481819551bf3f5c9d888136408918f494e57a572911fccdedc8d9fa0490b0	RIFF	android-assets/audio/sfx/monster/wcm_dh_eg_moan2.wav	30188	004481819551bf3f5c9d888136408918f494e57a572911fccdedc8d9fa0490b0
Data.pk2	prim/snd/monster/wcm_dh_eg_shout1.wav	VERIFIED	32804	477314a153f432164737c206127c628be3716a40448319fe31494c1f70b6cdfa	RIFF	android-assets/audio/sfx/monster/wcm_dh_eg_shout1.wav	32804	477314a153f432164737c206127c628be3716a40448319fe31494c1f70b6cdfa
Data.pk2	prim/snd/monster/wcm_dh_eg_shout2.wav	VERIFIED	33334	3b0c1de29773c54e7fd600a6d397b9e8d656dfed2f241fc12684ae4ed1ea6a0c	RIFF	android-assets/audio/sfx/monster/wcm_dh_eg_shout2.wav	33334	3b0c1de29773c54e7fd600a6d397b9e8d656dfed2f241fc12684ae4ed1ea6a0c
Data.pk2	prim/snd/monster/wcm_dh_eg_stand.wav	VERIFIED	72176	c44ede984a1ed553677a867a921d26f2ce3519eb6fb6d74251999520306b8074	RIFF	android-assets/audio/sfx/monster/wcm_dh_eg_stand.wav	72176	c44ede984a1ed553677a867a921d26f2ce3519eb6fb6d74251999520306b8074
Data.pk2	prim/snd/monster/wcm_dh_egs_die.wav	VERIFIED	86308	4e458ec6c07e0560765d9233245af501790c98a8952ac9031aadc0a6cb17f513	RIFF	android-assets/audio/sfx/monster/wcm_dh_egs_die.wav	86308	4e458ec6c07e0560765d9233245af501790c98a8952ac9031aadc0a6cb17f513
Data.pk2	prim/snd/monster/wcm_dh_egs_stand.wav	VERIFIED	117768	de30ab4404eda09d947fbb6e00ab5cbeef78a30954ff95c422900abb30f59202	RIFF	android-assets/audio/sfx/monster/wcm_dh_egs_stand.wav	117768	de30ab4404eda09d947fbb6e00ab5cbeef78a30954ff95c422900abb30f59202
Data.pk2	prim/snd/monster/wcm_dh_meang_die.wav	VERIFIED	44766	a30fef9252b575a60115b7fa1c5f7c4fbbae37bc0d89b9db2d2391b5ce113380	RIFF	android-assets/audio/sfx/monster/wcm_dh_meang_die.wav	44766	a30fef9252b575a60115b7fa1c5f7c4fbbae37bc0d89b9db2d2391b5ce113380
Data.pk2	prim/snd/monster/wcm_dh_meang_moan1.wav	VERIFIED	14892	d2068c48dcf187f3f5384a32d26141da022e65428793c056fcbf75a2a892b999	RIFF	android-assets/audio/sfx/monster/wcm_dh_meang_moan1.wav	14892	d2068c48dcf187f3f5384a32d26141da022e65428793c056fcbf75a2a892b999
Data.pk2	prim/snd/monster/wcm_dh_meang_moan2.wav	VERIFIED	20466	759e68376900e4ab15179a46427243bd28d8e9c3e909eaba041d37da5ef2420c	RIFF	android-assets/audio/sfx/monster/wcm_dh_meang_moan2.wav	20466	759e68376900e4ab15179a46427243bd28d8e9c3e909eaba041d37da5ef2420c
Data.pk2	prim/snd/monster/wcm_dh_meang_shout1.wav	VERIFIED	18092	137cd5f968d5ea9744f8f00fdbe5ba74b9c8d07dafac2aef7c2a8f124eeeb3c0	RIFF	android-assets/audio/sfx/monster/wcm_dh_meang_shout1.wav	18092	137cd5f968d5ea9744f8f00fdbe5ba74b9c8d07dafac2aef7c2a8f124eeeb3c0
Data.pk2	prim/snd/monster/wcm_dh_meang_shout2.wav	VERIFIED	18500	b6af8dd3be2e6ffffa72de598c2c7f3bf19823c6d2ce00fb00d69e6b981c597b	RIFF	android-assets/audio/sfx/monster/wcm_dh_meang_shout2.wav	18500	b6af8dd3be2e6ffffa72de598c2c7f3bf19823c6d2ce00fb00d69e6b981c597b
Data.pk2	prim/snd/monster/wcm_dh_meang_skill2_h.wav	VERIFIED	24554	73bf485569dca07a8d757be8aa1812fee8f8baa4c491911811a8172017c2fd19	RIFF	android-assets/audio/sfx/monster/wcm_dh_meang_skill2_h.wav	24554	73bf485569dca07a8d757be8aa1812fee8f8baa4c491911811a8172017c2fd19
Data.pk2	prim/snd/monster/wcm_dh_meang_skill2_s.wav	VERIFIED	31254	5b720f2aec011d6252002532ef361b1174bec0993d5bf0219c46a17a1dc2433c	RIFF	android-assets/audio/sfx/monster/wcm_dh_meang_skill2_s.wav	31254	5b720f2aec011d6252002532ef361b1174bec0993d5bf0219c46a17a1dc2433c
Data.pk2	prim/snd/monster/wcm_dh_meang_stand.wav	VERIFIED	24606	146cb60089134f472761a189a3007643892fe0965634d15509c5c534b7959674	RIFF	android-assets/audio/sfx/monster/wcm_dh_meang_stand.wav	24606	146cb60089134f472761a189a3007643892fe0965634d15509c5c534b7959674
Data.pk2	prim/snd/monster/wcm_dh_nachal_skill1_s.wav	VERIFIED	84504	2ba7a8b4b1d344113c04b07d023115e626b209c56b46bd9dc9d736fdaaff83a6	RIFF	android-assets/audio/sfx/monster/wcm_dh_nachal_skill1_s.wav	84504	2ba7a8b4b1d344113c04b07d023115e626b209c56b46bd9dc9d736fdaaff83a6
Data.pk2	prim/snd/monster/wcm_dh_nachal_skill2_h.wav	VERIFIED	56484	6d140899626e8397cc9df7030618801dfdafcbcf36de23b4b3693f42af7aaa5b	RIFF	android-assets/audio/sfx/monster/wcm_dh_nachal_skill2_h.wav	56484	6d140899626e8397cc9df7030618801dfdafcbcf36de23b4b3693f42af7aaa5b
Data.pk2	prim/snd/monster/wcm_dh_togu_die.wav	VERIFIED	37430	e2982d5c61168cacde45fbc41d0877a5af39bff031416a8538fd0ae7bdd577a2	RIFF	android-assets/audio/sfx/monster/wcm_dh_togu_die.wav	37430	e2982d5c61168cacde45fbc41d0877a5af39bff031416a8538fd0ae7bdd577a2
Data.pk2	prim/snd/monster/wcm_dh_togu_moan1.wav	VERIFIED	23422	8030c4e5f7eb20a094f8f81f1fd5e013588d060dfb6b75a12806b9321eef0a5e	RIFF	android-assets/audio/sfx/monster/wcm_dh_togu_moan1.wav	23422	8030c4e5f7eb20a094f8f81f1fd5e013588d060dfb6b75a12806b9321eef0a5e
Data.pk2	prim/snd/monster/wcm_dh_togu_moan2.wav	VERIFIED	29520	4a64ed3b8e5729fda5fb53d83ca0a59e7b5d1dc746d303ad29dec1d65928fea0	RIFF	android-assets/audio/sfx/monster/wcm_dh_togu_moan2.wav	29520	4a64ed3b8e5729fda5fb53d83ca0a59e7b5d1dc746d303ad29dec1d65928fea0
Data.pk2	prim/snd/monster/wcm_dh_togu_shout1.wav	VERIFIED	20518	23bf348bfa6f5dd7196e4a8604962480afba3a38f27d1226be307c12fc63e88c	RIFF	android-assets/audio/sfx/monster/wcm_dh_togu_shout1.wav	20518	23bf348bfa6f5dd7196e4a8604962480afba3a38f27d1226be307c12fc63e88c
Data.pk2	prim/snd/monster/wcm_dh_togu_shout2.wav	VERIFIED	27416	23b30f5d7bb160879272492fbcd4b32b91e04363ce1c4e0126d2d98f222d1a11	RIFF	android-assets/audio/sfx/monster/wcm_dh_togu_shout2.wav	27416	23b30f5d7bb160879272492fbcd4b32b91e04363ce1c4e0126d2d98f222d1a11
Data.pk2	prim/snd/monster/wcm_dh_togu_stand.wav	VERIFIED	71652	035c02f2c782ee30a29cc25eaec405a47c38a4460dd9fe45f97b99054c6b4562	RIFF	android-assets/audio/sfx/monster/wcm_dh_togu_stand.wav	71652	035c02f2c782ee30a29cc25eaec405a47c38a4460dd9fe45f97b99054c6b4562
Data.pk2	prim/snd/monster/wcm_dh_yacha_die.wav	VERIFIED	83014	c0fa33676b8c2409982404e0d96fb951f519c8dfe240a9eec12cbaeb2477ba37	RIFF	android-assets/audio/sfx/monster/wcm_dh_yacha_die.wav	83014	c0fa33676b8c2409982404e0d96fb951f519c8dfe240a9eec12cbaeb2477ba37
Data.pk2	prim/snd/monster/wcm_dh_yacha_moan1.wav	VERIFIED	24884	daa0f5fd08d52fa091e4e6024bd79aea526ba2cecdf6fa006c7408c9c22ae1e1	RIFF	android-assets/audio/sfx/monster/wcm_dh_yacha_moan1.wav	24884	daa0f5fd08d52fa091e4e6024bd79aea526ba2cecdf6fa006c7408c9c22ae1e1
Data.pk2	prim/snd/monster/wcm_dh_yacha_moan2.wav	VERIFIED	38528	cd1e033cbfdcf7c2a573ec597e66e10883bcc34e89ab5710582cd4d80b85b969	RIFF	android-assets/audio/sfx/monster/wcm_dh_yacha_moan2.wav	38528	cd1e033cbfdcf7c2a573ec597e66e10883bcc34e89ab5710582cd4d80b85b969
Data.pk2	prim/snd/monster/wcm_dh_yacha_shout1.wav	VERIFIED	41750	824514ed66351bca8886fb2ae3ba6a42ca640b9743bd72104b823cdbc47d2941	RIFF	android-assets/audio/sfx/monster/wcm_dh_yacha_shout1.wav	41750	824514ed66351bca8886fb2ae3ba6a42ca640b9743bd72104b823cdbc47d2941
Data.pk2	prim/snd/monster/wcm_dh_yacha_shout2.wav	VERIFIED	72690	e0a0e3fc30fea2dbb101ed4748606681a71a5571fcfb36eb42de61a4a2e0baaa	RIFF	android-assets/audio/sfx/monster/wcm_dh_yacha_shout2.wav	72690	e0a0e3fc30fea2dbb101ed4748606681a71a5571fcfb36eb42de61a4a2e0baaa
Data.pk2	prim/snd/monster/wcm_dh_yacha_skill2_s.wav	VERIFIED	58922	5140e872aa7f195a1f7be2ecb5b797fa0ca2dee7b54227c33007741dfbe63165	RIFF	android-assets/audio/sfx/monster/wcm_dh_yacha_skill2_s.wav	58922	5140e872aa7f195a1f7be2ecb5b797fa0ca2dee7b54227c33007741dfbe63165
Data.pk2	prim/snd/monster/wcm_dhorse_die.wav	VERIFIED	108588	e214109dc6561fa220a3c6bff765e0a13169822caed8df11a1f8d28ccae4330a	RIFF	android-assets/audio/sfx/monster/wcm_dhorse_die.wav	108588	e214109dc6561fa220a3c6bff765e0a13169822caed8df11a1f8d28ccae4330a
Data.pk2	prim/snd/monster/wcm_dhorse_moan1.wav	VERIFIED	84778	c48531b47d2d39b1348f25339139c1bb78471e0ea755ec43d95e6dc7139262bf	RIFF	android-assets/audio/sfx/monster/wcm_dhorse_moan1.wav	84778	c48531b47d2d39b1348f25339139c1bb78471e0ea755ec43d95e6dc7139262bf
Data.pk2	prim/snd/monster/wcm_dhorse_moan2.wav	VERIFIED	103418	59a460d378c02789596d4bff03257b451ba7245f2ce9c307c85775c0c2f72fdc	RIFF	android-assets/audio/sfx/monster/wcm_dhorse_moan2.wav	103418	59a460d378c02789596d4bff03257b451ba7245f2ce9c307c85775c0c2f72fdc
Data.pk2	prim/snd/monster/wcm_dhorse_shout_a.wav	VERIFIED	83884	99ca64d89001a2f7918a8137e13d2aad714af0cef3c1de2c19d8ef42e95cc657	RIFF	android-assets/audio/sfx/monster/wcm_dhorse_shout_a.wav	83884	99ca64d89001a2f7918a8137e13d2aad714af0cef3c1de2c19d8ef42e95cc657
Data.pk2	prim/snd/monster/wcm_dhorse_shout_b.wav	VERIFIED	78892	990114c54d9cae3edd02449d6799558faf4dfef9632e9bdb83ef0e269a1610e0	RIFF	android-assets/audio/sfx/monster/wcm_dhorse_shout_b.wav	78892	990114c54d9cae3edd02449d6799558faf4dfef9632e9bdb83ef0e269a1610e0
Data.pk2	prim/snd/monster/wcm_dhorse_thud.wav	VERIFIED	67884	5b49ff4109b86da291b732e8ada32856417662d59e08340b8803df21fef2c758	RIFF	android-assets/audio/sfx/monster/wcm_dhorse_thud.wav	67884	5b49ff4109b86da291b732e8ada32856417662d59e08340b8803df21fef2c758
Data.pk2	prim/snd/monster/wcm_eghost_die_a.wav	VERIFIED	61478	af2bdea46266417c34b01ca3ade017a044c94295b5a27ee445d76e0dc9dcbe76	RIFF	android-assets/audio/sfx/monster/wcm_eghost_die_a.wav	61478	af2bdea46266417c34b01ca3ade017a044c94295b5a27ee445d76e0dc9dcbe76
Data.pk2	prim/snd/monster/wcm_eghost_die_b.wav	VERIFIED	55080	491c91bc6cc327c651dc019922621806a6e93701be325433e1ef67bb51aee37b	RIFF	android-assets/audio/sfx/monster/wcm_eghost_die_b.wav	55080	491c91bc6cc327c651dc019922621806a6e93701be325433e1ef67bb51aee37b
Data.pk2	prim/snd/monster/wcm_eghost_die_c.wav	VERIFIED	62616	865b278ee5e421f2774e9fe028d4720b322a118dfa490d2faf626ad0279033c5	RIFF	android-assets/audio/sfx/monster/wcm_eghost_die_c.wav	62616	865b278ee5e421f2774e9fe028d4720b322a118dfa490d2faf626ad0279033c5
Data.pk2	prim/snd/monster/wcm_eghost_moan1_a.wav	VERIFIED	34576	4d67e979d18cc590a857a845eb6fbc649b497214305e88365d14fad1a58afd37	RIFF	android-assets/audio/sfx/monster/wcm_eghost_moan1_a.wav	34576	4d67e979d18cc590a857a845eb6fbc649b497214305e88365d14fad1a58afd37
Data.pk2	prim/snd/monster/wcm_eghost_moan1_b.wav	VERIFIED	43556	1b9ee44fef2b9cef85ec159a88fad3ca45933e06a92284fa6e68a955c80026d7	RIFF	android-assets/audio/sfx/monster/wcm_eghost_moan1_b.wav	43556	1b9ee44fef2b9cef85ec159a88fad3ca45933e06a92284fa6e68a955c80026d7
Data.pk2	prim/snd/monster/wcm_eghost_moan2_a.wav	VERIFIED	39462	2990ae7c6327af958ab2f09b986d7f2130e195e10398a24e0f6a1fe4886bc82f	RIFF	android-assets/audio/sfx/monster/wcm_eghost_moan2_a.wav	39462	2990ae7c6327af958ab2f09b986d7f2130e195e10398a24e0f6a1fe4886bc82f
Data.pk2	prim/snd/monster/wcm_eghost_moan2_b.wav	VERIFIED	38050	e82c2bb4f086c3fcf988f0b842cbef2cc03aa2ae9fbbd1f16ae46ca6e2fc6618	RIFF	android-assets/audio/sfx/monster/wcm_eghost_moan2_b.wav	38050	e82c2bb4f086c3fcf988f0b842cbef2cc03aa2ae9fbbd1f16ae46ca6e2fc6618
Data.pk2	prim/snd/monster/wcm_eghost_shout_a.wav	VERIFIED	18140	08e61fc49812358a95c5ad649304167df120a015bec1735a99a2c51e2ccd0894	RIFF	android-assets/audio/sfx/monster/wcm_eghost_shout_a.wav	18140	08e61fc49812358a95c5ad649304167df120a015bec1735a99a2c51e2ccd0894
Data.pk2	prim/snd/monster/wcm_eghost_shout_b.wav	VERIFIED	17644	3d3663ecedc692cd0de5f39ec77ac5ab0037557973d8c78dbe95f891d590ee3c	RIFF	android-assets/audio/sfx/monster/wcm_eghost_shout_b.wav	17644	3d3663ecedc692cd0de5f39ec77ac5ab0037557973d8c78dbe95f891d590ee3c
Data.pk2	prim/snd/monster/wcm_eghost_shout_c.wav	VERIFIED	17192	9d65277f8706ea693585676ee8d53037875db5f98190091c307f6674ef3a2c5c	RIFF	android-assets/audio/sfx/monster/wcm_eghost_shout_c.wav	17192	9d65277f8706ea693585676ee8d53037875db5f98190091c307f6674ef3a2c5c
Data.pk2	prim/snd/monster/wcm_eghost_shout_d.wav	VERIFIED	17242	c24277efc79e11b65f9d10987eebdf4d0b501146ffac99b86bd80b1e6edc7798	RIFF	android-assets/audio/sfx/monster/wcm_eghost_shout_d.wav	17242	c24277efc79e11b65f9d10987eebdf4d0b501146ffac99b86bd80b1e6edc7798
Data.pk2	prim/snd/monster/wcm_eghost_thud.wav	VERIFIED	15456	18415cc97d48f1dc8120d37be6d92758c5b3c6b9f6881d18848cd7d7483899d0	RIFF	android-assets/audio/sfx/monster/wcm_eghost_thud.wav	15456	18415cc97d48f1dc8120d37be6d92758c5b3c6b9f6881d18848cd7d7483899d0
Data.pk2	prim/snd/monster/wcm_eking_ballhit.wav	VERIFIED	123928	0addcbd9d8b8ddce002c4b4fd04294c683f6e61f8e9ae92f66cb3129c3ed28b4	RIFF	android-assets/audio/sfx/monster/wcm_eking_ballhit.wav	123928	0addcbd9d8b8ddce002c4b4fd04294c683f6e61f8e9ae92f66cb3129c3ed28b4
Data.pk2	prim/snd/monster/wcm_eking_ballswing.wav	VERIFIED	96190	95e766122b406492e998057fa55323c58449c95ab14c2c348ce74a21b59a0098	RIFF	android-assets/audio/sfx/monster/wcm_eking_ballswing.wav	96190	95e766122b406492e998057fa55323c58449c95ab14c2c348ce74a21b59a0098
Data.pk2	prim/snd/monster/wcm_eking_die_a.wav	VERIFIED	88608	d0311d5746546f202dceb4e339a6fe2248caffb484af8b0c6e6619a49a2ee120	RIFF	android-assets/audio/sfx/monster/wcm_eking_die_a.wav	88608	d0311d5746546f202dceb4e339a6fe2248caffb484af8b0c6e6619a49a2ee120
Data.pk2	prim/snd/monster/wcm_eking_die_b.wav	VERIFIED	65062	371fe687b1309bc4de25f18725fa629e1e07e85afffb270626e188533197d026	RIFF	android-assets/audio/sfx/monster/wcm_eking_die_b.wav	65062	371fe687b1309bc4de25f18725fa629e1e07e85afffb270626e188533197d026
Data.pk2	prim/snd/monster/wcm_eking_moan1.wav	VERIFIED	48676	914730dd9ecedd387cff03a014dddfb44d87518c0ed7db1e8c013b1c089b9142	RIFF	android-assets/audio/sfx/monster/wcm_eking_moan1.wav	48676	914730dd9ecedd387cff03a014dddfb44d87518c0ed7db1e8c013b1c089b9142
Data.pk2	prim/snd/monster/wcm_eking_moan2_a.wav	VERIFIED	62892	a87a8ee225b00e0e013e255c2a6b27a35f004ea8d6d353da829d07a042d6841e	RIFF	android-assets/audio/sfx/monster/wcm_eking_moan2_a.wav	62892	a87a8ee225b00e0e013e255c2a6b27a35f004ea8d6d353da829d07a042d6841e
Data.pk2	prim/snd/monster/wcm_eking_moan2_b.wav	VERIFIED	66970	18b79dbc51af043bd2672f63faa199cac19e9bfc09cba089794fec356f43cf70	RIFF	android-assets/audio/sfx/monster/wcm_eking_moan2_b.wav	66970	18b79dbc51af043bd2672f63faa199cac19e9bfc09cba089794fec356f43cf70
Data.pk2	prim/snd/monster/wcm_eking_shout_a.wav	VERIFIED	51746	deb3ca299098eac87ff25b6715491868082de2281e7109b2df6ade6458a22b19	RIFF	android-assets/audio/sfx/monster/wcm_eking_shout_a.wav	51746	deb3ca299098eac87ff25b6715491868082de2281e7109b2df6ade6458a22b19
Data.pk2	prim/snd/monster/wcm_eking_shout_b.wav	VERIFIED	42710	21704e5e3e430f3516745e7dc5b959c66ef6e4a2e0346c6e08d85787c4aa0b1e	RIFF	android-assets/audio/sfx/monster/wcm_eking_shout_b.wav	42710	21704e5e3e430f3516745e7dc5b959c66ef6e4a2e0346c6e08d85787c4aa0b1e
Data.pk2	prim/snd/monster/wcm_eking_shout_c.wav	VERIFIED	45468	c2ea55c2e1da2806c0230226dc65b0910002c595f0f55d28aca628d08660d1c6	RIFF	android-assets/audio/sfx/monster/wcm_eking_shout_c.wav	45468	c2ea55c2e1da2806c0230226dc65b0910002c595f0f55d28aca628d08660d1c6
Data.pk2	prim/snd/monster/wcm_eking_shout_d.wav	VERIFIED	56876	01c08392f4d8f8d064191fba62007984c8d0cb82e605bc6c62f36739c28621ce	RIFF	android-assets/audio/sfx/monster/wcm_eking_shout_d.wav	56876	01c08392f4d8f8d064191fba62007984c8d0cb82e605bc6c62f36739c28621ce
Data.pk2	prim/snd/monster/wcm_eking_thud.wav	VERIFIED	21804	d49874c7e9d4d20e639b5cd59dd3ba3131c10a9e4f922896b806c1ad05867ec8	RIFF	android-assets/audio/sfx/monster/wcm_eking_thud.wav	21804	d49874c7e9d4d20e639b5cd59dd3ba3131c10a9e4f922896b806c1ad05867ec8
Data.pk2	prim/snd/monster/wcm_eking_waveshout_a.wav	VERIFIED	55526	1788812c146add3ae67fde78ad02f48dcef83a75f67fe614df4e113b8ef897bf	RIFF	android-assets/audio/sfx/monster/wcm_eking_waveshout_a.wav	55526	1788812c146add3ae67fde78ad02f48dcef83a75f67fe614df4e113b8ef897bf
Data.pk2	prim/snd/monster/wcm_eking_waveshout_b.wav	VERIFIED	86566	21e49ed7bf14328b32f1883136bf669c815f8765ac8438d52402336f0c65f8e1	RIFF	android-assets/audio/sfx/monster/wcm_eking_waveshout_b.wav	86566	21e49ed7bf14328b32f1883136bf669c815f8765ac8438d52402336f0c65f8e1
Data.pk2	prim/snd/monster/wcm_eking_waveshout_c.wav	VERIFIED	67358	c2ea47281e604c6cf82293e5c094e776c7648af617d6a6dfeada3cb8ab2fa809	RIFF	android-assets/audio/sfx/monster/wcm_eking_waveshout_c.wav	67358	c2ea47281e604c6cf82293e5c094e776c7648af617d6a6dfeada3cb8ab2fa809
Data.pk2	prim/snd/monster/wcm_eking_waveswing.wav	VERIFIED	98900	2e1b51b8fb5c18facc86f49074b8a845e1e7de2f205f40bb44f44e1ccc0dda1a	RIFF	android-assets/audio/sfx/monster/wcm_eking_waveswing.wav	98900	2e1b51b8fb5c18facc86f49074b8a845e1e7de2f205f40bb44f44e1ccc0dda1a
Data.pk2	prim/snd/monster/wcm_gg_boom.wav	VERIFIED	91354	341c0d0a1da0fc509078c104501860e3f2e8e7f88e9180b7cbbc55475d0b2727	RIFF	android-assets/audio/sfx/monster/wcm_gg_boom.wav	91354	341c0d0a1da0fc509078c104501860e3f2e8e7f88e9180b7cbbc55475d0b2727
Data.pk2	prim/snd/monster/wcm_gg_die.wav	VERIFIED	48298	3b7c26cfac75cb5e4293c94d235d3d1e32458a68eaa5c5f1da5ddab1036cf937	RIFF	android-assets/audio/sfx/monster/wcm_gg_die.wav	48298	3b7c26cfac75cb5e4293c94d235d3d1e32458a68eaa5c5f1da5ddab1036cf937
Data.pk2	prim/snd/monster/wcm_gg_moan1_a.wav	VERIFIED	28708	c5518150603c0c9dacadd8dade0b99799f6deb86854364b6678698fb782d66cc	RIFF	android-assets/audio/sfx/monster/wcm_gg_moan1_a.wav	28708	c5518150603c0c9dacadd8dade0b99799f6deb86854364b6678698fb782d66cc
Data.pk2	prim/snd/monster/wcm_gg_moan1_b.wav	VERIFIED	45738	d50b61f5e9d29af561d6f15924f2fee673ffaa9f5844b212ea253921c2bad82d	RIFF	android-assets/audio/sfx/monster/wcm_gg_moan1_b.wav	45738	d50b61f5e9d29af561d6f15924f2fee673ffaa9f5844b212ea253921c2bad82d
Data.pk2	prim/snd/monster/wcm_gg_moan1_c.wav	VERIFIED	19510	22945ae4400b70c5c40521329e46cd515210fecdcacf9c5bfec6a5687c7f7ea5	RIFF	android-assets/audio/sfx/monster/wcm_gg_moan1_c.wav	19510	22945ae4400b70c5c40521329e46cd515210fecdcacf9c5bfec6a5687c7f7ea5
Data.pk2	prim/snd/monster/wcm_gg_moan2_a.wav	VERIFIED	29996	a49dbb52e0452d0039e2eca42b5e02e8187f6f687273e32c10159fb2f803b329	RIFF	android-assets/audio/sfx/monster/wcm_gg_moan2_a.wav	29996	a49dbb52e0452d0039e2eca42b5e02e8187f6f687273e32c10159fb2f803b329
Data.pk2	prim/snd/monster/wcm_gg_moan2_b.wav	VERIFIED	44362	402a1260ba8313058c92a0e349ab526f7514212aea68234b8640de68d887dd0a	RIFF	android-assets/audio/sfx/monster/wcm_gg_moan2_b.wav	44362	402a1260ba8313058c92a0e349ab526f7514212aea68234b8640de68d887dd0a
Data.pk2	prim/snd/monster/wcm_gg_smokeboom.wav	VERIFIED	48682	73585585c42ed34eddf3d40371db2ed0e8dcfa61940dcd74e3069e08929ee5e8	RIFF	android-assets/audio/sfx/monster/wcm_gg_smokeboom.wav	48682	73585585c42ed34eddf3d40371db2ed0e8dcfa61940dcd74e3069e08929ee5e8
Data.pk2	prim/snd/monster/wcm_gg_swing.wav	VERIFIED	18974	5a968dd3c972b88c6505b88ef46c48ce269d9b24336437b8d19e04259d9f7659	RIFF	android-assets/audio/sfx/monster/wcm_gg_swing.wav	18974	5a968dd3c972b88c6505b88ef46c48ce269d9b24336437b8d19e04259d9f7659
Data.pk2	prim/snd/monster/wcm_hchen_die_a.wav	VERIFIED	114060	43dcefe54c0b1fef9ada2994833888bb3dee444ee13f882905a57ce4b9982a2f	RIFF	android-assets/audio/sfx/monster/wcm_hchen_die_a.wav	114060	43dcefe54c0b1fef9ada2994833888bb3dee444ee13f882905a57ce4b9982a2f
Data.pk2	prim/snd/monster/wcm_hchen_die_b.wav	VERIFIED	88588	d8dff36d6d248503006bdf1f42a33e682f60463f1b2fc33ce65968abac916449	RIFF	android-assets/audio/sfx/monster/wcm_hchen_die_b.wav	88588	d8dff36d6d248503006bdf1f42a33e682f60463f1b2fc33ce65968abac916449
Data.pk2	prim/snd/monster/wcm_hchen_hit.wav	VERIFIED	61844	41644c6c1154ea4cb31a784642005f53da4aead3a93d36f8436904b07fd22cbb	RIFF	android-assets/audio/sfx/monster/wcm_hchen_hit.wav	61844	41644c6c1154ea4cb31a784642005f53da4aead3a93d36f8436904b07fd22cbb
Data.pk2	prim/snd/monster/wcm_hchen_moan1_a.wav	VERIFIED	49930	f35bf46b9a99e147f7bf34aa0bf6a903beeb5149cfc20c950c8ffaff64cf2350	RIFF	android-assets/audio/sfx/monster/wcm_hchen_moan1_a.wav	49930	f35bf46b9a99e147f7bf34aa0bf6a903beeb5149cfc20c950c8ffaff64cf2350
Data.pk2	prim/snd/monster/wcm_hchen_moan1_b.wav	VERIFIED	62860	d9a2f78615d7038de9cbacf8d61cbd62df0dcb85b6f9fcb4ad82788a1aae71f0	RIFF	android-assets/audio/sfx/monster/wcm_hchen_moan1_b.wav	62860	d9a2f78615d7038de9cbacf8d61cbd62df0dcb85b6f9fcb4ad82788a1aae71f0
Data.pk2	prim/snd/monster/wcm_hchen_moan2.wav	VERIFIED	63500	7a528d7a6103e531aee2f7fcb7873b9d1cd1b97fde1fa7ba0e1412a0ffcbb544	RIFF	android-assets/audio/sfx/monster/wcm_hchen_moan2.wav	63500	7a528d7a6103e531aee2f7fcb7873b9d1cd1b97fde1fa7ba0e1412a0ffcbb544
Data.pk2	prim/snd/monster/wcm_hchen_shout_a.wav	VERIFIED	61844	20c972021c930ee90aaf44ed7ccfa97692980996d277d511cc936798f89dc4f4	RIFF	android-assets/audio/sfx/monster/wcm_hchen_shout_a.wav	61844	20c972021c930ee90aaf44ed7ccfa97692980996d277d511cc936798f89dc4f4
Data.pk2	prim/snd/monster/wcm_hchen_thud.wav	VERIFIED	70034	96956ffa5e0cb3c2254e012b4c56ad42d00ae3cd4d3f04e8b1e15c90c3cfa78a	RIFF	android-assets/audio/sfx/monster/wcm_hchen_thud.wav	70034	96956ffa5e0cb3c2254e012b4c56ad42d00ae3cd4d3f04e8b1e15c90c3cfa78a
Data.pk2	prim/snd/monster/wcm_hchen_walk.wav	VERIFIED	30186	4e82bb5581519987f930982ffc4037ba882a9f2dc4bcd247d4aead2895c416e1	RIFF	android-assets/audio/sfx/monster/wcm_hchen_walk.wav	30186	4e82bb5581519987f930982ffc4037ba882a9f2dc4bcd247d4aead2895c416e1
Data.pk2	prim/snd/monster/wcm_jombie_die.wav	VERIFIED	116368	c807b9f361fe3f234608cdb75637e3dd0dae47e6cb2afcc5536efe5d1a1f7dfd	RIFF	android-assets/audio/sfx/monster/wcm_jombie_die.wav	116368	c807b9f361fe3f234608cdb75637e3dd0dae47e6cb2afcc5536efe5d1a1f7dfd
Data.pk2	prim/snd/monster/wcm_jombie_moan1.wav	VERIFIED	23668	5c5c70fa1863297bd06997c13fa81ff73694137c88622ad8adb176eb8506fc62	RIFF	android-assets/audio/sfx/monster/wcm_jombie_moan1.wav	23668	5c5c70fa1863297bd06997c13fa81ff73694137c88622ad8adb176eb8506fc62
Data.pk2	prim/snd/monster/wcm_jombie_moan2.wav	VERIFIED	38382	0b04551e1cbaf057ac49b546135ec83d464faffaf3dac2218ee5234f5559173e	RIFF	android-assets/audio/sfx/monster/wcm_jombie_moan2.wav	38382	0b04551e1cbaf057ac49b546135ec83d464faffaf3dac2218ee5234f5559173e
Data.pk2	prim/snd/monster/wcm_jombie_shout1.wav	VERIFIED	35438	d56081c4a5117a67fbfa8f93f48d83dbdaa2612dfd09a70b1d606e01dac7c0f0	RIFF	android-assets/audio/sfx/monster/wcm_jombie_shout1.wav	35438	d56081c4a5117a67fbfa8f93f48d83dbdaa2612dfd09a70b1d606e01dac7c0f0
Data.pk2	prim/snd/monster/wcm_jombie_shout2.wav	VERIFIED	47210	b9dda9468720d5cd42119e513f2b742651987157eb484a5a5c88dd45fcb0d8b3	RIFF	android-assets/audio/sfx/monster/wcm_jombie_shout2.wav	47210	b9dda9468720d5cd42119e513f2b742651987157eb484a5a5c88dd45fcb0d8b3
Data.pk2	prim/snd/monster/wcm_jombie_stand.wav	VERIFIED	228982	cace530c6f002a560893c9126640f46e3641d80762ed3c922e2f50d21ae7e4bf	RIFF	android-assets/audio/sfx/monster/wcm_jombie_stand.wav	228982	cace530c6f002a560893c9126640f46e3641d80762ed3c922e2f50d21ae7e4bf
Data.pk2	prim/snd/monster/wcm_jombie_walk.wav	VERIFIED	14832	eca2f53e1c0319721364625f0bf502f396155775f7430e26fc646799b3ed6d2b	RIFF	android-assets/audio/sfx/monster/wcm_jombie_walk.wav	14832	eca2f53e1c0319721364625f0bf502f396155775f7430e26fc646799b3ed6d2b
