source_archive	source_path	status	source_size	source_sha256_1mib	decoded_format	decoded_w	decoded_h	output_path	output_size	output_sha256
Media.pk2	interface/worldmap/map/map_world_	RESOLVED_FAMILY	10158692		DDS	128	128	android-assets/textures/worldmap/map_world_*.webp (632 files)		
Media.pk2	interface/worldmap/map/map_world_101x101.ddj	CONVERTED	8340	1f20e4540203d026d64eb1ca5d66e47d3e9c909f9ffe42a5fd0ebaf1cb51e3ea	DDS	128	128	android-assets/textures/worldmap/map_world_101x101.webp	6038	cba1de973a563c70e5d3603ae8a21a4d7c631c68da2f9b61aa0cd8cabcadb150
Media.pk2	interface/worldmap/map/map_world_101x105.ddj	CONVERTED	8340	cb32d2c1977be69902f4e0fb658c50dc09c5e442beda965799d6fa754bc6e286	DDS	128	128	android-assets/textures/worldmap/map_world_101x105.webp	4780	bac98942bf574d1e5650bd63e8d5d67986dfcbf8614ae472bedcc02aa2163507
Media.pk2	interface/worldmap/map/map_world_101x109.ddj	CONVERTED	8340	6c48f7319507373673b0967c2ca6c84120c0d9ff87e8a5385e7acf390c68c431	DDS	128	128	android-assets/textures/worldmap/map_world_101x109.webp	4874	d580505d6e00d17bc95dd152ba8a87620b7532da2758829313e8427d6326140b
Media.pk2	interface/worldmap/map/map_world_101x113.ddj	CONVERTED	8340	486793a9789973fa7ec8aca1315c173e1d59aaae5cb767dcae97ae08c120a793	DDS	128	128	android-assets/textures/worldmap/map_world_101x113.webp	4380	86a0c21c1336407bcb70aaab31f401cdcf644a2e469ad0df23353fc4d447f038
Media.pk2	interface/worldmap/map/map_world_101x85.ddj	CONVERTED	8340	68c08d541ff5c27ffe75b4bf5880f1cad9ddbe1c9073cc570762c382bbf6c633	DDS	128	128	android-assets/textures/worldmap/map_world_101x85.webp	4396	062dbe2833c04969b644d98af343e8455c0be20f7784f6e2fbf403411f400428
Media.pk2	interface/worldmap/map/map_world_101x89.ddj	CONVERTED	8340	61e7c3c73efda02ba33a41f8aefefe3b47dab976fdf9846cf91447bbd616a7e6	DDS	128	128	android-assets/textures/worldmap/map_world_101x89.webp	4736	92b8097b40167fd91b48e3b3902d44790e394c577badf3fcf1dac5c0d4925edd
Media.pk2	interface/worldmap/map/map_world_101x93.ddj	CONVERTED	87528	a27ffe92154c725fb8fc05bda755fc8b19d2402c8580c3d6954de1244b445a35	DDS	128	128	android-assets/textures/worldmap/map_world_101x93.webp	5252	6cad13572c66ad8a47dcb6babf2d647fb8cf23abe2932d67b76bd19ce53e2eeb
Media.pk2	interface/worldmap/map/map_world_101x97.ddj	CONVERTED	8340	2734e9ea1317e67342edeb501e44891b2e16cf9392cba2e1c30e3fa3f29981c7	DDS	128	128	android-assets/textures/worldmap/map_world_101x97.webp	5884	d2c47054e8e535b70adc94912eb4e7f30e061a7eb5cc551266b1aa35c341bd67
Media.pk2	interface/worldmap/map/map_world_102x101.ddj	CONVERTED	8340	a293d38cfa176c644841acc682257b3f9e50bcf36a204366501ca97eaa816a0b	DDS	128	128	android-assets/textures/worldmap/map_world_102x101.webp	5532	15521ad1fca999513dfbcf1192a93993799271c3d84bb746b42a31f6989c6e59
Media.pk2	interface/worldmap/map/map_world_102x105.ddj	CONVERTED	8340	714618a34004bf3ffc9a0c6814b45d322ef49fdd78b5b287f97bb742e6c86332	DDS	128	128	android-assets/textures/worldmap/map_world_102x105.webp	4702	f9babd509579fbb15942299a28bd88c9d3ac9f9747c7af8950d20b05d8addd84
Media.pk2	interface/worldmap/map/map_world_102x109.ddj	CONVERTED	8340	5136307604adb2c30c12d6c4ce60d39d7345cfb7ffcc03e5d501fdf6b2f20434	DDS	128	128	android-assets/textures/worldmap/map_world_102x109.webp	5218	e3c521c0e09bd7919e55a1437a3bc57d0c682ea04f85eeab7d8c067b14088975
Media.pk2	interface/worldmap/map/map_world_102x113.ddj	CONVERTED	8340	0ca917afa8e9205689d8ee51d2d1099070dbaa3ac7525e37ea6ee3e4ca4c06e7	DDS	128	128	android-assets/textures/worldmap/map_world_102x113.webp	4320	e8d1974d405d9abbf9c560c71e8b7836830ba9d91b1dae0c53dc4e6be67bc375
Media.pk2	interface/worldmap/map/map_world_102x73.ddj	CONVERTED	8340	b27f227d94802acd4ef7b5fccc7a617a4ac0e4849600dd933595174f792e023a	DDS	128	128	android-assets/textures/worldmap/map_world_102x73.webp	4124	d86297245e6290a9ab58a7d3d63be8c9359bffd5e1e20990be216390dd307c8b
Media.pk2	interface/worldmap/map/map_world_102x77.ddj	CONVERTED	8340	8704896f6595b44d9f81f8809812c422829ae1d8e4aafd4c4e02e62e684c342f	DDS	128	128	android-assets/textures/worldmap/map_world_102x77.webp	5058	4756472cd3b5b35e5c5e9ca036d71fe4e76f0fab1b750683e0814db242e47fc8
Media.pk2	interface/worldmap/map/map_world_102x81.ddj	CONVERTED	8340	409aaccfd78480cce05c980be40b8b4da6409e0c304d24a624fd6c83f148008a	DDS	128	128	android-assets/textures/worldmap/map_world_102x81.webp	5152	6ef93b29e3e31801f70dd3f2da602d540c40a7516007d9fbf664521daf788a5c
Media.pk2	interface/worldmap/map/map_world_102x85.ddj	CONVERTED	8340	80eca36dc455e32002323f46d95c7c048c8b0ed6ee4c283c9fd0b4087141f416	DDS	128	128	android-assets/textures/worldmap/map_world_102x85.webp	5076	e72190d0cd289e11024da56b89059b6ad8d436c292b3810be461d676d8df3112
Media.pk2	interface/worldmap/map/map_world_102x89.ddj	CONVERTED	8340	42d0050a9faefeb73a2617004c9eaf3c922cdc3efa24bf485749f1633753bac6	DDS	128	128	android-assets/textures/worldmap/map_world_102x89.webp	5646	57bb3f722d4250fb557128a904d204898f575d4e691610f094484487d7f37c13
Media.pk2	interface/worldmap/map/map_world_102x93.ddj	CONVERTED	8340	5f225cc3072d27d630c98757d38f97670477b97d7dbca5a7cc0f2a8db4795c9d	DDS	128	128	android-assets/textures/worldmap/map_world_102x93.webp	5486	d833a01a2f97e90631c633560e9c5f55e88ac884a77f250bce9fbb9277e59fdf
Media.pk2	interface/worldmap/map/map_world_102x97.ddj	CONVERTED	8340	a27ed5c45e3bd6170a8b21b7ae51ac2cb519a165443334f6f2770c34000d9c9d	DDS	128	128	android-assets/textures/worldmap/map_world_102x97.webp	5616	68ad6fe22718100599aa910cb49d4818676ccb52abf0af1391487505150d6c5b
Media.pk2	interface/worldmap/map/map_world_105x101.ddj	CONVERTED	8340	dd1e42c950c268c7e5bfb8aa6f6463ab23f42bc4016e3982b17bf2f49625efc1	DDS	128	128	android-assets/textures/worldmap/map_world_105x101.webp	5952	dbe3c092f9ff955ed044c8dbc2cf912b63403e28343322e9850b5d888c75ecaa
Media.pk2	interface/worldmap/map/map_world_105x105.ddj	CONVERTED	8340	255f46a75909de64a7cdef7d28caf16e24ba906096625b590b27c6b914396218	DDS	128	128	android-assets/textures/worldmap/map_world_105x105.webp	4954	e8afcfb77d1c72c19449f1bc9926b05ddd27663bfafd2b86a685bdf00acd4e6e
Media.pk2	interface/worldmap/map/map_world_105x109.ddj	CONVERTED	8340	fc2f3af5cd31b7ce678a54c045303a75d8c50218d4d61b75a5827a7525ffc0df	DDS	128	128	android-assets/textures/worldmap/map_world_105x109.webp	5010	942f53b861df2d7a1ad50374acc8713fe6a3b85a59e8ca009f378377ad959a11
Media.pk2	interface/worldmap/map/map_world_105x113.ddj	CONVERTED	8340	b7284598b9da6f412622656bf1c457c7ef591a514d58ffe5dde50acccd4dabc5	DDS	128	128	android-assets/textures/worldmap/map_world_105x113.webp	4536	522e69338d60b8cbc746b3784065f8f5ceb03d25cebd883c0b790aa0721d634c
Media.pk2	interface/worldmap/map/map_world_105x85.ddj	CONVERTED	8340	869944e66fdf0987729e3d53f4ef3e2bd86ef4cae6b6ca925acb65412032b7f1	DDS	128	128	android-assets/textures/worldmap/map_world_105x85.webp	4566	f1572ec7b5b3f1dbfda0beecfeb48c7215fc1bd9e01634acd4ce257cbe58e5b7
Media.pk2	interface/worldmap/map/map_world_105x89.ddj	CONVERTED	87528	0060f19f086cd75766376afbaacd112245cd9ddface61aaea795768315696085	DDS	128	128	android-assets/textures/worldmap/map_world_105x89.webp	5648	9af245ad971ab73da579fefe7b0a46a09de3214d685a02e5442916ab93ccf3e4
Media.pk2	interface/worldmap/map/map_world_105x93.ddj	CONVERTED	87528	4df1fb584fb1e1a0d6d7abe65cb76f3105a7a40c7ccea3792e7654ebec9790a4	DDS	128	128	android-assets/textures/worldmap/map_world_105x93.webp	5840	c841d36dbd9215a45e066816e36eb44520c8114c7585816d1bf5e3647b42d706
Media.pk2	interface/worldmap/map/map_world_105x97.ddj	CONVERTED	8340	e50f6136056045960583dc6ea0850278630db90fb6aafc7b2ebd7505075861e0	DDS	128	128	android-assets/textures/worldmap/map_world_105x97.webp	5552	25eb3ae1c9f463a86ad693938a54a99bd2d80bd44c76cfb5b11302de60cd89d1
Media.pk2	interface/worldmap/map/map_world_106x101.ddj	CONVERTED	8340	c630ccf1407a15542c0de683c531be6290eddc409f9f98698a964acaffb063a4	DDS	128	128	android-assets/textures/worldmap/map_world_106x101.webp	5518	e51183db5858f5e5b19c1ff6ba8cfff173dac2854d73d170714d8f2cf6609a55
Media.pk2	interface/worldmap/map/map_world_106x105.ddj	CONVERTED	8340	57400077017f34f01b85d93dacde829f10d39ce5d1b0bea5ba4f43a6c7fb31f9	DDS	128	128	android-assets/textures/worldmap/map_world_106x105.webp	4234	6d680159a5e759b0633ba4ac070dc7ed4a43a4c9bee8deef3e5ef86c0fbcb4ce
Media.pk2	interface/worldmap/map/map_world_106x109.ddj	CONVERTED	8340	fcfd47f06589d5585ef7499a3f7f36a145dfd47459b4e932440a31c806d045bb	DDS	128	128	android-assets/textures/worldmap/map_world_106x109.webp	4768	617a08bb54a33cd0f085a623ea201e8cf02ffbd2323bc0f69d6f1ef9065e3863
Media.pk2	interface/worldmap/map/map_world_106x113.ddj	CONVERTED	8340	a45276ced262712ca6388d0f88a66783852d555b5214ed37d66a4e77c855084b	DDS	128	128	android-assets/textures/worldmap/map_world_106x113.webp	4550	10bfe10fb2916a10dbda8408a6320fc22be38c2e66fe5eed542b99c2b9d85805
Media.pk2	interface/worldmap/map/map_world_106x73.ddj	CONVERTED	8340	a0802b7fa8c200ba1fbf178268476a31f65f8654119e9b435410b2a5ad52951c	DDS	128	128	android-assets/textures/worldmap/map_world_106x73.webp	4040	a2bc21315033545a754f65c1725fd2dbdb24a42a1785e2377baa96940941dd07
Media.pk2	interface/worldmap/map/map_world_106x77.ddj	CONVERTED	8340	48222e176b53dd980153af50e7c219f4c4f3d84f16f2bf576331979239adb366	DDS	128	128	android-assets/textures/worldmap/map_world_106x77.webp	4420	aeac083dfa0cc4c99976d03fb5e6c47fc4c8ed5a64ee29df688db7f730d21217
Media.pk2	interface/worldmap/map/map_world_106x81.ddj	CONVERTED	8340	f8c19fe057d8e229d0286cdfdb210b59e6f746fff34960c01e016008dfa7c542	DDS	128	128	android-assets/textures/worldmap/map_world_106x81.webp	4974	1e83b33f7e89004c3789677834f524c76ea0f5a28b70358c6bdd931762c0f2f2
Media.pk2	interface/worldmap/map/map_world_106x85.ddj	CONVERTED	8340	6fe02757f9f5fc6891ad249d072c93fb92823b105f9a22819bac1eaf97a068c5	DDS	128	128	android-assets/textures/worldmap/map_world_106x85.webp	5350	1d59493f02e1eadbb3673d3c65b8576e5ab06c0e7a8d6bfcf8e7383876e512b5
Media.pk2	interface/worldmap/map/map_world_106x89.ddj	CONVERTED	87528	cece5ce8f4eaf47de89e5faf9f13eabef869e811921a8bbb4963df58d6d90b0c	DDS	128	128	android-assets/textures/worldmap/map_world_106x89.webp	6256	439e7cc03f5f5f92b0e9a77d5af5d5ef15f2a8a315b640d4d4dd981257b8c017
Media.pk2	interface/worldmap/map/map_world_106x93.ddj	CONVERTED	87528	440e582cc0fb02c8bfd1bdc2e1f89ddac4f70ee1d238a7d4407a1e0088b74b9a	DDS	128	128	android-assets/textures/worldmap/map_world_106x93.webp	5938	667103168acab3d083e282b532999b111b395ce6fac41cedb84b9bf212d8f8f1
Media.pk2	interface/worldmap/map/map_world_106x97.ddj	CONVERTED	8340	42f8c91104ccbefd79f3033ae82edcb36da25d89777c57e2f7f2c0375226b413	DDS	128	128	android-assets/textures/worldmap/map_world_106x97.webp	5232	b0eb52d76fb0067fc9f3cf73a7a6cdd05fa9d8ca52912d7bca76887f76632e5a
Media.pk2	interface/worldmap/map/map_world_109x101.ddj	CONVERTED	8340	7f60edce2d8deb0d34d095e4b3351df7bb7a7befa545c34589636272568b3ac4	DDS	128	128	android-assets/textures/worldmap/map_world_109x101.webp	6268	12290767e5a3ba8f82e7d5c4f49b8d5bdddeedb43411b75e5e294ba5af59519b
Media.pk2	interface/worldmap/map/map_world_109x105.ddj	CONVERTED	8340	f9d426941b6df6c648c128fc98f87525d6b5ffa148456463880c5953a92606d9	DDS	128	128	android-assets/textures/worldmap/map_world_109x105.webp	5116	2b5d8a8b3060db1cfcb03811b6491194230dcb09b0980492d959fac5c0c40896
Media.pk2	interface/worldmap/map/map_world_109x109.ddj	CONVERTED	8340	9452b449b2bbc3bc8ffcd9a6ae1e3966520f04da727d9b1a4f33d328c788514f	DDS	128	128	android-assets/textures/worldmap/map_world_109x109.webp	4954	90dcf5b99e8cd839e97a6c63a749801b6cd2f29e5771aa466cfbecb3ec2dd86a
Media.pk2	interface/worldmap/map/map_world_109x113.ddj	CONVERTED	8340	de640eb8ea10e4122ed4b6cb12a0f9866ee7cd27c73d82dcfbe92b6dee9b98c8	DDS	128	128	android-assets/textures/worldmap/map_world_109x113.webp	4830	75cdbd3038d98a954dd502e47385d37a2edd34089f2f5024063d408a6c7e3bdd
Media.pk2	interface/worldmap/map/map_world_109x85.ddj	CONVERTED	8340	956d30e4eaf1e251e641248958936eda1f8bc182b96eb766c22ea5b152c2a551	DDS	128	128	android-assets/textures/worldmap/map_world_109x85.webp	4294	5615edb722cc09b70ea06c216b7c65793958f1e2e6d69b2d65f9e3304c2d8c90
Media.pk2	interface/worldmap/map/map_world_109x89.ddj	CONVERTED	8340	26eebd98df45a0cecaba4005b7528ecaca8be2d946400168740242d7e8447d45	DDS	128	128	android-assets/textures/worldmap/map_world_109x89.webp	5818	4f86841b28dbc01227a91741477b1ded7f3363775128467c36d5e0c8b06f17ee
Media.pk2	interface/worldmap/map/map_world_109x93.ddj	CONVERTED	8340	795ae800149091b2628b447aa720eda264381fceb52594e0fdc7f2ea658f3708	DDS	128	128	android-assets/textures/worldmap/map_world_109x93.webp	6088	1731cd76c55f46b062f05888d36d5e80a4db801e1ab0cae76f2c97ba1f99264e
Media.pk2	interface/worldmap/map/map_world_109x97.ddj	CONVERTED	8340	e591af13e77b2c178f5610ae50cdbe7e356124503a5f3e8fee6bf8988657948b	DDS	128	128	android-assets/textures/worldmap/map_world_109x97.webp	5512	4ebbf056e3b2b0ba9cb60637c027f5150013484b1666facb8a1a23b58054c8ac
Media.pk2	interface/worldmap/map/map_world_110x101.ddj	CONVERTED	8340	169406c4c9c379dff6544e1126eca346198ce00ef4aee643d722455d00655689	DDS	128	128	android-assets/textures/worldmap/map_world_110x101.webp	5720	88b0bafcc318642fb9a8963e061c6b087176c331e53932bd711ca0c706633054
Media.pk2	interface/worldmap/map/map_world_110x105.ddj	CONVERTED	8340	2c3fdb4e365984c0ef924126d8f2253cd4bb06a4dbf04cac7331d8704a6077ed	DDS	128	128	android-assets/textures/worldmap/map_world_110x105.webp	4746	3061af6068347740978618f9ca9b28cd29e4336f534d5aa309434041b0ccec41
Media.pk2	interface/worldmap/map/map_world_110x109.ddj	CONVERTED	8340	65f745c18c4be6bfa8483d80eb23562b224ff87ae1c4a980e21a39b7bc0d1dd6	DDS	128	128	android-assets/textures/worldmap/map_world_110x109.webp	4940	95a78feb7ae793404b090920783d526e313dc8e0f4627e82fe1e1da67df8e1b3
Media.pk2	interface/worldmap/map/map_world_110x113.ddj	CONVERTED	8340	8267ea683d9bf7a4e2f42770a0228360915725a660346e8c33aeadbd7bf17bdc	DDS	128	128	android-assets/textures/worldmap/map_world_110x113.webp	4878	0fb837964fb542f44d64cb654c12d6628663cb32f09be9cdfe0a8e5b981c3599
Media.pk2	interface/worldmap/map/map_world_110x73.ddj	CONVERTED	8340	050aa7b849714d11e6e50094cd4146f3c5502773c8101a9e73f0328bdd696b33	DDS	128	128	android-assets/textures/worldmap/map_world_110x73.webp	4030	88b1692abd99765c6c9345d1d9a8ac99b22c8253c8a8f3ad32ab6d4ab75c56fb
Media.pk2	interface/worldmap/map/map_world_110x77.ddj	CONVERTED	8340	df47ab1aa09121a7aa5a099445f1400a9ffc4f1bd06130e7c39ba081f33b5409	DDS	128	128	android-assets/textures/worldmap/map_world_110x77.webp	3632	8181f1623682fe84712818644c2fc5577b4829f2bfce96785379c04cfb7c0125
Media.pk2	interface/worldmap/map/map_world_110x81.ddj	CONVERTED	8340	68305eeecd5f8bb260d99e88f076975bfae8d48fcc55b8511a62a6ad17f5f03e	DDS	128	128	android-assets/textures/worldmap/map_world_110x81.webp	4202	ef378abd6f6d38c033d8877fb70813e7bb38fd96024e6ef59b16d5c2e96fa4a0
Media.pk2	interface/worldmap/map/map_world_110x85.ddj	CONVERTED	8340	4c18d29a808b22a36cbd43dd85dd5d446693a13886075b882558277323e6c66b	DDS	128	128	android-assets/textures/worldmap/map_world_110x85.webp	4790	87dbbe3d52a312399294e3d8c12c5b991376cdeb285cac27f349579ef558a87a
Media.pk2	interface/worldmap/map/map_world_110x89.ddj	CONVERTED	87528	1752bb2bea27e0173d6546e3b99d5b25bded797174e7eb732ef6f73d56223816	DDS	128	128	android-assets/textures/worldmap/map_world_110x89.webp	5922	1fd1fa6d7ace1c5ea76e75a287b2bc75334cae43c16c22b189d0a711422766ec
Media.pk2	interface/worldmap/map/map_world_110x93.ddj	CONVERTED	87528	f1cafa83fad66f6c42fbe773db1f50b8bab8567b34667705a755d2420eba4c90	DDS	128	128	android-assets/textures/worldmap/map_world_110x93.webp	7060	f77ad6c72ee73273687f414f6dd2278b2a2329c06e388f120a1525cccb462d54
Media.pk2	interface/worldmap/map/map_world_110x97.ddj	CONVERTED	8340	4f42add0c20fe7087530528e086acc920ac92d298d1dcea6bfca4790dd89415f	DDS	128	128	android-assets/textures/worldmap/map_world_110x97.webp	5020	6b41e10e5df5e33e895e12afaa3b5b763110ccd5b9e714d0acd82ccbc2494908
Media.pk2	interface/worldmap/map/map_world_113x101.ddj	CONVERTED	87528	8bcb0c7a03c49e05f83ef959e0a5b778981e0706e12d122b7e12650e5c889b41	DDS	128	128	android-assets/textures/worldmap/map_world_113x101.webp	5400	c5abf5c0b07c8815f1b289e2ba414eaff367617cd314c9a0b408fc065803dcef
Media.pk2	interface/worldmap/map/map_world_113x105.ddj	CONVERTED	8340	ae993e121013163b467b328a4bcef0990159cf747457951b559c2523347ff38b	DDS	128	128	android-assets/textures/worldmap/map_world_113x105.webp	6090	a3a4c1612c2953ef2e125edcfaeb294bce7bc452a190d2336760130b5dc9c572
Media.pk2	interface/worldmap/map/map_world_113x109.ddj	CONVERTED	8340	be9a9d916cfb2345a018cde6bbd6955ffffda9d61f92b240d095c2e4ef7a1d2b	DDS	128	128	android-assets/textures/worldmap/map_world_113x109.webp	5402	1162ff410c89f7c2e2b16f513b7c3d05b817ceaf4b7766836b482739082ed538
Media.pk2	interface/worldmap/map/map_world_113x113.ddj	CONVERTED	8340	b51d44e925b2cca412fa8f78e881be894ba1fb9eda8ac07deb185f28842a04af	DDS	128	128	android-assets/textures/worldmap/map_world_113x113.webp	4628	2f7d94f5127d184689645ff949293f3d57bb31709c040bc2c34a12f1dd54d194
Media.pk2	interface/worldmap/map/map_world_113x85.ddj	CONVERTED	8340	c72a3d2c881d89521f9e45d1d3607965db56d8d7fe5a7d0084ce15cd818fd3da	DDS	128	128	android-assets/textures/worldmap/map_world_113x85.webp	4662	c681f930d258926120376309b7b1c72de470ea478b9233580df5a161333ae48f
Media.pk2	interface/worldmap/map/map_world_113x89.ddj	CONVERTED	8340	821b14a228eab5d7d4f106bd25b494a9e772bed2796b5ccdc211c0b44a21e865	DDS	128	128	android-assets/textures/worldmap/map_world_113x89.webp	5852	64d022062de09bf30766ed33a41ff6aed6d1bf192a556b0c48e438781f1f9e58
Media.pk2	interface/worldmap/map/map_world_113x93.ddj	CONVERTED	8340	7caac2408bbbfb6042a10eaeef4e822a7e9f5ee2972aa79189c499ac7f2f5fc1	DDS	128	128	android-assets/textures/worldmap/map_world_113x93.webp	5680	37653df5dd0db9e5dc64b22cfcbe655487082ba342e00abab279f259a9b1dbb5
Media.pk2	interface/worldmap/map/map_world_113x97.ddj	CONVERTED	8340	83b9a92fb6716d63af64faee6a0bab20953ed726a55c82beffdfd0df30d1830d	DDS	128	128	android-assets/textures/worldmap/map_world_113x97.webp	6006	7ee5a2eb20e99a5faa7970bfd99e5fcfa1ecb46cc31834ab3cc5eec78558200a
Media.pk2	interface/worldmap/map/map_world_114x101.ddj	CONVERTED	8340	b60843f225d97efc6e8e3eb206ec4a8ce6f9739bda59540a7f5bc1f4f0574e45	DDS	128	128	android-assets/textures/worldmap/map_world_114x101.webp	6122	caad3df8c30e375bd135edc73fd292026250d3a0c3baa3137c7f510cda304a4e
Media.pk2	interface/worldmap/map/map_world_114x105.ddj	CONVERTED	8340	848e15c732dfb5ba8531e2f84dfbe5c7f72c54866f3b28b1e0a9fbdc8f7b90c2	DDS	128	128	android-assets/textures/worldmap/map_world_114x105.webp	4936	63e4621cd04d8d2209ceb1748c32247603363092c092fd93123b000f6f35b504
Media.pk2	interface/worldmap/map/map_world_114x109.ddj	CONVERTED	8340	2220b826ec737d766ba1de05eefc5f0f07729c486878ffd4aec56cfd6625bc17	DDS	128	128	android-assets/textures/worldmap/map_world_114x109.webp	4940	ec2ad2979cfaa4cf38cbfcce6c2e25385ab2e8b19421adddc37703bae8c3d416
Media.pk2	interface/worldmap/map/map_world_114x113.ddj	CONVERTED	8340	c16022ab18830626a69384532b3af649a35173b7c49f4aaaa144a5002ab34e26	DDS	128	128	android-assets/textures/worldmap/map_world_114x113.webp	4750	265e92588f22020d1f2ed001585dea0e4f17ed139547a2ab063f49ef99dd7706
Media.pk2	interface/worldmap/map/map_world_114x73.ddj	CONVERTED	8340	a40439e54b855162de960d7d8f6a93d0cfe00f48c26d373f8b050849d6aef58d	DDS	128	128	android-assets/textures/worldmap/map_world_114x73.webp	4236	aeed13b7da5c30b8138f64ea4ec58a4748b05ec6993e7377edceb7c8112335f3
Media.pk2	interface/worldmap/map/map_world_114x77.ddj	CONVERTED	8340	1b4914559ec56547a1b0073a4d9c74230ad16f1ab2204e756ad6f9e20319d259	DDS	128	128	android-assets/textures/worldmap/map_world_114x77.webp	3728	0c574de7c0ff4dbb1577beeb0ca677f9f4f3743bf3bb042070bcc94307f574dc
Media.pk2	interface/worldmap/map/map_world_114x81.ddj	CONVERTED	8340	06a0d4a09469c1135753e2844e2c47e33fd72def44a3b28341fb77bc9347c0d8	DDS	128	128	android-assets/textures/worldmap/map_world_114x81.webp	4630	e9b822e4ac9c5780be6f7403999dca8607fc1a18d9117e0604095f5f3856ef4b
Media.pk2	interface/worldmap/map/map_world_114x85.ddj	CONVERTED	8340	d154aa993ec7e7e431cf6e3fa1f89398cdccfd01e3bf441c778e113b338e4ac3	DDS	128	128	android-assets/textures/worldmap/map_world_114x85.webp	5002	a02ede4fce06e3cb6abfef69267c1707ec65aa0242afea670ac0fa5097654745
Media.pk2	interface/worldmap/map/map_world_114x89.ddj	CONVERTED	8340	aed5c48c5097008aec6aef9baa7764bad758a2006eeb47a3bd4c87ee5c92c2c8	DDS	128	128	android-assets/textures/worldmap/map_world_114x89.webp	6242	decd824414e2482bfff66e3325472c8de5215a3d85615890c5e7ae8e9b1c8ede
Media.pk2	interface/worldmap/map/map_world_114x93.ddj	CONVERTED	8340	5a573920f0ad0f810dcafcbca70124712f1802e5ae679549f826820e1cd0736d	DDS	128	128	android-assets/textures/worldmap/map_world_114x93.webp	6262	0abd44d1c73bad11f5704ca85ef49d67c482651a91fa488ebbce6b51b8f23bb2
Media.pk2	interface/worldmap/map/map_world_114x97.ddj	CONVERTED	8340	3465239abe040223882df87164f31ee9b011f8afa91332d796c6018b6eca35e8	DDS	128	128	android-assets/textures/worldmap/map_world_114x97.webp	5700	702bf52a83e2d3421f7de452443e7d8003b93089da33b43fb482576af0811164
Media.pk2	interface/worldmap/map/map_world_117x101.ddj	CONVERTED	8340	33dcebe9675f430d96165f936320ac1cbdfe27c2abb5ef3ea61aa10d240fb351	DDS	128	128	android-assets/textures/worldmap/map_world_117x101.webp	5402	0480d66c07525b9bf6bc63cd779a0eb4f5d04fd08dcb2ed389f519a3eaf256a6
Media.pk2	interface/worldmap/map/map_world_117x105.ddj	CONVERTED	87528	31e8941604e3705fab208683582e39d845d3166e305cb885ec1c9dbee8046532	DDS	128	128	android-assets/textures/worldmap/map_world_117x105.webp	6080	84d0dc317e9c9ddfeb059aa30bef7c94c6c3aaa260d4960cd4653ea1399df812
Media.pk2	interface/worldmap/map/map_world_117x109.ddj	CONVERTED	8340	2f75ff76b9d1063489e35fdc0ffcbc833897ea6c24e59fbf89423932611ace04	DDS	128	128	android-assets/textures/worldmap/map_world_117x109.webp	5380	07a19e31c574c58f91d84524f2b76451175caf771ac7679a8debae6cd235d6ff
Media.pk2	interface/worldmap/map/map_world_117x113.ddj	CONVERTED	8340	3da96d8a2d2aff334e08e101ca6def868c821bb4132ffc07f97ef39260fbc2e2	DDS	128	128	android-assets/textures/worldmap/map_world_117x113.webp	4778	82b7a16db81cf92fe0d44ff9db27aa75af0d56988e1d4db74e34b1ee61c4876c
Media.pk2	interface/worldmap/map/map_world_117x85.ddj	CONVERTED	8340	1bc4c416fe11dacf9314248ec994596a3397676dc0e3d992d3c83e0b7628eb4a	DDS	128	128	android-assets/textures/worldmap/map_world_117x85.webp	4738	b20e8c62a0ca1eade29306d9cae1ed158a8427cee58c008880c24508128485c4
Media.pk2	interface/worldmap/map/map_world_117x89.ddj	CONVERTED	8340	733860d82461160e5d061ee718dc2bab58250d7dc9a871e08d206d1b63872703	DDS	128	128	android-assets/textures/worldmap/map_world_117x89.webp	5928	a52b8fdc01057c91582b42bc8f01769b25a6f06e6a0cd16608fd38f465919a2b
Media.pk2	interface/worldmap/map/map_world_117x93.ddj	CONVERTED	8340	c9e998339ca24d1fc5dc67a2b1d4949de0d87a3b4d79e324a40b4c79a123ea61	DDS	128	128	android-assets/textures/worldmap/map_world_117x93.webp	4812	8f58632226c626b32b75d8b4432db3101b64e289740a7071677dfe87029b32e9
Media.pk2	interface/worldmap/map/map_world_117x97.ddj	CONVERTED	8340	39e0b1117f360bfb065b7bc3e10b6810c0e3914c9d5d73f331ffeb79395bcb27	DDS	128	128	android-assets/textures/worldmap/map_world_117x97.webp	5228	e27b54d9d75662b85f56c83ea2dbb799854e6706cade3cbd01645361583309ad
Media.pk2	interface/worldmap/map/map_world_118x101.ddj	CONVERTED	8340	d42b928bbeac9d06dbbcd4026a9df137e23b1e5345efa34ac6cd64dccccc4e41	DDS	128	128	android-assets/textures/worldmap/map_world_118x101.webp	5996	eca3e5c1c69501973ad37fdbe2b08814cd23a2310645db1e619c3197fb6e2f36
Media.pk2	interface/worldmap/map/map_world_118x105.ddj	CONVERTED	8340	2aa805fd77d6feab82a6aa7250b0d92afb472e799773c3e4bdce0b5e37c13a0d	DDS	128	128	android-assets/textures/worldmap/map_world_118x105.webp	5180	8aa99e95972e91e0b5e4e7424f1da844adac3af4b83018d38df64dfbb06320ae
Media.pk2	interface/worldmap/map/map_world_118x109.ddj	CONVERTED	8340	43398592d313641106179e1d67309c729169f3efefa9513dd96a57600faac9b7	DDS	128	128	android-assets/textures/worldmap/map_world_118x109.webp	5298	b3440ff2b526b079a6b825d5ab9741b56bab1754b699a8004e767c9f0f9a43a5
Media.pk2	interface/worldmap/map/map_world_118x113.ddj	CONVERTED	8340	3ec86ac16f264e84222427eba100587b1fda60cc8b4fc38df8a79613d9832e66	DDS	128	128	android-assets/textures/worldmap/map_world_118x113.webp	4836	242d854ffbdeb1ff1038a78a917d4af5274eef0d08899dcad4a46c5c83659451
Media.pk2	interface/worldmap/map/map_world_118x73.ddj	CONVERTED	8340	6574e7ecb60a2885121e8a0889dc52d96818a86b995f468d75c3f60c07d4fc97	DDS	128	128	android-assets/textures/worldmap/map_world_118x73.webp	3892	b18b2b84009622a1d9a1bfe5ad54b42f44ae52c9d51ca0ea34612bc9e1541dce
Media.pk2	interface/worldmap/map/map_world_118x77.ddj	CONVERTED	8340	1dd393affdd0fd167398e044778bc723b313b51e450f72c65a0564a6f960f14d	DDS	128	128	android-assets/textures/worldmap/map_world_118x77.webp	4112	68b581812e18acc28ec3de20a0b305853d889c34002bc086cb6c0a96351bcd6b
Media.pk2	interface/worldmap/map/map_world_118x81.ddj	CONVERTED	8340	ced665655a898137b427b7606867d29e5123f0e66912c8c5a08b957f6b0dba14	DDS	128	128	android-assets/textures/worldmap/map_world_118x81.webp	4458	9339340928935e1b07a892d77025a9c4d12a2a927fb76d03f12f5926105d3f1f
Media.pk2	interface/worldmap/map/map_world_118x85.ddj	CONVERTED	8340	63251b539d0ebeba83a25d944e86d58b5bcd4d9c384f82c17956e08881d81f9a	DDS	128	128	android-assets/textures/worldmap/map_world_118x85.webp	4892	39edc2764d6917ef101f00db1949e769620dd45dec4c75fb157a1f38929b7351
Media.pk2	interface/worldmap/map/map_world_118x89.ddj	CONVERTED	8340	033874c52d4afad294b74acae533e9b01dc531fa6b1269e96238aa48cb4bd526	DDS	128	128	android-assets/textures/worldmap/map_world_118x89.webp	5876	6de9f77a97e09f096422b7047f85a22b881a648c51b99043c7cbbbdd8626aaa5
Media.pk2	interface/worldmap/map/map_world_118x93.ddj	CONVERTED	8340	1a4d8a831c3c36e2e2bf796320d89ab412dee8f3b5d42e8de0ace2dc5c6da0b0	DDS	128	128	android-assets/textures/worldmap/map_world_118x93.webp	5630	7e55f75a023f8a2a5ba139238942b3e8e4cee449beef2bba785136a1d039406f
Media.pk2	interface/worldmap/map/map_world_118x97.ddj	CONVERTED	8340	95d38ecd490878edfb86d7fbfed94bb82af15c5d29a997d112f3188560e37cec	DDS	128	128	android-assets/textures/worldmap/map_world_118x97.webp	5852	e76f12838d3bb1bdd5361401b8e8b247084b8f59eac2943c280dcc6cbbbe308f
Media.pk2	interface/worldmap/map/map_world_121x101.ddj	CONVERTED	8340	347542f36b92bbc045df84e882dc7eefe9489956563ee3569ff79ff20bb7ca16	DDS	128	128	android-assets/textures/worldmap/map_world_121x101.webp	4798	2e78a458a8ee09f62dc5d296894fee5647ddc01f84e83a83ea145733b6c2db36
Media.pk2	interface/worldmap/map/map_world_121x105.ddj	CONVERTED	87528	0fcb55a8fbeee9bf78bb6d2c240de490d3c5c9682d5b68502266c928cced1c57	DDS	128	128	android-assets/textures/worldmap/map_world_121x105.webp	4022	5fab966be317c2d33680b367dedd7a9940f4bb7c7eefbffc5553651c36a501f8
Media.pk2	interface/worldmap/map/map_world_121x109.ddj	CONVERTED	8340	b10d7e5c592ff518614e5143d25f2dc0fac250f761014c9c367d15830fa71ab9	DDS	128	128	android-assets/textures/worldmap/map_world_121x109.webp	5568	318c623a3aebc1d8ceb2d58ef6d6ed2c88948682c3a64685852fd3572531dd39
Media.pk2	interface/worldmap/map/map_world_121x113.ddj	CONVERTED	8340	07226e5299cfb8d2ee1d21d766238cedc9aa32b8d816eef243dbe0aa272773af	DDS	128	128	android-assets/textures/worldmap/map_world_121x113.webp	4844	911936b665407ec6134bc687e6f360457707a6859b3254a329803629c3d4e1ff
Media.pk2	interface/worldmap/map/map_world_121x85.ddj	CONVERTED	8340	907ae296a6aeda2daf857c91756b21a1018caf455174f94a357a15c21736f802	DDS	128	128	android-assets/textures/worldmap/map_world_121x85.webp	4404	67326df41ba8594a4eca3a4a065543bd6bc2114ac5997f2335314458320800d0
Media.pk2	interface/worldmap/map/map_world_121x89.ddj	CONVERTED	8340	a0df19490985e864291e47382b6611a1542cc7dce5c524af8ea7e509c104e1f7	DDS	128	128	android-assets/textures/worldmap/map_world_121x89.webp	5972	2b2b70da6af40e015bc07cae70249ef9439573a09bd6295556cfcb88b371cd37
Media.pk2	interface/worldmap/map/map_world_121x93.ddj	CONVERTED	87528	2a9409d78365776738ccbb6b66d61e2176dc21081ce1a0b538781f043b3c2e02	DDS	128	128	android-assets/textures/worldmap/map_world_121x93.webp	5770	4070b09458591cc907095364c68ba427f960d625faf4b7049871181865555883
Media.pk2	interface/worldmap/map/map_world_121x97.ddj	CONVERTED	8340	ba94eee4671aa8e17866d66c4015192848ffeed5ab90716be3850432a2e70f88	DDS	128	128	android-assets/textures/worldmap/map_world_121x97.webp	4968	442d76455cc86b29399342a481160e305c0a9690ef50e91cc7ab0880c7b310b7
Media.pk2	interface/worldmap/map/map_world_122x101.ddj	CONVERTED	8340	a91996e981a2532c1e440bef7fe4ec93a4764fad2282fdaa74ced32357c5a6c4	DDS	128	128	android-assets/textures/worldmap/map_world_122x101.webp	6256	4ff2991cc8b6eeb82813947a0bf179d05b4a45974187dc885e6aa7e85ecf81fd
Media.pk2	interface/worldmap/map/map_world_122x105.ddj	CONVERTED	8340	9647ad852ca4be050a65725488ad43d892b5c87e2e0fc7af20d2cea7ae78b48b	DDS	128	128	android-assets/textures/worldmap/map_world_122x105.webp	5946	08b55d9cdd22dc3a06417a729153d9a39e19c387092b65f9875f61e027887927
Media.pk2	interface/worldmap/map/map_world_122x109.ddj	CONVERTED	8340	fb33010943e8d4c003aadfa9427bde17088c624868298d5c59798addaae7d878	DDS	128	128	android-assets/textures/worldmap/map_world_122x109.webp	5314	76b857429b4dabd913c225f0550ed3f6e48dde60fbf90e864e23b2f3f8ba6fd7
Media.pk2	interface/worldmap/map/map_world_122x113.ddj	CONVERTED	8340	24dba69ddb9d5e49e01d8c8bd0cde9758edafce31bf1ab0c5c59172d3dcf9a9e	DDS	128	128	android-assets/textures/worldmap/map_world_122x113.webp	4942	814a67a45b80bbb289179c7ad7cb5a5e631484f9afb55364bb675d67a02370f1
Media.pk2	interface/worldmap/map/map_world_122x73.ddj	CONVERTED	8340	d0fc0be3ac86b2c8cefbe0a32bff93d80e8db96afe23fb1be962cb82a971b712	DDS	128	128	android-assets/textures/worldmap/map_world_122x73.webp	4272	ea8073d6a61fe1f1419909628583312e3b106ccdc53416c436c1e8be24f0e3eb
Media.pk2	interface/worldmap/map/map_world_122x77.ddj	CONVERTED	8340	add70351bbf3cb67d0bf6aa80779f0c67d2353794bf74108b2466c19a7e13c15	DDS	128	128	android-assets/textures/worldmap/map_world_122x77.webp	4014	8221cc26931388c6c9ee98cae7b34f7044f5bd72b42c8af6cfa85a961db8135c
Media.pk2	interface/worldmap/map/map_world_122x81.ddj	CONVERTED	8340	463acf3158f509aa0e54bb4b7c45c0d6bbd36c1226d9f4114c88703bc2796799	DDS	128	128	android-assets/textures/worldmap/map_world_122x81.webp	4410	2612be21641d73390724066803ce7300131cb75273d6e5fedaba2aff5ae29622
Media.pk2	interface/worldmap/map/map_world_122x85.ddj	CONVERTED	8340	0ab5ef4558b7a956c17aff140159407fe4bb6cc32c315514837b076f18f5d617	DDS	128	128	android-assets/textures/worldmap/map_world_122x85.webp	4516	6bf71402b1281af8729c33287f7cbec8329363dd3bd1c5c6f12d0c6118cdf977
Media.pk2	interface/worldmap/map/map_world_122x89.ddj	CONVERTED	87528	87582cc468b57fe87a3b85716f5eb203b121a9fa25741827022509de19dfda6b	DDS	128	128	android-assets/textures/worldmap/map_world_122x89.webp	5482	32670f28ecfd5cdecf841b7212622015bb33bd8079526016bd31020efa57b2d9
Media.pk2	interface/worldmap/map/map_world_122x93.ddj	CONVERTED	87528	a27ffe92154c725fb8fc05bda755fc8b19d2402c8580c3d6954de1244b445a35	DDS	128	128	android-assets/textures/worldmap/map_world_122x93.webp	5252	6cad13572c66ad8a47dcb6babf2d647fb8cf23abe2932d67b76bd19ce53e2eeb
Media.pk2	interface/worldmap/map/map_world_122x97.ddj	CONVERTED	8340	4eaddf40462f4bd29aa3e98a08c5f5a64303a8b3b35fd52c2ea3e8edcde8ac6d	DDS	128	128	android-assets/textures/worldmap/map_world_122x97.webp	5692	cac6be0efa7563c51634c6f204612ac70ec444528d009795448dbf65b6aaaad1
Media.pk2	interface/worldmap/map/map_world_125x101.ddj	CONVERTED	8340	a5fc4076a5c1cf5982853033bec9ae4e479649816767a7229adde8fb00357180	DDS	128	128	android-assets/textures/worldmap/map_world_125x101.webp	5884	96acac0647ce9319f4697ea66cc0780ea50ab19bcaf4b32f01e6cd6755259f1e
Media.pk2	interface/worldmap/map/map_world_125x105.ddj	CONVERTED	87528	807a822d8f05e65f08b1c34ce6219d74a5b76936bb714902cb666754ea298abd	DDS	128	128	android-assets/textures/worldmap/map_world_125x105.webp	5020	ac86a82342bf1fe6c279cd0efacba7500c305cb7aebf3cb225f38751e63ee2d9
Media.pk2	interface/worldmap/map/map_world_125x109.ddj	CONVERTED	8340	42588cd6e9ba5c3f6f29333a2ca1bb7961a8d34254f959deda2fbe5f9e31461a	DDS	128	128	android-assets/textures/worldmap/map_world_125x109.webp	5406	48c9d973f2d0d5a27b96be0db79f2d660adfd00de2eccf6fddd411e819d83bcf
Media.pk2	interface/worldmap/map/map_world_125x113.ddj	CONVERTED	8340	64bd6b09f52471a4e9e427b882c5ab18e4231e2165484f090da7afe3c7ac3572	DDS	128	128	android-assets/textures/worldmap/map_world_125x113.webp	4688	7bfb26d58f375aa3a934dd6e239c8994b1880c95f813dfbf79fe376d8a0a5730
Media.pk2	interface/worldmap/map/map_world_125x85.ddj	CONVERTED	8340	84b5376a8ee67005de9fbba2b4732413e46e23f7e2c8126b90445440c56fdf8e	DDS	128	128	android-assets/textures/worldmap/map_world_125x85.webp	4660	fb81a348d19eec1286a0f4729446c5fade0daad22d61ab9774bd68b679dd0a18
Media.pk2	interface/worldmap/map/map_world_125x89.ddj	CONVERTED	8340	296332da7f249e1d6d761b68bb7eedbbfc60371a1a2708060f63458d12e791f5	DDS	128	128	android-assets/textures/worldmap/map_world_125x89.webp	5634	7c3afba48c08eae4884ec26dc14f35e1cdbb071ab829e078d14141204786256d
Media.pk2	interface/worldmap/map/map_world_125x93.ddj	CONVERTED	87528	e430da0baac38d6b66244cdf270711a1fe31fd77b316d1a7bcfa753e913abff9	DDS	128	128	android-assets/textures/worldmap/map_world_125x93.webp	6800	831d805a64a059edb486bd62b3930c52f9240ba07820026cf4e6ff01a67149ec
Media.pk2	interface/worldmap/map/map_world_125x97.ddj	CONVERTED	87528	3bcb30e4e2334081c8fa1154d7e5755fa8cf5a924942515448e9bc8380c530fa	DDS	128	128	android-assets/textures/worldmap/map_world_125x97.webp	6304	b41a08cec90fbdd6d5eefa27c13dc6e5b269cc23fd5947abb991346f89b73aeb
Media.pk2	interface/worldmap/map/map_world_126x101.ddj	CONVERTED	87528	3df1b33098891976bca961fcaeb3741fef859b8d7814053a67605112baaddfae	DDS	128	128	android-assets/textures/worldmap/map_world_126x101.webp	5400	c5abf5c0b07c8815f1b289e2ba414eaff367617cd314c9a0b408fc065803dcef
Media.pk2	interface/worldmap/map/map_world_126x105.ddj	CONVERTED	87528	31e8941604e3705fab208683582e39d845d3166e305cb885ec1c9dbee8046532	DDS	128	128	android-assets/textures/worldmap/map_world_126x105.webp	6080	84d0dc317e9c9ddfeb059aa30bef7c94c6c3aaa260d4960cd4653ea1399df812
Media.pk2	interface/worldmap/map/map_world_126x109.ddj	CONVERTED	8340	7437a9c343872ade0082aacf4d8d191a2e1d04c14caac763425c1229f8c04608	DDS	128	128	android-assets/textures/worldmap/map_world_126x109.webp	5466	61d40587bc6b9eb25e7154beb6b6eefb0ece624af20e3b3d24eb36e0a5500035
Media.pk2	interface/worldmap/map/map_world_126x113.ddj	CONVERTED	8340	10a7e3799351be13ae3a7cb4a8570c3e80a63498ba1f6388f29435b822f741bb	DDS	128	128	android-assets/textures/worldmap/map_world_126x113.webp	4698	675912361ad97278a95799ccbc2cc48dd6dd0370fd2a8b1f77acd88d2b038333
Media.pk2	interface/worldmap/map/map_world_126x73.ddj	CONVERTED	8340	fa3d50006d991412b2d4166777ad5e73555330eeda1c695bbc0c922021f15e85	DDS	128	128	android-assets/textures/worldmap/map_world_126x73.webp	4112	1174feb1e8e1678e9b55418a65ebe8bdc4d1a8d1e28364f26478c5ee3e23ecc2
Media.pk2	interface/worldmap/map/map_world_126x77.ddj	CONVERTED	8340	afa45b38b922e2f715aa8e18c5bff8ead8cfe46cfb1032f7c91480a36495fa51	DDS	128	128	android-assets/textures/worldmap/map_world_126x77.webp	3740	747b023b0df8a7ac470b74dfb99efb899110f85d60f470e236cce252ada5bdf7
Media.pk2	interface/worldmap/map/map_world_126x81.ddj	CONVERTED	8340	b49fbc00fd6594a64873c844424c5a6c5f6c51c640628078f6620a11bca8190c	DDS	128	128	android-assets/textures/worldmap/map_world_126x81.webp	4110	814a161573d3921dab9081b10113d68dc3d1aad1475564ee4ded03ad216f890d
Media.pk2	interface/worldmap/map/map_world_126x85.ddj	CONVERTED	8340	bb86c67c14f765de996a22423a7890b89153a38dafa733f34e2614aada55b2b6	DDS	128	128	android-assets/textures/worldmap/map_world_126x85.webp	4466	b2e878bacc591464b056712283d794d5a68938fb1f0116ad7405929c9e8cdd85
Media.pk2	interface/worldmap/map/map_world_126x89.ddj	CONVERTED	87528	f925676e2426dca494d58447865db68fec42688d03074cfd943d2d8cf4c2e8a4	DDS	128	128	android-assets/textures/worldmap/map_world_126x89.webp	5060	9252118d9811f5a0143231aa078a3dff4edd322cec8e4747a84675e738015ac6
Media.pk2	interface/worldmap/map/map_world_126x93.ddj	CONVERTED	87528	4df1fb584fb1e1a0d6d7abe65cb76f3105a7a40c7ccea3792e7654ebec9790a4	DDS	128	128	android-assets/textures/worldmap/map_world_126x93.webp	5840	c841d36dbd9215a45e066816e36eb44520c8114c7585816d1bf5e3647b42d706
Media.pk2	interface/worldmap/map/map_world_126x97.ddj	CONVERTED	87528	71dd523dc6ba1e7832f7500378dfe8e4b8e1306279729952f0e8462c6b0d4e49	DDS	128	128	android-assets/textures/worldmap/map_world_126x97.webp	5680	85332a9cdf9b74de73a92e2be2dd6c67dcebc08ea68ed8b59221b98ce9fe592b
Media.pk2	interface/worldmap/map/map_world_129x101.ddj	CONVERTED	8340	0210be36fb4ee6dc3e3908ef606c646e11cc49cbc9d914c5a13a2a43cf1ce124	DDS	128	128	android-assets/textures/worldmap/map_world_129x101.webp	6056	e7377f3cd3c3fc662cd0aec385271d83465439bfc8bbe9af7c36bff78b57db43
Media.pk2	interface/worldmap/map/map_world_129x105.ddj	CONVERTED	8340	08f68e37479bdbf2d01542e195eb86f145500a6ac15f2faa167fc6e8163fd993	DDS	128	128	android-assets/textures/worldmap/map_world_129x105.webp	5552	048ab8c8026d0fa929efb663f2e28a94e95b5dc0c2945e749649d7185a88a30c
Media.pk2	interface/worldmap/map/map_world_129x109.ddj	CONVERTED	8340	9fe245e442831b5e6646f4d0fc9b45adf96c005145a9500586787dfcb788a1d5	DDS	128	128	android-assets/textures/worldmap/map_world_129x109.webp	5052	b13f403aee4cba5d9f7b23b3e1e37c55dbe4dfd08ee7fe22d499a864e5b6f7ae
Media.pk2	interface/worldmap/map/map_world_129x113.ddj	CONVERTED	8340	193b2d7a168d7e095a0a58e5e340e40eb4b6a5b49de6e87c614c647c1967ee95	DDS	128	128	android-assets/textures/worldmap/map_world_129x113.webp	4550	409354213bcbaeb342bdb965b9bf412bb8a54b51fed8989e8ac9a7e3e463dcc3
Media.pk2	interface/worldmap/map/map_world_129x85.ddj	CONVERTED	8340	0e550803382a2ab36170272ab752230a44ad04a7f08b6e8b20df6f22ea33499d	DDS	128	128	android-assets/textures/worldmap/map_world_129x85.webp	4630	656349328473219b94e61205d3ef5752945d02be4246226183eceb9b98b0a78e
Media.pk2	interface/worldmap/map/map_world_129x89.ddj	CONVERTED	8340	99796361fab6c2285e86a14721f05dcf87f716d03019a38690ed42b99cc84a89	DDS	128	128	android-assets/textures/worldmap/map_world_129x89.webp	6142	259d110bd3c69b39c57f539f890f649c37d54df15a0d427439123595609196e4
Media.pk2	interface/worldmap/map/map_world_129x93.ddj	CONVERTED	8340	e0414c9c96e8c9caff9f939c8d6a664fc728f2bf24688b9909d85709d1108902	DDS	128	128	android-assets/textures/worldmap/map_world_129x93.webp	6090	51d8e7021d6fe6beff0ee22a9c66b0d0a4bbb0770e0170e3305ec7d5c9f8b6d2
Media.pk2	interface/worldmap/map/map_world_129x97.ddj	CONVERTED	87528	c6e11d95741fb13bebe1cea3f2b839b980f5f9ff1d9a4338cae2f716252f83e2	DDS	128	128	android-assets/textures/worldmap/map_world_129x97.webp	6410	cb1b462c1cf5b8e5802243d160e3ba3e2944b9e4e87c5b3df87701caac58a4be
Media.pk2	interface/worldmap/map/map_world_130x101.ddj	CONVERTED	8340	bd5e3d2f646376a735d5a8d392fbb5d255d008dbe61fc38495166d6b925316e9	DDS	128	128	android-assets/textures/worldmap/map_world_130x101.webp	5402	69469eb65711a70a658cb86385a987562d73dff199099cf7ddeef7b63f07121e
Media.pk2	interface/worldmap/map/map_world_130x105.ddj	CONVERTED	87528	0fcb55a8fbeee9bf78bb6d2c240de490d3c5c9682d5b68502266c928cced1c57	DDS	128	128	android-assets/textures/worldmap/map_world_130x105.webp	4022	5fab966be317c2d33680b367dedd7a9940f4bb7c7eefbffc5553651c36a501f8
Media.pk2	interface/worldmap/map/map_world_130x109.ddj	CONVERTED	8340	ad57cda2c72dd78fa2d408f0b16d9c32ba9e09187d90342505061d1b7927f3ef	DDS	128	128	android-assets/textures/worldmap/map_world_130x109.webp	5438	bb9c7becce7517e552921a3da59c296f6c271d81036da3a7bfcd4edf06f53e38
Media.pk2	interface/worldmap/map/map_world_130x113.ddj	CONVERTED	8340	21e31eb0a52a147e132870e25c1c1d39c0a7512aec02a083fed3e69c1b4928b6	DDS	128	128	android-assets/textures/worldmap/map_world_130x113.webp	4590	773668abaf0929cd236d9bde1dcf33d1cb0d6c99b4b408330533bc9386490f8d
Media.pk2	interface/worldmap/map/map_world_130x73.ddj	CONVERTED	8340	093c578e4057f802f1e30cad23842f542bbf6e7d4a03ca51826026564dbc3883	DDS	128	128	android-assets/textures/worldmap/map_world_130x73.webp	4100	6948b12db98593c01215bf5264075efd9fe0384231c2ca15af424c20b1e8ff67
Media.pk2	interface/worldmap/map/map_world_130x77.ddj	CONVERTED	8340	18d8168d3a8bb7bfdbae1010f57fce41c0d195cc8c4e75dd0ab561d498d4a1ba	DDS	128	128	android-assets/textures/worldmap/map_world_130x77.webp	3910	dcb8dafff82861fae1903e2a173a4be702dc2f143560a8763b598e6b34aadea2
Media.pk2	interface/worldmap/map/map_world_130x81.ddj	CONVERTED	8340	8b7f81ba4933e815ffb84f0d7a42316526d936b0604624063baf9249fdccb81c	DDS	128	128	android-assets/textures/worldmap/map_world_130x81.webp	4416	915924d7b44afe4af2237169e5f10cd8b89f7dffea0d50651bfb229a582f08f7
Media.pk2	interface/worldmap/map/map_world_130x85.ddj	CONVERTED	87528	9710d6b57eea7df052046bb087f4dabce28f5cfd1e6fafe66a4f0eb04a23ddd7	DDS	128	128	android-assets/textures/worldmap/map_world_130x85.webp	5004	450872f1a6519151dfa1361e0d752c77222018723aaa365d16ea9ea01181491b
Media.pk2	interface/worldmap/map/map_world_130x89.ddj	CONVERTED	87528	0060f19f086cd75766376afbaacd112245cd9ddface61aaea795768315696085	DDS	128	128	android-assets/textures/worldmap/map_world_130x89.webp	5648	9af245ad971ab73da579fefe7b0a46a09de3214d685a02e5442916ab93ccf3e4
Media.pk2	interface/worldmap/map/map_world_130x93.ddj	CONVERTED	8340	213242c67c5030cc704c2a50c734358dc69893637e431335ad5b8fd31f9884b6	DDS	128	128	android-assets/textures/worldmap/map_world_130x93.webp	6076	7368d777f51624246d840e3bdcdbb860d8822edef2aabad32253e95666c24d8d
Media.pk2	interface/worldmap/map/map_world_130x97.ddj	CONVERTED	8340	d7a828c486b6d5a84a39f43a1d2e3c81de476641442196e22d88369a5f58bba8	DDS	128	128	android-assets/textures/worldmap/map_world_130x97.webp	6122	36762bc22a203e1c86d3aebc869d0831e64d55fdbb52e528fb58e195f563d99d
Media.pk2	interface/worldmap/map/map_world_133x101.ddj	CONVERTED	8340	f4dbad8b77632416d3114d49a4beb062d0ce78c71d390ec8e9eadb13d72cd8a8	DDS	128	128	android-assets/textures/worldmap/map_world_133x101.webp	5648	3c2881354c6e684b98e1794c2f6a06e370a71405da6b859aceda4d40b457b545
Media.pk2	interface/worldmap/map/map_world_133x105.ddj	CONVERTED	8340	0bee82c50259096c524274f8c9b2f4df771159f7bd480b3609de72b9ea639053	DDS	128	128	android-assets/textures/worldmap/map_world_133x105.webp	5832	987ad437b6ddb1c598f2f9435f22143d91c05b697eadfc006aabbe77a7c3525c
Media.pk2	interface/worldmap/map/map_world_133x109.ddj	CONVERTED	8340	e936ba4f48b4f40d05a92cc54647a4bed2b102acf0cd8a94c472bb53066eb559	DDS	128	128	android-assets/textures/worldmap/map_world_133x109.webp	4994	508e524d7019ee91998c388d842f4b096aae1c54f646a1b04fc11ca5a29942fa
Media.pk2	interface/worldmap/map/map_world_133x113.ddj	CONVERTED	8340	6f3473a703c7b661f841e6a0d439045b8a755e1c05b0f903f0cacc183c2ed7eb	DDS	128	128	android-assets/textures/worldmap/map_world_133x113.webp	4702	5aa2d4895963389ac66c2e1970459473dbdf956ff8bf177221b4b6a53d5da89f
Media.pk2	interface/worldmap/map/map_world_133x85.ddj	CONVERTED	8340	adcc545fbe23bee66fc960b191b77f75c90b0bf58718166377f75032c7fefa3b	DDS	128	128	android-assets/textures/worldmap/map_world_133x85.webp	4714	1dfe6e1f4e4710f2bae688c98e6f2dc77307a50b337177b402d6a54de1df8cab
Media.pk2	interface/worldmap/map/map_world_133x89.ddj	CONVERTED	8340	d57b1b16e488588cc1313ef12bb7ffa6fe16dffdea9f9bd904e5381854366e41	DDS	128	128	android-assets/textures/worldmap/map_world_133x89.webp	6090	d9959698f527b49b68bd5334e009803181b51cee6dd036d2d878cdc848d1b5ee
Media.pk2	interface/worldmap/map/map_world_133x93.ddj	CONVERTED	87528	be5084ebe640f138990dac2f6094f94af4675c7ff1fa2debd018d678f4023eac	DDS	128	128	android-assets/textures/worldmap/map_world_133x93.webp	5680	fa68fc2dc757f386f0a5853a56e742f7cc47af07ee0f89b81c174a478548a17b
Media.pk2	interface/worldmap/map/map_world_133x97.ddj	CONVERTED	8340	cd1943fa3cdabc85352cf7622c772c72e4ea7ab15466ee43e65245dd1c6ef267	DDS	128	128	android-assets/textures/worldmap/map_world_133x97.webp	6272	45fc1d55dcbaf2ad9234f5112d564d2ffd603f17bdc1e0abd6ee7691ddc7ca18
Media.pk2	interface/worldmap/map/map_world_134x101.ddj	CONVERTED	8340	f51b3e3789138faca8fed4e388a77f15cb145e1c8d33bc9a8888ce0870a675b2	DDS	128	128	android-assets/textures/worldmap/map_world_134x101.webp	4844	fcf341ff8401665ff2b0dd9affa4a7ab7cef72d182e0a3436a2285c658affc7a
Media.pk2	interface/worldmap/map/map_world_134x105.ddj	CONVERTED	87528	807a822d8f05e65f08b1c34ce6219d74a5b76936bb714902cb666754ea298abd	DDS	128	128	android-assets/textures/worldmap/map_world_134x105.webp	5020	ac86a82342bf1fe6c279cd0efacba7500c305cb7aebf3cb225f38751e63ee2d9
Media.pk2	interface/worldmap/map/map_world_134x109.ddj	CONVERTED	8340	b35fec482744a2d12807d56057f57d09d9879b27a27cd870e12c8dfce4305e3d	DDS	128	128	android-assets/textures/worldmap/map_world_134x109.webp	5042	f4db8c32eb5eea4287aa57788be3f23c26bb2b500327a6598e3c7a4d829302ab
Media.pk2	interface/worldmap/map/map_world_134x113.ddj	CONVERTED	8340	1c6ff950b00de6a429d728211db3b19468f73deb476513fe905766e82be0cec9	DDS	128	128	android-assets/textures/worldmap/map_world_134x113.webp	4552	d8403721ec98ec2d733cec2d88deed652a99dff39d6e2e4903006f55e4810b80
Media.pk2	interface/worldmap/map/map_world_134x73.ddj	CONVERTED	8340	2ffad0054506ccca5c7a5490947ee51d7b3ce77628b6ffd504ea8fa6d12fac3d	DDS	128	128	android-assets/textures/worldmap/map_world_134x73.webp	4050	08f9e8f14e663770141e77af87814715320e29dadfb50ea71f09ec4e4a9153fe
Media.pk2	interface/worldmap/map/map_world_134x77.ddj	CONVERTED	8340	60f17de284750ec727c25ce81e215a6e8fa1156069532ef0657cb672bc1aefd3	DDS	128	128	android-assets/textures/worldmap/map_world_134x77.webp	4124	686585d0b5977e829f9252594c04333975e6d338cbf4ea7015c4e4daeacd77c5
Media.pk2	interface/worldmap/map/map_world_134x81.ddj	CONVERTED	8340	14790f25352c8a5a18bf6e5524f4100c49fbfb69256113994d83d06d40aeb8bc	DDS	128	128	android-assets/textures/worldmap/map_world_134x81.webp	5018	c966c7988f079ed0f025045da099de380e18cf3b163edb6c4ea0d36cd0a37ae6
Media.pk2	interface/worldmap/map/map_world_134x85.ddj	CONVERTED	8340	84133e6c309538da8d53d886687ef1a6645462f7335f2d2a337c075eb7001d43	DDS	128	128	android-assets/textures/worldmap/map_world_134x85.webp	4854	18dfbb8ce5e36d8895af4ac883cc375c5c191b0d62bf1b489974dd6319a72046
Media.pk2	interface/worldmap/map/map_world_134x89.ddj	CONVERTED	8340	3645ae64774c8711132e31be2b98274d4149a5f7fcf738d56c26dfcbe1a9952a	DDS	128	128	android-assets/textures/worldmap/map_world_134x89.webp	5782	1d17c7fc4253b43c6a73bf3025d01c650e9a8f6d4131aea0720e038ffce3f6d3
Media.pk2	interface/worldmap/map/map_world_134x93.ddj	CONVERTED	8340	ebb3296447a58f57e43218cf321c436052df3cefb312d2ada1f85f83b8631436	DDS	128	128	android-assets/textures/worldmap/map_world_134x93.webp	5634	4b050e264fca8b352fe7dcd1761381f506db360ceef89360d2fbce9a49e6dca1
Media.pk2	interface/worldmap/map/map_world_134x97.ddj	CONVERTED	8340	6e6e9d59f8e2d51a56759d834c5a63e7f7bd5eb2ce2edea95d4bc9988ab5ba3b	DDS	128	128	android-assets/textures/worldmap/map_world_134x97.webp	5242	98860415939713c692fdeac8039fd2bd0428d93fa437b6b7e9526e6eda11b234
Media.pk2	interface/worldmap/map/map_world_137x101.ddj	CONVERTED	8340	af722ba9e198e285fff44f531f8bf0e22a02a60e26e09e8b51344bd85872dc39	DDS	128	128	android-assets/textures/worldmap/map_world_137x101.webp	6422	6e3f7628103c94d65b9458bb9a4fe68aa15c47689b31059adb0e4c45f6f0916a
Media.pk2	interface/worldmap/map/map_world_137x105.ddj	CONVERTED	8340	50391660c73ac04b19a3f5a7b5793650c79d70da52557f1ffb4aabcf438fb5ef	DDS	128	128	android-assets/textures/worldmap/map_world_137x105.webp	5658	b252777e4d7a6f742c33dbce2dbc6ec232eb17519befe613e47e8a0a5055a4b2
Media.pk2	interface/worldmap/map/map_world_137x109.ddj	CONVERTED	8340	aae224cfa607b9f9bc18ac588b39bf53e108cc93f682b471137f0a91033e12d3	DDS	128	128	android-assets/textures/worldmap/map_world_137x109.webp	4708	3ad7cb59cfe2efc8e37bf913b7d5969df436cc0b126bccb4a1d6eb7826245953
Media.pk2	interface/worldmap/map/map_world_137x113.ddj	CONVERTED	8340	c0e11a02477ec588f6df8d361a589a00a4aa5c4a9a7a82082bc17ba4c13888dc	DDS	128	128	android-assets/textures/worldmap/map_world_137x113.webp	4578	f56db9b8f7f1be3d1d7e250d12526237defccb1d541915551991191083543fea
Media.pk2	interface/worldmap/map/map_world_137x85.ddj	CONVERTED	8340	ba315f81a4962e1c2a94b7e6124c4a9c4c7df1db60b7b09b6a8e54fce5c386c4	DDS	128	128	android-assets/textures/worldmap/map_world_137x85.webp	3962	87a4ca4864f5557a19f0977055a18c51af68b0f0528f61f97d26171e4f7b997e
Media.pk2	interface/worldmap/map/map_world_137x89.ddj	CONVERTED	8340	22701e6ccf084a69b26f2b9573c3bc1b7aae36934f99971e6de4ee818acb52d9	DDS	128	128	android-assets/textures/worldmap/map_world_137x89.webp	5888	ec5471c0c4184f4fa1c1640cc04995ef93f25800ce6f580692648c3b4161f66f
Media.pk2	interface/worldmap/map/map_world_137x93.ddj	CONVERTED	8340	96c367dffaf4e814d4afd7f89f34198682a92d1f01e3aa23a74d9fd67ac08393	DDS	128	128	android-assets/textures/worldmap/map_world_137x93.webp	5354	89893d5f50c46a92150242726baf7aec21cbce2bc84d16d087046d5bf05e5688
Media.pk2	interface/worldmap/map/map_world_137x97.ddj	CONVERTED	8340	224cbf953e3017507fe8cc57e63366166f1b1f3470a92bc6fc1d07fc89b703aa	DDS	128	128	android-assets/textures/worldmap/map_world_137x97.webp	5886	413084783c032c2ca582aa39dd46a42e129de757e6c64d8fb55e120bc200683d
Media.pk2	interface/worldmap/map/map_world_138x101.ddj	CONVERTED	8340	6f7cd1027306a29f086e5cc4df92fdc34092c0822fe0aee11fbb98e0847107f8	DDS	128	128	android-assets/textures/worldmap/map_world_138x101.webp	5938	7347740ce1d05f4e13deee408fb252aaba4d002efe517b9334a59fcc2c952404
Media.pk2	interface/worldmap/map/map_world_138x105.ddj	CONVERTED	8340	45fdb50a3fb6172f40973695f24e3b43ed67fcaf226e067fbc5c5fd10aad3852	DDS	128	128	android-assets/textures/worldmap/map_world_138x105.webp	5538	a0c9bbe1a82b3acd06e3655083c92a5418dfebe4b7ae7eba4da0fdec165835f3
Media.pk2	interface/worldmap/map/map_world_138x109.ddj	CONVERTED	8340	06eb1f64532b2a6a049ddbac63e1d973a877672fed1842e26344b1960d81b12f	DDS	128	128	android-assets/textures/worldmap/map_world_138x109.webp	4928	e2cacf05fa28d00f347b342bac93528d5d3e79cc8ec7f69f3a3d5940950bb421
Media.pk2	interface/worldmap/map/map_world_138x113.ddj	CONVERTED	8340	42c4bf8b76e9fb19655edeea261ba5fff1d630e361275a66a64c386c9daf952d	DDS	128	128	android-assets/textures/worldmap/map_world_138x113.webp	4696	b7b915bfa1623c148f4ea69d17fb99a0b830dddfed41f1a5107c371e2ded7eca
Media.pk2	interface/worldmap/map/map_world_138x73.ddj	CONVERTED	8340	7d443e2193a53840cedfb651d51325d63655f7c27b452303fdc53afd70ab817a	DDS	128	128	android-assets/textures/worldmap/map_world_138x73.webp	4344	f3f0a89f477c5b28e2e8d4e81f9ede4da33f690a27498d9cb18d8e29a5c3182e
Media.pk2	interface/worldmap/map/map_world_138x77.ddj	CONVERTED	8340	d1cc9aae365f2d5998f19a5b8c65f62f79e99e48bdb3232d2a7d934723b51b5f	DDS	128	128	android-assets/textures/worldmap/map_world_138x77.webp	4010	41e271bf7ed1474e21c5f95ff8d7b5223d738e7590795d6ecceaed057fb9f0c3
Media.pk2	interface/worldmap/map/map_world_138x81.ddj	CONVERTED	8340	ca215371cce81a063ebf46a48fe6bc2b7f2d47bc36b2aac6ce26960e018780c9	DDS	128	128	android-assets/textures/worldmap/map_world_138x81.webp	5068	07c2d512ba7a9281aa74a8fdb22e524b7d219b17c6b9cae71231373b4b03c9d6
Media.pk2	interface/worldmap/map/map_world_138x85.ddj	CONVERTED	8340	46b9f025f89996a54c158446b514288d8c2c04f73c375cd6e1c0a564b2c1464f	DDS	128	128	android-assets/textures/worldmap/map_world_138x85.webp	4336	3c4743138703af1b7499d9fcc8cb629ef72cbd3fe51d9e7bedf58db425f7df61
Media.pk2	interface/worldmap/map/map_world_138x89.ddj	CONVERTED	8340	990a68fe3ab222eae5fdeba8adf0d2c6e7aa50cb7ad19158003ac8e9f3496836	DDS	128	128	android-assets/textures/worldmap/map_world_138x89.webp	5758	b23411c26b35e9814cbc2a18b2219f48dea2ce0066ea318a370c247d95bdbde5
Media.pk2	interface/worldmap/map/map_world_138x93.ddj	CONVERTED	8340	d51e1af52fa54aa09486340e7bc7484c4c919aefc25ae61e65cd4cc28a0c4fbd	DDS	128	128	android-assets/textures/worldmap/map_world_138x93.webp	4904	ab196cc4539ec5d7fa903dddc2520cb1ff848ef3a197e522f1a0bcd3eb56ad30
Media.pk2	interface/worldmap/map/map_world_138x97.ddj	CONVERTED	8340	eac0ea5dfc3bbf296b827b289cb6fe7c75910a1a2a7ab0da5c897ac8cb87837d	DDS	128	128	android-assets/textures/worldmap/map_world_138x97.webp	4996	5256d35b3fc38fd740595a67da6f0ea2c3abd3e70e2a544e49c85b12ace25f68
Media.pk2	interface/worldmap/map/map_world_141x101.ddj	CONVERTED	8340	1fe0ee108d5bfb6d7de40ee11dd55175c882a734f5968ea9772faee7271d820d	DDS	128	128	android-assets/textures/worldmap/map_world_141x101.webp	6334	5a0b0c30e7b7a8cee29d46bb75e803c701a0f60f7745d03f56f655b91257080a
Media.pk2	interface/worldmap/map/map_world_141x105.ddj	CONVERTED	8340	016b9b0e795f6c3ead42069428e9bb30b4ce39326c07b56a3520c9ad32fd20dc	DDS	128	128	android-assets/textures/worldmap/map_world_141x105.webp	5532	413c93313a9b9348f467534ea91c4a2488becfbd895d75b20d9ae6435ac679f0
Media.pk2	interface/worldmap/map/map_world_141x109.ddj	CONVERTED	8340	b054ec508a8650ed5481beda7ed17aa8234a760a538f418e00c254b79c87209e	DDS	128	128	android-assets/textures/worldmap/map_world_141x109.webp	4918	a89533daa2deff3a41e06e7c8683ebb8b22d88f97696efe3ca45dd929a7bcdc3
Media.pk2	interface/worldmap/map/map_world_141x113.ddj	CONVERTED	8340	1c898c6a967013855e4ef0de841f09ac9c3dd6f96e322070c89ef1e802811cea	DDS	128	128	android-assets/textures/worldmap/map_world_141x113.webp	3742	cf512b77c8260198487800e5140141a0041edde25f3ec3eb8198fd7d69f49c69
Media.pk2	interface/worldmap/map/map_world_141x85.ddj	CONVERTED	8340	82971aacd431be14668b72a7d04897704f75618fa3b7027b2c84381f91c89f91	DDS	128	128	android-assets/textures/worldmap/map_world_141x85.webp	4010	ec48ce846774e6ce6bd90099ec1825631117b2cd52962fb7d43f846cddab4903
Media.pk2	interface/worldmap/map/map_world_141x89.ddj	CONVERTED	8340	3a95578cb238b13da4e2bafd343b0ada29e4c3bb389d80b1f775548e48c0ee82	DDS	128	128	android-assets/textures/worldmap/map_world_141x89.webp	6186	f16a8cb4b71030ef379cd8133a56d4189b3295e15b306e6e18df29453f802530
Media.pk2	interface/worldmap/map/map_world_141x93.ddj	CONVERTED	87528	9afc2cc10f6931e2a6aed317c3309daedecb472e23de8f7b4160922efcc34d99	DDS	128	128	android-assets/textures/worldmap/map_world_141x93.webp	5886	5c42f3e43af96b3c19e9968248493395a34e61f45ecaae21d728ff4346720cd7
Media.pk2	interface/worldmap/map/map_world_141x97.ddj	CONVERTED	87528	c43a61809f21a8b8b93ccc2b748abb896e91395c296892f920797b51f89ce64d	DDS	128	128	android-assets/textures/worldmap/map_world_141x97.webp	5870	2d6b84dac07fd09e68af7aa81d234058f3bab33d1235393cbcda49fd0f276d5b
Media.pk2	interface/worldmap/map/map_world_142x101.ddj	CONVERTED	8340	b39ed6b39cd8e14f9092d61563b681b40a777db767df222dc49f0e79402cee0d	DDS	128	128	android-assets/textures/worldmap/map_world_142x101.webp	5868	b651e134f6a3d7ee00856c7eb5cc5c176e03734fcda3a0decaa9053d46248559
Media.pk2	interface/worldmap/map/map_world_142x105.ddj	CONVERTED	8340	8b2bbedb4e12e7a619e4287106e343be4e0de4949d2b074380b05b2b6b8e0059	DDS	128	128	android-assets/textures/worldmap/map_world_142x105.webp	5804	87148b40175c37c6e1980a9b32a6fcfabeada459eb3ee9185e2e4b3de1f965fc
Media.pk2	interface/worldmap/map/map_world_142x109.ddj	CONVERTED	8340	683295188b1e5c0e4c71e5655d8dac58f8c58ceda2e0c7e88ee7d95f97089ad7	DDS	128	128	android-assets/textures/worldmap/map_world_142x109.webp	4710	55f9c3b5bae192151a03c5d15db29a3b1c455bbfab4a605b68746040ffcde084
Media.pk2	interface/worldmap/map/map_world_142x113.ddj	CONVERTED	8340	25dea6eb615a3aebaf388a9bc3373acaf5d47fd9599a6645fdcfe36a1201d220	DDS	128	128	android-assets/textures/worldmap/map_world_142x113.webp	3742	0f54c82f9b89a7625d05b57346de35e152f688815dd64c0afb46b94e13a1fe64
Media.pk2	interface/worldmap/map/map_world_142x73.ddj	CONVERTED	8340	3dd139a63e972dd46e562e3b22ecc2ad3967ffcd78c318bdf0a10bcb0390dae6	DDS	128	128	android-assets/textures/worldmap/map_world_142x73.webp	4702	f212c5dd21e138cd96f4b80ceb201663b71db68ec3617d31b79366036672fe32
Media.pk2	interface/worldmap/map/map_world_142x77.ddj	CONVERTED	8340	31ee14bbc6791e6a6214ebc3543674fb4670343889ebd51bd60bd7f323ce10ef	DDS	128	128	android-assets/textures/worldmap/map_world_142x77.webp	4518	f94f8d438b8f8239ac29ed086ca94e5bf1e21a653707b53fc6003927021d5164
Media.pk2	interface/worldmap/map/map_world_142x81.ddj	CONVERTED	8340	d5a63377089115ff889ddf9d9b615ad63bd458537d0bf733ecccb339ec8d94fa	DDS	128	128	android-assets/textures/worldmap/map_world_142x81.webp	4666	21c75d31a0d5751997174564950b59a9ad0da8d1352e4af57ef1ad434b94e78f
Media.pk2	interface/worldmap/map/map_world_142x85.ddj	CONVERTED	8340	605de68c6824bedbac8f1e44e154ed1dde4c4b6121fe048ac11d1175f4dca30c	DDS	128	128	android-assets/textures/worldmap/map_world_142x85.webp	4764	92e69cf955c3eef8b40da6474fef01dafb9fc16c6c2a182057114664f9868c3b
Media.pk2	interface/worldmap/map/map_world_142x89.ddj	CONVERTED	8340	0e9346f04f7ae3694dd8129b4fbd69864d8672a3b9234932ce62f67fe28aa81b	DDS	128	128	android-assets/textures/worldmap/map_world_142x89.webp	5896	b713f67f7b41ea1c8fbeab39d73a7cf7a5dc53dc563b11d6ebb56c497bffb79b
Media.pk2	interface/worldmap/map/map_world_142x93.ddj	CONVERTED	87528	b21b4018895a8dafb8bd37da69f4f64d6de1eac56083d94e4d19b3812763b0b9	DDS	128	128	android-assets/textures/worldmap/map_world_142x93.webp	5770	4070b09458591cc907095364c68ba427f960d625faf4b7049871181865555883
Media.pk2	interface/worldmap/map/map_world_142x97.ddj	CONVERTED	87528	3bcb30e4e2334081c8fa1154d7e5755fa8cf5a924942515448e9bc8380c530fa	DDS	128	128	android-assets/textures/worldmap/map_world_142x97.webp	6304	b41a08cec90fbdd6d5eefa27c13dc6e5b269cc23fd5947abb991346f89b73aeb
Media.pk2	interface/worldmap/map/map_world_145x101.ddj	CONVERTED	8340	5532cfeec6f204f63f1e7894744281d6cd66c92763b3043b61ff6140c2604ad8	DDS	128	128	android-assets/textures/worldmap/map_world_145x101.webp	5980	030e7c85a6f9b0b2ad513aaa2ef55b68a96abf030752f34fcafa56cf425f51b8
Media.pk2	interface/worldmap/map/map_world_145x105.ddj	CONVERTED	8340	daf046ec9bdc5f5b0f5328936707c1ec5e88dbf24b4de8af2a35789289535fae	DDS	128	128	android-assets/textures/worldmap/map_world_145x105.webp	4670	abfabf8f4e4040daba5b7dbb81b3c7b9946c438f23a90f7b1f339b62958d4c47
Media.pk2	interface/worldmap/map/map_world_145x109.ddj	CONVERTED	8340	5150b07fbf778b3f695ef5ba0e202e11b07b7f47479ed5c5a9af1f72703c4bf6	DDS	128	128	android-assets/textures/worldmap/map_world_145x109.webp	4930	4e508ddc8d3889ee289f882a223f5ee701f47efbdf483d37c8f7978fe37d4417
Media.pk2	interface/worldmap/map/map_world_145x113.ddj	CONVERTED	8340	1128032c05d7139e70f2c2bb1bcd944fa17b085e2e7db57f2dfc6f2fb839f36d	DDS	128	128	android-assets/textures/worldmap/map_world_145x113.webp	4610	20e6803ca1b8df7e127f36c6a409043c6f87d1b2ca785fe00ee8a335f9a1588b
Media.pk2	interface/worldmap/map/map_world_145x85.ddj	CONVERTED	8340	3e1937dac0b0c5e8dec3b4e5cf8979fdadbd6f09c261febd69892a996b86f2ab	DDS	128	128	android-assets/textures/worldmap/map_world_145x85.webp	3730	7591f8de5e50498c0a2d724de24579a8561859180183807b7ea6c1487cc0c62c
Media.pk2	interface/worldmap/map/map_world_145x89.ddj	CONVERTED	8340	0656c53d50373f050686d5da179a3d316598c54bffe1dfad22595b227d18c1cd	DDS	128	128	android-assets/textures/worldmap/map_world_145x89.webp	5740	80713ab1bf0d030f4771ff5c8d66a0ef8b7cd96097607024393817fd38519735
Media.pk2	interface/worldmap/map/map_world_145x93.ddj	CONVERTED	8340	57580b9eed5650ba8692daac6247cb57e5c5852aed26947aa73ae1b4e21dd3e6	DDS	128	128	android-assets/textures/worldmap/map_world_145x93.webp	5786	728509ca17a17f2a62132a2cbb48f3fde684088df1b6e43739a9d4db7836be61
Media.pk2	interface/worldmap/map/map_world_145x97.ddj	CONVERTED	8340	a5161e77715e6f6c176f3115e4bfdeb8fed2cb2d4ef7d2e7de0752f4668735b8	DDS	128	128	android-assets/textures/worldmap/map_world_145x97.webp	5548	c9c4ddafceba5e7f2043390b0b429592968e17cf776d4aadeb9ae28add621783
Media.pk2	interface/worldmap/map/map_world_146x101.ddj	CONVERTED	8340	b9a67b3f7119a8b7a8f7e7f53aac537b939006c3307fd768556155e97eace824	DDS	128	128	android-assets/textures/worldmap/map_world_146x101.webp	5688	4cfb4a02e15c0c4386ae224a8e5782d03c3ff00a1fde7ca700169321399e8a4a
Media.pk2	interface/worldmap/map/map_world_146x105.ddj	CONVERTED	8340	d4a9574792d5863363aeec944852bd38796b153a07f53e625f95facce286dc58	DDS	128	128	android-assets/textures/worldmap/map_world_146x105.webp	5604	9fcfc469b396f54d91ec14006c6c9edc600624f2a9a4e96eea2463a9edfa9ae9
Media.pk2	interface/worldmap/map/map_world_146x109.ddj	CONVERTED	8340	1e791bcbb045ace7742714b50a148cea8594701c451f474cb2b264e94bc54684	DDS	128	128	android-assets/textures/worldmap/map_world_146x109.webp	5008	f3bb4835f555daa0fddd493f1faf55fbc502b7bfeed0dfd2b68a36468c5fbd1a
Media.pk2	interface/worldmap/map/map_world_146x113.ddj	CONVERTED	8340	31caf7a5047e6676e721923de6be8f94ec8f55bf06693389efaffd10991ab183	DDS	128	128	android-assets/textures/worldmap/map_world_146x113.webp	4544	f6174c8cd2385fb53034d7d5cd87fb74369a2f6c5fa32ed62e29d1e8b94557a8
Media.pk2	interface/worldmap/map/map_world_146x73.ddj	CONVERTED	8340	3d7670892349ed2a0b89fdf64839f67fe0e145544dc0a327180397c3ba894421	DDS	128	128	android-assets/textures/worldmap/map_world_146x73.webp	4432	e0fef41a812981f747d98911f93d3377f125b7b50353589cbdc8409502a801a6
Media.pk2	interface/worldmap/map/map_world_146x77.ddj	CONVERTED	8340	bc225c475b000e8e36373ec3dceb6c0ef7ba88412cf527c2accd943077aef980	DDS	128	128	android-assets/textures/worldmap/map_world_146x77.webp	4318	1f5e3c9554b91636bbdad1d5bc6e099790ff04a1ab43ade6ee1d63b64cbb0186
Media.pk2	interface/worldmap/map/map_world_146x81.ddj	CONVERTED	8340	ea49b1599fd33dd0c98a4e7093bf276bdd45316af4056d69ab20f8b0c9d81f45	DDS	128	128	android-assets/textures/worldmap/map_world_146x81.webp	4756	41b1568172c3dd1f416e4f61c6d223343f1ef9cc37e294df5303c709b6bbd60a
Media.pk2	interface/worldmap/map/map_world_146x85.ddj	CONVERTED	8340	fc8562cfc3f3bf0834baf5c7c3d4a3d3bca1d0eaff843a49c00cd65d2b146041	DDS	128	128	android-assets/textures/worldmap/map_world_146x85.webp	5034	4869a7c381cb719a3532681f00398fb8904cdd024b4698897e4b4abc0aca4f2e
Media.pk2	interface/worldmap/map/map_world_146x89.ddj	CONVERTED	87528	59b81ed1e5e3f0cd514a2ce935c593bcc290b6249d75635bb9b86458833f757e	DDS	128	128	android-assets/textures/worldmap/map_world_146x89.webp	5922	62659688476ffaff5e28703a51acbf29154d510476c388f8c9f5a4e82d84459d
Media.pk2	interface/worldmap/map/map_world_146x93.ddj	CONVERTED	87528	e430da0baac38d6b66244cdf270711a1fe31fd77b316d1a7bcfa753e913abff9	DDS	128	128	android-assets/textures/worldmap/map_world_146x93.webp	6800	831d805a64a059edb486bd62b3930c52f9240ba07820026cf4e6ff01a67149ec
Media.pk2	interface/worldmap/map/map_world_146x97.ddj	CONVERTED	87528	c6e11d95741fb13bebe1cea3f2b839b980f5f9ff1d9a4338cae2f716252f83e2	DDS	128	128	android-assets/textures/worldmap/map_world_146x97.webp	6410	cb1b462c1cf5b8e5802243d160e3ba3e2944b9e4e87c5b3df87701caac58a4be
Media.pk2	interface/worldmap/map/map_world_149x101.ddj	CONVERTED	8340	e7236ae0b8d969a56e257c16fc9528ad03565f7f967708280e00c0538a6465d7	DDS	128	128	android-assets/textures/worldmap/map_world_149x101.webp	6206	fbfa75191857defa83b24277e0ccc948d45582125f807960997dc30240369054
Media.pk2	interface/worldmap/map/map_world_149x105.ddj	CONVERTED	8340	92248fcf2a3fb53f3983a80ee6ded876c03f2f6b3ce2c9f7c50bd5cb1bc8dfb8	DDS	128	128	android-assets/textures/worldmap/map_world_149x105.webp	4810	29f6da40623a643d3f61cd00bdc9c166036c46537ced517de58793c86a893736
Media.pk2	interface/worldmap/map/map_world_149x109.ddj	CONVERTED	8340	10c983af7f5e7df9501c895c1655dc2cc7ceb289e5da970e391be806fa0354e3	DDS	128	128	android-assets/textures/worldmap/map_world_149x109.webp	4908	d40c4e57f948a5afd8ac5ade6b75f091623dc1d8eb662b8dc50f3a7eca9d7c24
Media.pk2	interface/worldmap/map/map_world_149x113.ddj	CONVERTED	8340	33225cd7ff2aed7091fb4ba6e430fd798254e1fe27c889569e0c1dd519551ab3	DDS	128	128	android-assets/textures/worldmap/map_world_149x113.webp	4900	08f41e869769d982503118a1b3806a5adc1ba74a1edd35355f65dbb83ff15a47
Media.pk2	interface/worldmap/map/map_world_149x89.ddj	CONVERTED	8340	9232a4823e74e48424b0bdb1e7758765fa965e4d3a3489bfdafb85dda01562d2	DDS	128	128	android-assets/textures/worldmap/map_world_149x89.webp	5600	50c30b5f82e572ef6d5485f5d77d272b712075b71a97eab03e67a7cdb6283f51
Media.pk2	interface/worldmap/map/map_world_149x93.ddj	CONVERTED	8340	eb066d1d132a4634d568ba46072b0b18385118748077bda80f6099a2afc64a56	DDS	128	128	android-assets/textures/worldmap/map_world_149x93.webp	5802	94780e8c0e00c90155536a8a7abfd58371c33b97eac6e90833532252d27ee622
Media.pk2	interface/worldmap/map/map_world_149x97.ddj	CONVERTED	8340	ec46341617ff9deb4a5f753c51e42e0a505a5c5257f29e74eba169666bd77e27	DDS	128	128	android-assets/textures/worldmap/map_world_149x97.webp	4850	3fc6fefd7fde167a493f7d65930c31fbeb42c5a72adc1a044dbc30727a9a4f51
Media.pk2	interface/worldmap/map/map_world_150x101.ddj	CONVERTED	8340	af722ba9e198e285fff44f531f8bf0e22a02a60e26e09e8b51344bd85872dc39	DDS	128	128	android-assets/textures/worldmap/map_world_150x101.webp	6422	6e3f7628103c94d65b9458bb9a4fe68aa15c47689b31059adb0e4c45f6f0916a
Media.pk2	interface/worldmap/map/map_world_150x105.ddj	CONVERTED	8340	f5146f0637c8444c14842b667b20541645c2aea9b59321b3eca376e1d3870183	DDS	128	128	android-assets/textures/worldmap/map_world_150x105.webp	5534	174e7c503b592d1f30ce4579d474af34d0fde8bd871f8c13dd17f9d8a2846034
Media.pk2	interface/worldmap/map/map_world_150x109.ddj	CONVERTED	8340	0a6a0612a06bca748ce319149e15bb9050bfc6cb9a0c083c999ae3be34838191	DDS	128	128	android-assets/textures/worldmap/map_world_150x109.webp	4914	e38813982c5f1ce7919192598b33a047a2707b6067d13e76b91bda055658c9f9
Media.pk2	interface/worldmap/map/map_world_150x113.ddj	CONVERTED	8340	f009a7d01400e6c7829f7597b1abd69d107c56753a614913cc208b42a40eedeb	DDS	128	128	android-assets/textures/worldmap/map_world_150x113.webp	4830	26d9f5d1c2029092c20e1b3e5129ae2977fcf18e87838a499aa9e30a75b53e2e
Media.pk2	interface/worldmap/map/map_world_150x73.ddj	CONVERTED	8340	320a5c9b652458ab8485fdba05a10843f25f92938aa80d9a7543832dc76d24f8	DDS	128	128	android-assets/textures/worldmap/map_world_150x73.webp	4300	8fd4262b93a4fbf749e93057d6b453ac13e78a202a35fcc1bd7273cd71432a12
Media.pk2	interface/worldmap/map/map_world_150x77.ddj	CONVERTED	8340	7005d0efe5466805a208fa94755f635fdde9f7168da6111123b43f4a73155333	DDS	128	128	android-assets/textures/worldmap/map_world_150x77.webp	4504	3e4c7e3471df33b4ac372672b6621724d6ce2ca55c1477a8e00549c4117ef6de
Media.pk2	interface/worldmap/map/map_world_150x81.ddj	CONVERTED	8340	c897feab586753fb4d06a70da14df127db11c5278cff397ed74171844e59a08f	DDS	128	128	android-assets/textures/worldmap/map_world_150x81.webp	5114	cea2d7457055284fa759c71b45dd3fc22d15a5bd8253d0800dd17daa3573579b
Media.pk2	interface/worldmap/map/map_world_150x85.ddj	CONVERTED	8340	afdfec20b84ecfa3c54ed3400b0d3e9edd15474a53ab4c2456aef56581a3658d	DDS	128	128	android-assets/textures/worldmap/map_world_150x85.webp	5186	e5d4c69fa9da74cbfdfccc6c123d03f51075eeb3ebfb09e24b713a4b8806064a
Media.pk2	interface/worldmap/map/map_world_150x89.ddj	CONVERTED	8340	783c3199c12b2e608972350e7b505805297e0860710eec15d45430bd50cba47e	DDS	128	128	android-assets/textures/worldmap/map_world_150x89.webp	5654	c369782b0da24d8a84461a6aad8d35d09d93e7faf92e56900b11786b474e2556
Media.pk2	interface/worldmap/map/map_world_150x93.ddj	CONVERTED	87528	b437210b1db9c23838e6be94297426d5075752e8ae93e96fd94337d3636a704a	DDS	128	128	android-assets/textures/worldmap/map_world_150x93.webp	6154	414555b2a18fecafe91b0ab1341a8272e2bbe7802cd306962438957e051a50ff
Media.pk2	interface/worldmap/map/map_world_150x97.ddj	CONVERTED	8340	247fbea6668d7b9e9ad68e2f8ac39566ba8124f8785a995825db21d5d1be960d	DDS	128	128	android-assets/textures/worldmap/map_world_150x97.webp	6036	cffff9d028c0a525e5cd0136d9c73dabe9f052ef435ea4fcbe10ed36947f11d9
Media.pk2	interface/worldmap/map/map_world_153x101.ddj	CONVERTED	8340	d25e57682df5285ac8eb93ff4d7af2d225b724923121fe57561683d9b380f065	DDS	128	128	android-assets/textures/worldmap/map_world_153x101.webp	5518	ba110911ab8782dc00c374c12579239fedbcd9bd2a40f84354432e929e4ed1e4
Media.pk2	interface/worldmap/map/map_world_153x105.ddj	CONVERTED	8340	8e5afee97ca04f444e9416319e6395f9cb483460dc524ebcbfb5a150f6901f5b	DDS	128	128	android-assets/textures/worldmap/map_world_153x105.webp	6098	12005db82ba4ee0852eed89bdfd82c68055662db062c73b6e116b3fa80f058d4
Media.pk2	interface/worldmap/map/map_world_153x109.ddj	CONVERTED	8340	f1e0aff660ef194663fe163647a0dc0a67ffb831d0bab1aa2629b122b3685c72	DDS	128	128	android-assets/textures/worldmap/map_world_153x109.webp	4776	480633864b2bec39f25679ca8848c9db03d5e46cf462ca218d6465c4c88eafa9
Media.pk2	interface/worldmap/map/map_world_153x113.ddj	CONVERTED	8340	20555c75b9709e804c4665cff9bc659267bd6dd7aec67dc3f9a6c87e0efef86c	DDS	128	128	android-assets/textures/worldmap/map_world_153x113.webp	4762	5d0df38789eb27e4d04054f2ce5089e2f1b5c9ae649f197c6c6d5fc03e98a18b
Media.pk2	interface/worldmap/map/map_world_153x89.ddj	CONVERTED	8340	5b14261ba481e6debe685b9e06513842e166d73430c818da172d928ecb64ab14	DDS	128	128	android-assets/textures/worldmap/map_world_153x89.webp	3356	5a1f0eef70433612cff235829fb273dbeb2cdd9c9768960c89d237aa8c6ce599
Media.pk2	interface/worldmap/map/map_world_153x93.ddj	CONVERTED	8340	da480c8c65b33f917704a6a79562e5edbd6783d0a6e6584b947bb2b5c0adfcda	DDS	128	128	android-assets/textures/worldmap/map_world_153x93.webp	5664	fdefe76434c4546e446cb59a89145c279b261c25030de14fff43c34ace54afe4
Media.pk2	interface/worldmap/map/map_world_153x97.ddj	CONVERTED	8340	0dd9ea9c64ea5d9dd07f2dd7d116bed034e66222325474391e81ada0c71876ba	DDS	128	128	android-assets/textures/worldmap/map_world_153x97.webp	4984	d6d14871e2e275d208540abf8903a07f91a610705ec692ab1bba7dde2732b0dc
Media.pk2	interface/worldmap/map/map_world_154x101.ddj	CONVERTED	8340	5c8e7744ece7d9f4422744ae76cdff3f830d3fc95bbad643f9da09e047051d13	DDS	128	128	android-assets/textures/worldmap/map_world_154x101.webp	6310	484226bd1fe94ba79ac5dd8f56f4965b1fbd44b6f4d2494c8eb04fa015a22daf
Media.pk2	interface/worldmap/map/map_world_154x105.ddj	CONVERTED	8340	8522c64ff85c95a90f03977e7270e4613ac6ab1e4022b4bd0f5c0bf7eb3ed891	DDS	128	128	android-assets/textures/worldmap/map_world_154x105.webp	4690	13dde57c30f3226b37b19a36f70773c8f49741db9a2162b07996f1ef8e991d5a
Media.pk2	interface/worldmap/map/map_world_154x109.ddj	CONVERTED	8340	e0903c7c74f03c94bbd6d342189cc0c628ad3604f81c5904caca40cd6d3e9c9f	DDS	128	128	android-assets/textures/worldmap/map_world_154x109.webp	5012	97bd236806554101dea0357c02e1c2b74694a106778c7bf9b1aa7294e12b88c9
Media.pk2	interface/worldmap/map/map_world_154x113.ddj	CONVERTED	8340	cbadc5fddb8b8d4f9db7a1b7df5a0031ac028d67601dda5ee14cff46c0dff5ac	DDS	128	128	android-assets/textures/worldmap/map_world_154x113.webp	4872	181d7443eba3f8bd62d9df06771d676de0395853c9cfcbc6b5382ed5f77a1a49
Media.pk2	interface/worldmap/map/map_world_154x73.ddj	CONVERTED	8340	3172b01bd19852a84185f7f40545cad005a059a8f95e385a843ffc326a167b6c	DDS	128	128	android-assets/textures/worldmap/map_world_154x73.webp	4756	635a23d03d6df5fdeed603ea464672080664c9068edf7f0caf5b706f246c1b45
Media.pk2	interface/worldmap/map/map_world_154x77.ddj	CONVERTED	8340	f498e10ff9b8a34e771dfdbbd2379e266c6c96e73b81cd624199833f6eea9eec	DDS	128	128	android-assets/textures/worldmap/map_world_154x77.webp	4884	50d29932e5263d67eaf5d77106f0bef6c33741e980a79eae88ac1013f3c046e9
Media.pk2	interface/worldmap/map/map_world_154x81.ddj	CONVERTED	8340	29242a4f44db2c1d5acc500fc7004ec5168682bbdb6e0f4f422131b97e42726c	DDS	128	128	android-assets/textures/worldmap/map_world_154x81.webp	5678	12ad8f5fedd8cc65118a4a4162baad81d92229c99f041adeb2b7a8904aa06ed1
Media.pk2	interface/worldmap/map/map_world_154x85.ddj	CONVERTED	8340	38fb55001903d25bfdaa64ed93819115551e65371d1a463a52315c29263a4515	DDS	128	128	android-assets/textures/worldmap/map_world_154x85.webp	5490	eabd980ff69ef8fe6969fa21a3278581acc64cee2dee1028005e52152ccf5b35
Media.pk2	interface/worldmap/map/map_world_154x89.ddj	CONVERTED	8340	a762948dd1036197c10eaa65ca96e91f1c1615d220dcc2d57a711601b68d5de6	DDS	128	128	android-assets/textures/worldmap/map_world_154x89.webp	6062	df1d1a114fce0f84f86d9b5c29d7c02ed09ab70cbcff7e0ffc233c4e692ebb9d
Media.pk2	interface/worldmap/map/map_world_154x93.ddj	CONVERTED	87528	1d706a8b12ff8a399f6cdbaa55ffda495aed8219f6f65b20b6848d00cba9f20d	DDS	128	128	android-assets/textures/worldmap/map_world_154x93.webp	5680	fa68fc2dc757f386f0a5853a56e742f7cc47af07ee0f89b81c174a478548a17b
Media.pk2	interface/worldmap/map/map_world_154x97.ddj	CONVERTED	87528	fad662f2d4167bce4bd8ced733bf154621a97e9ac07c476f1f00f97c8bc98e04	DDS	128	128	android-assets/textures/worldmap/map_world_154x97.webp	5994	cbc518db484256f3cd04619ce33d1567b284bd4024dda0c397aefabd4c2bd3a4
Media.pk2	interface/worldmap/map/map_world_157x101.ddj	CONVERTED	8340	047209d864eb2105655ec78b8003979cdb830e68ab2f98922fbf2dbe99a83cf9	DDS	128	128	android-assets/textures/worldmap/map_world_157x101.webp	5732	9d3f39bd7d86556296e6e5de13b7e3225c29657a669539b5342181103a74ebc5
Media.pk2	interface/worldmap/map/map_world_157x105.ddj	CONVERTED	8340	fce20c03629a1c05e224deaa17d6480aed5b6f7a4565b87ee1cd8cbdf47df609	DDS	128	128	android-assets/textures/worldmap/map_world_157x105.webp	5794	010feb4c88e070e5e6c5d5eb4335b814670b80ad496408af64474bfc8d77d68f
Media.pk2	interface/worldmap/map/map_world_157x109.ddj	CONVERTED	8340	915df0dcb38c75065a0a2542af6405122459016424c33d4510fbc1fa99a898c0	DDS	128	128	android-assets/textures/worldmap/map_world_157x109.webp	4926	3fcf72c9270f775a1773dfe8e0b1422da0f79a1264189ecf1f1174651d25e79e
Media.pk2	interface/worldmap/map/map_world_157x113.ddj	CONVERTED	8340	4c75bca0fe199086d840c40cdb3d5dcdae0f7d31fb5b729cbe7047c7bbe1f62e	DDS	128	128	android-assets/textures/worldmap/map_world_157x113.webp	4650	0d20f92ff08cb718a772766d2106fe2cbcb9df9669c926283b971b36a464500e
Media.pk2	interface/worldmap/map/map_world_157x89.ddj	CONVERTED	8340	23b4413583ad3b4974c176eacb0baed0b9f617288836a0397a0920351c9a58b5	DDS	128	128	android-assets/textures/worldmap/map_world_157x89.webp	4016	4967c8f40dc0ef3044c95fe12d39b998b185d88267d6a497dc1bc133e15a1c15
Media.pk2	interface/worldmap/map/map_world_157x93.ddj	CONVERTED	8340	0ff67bf1d43d9fe7c10bcf192fb9da51907540ed81d073bddba37c902f924cf5	DDS	128	128	android-assets/textures/worldmap/map_world_157x93.webp	5178	13d9d91886ccfe1460e818c8e9c84f382524ad0197bdf6996fbb30255a23ce1f
Media.pk2	interface/worldmap/map/map_world_157x97.ddj	CONVERTED	8340	a29d0f2c2827f7edfcfa059420296f2673e1bbc7cc4a54a3892fae2cce2e7934	DDS	128	128	android-assets/textures/worldmap/map_world_157x97.webp	5780	ab5e8f8db6313f4ec4f0f6711a987e4640c0d8fc4ef93e73923f145a6bc5ed36
Media.pk2	interface/worldmap/map/map_world_158x101.ddj	CONVERTED	8340	a60f1e626040439074c80f4663ace5e2d603cae6973a309667744b0fa44fba1b	DDS	128	128	android-assets/textures/worldmap/map_world_158x101.webp	5996	120f3a20e25f4212e75ea9a90dd1618aa9987758f4f4852b0afacfb7d30effd5
Media.pk2	interface/worldmap/map/map_world_158x105.ddj	CONVERTED	8340	8d2a9e8b5c520d318c508fd77457f4cc42080c1917d0bd9c096b0e1988b704d2	DDS	128	128	android-assets/textures/worldmap/map_world_158x105.webp	4770	aec33b0668dab2ae02facf6bffccdc5b116bdda5e399d9724c27c9686b722739
Media.pk2	interface/worldmap/map/map_world_158x109.ddj	CONVERTED	8340	0ab07c374706af632c07863ea669513db88381b91cf3353740ea99f817765ffa	DDS	128	128	android-assets/textures/worldmap/map_world_158x109.webp	4774	d566c2a7350ef4d67d0613fe0631cf4b37fae9f7a0cadcbe336480802c5d5be6
Media.pk2	interface/worldmap/map/map_world_158x113.ddj	CONVERTED	8340	4387874439b4817cda0bf14eeaa45734ff97715c0973a052ca372e983c75c1b3	DDS	128	128	android-assets/textures/worldmap/map_world_158x113.webp	4648	c1b9a2895b7c377c5552711b9f519a01485dcdb407e5a830a460e4dde587eb74
Media.pk2	interface/worldmap/map/map_world_158x73.ddj	CONVERTED	8340	54685f5237269e8a57ce5822b9d00569f84e04f03a07df191c5cb0a82091d6e5	DDS	128	128	android-assets/textures/worldmap/map_world_158x73.webp	5246	291db61f2b3c1dd2c8b41a2aceb1be71ee94c1af5fd3e5ccec7756ecfa52d037
Media.pk2	interface/worldmap/map/map_world_158x77.ddj	CONVERTED	8340	0bb3b41a3ddb52996a5b8c6ced872462c9622513728d5f5ccc6342e1954857e6	DDS	128	128	android-assets/textures/worldmap/map_world_158x77.webp	4794	e4fb62b0ad9fd5def7c87aea830a77e410de6b10c5d2e66f3a3c95ea404a87c5
Media.pk2	interface/worldmap/map/map_world_158x81.ddj	CONVERTED	8340	8d6391489b2b31a46831befc4453a22aad0e85bd3c00b633c0fa7b8a16f4cb66	DDS	128	128	android-assets/textures/worldmap/map_world_158x81.webp	4872	9f5f5b5bfb4a925ee892373721cdbcbd2d899e20854205b78961f8296657bf04
Media.pk2	interface/worldmap/map/map_world_158x85.ddj	CONVERTED	8340	d4625b923fd44c28e29b2b585fc2d412d75184cce5d7f8ac436b917c80990db5	DDS	128	128	android-assets/textures/worldmap/map_world_158x85.webp	5072	46e73f9e13415a2a9d8a7603a2d762aadc4069399a9e14cb63e69cb4d6613453
Media.pk2	interface/worldmap/map/map_world_158x89.ddj	CONVERTED	8340	de41f367ca895a0f19361570208beaa4249b53044a0bacbc5b5e15ea57824553	DDS	128	128	android-assets/textures/worldmap/map_world_158x89.webp	6054	1079f5df70fc5514f711711ef7bfcaec5f8b0848d8181f043427d6b24893f9c2
Media.pk2	interface/worldmap/map/map_world_158x93.ddj	CONVERTED	87528	2bb0d8ad232db21d512b780db8588ba259c7f8a3ebb6eb6bd60792adaf75d07c	DDS	128	128	android-assets/textures/worldmap/map_world_158x93.webp	6190	97572ab2c41ba1eb44691d398cd09645f4e7a38c83518f7336a8e91461f2a201
Media.pk2	interface/worldmap/map/map_world_158x97.ddj	CONVERTED	87528	d98c8d91f73a1cc9f95dfcec003eff0b005e7dc3b3caeafd53d8a3e14f2138c1	DDS	128	128	android-assets/textures/worldmap/map_world_158x97.webp	5828	12a37e78cc7c9e8199d75f494faa107ac4a385e31ebc0c03c682155040031250
Media.pk2	interface/worldmap/map/map_world_161x101.ddj	CONVERTED	8340	1ef490e773b63f40174e497490b3ceb26e1e9ec6423122fa07d15fd4705b6ee3	DDS	128	128	android-assets/textures/worldmap/map_world_161x101.webp	5958	e21335c13f9b3ecbfe56ea9bd97e53cb53428b029ce8a713d9139c775c9fa49d
Media.pk2	interface/worldmap/map/map_world_161x105.ddj	CONVERTED	8340	7b1ff48c327a05bc68d8c5a6bf9e256b1f6feb7f1c686bdbf774ae380a2cff45	DDS	128	128	android-assets/textures/worldmap/map_world_161x105.webp	6136	f9e941ba4c1679b860829bf06a2d27fa23c6839779cd3b172152444f97950afe
Media.pk2	interface/worldmap/map/map_world_161x109.ddj	CONVERTED	8340	b1cfe3569e5ba8a7ebb21b18898b4b4dfdf89846857a9bd65570b2165c5e51e4	DDS	128	128	android-assets/textures/worldmap/map_world_161x109.webp	4818	c40c8e9b88eb832eb4a200a954b83256afe2f3ae4789dae5f717fe258ccbc1e2
Media.pk2	interface/worldmap/map/map_world_161x113.ddj	CONVERTED	8340	fa55472936c6fba42517dc03ddca3079c9c6fb61ba0f6155ba5fc6ccc1a6d93c	DDS	128	128	android-assets/textures/worldmap/map_world_161x113.webp	4650	055a11b8df033adf5ab8613b0a23cd41b632b2044b266606f5d72a617dfaf04b
Media.pk2	interface/worldmap/map/map_world_161x89.ddj	CONVERTED	8340	a03eee7cde22535a114e397780d76f1f399b5ead8a8b9082779592874ddf9081	DDS	128	128	android-assets/textures/worldmap/map_world_161x89.webp	4020	ba959d28146abd4c5ce4f88fa4cc9f505b05b8d91ab820b0d1ac0f662b4c9ea8
Media.pk2	interface/worldmap/map/map_world_161x93.ddj	CONVERTED	8340	da1f495c5394302bd8f86143f063976aa0de1d23ec7c2b73ea47869adbf2d4d9	DDS	128	128	android-assets/textures/worldmap/map_world_161x93.webp	5122	e815d0418de23a50f25df92bc92d385629b74bd2f0dc30c0e9a8fcfe40a144c3
Media.pk2	interface/worldmap/map/map_world_161x97.ddj	CONVERTED	8340	048191de8fb143e94ab8a7bdd0f769c875b853848eae590a6f121aadee48eec2	DDS	128	128	android-assets/textures/worldmap/map_world_161x97.webp	4480	d746bd7a809216cf3b203812882010f2f1ad9f00ee17e7582724819a62dbea4c
Media.pk2	interface/worldmap/map/map_world_162x101.ddj	CONVERTED	8340	f2064e0d2394121c2fcf477c0ae6df66300e76ad7b8df9236f7977e324160b4c	DDS	128	128	android-assets/textures/worldmap/map_world_162x101.webp	6156	4b05dc54906fb8e3603c2adddbc05a6a149659a4c673f42f11a2e87ccdf1e848
Media.pk2	interface/worldmap/map/map_world_162x105.ddj	CONVERTED	8340	45827949839a6f52efa3e05796e7ab3b7d8984d93e8b57427eacca2050a07495	DDS	128	128	android-assets/textures/worldmap/map_world_162x105.webp	6052	bd555d2fcd419db2a0c967a272ca2ce97ff17048d0303c0c2b204091c43af4e5
Media.pk2	interface/worldmap/map/map_world_162x109.ddj	CONVERTED	8340	0a89896094145e54ace0cef35640a41904a1002949e86b1f34b5b774aa19a018	DDS	128	128	android-assets/textures/worldmap/map_world_162x109.webp	4872	44f3b6ea5215bd325b9b445099d15b6af33ba2dfe114b918f575b986cc826868
Media.pk2	interface/worldmap/map/map_world_162x113.ddj	CONVERTED	8340	fb89e95ec0d212c748e9592c7c7a4d90b2548e58858d3616f2cee76893dfc0dd	DDS	128	128	android-assets/textures/worldmap/map_world_162x113.webp	4616	b0358901a5135958e0157d88c84ff3fbd6d7c60f7ba43b205d32167539e6b091
Media.pk2	interface/worldmap/map/map_world_162x73.ddj	CONVERTED	8340	9d7a7830a518c6d3d20195a445106e37ad3e274d95cdec770707b1eb717d48cc	DDS	128	128	android-assets/textures/worldmap/map_world_162x73.webp	4518	1377b1e9fbb8ae9821c9cf230c59868fe2929de3606a530f55e13230bef17d3a
Media.pk2	interface/worldmap/map/map_world_162x77.ddj	CONVERTED	8340	e30e9e77a85aa8c0af9fc29ba76b42661027c4edbc632d95f3283450f111759e	DDS	128	128	android-assets/textures/worldmap/map_world_162x77.webp	5162	5277e3e41dbcf02f31c4e9e1393f9e42b1ac8dcb53966b27e19ef7c38f79f6f4
Media.pk2	interface/worldmap/map/map_world_162x81.ddj	CONVERTED	8340	40bce4e4e8b0813ffa440487dae542e74a50f65d9988cac80110afa5a23c77d9	DDS	128	128	android-assets/textures/worldmap/map_world_162x81.webp	5296	1bf367427849bffec932635ccfa62825f20d4ae84ef1f6a401301626d128a2ac
Media.pk2	interface/worldmap/map/map_world_162x85.ddj	CONVERTED	8340	2cdbc167c41353d581e962118d9e149bc072b93ae05b0d41173fd16e824fb7e1	DDS	128	128	android-assets/textures/worldmap/map_world_162x85.webp	5724	6b659a0d8e4a44f12e2f2d6764dc1d2c306bc0969538c1addcd956f1c13fe62a
Media.pk2	interface/worldmap/map/map_world_162x89.ddj	CONVERTED	8340	9883dd4d277cfd31fb7eb739cfe853995ce703b416a93ab665295a74c2e9c0f9	DDS	128	128	android-assets/textures/worldmap/map_world_162x89.webp	5904	1fdc3ada6ea6178a3c7132cff87bdb7a648160de27cb418e947726f9c3055352
Media.pk2	interface/worldmap/map/map_world_162x93.ddj	CONVERTED	87528	75482688a0261b07dc42f13e79bd75f7229a5628a0e5915ff2caf901509bf5ad	DDS	128	128	android-assets/textures/worldmap/map_world_162x93.webp	5896	7b639b03d89fca3908ab5841915fdcfa727f8b4b0b675bd9f1c5c2700f900d53
Media.pk2	interface/worldmap/map/map_world_162x97.ddj	CONVERTED	87528	3c359825cefa631dd6f2be30ac20523c7958067a5f51959023f2b7900631c434	DDS	128	128	android-assets/textures/worldmap/map_world_162x97.webp	5624	a3c2518fa24942dcf86801f67e06c4cac348f0a3ab86f98ff0b3782a75d42167
Media.pk2	interface/worldmap/map/map_world_165x101.ddj	CONVERTED	8340	602a184faa6cce8e60e2a7418036dcbb4673d99a1c72efb459da9bad23e75e21	DDS	128	128	android-assets/textures/worldmap/map_world_165x101.webp	5226	0756ab416fcf5e1def2eb56da97a586988adda04eed850d1869b04736fad288b
Media.pk2	interface/worldmap/map/map_world_165x105.ddj	CONVERTED	8340	0b1366b8fc9ca605fc218b2a23b0b3eb5cda4ad00564031e6325a7cfe2d19952	DDS	128	128	android-assets/textures/worldmap/map_world_165x105.webp	5154	8b7fb8c88ff6bbfffefa640e41e998ca30cd20d6a5667441e800ecf5e73a7595
Media.pk2	interface/worldmap/map/map_world_165x109.ddj	CONVERTED	8340	3aaa0c993621f4f3fa7b5061d9ebcffe7690b72fef87d75f03651ad354941464	DDS	128	128	android-assets/textures/worldmap/map_world_165x109.webp	4548	bfd1952515e15cceb5945a91dd4e138350b9b36cc340bf9f30ca65c66e90edfb
Media.pk2	interface/worldmap/map/map_world_165x113.ddj	CONVERTED	8340	c1ab902498820ff6a686e0e9893e1f2a034164a6f000aa6975a1083409d0ceca	DDS	128	128	android-assets/textures/worldmap/map_world_165x113.webp	5044	7383ff7845a14e0241ff8e72a8a805db03d54ef1eebeb88cc59888e8519b7084
Media.pk2	interface/worldmap/map/map_world_165x89.ddj	CONVERTED	8340	f6ed313d5771243f6d9cba385669c1df675273868b9e4c5c74ca2fc88466054b	DDS	128	128	android-assets/textures/worldmap/map_world_165x89.webp	3776	fbf6589f4a1bd83ba4f44ac4df9f61e7114763d58b167d64d4178432e215e0a7
Media.pk2	interface/worldmap/map/map_world_165x93.ddj	CONVERTED	8340	c47dc97b7c20ed3b5742b5847bf58b21d6bcb974403c7ec1f8d26aded1797c41	DDS	128	128	android-assets/textures/worldmap/map_world_165x93.webp	5376	3320492055b9a3d7e109cbc892dd5d22c4020701d413d372b8ca23e670be0b9d
Media.pk2	interface/worldmap/map/map_world_165x97.ddj	CONVERTED	8340	0d618b35856ff2f87959113f29ba4df3fb60ae5553fad5a4366d6811a21c63c9	DDS	128	128	android-assets/textures/worldmap/map_world_165x97.webp	5200	274f2dad9c42cd7896cce546d5d2341a75de24b1be26147e0aabfba1780bfb83
Media.pk2	interface/worldmap/map/map_world_166x101.ddj	CONVERTED	8340	e8f73145a6aefd79fbe9f457ee70a52f0cd15adebfb6da83bb8d35f6214e8db4	DDS	128	128	android-assets/textures/worldmap/map_world_166x101.webp	5514	5d0f58ac2e53868ce12255034dbb0db983d2bb6a3c32b0fbc7b34c7ba7fc773b
Media.pk2	interface/worldmap/map/map_world_166x105.ddj	CONVERTED	8340	7f892e44b48a8d4e0befb218e7d68cdb7531640ddea412f94e6745bde8fe1a78	DDS	128	128	android-assets/textures/worldmap/map_world_166x105.webp	5756	c98b88728d000eb3bf454f15928de2b9986e51916c3519f7d84b0a3edcd70b84
Media.pk2	interface/worldmap/map/map_world_166x109.ddj	CONVERTED	8340	5546a00c46f6ac8f57c95428936651b283467eb5ce2540beaa2d0c21944c536c	DDS	128	128	android-assets/textures/worldmap/map_world_166x109.webp	4794	6e516d2276a7274fa1d89fde6646de2a0eb59aee96ac3197106d6a569463c6a2
Media.pk2	interface/worldmap/map/map_world_166x113.ddj	CONVERTED	8340	c692fb7297eb205f182998915c0c8f3791c880094c504d8509f152d7cb1cb1f9	DDS	128	128	android-assets/textures/worldmap/map_world_166x113.webp	5028	668af82a29a96dcc01cfd9692036e272885af8cbf8675da31e31a58c2b75341b
Media.pk2	interface/worldmap/map/map_world_166x73.ddj	CONVERTED	8340	2a1ddf0da5821e2521137fa1ed2164db46b3dcd2922fcfaba67a9e895e28b2c6	DDS	128	128	android-assets/textures/worldmap/map_world_166x73.webp	3772	b88bd9f625295ac50e5455c18455e6c2bc543f4242ea8eeaa814ccb5c0660e02
Media.pk2	interface/worldmap/map/map_world_166x77.ddj	CONVERTED	8340	a2e26e81820290af51c09e08af17be480febee7303d8a9ffb693f69e20e8b5a3	DDS	128	128	android-assets/textures/worldmap/map_world_166x77.webp	5218	511fb041d273214dcf9d6d92529cc5a833f606f665f02d30c8ad7717e05f251c
Media.pk2	interface/worldmap/map/map_world_166x81.ddj	CONVERTED	8340	67aee761abd85decb0b4661c646bf5fa6f7d3aa0541288b1dcb29ee6b74d24a8	DDS	128	128	android-assets/textures/worldmap/map_world_166x81.webp	5722	0fcf2297dfd51db721ad04c294347df933d1f02108848f88b904dc4ba4f3585d
Media.pk2	interface/worldmap/map/map_world_166x85.ddj	CONVERTED	8340	639859649c19a79d13d0f84f0367ec0daf19e7121ea05b75e784f39e5cb5e411	DDS	128	128	android-assets/textures/worldmap/map_world_166x85.webp	5236	3da0d2021111e761ebcaf8d93441a1950023cc05ba3b5d04765aa453523d45cc
Media.pk2	interface/worldmap/map/map_world_166x89.ddj	CONVERTED	8340	a6b4fe559a2b990d541db851f256f5fdf3a5109a72d459a735d29d71d25d87da	DDS	128	128	android-assets/textures/worldmap/map_world_166x89.webp	6230	7b0772b0334ffc8f24943e24066317be448b0031819479648606e1693dbb9e3d
Media.pk2	interface/worldmap/map/map_world_166x93.ddj	CONVERTED	8340	57580b9eed5650ba8692daac6247cb57e5c5852aed26947aa73ae1b4e21dd3e6	DDS	128	128	android-assets/textures/worldmap/map_world_166x93.webp	5786	728509ca17a17f2a62132a2cbb48f3fde684088df1b6e43739a9d4db7836be61
Media.pk2	interface/worldmap/map/map_world_166x97.ddj	CONVERTED	8340	ec46341617ff9deb4a5f753c51e42e0a505a5c5257f29e74eba169666bd77e27	DDS	128	128	android-assets/textures/worldmap/map_world_166x97.webp	4850	3fc6fefd7fde167a493f7d65930c31fbeb42c5a72adc1a044dbc30727a9a4f51
Media.pk2	interface/worldmap/map/map_world_169x101.ddj	CONVERTED	8340	13cc17783d9388a6ac2eee583dbb8c074f93611b4d1dc64fe4bc780e1b9d64a1	DDS	128	128	android-assets/textures/worldmap/map_world_169x101.webp	4962	61c16e9f68f0dab6e2bc5aaa15108e9401497b547c6f13495af18139fa39da1a
Media.pk2	interface/worldmap/map/map_world_169x105.ddj	CONVERTED	8340	4ca948a3cd0697626b98b9822dfce9aa1728121950075a0f5676f8fa4aa3c4cb	DDS	128	128	android-assets/textures/worldmap/map_world_169x105.webp	5306	5702221a334e5111a6efb73a0c6f4de7da734b4da263e0be7edfab865a6d10eb
Media.pk2	interface/worldmap/map/map_world_169x109.ddj	CONVERTED	8340	7ffd2372535c24b2240fa5bbe40b3f199150183ec102bfe93099bc8fd0c93980	DDS	128	128	android-assets/textures/worldmap/map_world_169x109.webp	3934	ef2e8f7aa575104621e811ee0df9535cc41e63745e21b3d1f24a2b0ca3e90905
Media.pk2	interface/worldmap/map/map_world_169x113.ddj	CONVERTED	8340	7600a400e54e908004ff37c681c1a62cda6e39ccf4140ad44bcb3e3873090788	DDS	128	128	android-assets/textures/worldmap/map_world_169x113.webp	3944	299ed18c619f7c8f02384589ca77d4d6e9f6ad803302a15cdb266f93c8f2122e
Media.pk2	interface/worldmap/map/map_world_169x89.ddj	CONVERTED	8340	e0bc388f700c2657ede8dfc9af28bfd1b352a53e867efd0dfdc3905ebe1d3c60	DDS	128	128	android-assets/textures/worldmap/map_world_169x89.webp	3816	a460b193e60e2628657c1429ee83384ef641a7f71bbf77711f2d61e5a905e61f
Media.pk2	interface/worldmap/map/map_world_169x93.ddj	CONVERTED	8340	4bd0e95cca1e556c71cbdb28b462e5debc356bb01f5dd42f99ed6162d9494838	DDS	128	128	android-assets/textures/worldmap/map_world_169x93.webp	4828	b86efcca3aed75d86507f5e7815254f5b5f6fceaff8cdd73706f0578375ea3ae
Media.pk2	interface/worldmap/map/map_world_169x97.ddj	CONVERTED	8340	0f30e9aa23d23bbf00116cb828ed30bdcaf2896eefb3cdeae209ae999d7e2c77	DDS	128	128	android-assets/textures/worldmap/map_world_169x97.webp	5444	054e8ec492f2543da6441eb7b5a2922c0bc0f5d798b45b862355f2d7f9afda9a
Media.pk2	interface/worldmap/map/map_world_170x101.ddj	CONVERTED	8340	9d61bd5aaeddff0cdbec89e98e0ae7eb849ba39bcff57c7c96ef54fcf542271c	DDS	128	128	android-assets/textures/worldmap/map_world_170x101.webp	5650	8fcf64fc947e05b5852fa75455eb654287068d7cb54862934773d02212a665c8
Media.pk2	interface/worldmap/map/map_world_170x105.ddj	CONVERTED	8340	0ab19321b016cd8dac8f5ef3ebc6163d74a6e863a73f3e69b800da1caee89e77	DDS	128	128	android-assets/textures/worldmap/map_world_170x105.webp	6176	105bd677f6aeecab017006bd58f363aa8acba925c1529ded9be56a880103b0c9
Media.pk2	interface/worldmap/map/map_world_170x109.ddj	CONVERTED	8340	876ed36925f39cd4558c6bfc3d086730f592bbfd52941d4bd5e5b4e2b24b8b8d	DDS	128	128	android-assets/textures/worldmap/map_world_170x109.webp	4462	5987171d7879e2cfe459b89dbcdb6493325b456a1f34f08c2781dbc445612544
Media.pk2	interface/worldmap/map/map_world_170x113.ddj	CONVERTED	8340	eefa5445e5f45fd500caca47e2a4d93035f10538600a8c3b63c4cfaa3494a17c	DDS	128	128	android-assets/textures/worldmap/map_world_170x113.webp	3912	e81f8e96143e3c1406688569c1ee69e9f313dd35ad3e845278f706ff6c09e968
Media.pk2	interface/worldmap/map/map_world_170x73.ddj	CONVERTED	8340	db9ed3f3361e0e58d6f1a048e83c01522d2df474ec605bf9792a909f55fa0c80	DDS	128	128	android-assets/textures/worldmap/map_world_170x73.webp	4008	5c0ac31453bba005235acfe151307f012a834deac9004cb3a948ba0159225ba0
Media.pk2	interface/worldmap/map/map_world_170x77.ddj	CONVERTED	8340	01731de3aae01088168f08dc25c0d93978382e3216f5a62795d5306492bb8d33	DDS	128	128	android-assets/textures/worldmap/map_world_170x77.webp	5156	f98b695914333b36968d629d3d54b616c98c6f9897171391cddc12107bcc9a03
Media.pk2	interface/worldmap/map/map_world_170x81.ddj	CONVERTED	8340	c37c6156ebaecd3d389a4d8b1455ed7752cf353a29ce6e643f16985a2f0c387c	DDS	128	128	android-assets/textures/worldmap/map_world_170x81.webp	5554	cbdea5a7cea26c7a83e002b6b5bf1fd263ae81252696f54cf8100fd9df344cf3
Media.pk2	interface/worldmap/map/map_world_170x85.ddj	CONVERTED	8340	8ee8df87f34fff952a39422865c017516aaee4bb61a287a54e1b8be5bea23871	DDS	128	128	android-assets/textures/worldmap/map_world_170x85.webp	5156	6c8123bf3e34d282a5449f356c997ca49c8780e6d74e6f575866405578e475f2
Media.pk2	interface/worldmap/map/map_world_170x89.ddj	CONVERTED	8340	0b53808f3c276a293bd75eb0e7e75b8868e04f26f5161da01885c58271647048	DDS	128	128	android-assets/textures/worldmap/map_world_170x89.webp	5858	2eaaea9ef64e736ec46aba30456cf1365d401c443e104af7fd04c13ad1d5d052
Media.pk2	interface/worldmap/map/map_world_170x93.ddj	CONVERTED	8340	ac358befbd3920f85ff60889905cf3019aa95e4bbba46aeeccc58f8081e87ff6	DDS	128	128	android-assets/textures/worldmap/map_world_170x93.webp	5738	a68d83b45554257efa6e1c311b82b3639d2d8fe300d2bf1e4ce88202fea8c16c
Media.pk2	interface/worldmap/map/map_world_170x97.ddj	CONVERTED	8340	ee59299972b6b1e55812e6402173505e9e20c352123e93315f10052705958d25	DDS	128	128	android-assets/textures/worldmap/map_world_170x97.webp	5026	b516a04bce864b5f005803cb536952251207500cc4690700fc547d94e6ed77e5
Media.pk2	interface/worldmap/map/map_world_173x101.ddj	CONVERTED	8340	bc8b8bd99bdb520304c7fb40d03c9c38046b56321e4f7ed43997a50b02988682	DDS	128	128	android-assets/textures/worldmap/map_world_173x101.webp	4686	c418f79e4b2b1a1c03d7c4efd9198c9df79af5bd74c60a5bf110247412a28001
Media.pk2	interface/worldmap/map/map_world_173x105.ddj	CONVERTED	8340	f793865d4a8e5113cc51c89ae98d063ded236c42d70c9db6e3fb6de4d5728ce5	DDS	128	128	android-assets/textures/worldmap/map_world_173x105.webp	4636	16f12b8f9e87d42d0c938cc461ce66459572953885c319c22db897cda0b3364d
Media.pk2	interface/worldmap/map/map_world_173x109.ddj	CONVERTED	8340	0a0098c887435753744a75a3782589ca47efc773f1c2ced47e06a4c779ad2d24	DDS	128	128	android-assets/textures/worldmap/map_world_173x109.webp	5470	88af0f5b027b3db17c49e62bda24e962f74c41df8482e691bd4c87028f8bd310
Media.pk2	interface/worldmap/map/map_world_173x113.ddj	CONVERTED	8340	bfb5472a29ca3f7cfb3bf014168c98f7b618b93971518537d529568569aebecd	DDS	128	128	android-assets/textures/worldmap/map_world_173x113.webp	3568	01e3ce18a1cce838a76a55011cc3d088026852adcc998d75a99bdc6ec0276a74
Media.pk2	interface/worldmap/map/map_world_173x89.ddj	CONVERTED	8340	930bc7273940c24e2d32ccda2cee6c9056e2771f743680dc5bc035ae9e082a92	DDS	128	128	android-assets/textures/worldmap/map_world_173x89.webp	3604	953888737d2e87f9e7fb9d31bfc0b1aa840fec03183a296ca21fcab5b626c1ce
Media.pk2	interface/worldmap/map/map_world_173x93.ddj	CONVERTED	8340	f775111dc7897ad952580f5c4b920485770c103137c4285111d1e30a1fd8bf79	DDS	128	128	android-assets/textures/worldmap/map_world_173x93.webp	4852	49465d67fa3ad2097d78afd261ac3e41e9c6cc387811a2d26ecd838ad238c949
Media.pk2	interface/worldmap/map/map_world_173x97.ddj	CONVERTED	8340	aa2371e5fd4d39b073b99d58b199df016420ef7b0b5c2dfda0e37349f81cb484	DDS	128	128	android-assets/textures/worldmap/map_world_173x97.webp	4844	0a94a0a3736d1c569206ee9f340d1c78f778ae4bcc594484f6adee87c1766a8f
Media.pk2	interface/worldmap/map/map_world_174x101.ddj	CONVERTED	8340	b857a57137bbe54ae8f6a1f3c8e87680c3049a1cda35e683c60704db03df0f83	DDS	128	128	android-assets/textures/worldmap/map_world_174x101.webp	5846	be2279792a95637e3377e6facf3fa03eb53ee1405dbc4a4073f024956cfce467
Media.pk2	interface/worldmap/map/map_world_174x105.ddj	CONVERTED	8340	f666b6af74ac9e1b9720c5ebedc0427bdc95f46c6a5a5b0c36d4ce012256556d	DDS	128	128	android-assets/textures/worldmap/map_world_174x105.webp	5196	950374e675a4730a534403a08da4d433419b8c9330ad887d2af254e9cef485c6
Media.pk2	interface/worldmap/map/map_world_174x109.ddj	CONVERTED	8340	da448147799d6bc294cb98430f7f78ee66944f3a35396bfc0183f4a47270ed3d	DDS	128	128	android-assets/textures/worldmap/map_world_174x109.webp	3714	c68cc17c6ca1eec34b38825aae2a9cd0bb60b77347d66f230fa4b44d174618d7
Media.pk2	interface/worldmap/map/map_world_174x113.ddj	CONVERTED	8340	0f5fa3403919d2bc923c62a1fdf5209561eed79fb7cd9b86b55cdd21dd747967	DDS	128	128	android-assets/textures/worldmap/map_world_174x113.webp	2962	c00cf4d37497b4a6048e989ae3f6d4f995b4b3b20965e40dae3618b1034cf53a
Media.pk2	interface/worldmap/map/map_world_174x73.ddj	CONVERTED	8340	f00519e84a862afe1c2437e601aa2d28f1f6189d5b5bfb375c5397736922909c	DDS	128	128	android-assets/textures/worldmap/map_world_174x73.webp	4096	84c362a3f94fe47087aaaf6dda9cd0362e95f829287e76952b62782523024bda
Media.pk2	interface/worldmap/map/map_world_174x77.ddj	CONVERTED	8340	fc4589a6c7fc4ec0db0bf5d69830c66742a9a7cdbd464bf2b296c6c35e758d41	DDS	128	128	android-assets/textures/worldmap/map_world_174x77.webp	5074	de2fd1da688e3ed7348be244e04250c70e552844e6451bd0c89bc4f6e4ffcda7
Media.pk2	interface/worldmap/map/map_world_174x81.ddj	CONVERTED	8340	7194f9f64cac690255b815def25d3d148b9e265e193ee803068355902a44670c	DDS	128	128	android-assets/textures/worldmap/map_world_174x81.webp	5280	ee6600b6571912624f43e342bfa2a97ce379d59db1689e9f94ae41a26a56b48d
Media.pk2	interface/worldmap/map/map_world_174x85.ddj	CONVERTED	8340	01e309e78c92e0ae27c367932a03b7d52548b911d1810b66d901cb86adbda57f	DDS	128	128	android-assets/textures/worldmap/map_world_174x85.webp	4492	44879a7442ab95767a660414af4faa3dbf111ac26cc39b36bf5ca328eeeb1987
Media.pk2	interface/worldmap/map/map_world_174x89.ddj	CONVERTED	8340	8d87b0a2d9cde6a20dab4dbd78df5aa550859b5e0e17c60842eec6a454c71649	DDS	128	128	android-assets/textures/worldmap/map_world_174x89.webp	5732	02b376e0f90485d08e358d53b69c84899610d06dc886006cc4ca406e0af68968
Media.pk2	interface/worldmap/map/map_world_174x93.ddj	CONVERTED	8340	9bad4eae8acdad52258fa2d6e21118599e9f0f4ce937b06b78b1935bc99612d5	DDS	128	128	android-assets/textures/worldmap/map_world_174x93.webp	5696	16ddd4e3ead064fadc026d374b0e34216d8e47cd357607d283ac790fbb1caa6f
Media.pk2	interface/worldmap/map/map_world_174x97.ddj	CONVERTED	8340	fbd49a4205817d1397cfea0d37e74580225d8ebda02ba48a42e3f970babd2b53	DDS	128	128	android-assets/textures/worldmap/map_world_174x97.webp	5710	402cbda8220cc0dca65364a33f63538e155e5ae6022132ce50358611b6603097
Media.pk2	interface/worldmap/map/map_world_177x101.ddj	CONVERTED	8340	2239aee3738961ab24df323442615d1584d24b940d048975d454911237947882	DDS	128	128	android-assets/textures/worldmap/map_world_177x101.webp	4842	b9495a31f5972281468afdae9bb4b13db2567bec508ffda4f3e967e9189c3f75
Media.pk2	interface/worldmap/map/map_world_177x105.ddj	CONVERTED	8340	59b5a7e3caa5cab31ea6fd0e01297e25b9f3b26208fda042627e7ab3563d3415	DDS	128	128	android-assets/textures/worldmap/map_world_177x105.webp	4366	76678b67205abf58f7ae599c7c0d4c4c0ca22741cdb8488eeeef2cfe3c00f71e
Media.pk2	interface/worldmap/map/map_world_177x109.ddj	CONVERTED	8340	3042e91271761ba95f60f744a023c15baad7a0e9a5cb71d9b4aa92d42e5fa33d	DDS	128	128	android-assets/textures/worldmap/map_world_177x109.webp	5058	7b0c08f463999c3ba2e888cdfd9fe490a4ac9bb406b95c2485a0aa3bfaf64642
Media.pk2	interface/worldmap/map/map_world_177x113.ddj	CONVERTED	8340	002284595af6784c372a284e58b0a343470a58782782d683f3a1e2dfe6bd4cf2	DDS	128	128	android-assets/textures/worldmap/map_world_177x113.webp	5402	8793ed1cca2bf24aa513fdb69d3f242b8fed63c4dca19ead95db3c733c12b279
Media.pk2	interface/worldmap/map/map_world_177x89.ddj	CONVERTED	8340	11ae89ab71161ca6e923578cddaaf6b05d4d5974ce1cc26dacf8e6e0529c67d8	DDS	128	128	android-assets/textures/worldmap/map_world_177x89.webp	4102	f460accc9d6592fef1354b3f16ae58fd994a241aee42bb137b1e5a326832c4a8
Media.pk2	interface/worldmap/map/map_world_177x93.ddj	CONVERTED	8340	614c71b2274a8fc9745e35d32abf21aa85a9408848f6296957769ed203a1c818	DDS	128	128	android-assets/textures/worldmap/map_world_177x93.webp	4816	9e64e72a4da3df3c6eca880bd5e186e74a5881218495bf03dff9d6c8d7e0f3ea
Media.pk2	interface/worldmap/map/map_world_177x97.ddj	CONVERTED	8340	17f581fd12b0f5813e4234ee2a2a61dee0b800a70e99fef97986e96f3f30ec6d	DDS	128	128	android-assets/textures/worldmap/map_world_177x97.webp	5008	a3617c9588e2afc562ce358b39ec42abf8f6d50a1cc2eacc9aa7d9ceb0662622
Media.pk2	interface/worldmap/map/map_world_199x103.ddj	CONVERTED	8340	f23b7de1061b5be5b7cae0610778bfd6efc5fab7dd58c0d98b0f78d000fd8016	DDS	128	128	android-assets/textures/worldmap/map_world_199x103.webp	5122	ef1cbd9061c168a252b38f89a5f2d10c2e19168ae06c91108c5ced12969ce5f0
Media.pk2	interface/worldmap/map/map_world_199x87.ddj	CONVERTED	8340	f95b84899ace4465b6a15e3de79302465c76ef658fc088f97e8945bae8372b6e	DDS	128	128	android-assets/textures/worldmap/map_world_199x87.webp	5324	810c03908e7978bf308f53d462445a853886b56aa74835476b86b972948ce4a1
Media.pk2	interface/worldmap/map/map_world_199x91.ddj	CONVERTED	8340	8c01f2d51fbc3e181b537b15b4306e9bd2ee3ce8ea2017918938e05e1a4e6b23	DDS	128	128	android-assets/textures/worldmap/map_world_199x91.webp	5188	99fc1e16c7042a793974f8b90635db7359f424ed6060b5f4ed42304cb307e61d
Media.pk2	interface/worldmap/map/map_world_199x95.ddj	CONVERTED	8340	9b07bf9a1637677208fc79c943e4513af6378778274099060827548f88ac31ee	DDS	128	128	android-assets/textures/worldmap/map_world_199x95.webp	5408	0f4d26d2ea609922dd4fce726d0b89b16bcdecfef185754b4d9b9c7eb1ef4ddf
Media.pk2	interface/worldmap/map/map_world_199x99.ddj	CONVERTED	8340	9a102d381908b3bb354c01212dfe7f9866f2282e4e5c52eb2469801088d97e10	DDS	128	128	android-assets/textures/worldmap/map_world_199x99.webp	5256	d3c92b2124e1cf7b584b85f7f3fab587594647857c3a0dfeede7d438bd5d4578
Media.pk2	interface/worldmap/map/map_world_200x72.ddj	CONVERTED	8340	5d44393433e059538a3e0ff607c7a8164cbac4f2833e084c9053d28a2c8fe2d0	DDS	128	128	android-assets/textures/worldmap/map_world_200x72.webp	5204	05d22188d9fb226b786f6793d961f9ba3be20081332ea9bc8f26b0e5ccc7ecfb
Media.pk2	interface/worldmap/map/map_world_200x76.ddj	CONVERTED	8340	2240d335b8c9acccc17c9b31333cf27ac06dd6d6fe859f04c034a3ccf2c9b33b	DDS	128	128	android-assets/textures/worldmap/map_world_200x76.webp	5216	7512b660b7cf3ba2bc4b0e4f2e85e347f9235701cafadc047c1474356416cbae
Media.pk2	interface/worldmap/map/map_world_200x80.ddj	CONVERTED	8340	0a38f1687a106f2ed6db56d3bded3029cce617dc9d093e66d1612eca80fc8ae3	DDS	128	128	android-assets/textures/worldmap/map_world_200x80.webp	5344	9c8888d7644ae2cfb2eb158a272e1fc81643f33f24a991b808b7d3e4dbbb20a1
Media.pk2	interface/worldmap/map/map_world_200x84.ddj	CONVERTED	8340	bbe9d9b6e7f81b329333bae6c0025df39a8966c5ba455c8ba9af74c8697046bc	DDS	128	128	android-assets/textures/worldmap/map_world_200x84.webp	5276	34eec8d28823f3cbb34b52317aad6827eeedfba08a57e94a56e2dcdf7e90fec4
Media.pk2	interface/worldmap/map/map_world_203x103.ddj	CONVERTED	8340	69343e002d170271fcb628fc72ceea4f012d1d859199f73e33d2b89e82b3c70d	DDS	128	128	android-assets/textures/worldmap/map_world_203x103.webp	5152	d69135f0677a9b8e582b1d3c7a5d6ea79b32a60e48e891edde073b426d357730
Media.pk2	interface/worldmap/map/map_world_203x87.ddj	CONVERTED	8340	42e466f36c8d69b54f92a41e5df376636f6d25ab6702fd5e3d92a87fc5b8b59b	DDS	128	128	android-assets/textures/worldmap/map_world_203x87.webp	4868	edccc6495424d12ce4f58bb02a1008b5768af2b988d4920d0deccb6abb98565e
Media.pk2	interface/worldmap/map/map_world_203x91.ddj	CONVERTED	8340	12c4ae07332e62b92184ec6a3b757c3729b636e60c585d58482fd15567d5cb96	DDS	128	128	android-assets/textures/worldmap/map_world_203x91.webp	4726	d696682749f080e25819a135091148a50183f3c03aed95bd6fe5a5ee4af8f001
Media.pk2	interface/worldmap/map/map_world_203x95.ddj	CONVERTED	8340	446e9e7b5a9b18fae6e70980957c9fc28d59a827dbe9752639d023c48af11cd4	DDS	128	128	android-assets/textures/worldmap/map_world_203x95.webp	5056	a5601f1b9a47858df8521354326f8350382f7ed8f6172d20d99ae76b94128f55
Media.pk2	interface/worldmap/map/map_world_203x99.ddj	CONVERTED	8340	83b5143f35e5e89f8dbf3bd80e600134f023dc15d5fea49df17669177f69c169	DDS	128	128	android-assets/textures/worldmap/map_world_203x99.webp	4956	9f05064e71a34b56c581ccdadf8ac6f339821eea87547f4049b5ae753c2c2081
Media.pk2	interface/worldmap/map/map_world_204x72.ddj	CONVERTED	8340	11786082b6d83517000754f240338b15d6d7378f0b1aa00dba397965df6a1b38	DDS	128	128	android-assets/textures/worldmap/map_world_204x72.webp	4892	730b4627f530787eb819ae61d97ba3c03196627fad415597c62a5062ea58cf2c
Media.pk2	interface/worldmap/map/map_world_204x76.ddj	CONVERTED	8340	87a36e8d2a96bea1fa531eb47d3a51135aa0fec2466d48aa70499ac79feb160e	DDS	128	128	android-assets/textures/worldmap/map_world_204x76.webp	4748	d3516f85b078d2f9430e97393254ade2e67c778cce2c9c96a46523fa7b9f76c8
Media.pk2	interface/worldmap/map/map_world_204x80.ddj	CONVERTED	8340	25da33f330f0aafb7cceb1d8e7b0d95dc0d052fa59023488131ee3429cc8d0b1	DDS	128	128	android-assets/textures/worldmap/map_world_204x80.webp	4966	06dfe6e4f6fe48dea754bd6b79a12daa1287e036337f3fb484d3d532231be932
Media.pk2	interface/worldmap/map/map_world_204x84.ddj	CONVERTED	8340	e79435475c1e80d9c725c2a008cce176c0f4725bdd31f55368ccfabda9e638a9	DDS	128	128	android-assets/textures/worldmap/map_world_204x84.webp	4952	559ac12d912e5d42d8c9dbbe4da0e261086cae5059970a215785ce1ba70ebf1f
Media.pk2	interface/worldmap/map/map_world_207x103.ddj	CONVERTED	8340	c3fe5057338a0b7a49391c76cdba4912eb6e8b71311c5080a5b7a802683ecdba	DDS	128	128	android-assets/textures/worldmap/map_world_207x103.webp	5102	3eb1f410d6c106e6d3e8c7ef392721939c7664a4f622dd45b7f0a014aeadbaf8
Media.pk2	interface/worldmap/map/map_world_207x87.ddj	CONVERTED	8340	6d4e601e5eea76218b7b82b7fd1c76a803a8825edcf35bf65059e42b5557aa5f	DDS	128	128	android-assets/textures/worldmap/map_world_207x87.webp	4634	28d9a410b2947a5d963185d5e9357730c727f4c1d278122283268b216a8d5432
Media.pk2	interface/worldmap/map/map_world_207x91.ddj	CONVERTED	8340	f01cc07f3b2cacaf5f9c1da39f27ef8bdb352d640da9cda7bf206b4e94d1a232	DDS	128	128	android-assets/textures/worldmap/map_world_207x91.webp	4378	45ae91cfff2b29753560d241d3c94db1c4e96b1780cd135271444b73deb66e45
Media.pk2	interface/worldmap/map/map_world_207x95.ddj	CONVERTED	8340	74e585ea6d86aa46b134660d89164270acbe01a573a0c367be332ac496cb58de	DDS	128	128	android-assets/textures/worldmap/map_world_207x95.webp	4334	2b4be1e2e5f5569cb6ef88249ba9a7e6fd337f10f67a315e8cc4215544d03785
Media.pk2	interface/worldmap/map/map_world_207x99.ddj	CONVERTED	8340	635d2c71fab77285f1447f310c641c1a581ff3d65f36e0bea24618be468a1bc1	DDS	128	128	android-assets/textures/worldmap/map_world_207x99.webp	4070	d7f08137bfa14761a4a53e3b38784264435e43036816b65e00cafebce90c893c
Media.pk2	interface/worldmap/map/map_world_208x72.ddj	CONVERTED	8340	58c84ceed1fd0ae0ba4ab5ac70dc2b80ea468bfdbf785973305720521c3964a0	DDS	128	128	android-assets/textures/worldmap/map_world_208x72.webp	4548	f80bf43417781fba8624539872e0d86bce60698bd6d2838040e5b4d217d9dd4c
Media.pk2	interface/worldmap/map/map_world_208x76.ddj	CONVERTED	8340	8a3cface491288f65ab4bbe8178a79b36f6de6cb717c94cc06459d6c5a12c5f5	DDS	128	128	android-assets/textures/worldmap/map_world_208x76.webp	4300	cbb007ef33e026f17dc396c96ca964f5c9eeedaa9242ab4eb552fca3abd54457
Media.pk2	interface/worldmap/map/map_world_208x80.ddj	CONVERTED	8340	c7d945661d975d56c51adb10d1b90a71e2e6c37ba6d33c51343181a5a58c79a5	DDS	128	128	android-assets/textures/worldmap/map_world_208x80.webp	4348	6b4f7871e632917498ddca9287cae56212cd2555b8335249bf78dd6649fb3a1e
Media.pk2	interface/worldmap/map/map_world_208x84.ddj	CONVERTED	8340	ac1eb226130783f2f7f858df0e250250dddc010de74c90fd84f3f581a74e2aa9	DDS	128	128	android-assets/textures/worldmap/map_world_208x84.webp	4078	f221781195762fb189627104a4a2e8a9bc7c73e1b9350f8a54e062bec56e0075
Media.pk2	interface/worldmap/map/map_world_211x103.ddj	CONVERTED	8340	7f577dc9735bc5cb88bf6a170e7d0fb7aaaf60799a1d84090fa41b8e1973874d	DDS	128	128	android-assets/textures/worldmap/map_world_211x103.webp	5352	ca3582bb2022262157f8a0c0d36a8f677a304d38858405103725843a86ed1cac
Media.pk2	interface/worldmap/map/map_world_211x87.ddj	CONVERTED	8340	a848549987a3cbc15da95152f02f6bc58b8341df02510893e1b9178aaf5d4b09	DDS	128	128	android-assets/textures/worldmap/map_world_211x87.webp	4898	9733b952fc3c6259d894a3179162ade0cfeec03dcc7e6f4ad02c0cfb709cfb0b
Media.pk2	interface/worldmap/map/map_world_211x91.ddj	CONVERTED	8340	9277dfb9875e80326cf732c155a8165f8ad1d84ca671081da4916df8f873867d	DDS	128	128	android-assets/textures/worldmap/map_world_211x91.webp	5212	e3a5bf74918b81f7a3ee99075d843c7baeef334a1feb1aac9c67246be4ddb69e
Media.pk2	interface/worldmap/map/map_world_211x95.ddj	CONVERTED	8340	7b5e5b2bfbba6988cae42e0d6e988b32a2ad8816a6fb18d32ad80b9915fa38db	DDS	128	128	android-assets/textures/worldmap/map_world_211x95.webp	4822	5a11f7a620390f4d356430fd280f132e8db528a596b05c225ad95091b5e57185
Media.pk2	interface/worldmap/map/map_world_211x99.ddj	CONVERTED	8340	a78d1832d54ac3a4b7c1c602fe75df7611cdc7d8aff19179b2bef2cd33460368	DDS	128	128	android-assets/textures/worldmap/map_world_211x99.webp	4362	183efa46a5cf6147137252d2bbe015e31bf5a1474a371701fa3fd6b239cc953f
Media.pk2	interface/worldmap/map/map_world_212x72.ddj	CONVERTED	8340	a6db16acce1d2e61c469dd918fe1e18f0d5d152cd7ff5c104e7d23e082ee75d6	DDS	128	128	android-assets/textures/worldmap/map_world_212x72.webp	4922	073d4d79c813c8f827b1b9cc65821537b7fadd2277f72c7e40a588e0aedcadd3
Media.pk2	interface/worldmap/map/map_world_212x76.ddj	CONVERTED	8340	b5b155f158fb72c2f51e68e36a6cc18e2b2087767320ca42477b0c068ba9dfc8	DDS	128	128	android-assets/textures/worldmap/map_world_212x76.webp	5116	fd9b01a6d5376d722665f574d181e8570657ac95df07f00f2ea334314172cd24
Media.pk2	interface/worldmap/map/map_world_212x80.ddj	CONVERTED	8340	bc2654c43b0569b014b7cc5227ae0af28a78223cd0869f885b2287a516d585c3	DDS	128	128	android-assets/textures/worldmap/map_world_212x80.webp	4944	74785aa9e6be655df484446086c96269cc6f92d0529fd4af765413092366e77e
Media.pk2	interface/worldmap/map/map_world_212x84.ddj	CONVERTED	8340	247e8c1a0c0208682ad3ace15529c61e5da591d21b332a5c898d4e5368d5653d	DDS	128	128	android-assets/textures/worldmap/map_world_212x84.webp	4522	2da4844db262f4de287543e9e51a14e777cfbcc6d33fd65aa8f1bb6dd71683a0
Media.pk2	interface/worldmap/map/map_world_215x103.ddj	CONVERTED	8340	3290d5274f011b9eb4b2daf0363977da34f03128857d992c9035be1ae352968e	DDS	128	128	android-assets/textures/worldmap/map_world_215x103.webp	4076	f5eb36c65d06b48a43a7907a8cb5593b841223d7605412c3252a01d41410e047
Media.pk2	interface/worldmap/map/map_world_215x87.ddj	CONVERTED	8340	834db86ecf8871d3a06f139e03ae6b8be9c67b5d2a1dc2770e181d5c7ea28f45	DDS	128	128	android-assets/textures/worldmap/map_world_215x87.webp	5382	8b0094a109ca5b03658f04cc75635c67d257af079fc269f570467abf632315ae
Media.pk2	interface/worldmap/map/map_world_215x91.ddj	CONVERTED	8340	26f104099b0d7de8d55c9d15d874ba530dd34c12c72d90214c4acde61590aec9	DDS	128	128	android-assets/textures/worldmap/map_world_215x91.webp	5248	0620b0de05177af1c8d782e1e0b93c8a786190867c43c2691b9455965543b470
Media.pk2	interface/worldmap/map/map_world_215x95.ddj	CONVERTED	8340	00f0a802da0f6072079219389d6549a4b1c47fca81cc11bf78067c59d761a9b0	DDS	128	128	android-assets/textures/worldmap/map_world_215x95.webp	4844	e66f178d88b2f4477d1ff59163ba3a778cc08841f74658e5b5443a4a07caf084
Media.pk2	interface/worldmap/map/map_world_215x99.ddj	CONVERTED	8340	79ce4f5c091c8620eca6c4d766dcfbed80cf0bb40dda93d151a239862454ec14	DDS	128	128	android-assets/textures/worldmap/map_world_215x99.webp	4536	6636333164fba73e8752001d2859ee0721c42481bf92a5bb64146811b71d4de4
Media.pk2	interface/worldmap/map/map_world_216x72.ddj	CONVERTED	8340	1514aca6732427e994f8992dfb6d2afe933dc81cfba833c7e77279e8a2be314b	DDS	128	128	android-assets/textures/worldmap/map_world_216x72.webp	5374	03af8fc7381442ebf5636c318cb86224ef5f3aaf5af3f73dc469898a8824e900
Media.pk2	interface/worldmap/map/map_world_216x76.ddj	CONVERTED	8340	170a79c3f8a765f05b8a54d168af22cba9dcf24cd72c3eece313ce2f676aeb23	DDS	128	128	android-assets/textures/worldmap/map_world_216x76.webp	5274	cf24271ca824fd502bcbfbe6a3115338a4c033262ffef5b3cab80e7ea25c31ca
Media.pk2	interface/worldmap/map/map_world_216x80.ddj	CONVERTED	8340	7be5dddb82c04b21671038783e058523396243cf2aff612a4d4d84ce6c3f99de	DDS	128	128	android-assets/textures/worldmap/map_world_216x80.webp	4778	9e03ba53a586cfba585935dc84c6333017694089c03948a66edbe1754fa11094
Media.pk2	interface/worldmap/map/map_world_216x84.ddj	CONVERTED	8340	d166a80e8a9128e4534309bb36280709df4915ce0ac53fadbe62eeec5c1e77b0	DDS	128	128	android-assets/textures/worldmap/map_world_216x84.webp	4968	2bba22c260b66b493ddbc5244ee3904c3beff3e5453ded833d295ba11fab24ab
Media.pk2	interface/worldmap/map/map_world_46x101.ddj	CONVERTED	8340	292ad845245e83eebbe0c779451063bfa7633328e4bd0fd8109e85a00c1b957e	DDS	128	128	android-assets/textures/worldmap/map_world_46x101.webp	4030	466f9717880b9e86d6c57b1ecfe0d6b162022c5e25f3332189290fa7cf707588
Media.pk2	interface/worldmap/map/map_world_46x105.ddj	CONVERTED	8340	4cc0432b6cb980711025670229e573ec95e5662fa73a066af0a58ebd2cdbb683	DDS	128	128	android-assets/textures/worldmap/map_world_46x105.webp	4302	3407cb823c4863b0a18bfd829c83556a769913fa50f14e63664d02b6cb40e716
Media.pk2	interface/worldmap/map/map_world_46x109.ddj	CONVERTED	8340	6facf175da1165087a5e319e4f441cc474cdfc2d23ed78da0bdbd1ec5bccca64	DDS	128	128	android-assets/textures/worldmap/map_world_46x109.webp	3610	9a53a334e418672964c4cb3c1dc8919da46f76b62547b3c4ad34dc0740082bae
Media.pk2	interface/worldmap/map/map_world_46x113.ddj	CONVERTED	8340	f9542bf1aecc36721c2d0683798bf921f800be5c74fcd701ed89bdb9c6a99260	DDS	128	128	android-assets/textures/worldmap/map_world_46x113.webp	4602	43fed8176fbef4319f9fa3b520393aca3434adf3b219cb94ac4a443e9c5f85ae
Media.pk2	interface/worldmap/map/map_world_46x73.ddj	CONVERTED	8340	5e5655c0722af15fb9264714ef8d12b4e97e0dd186c29f044b49d21e6ef08c29	DDS	128	128	android-assets/textures/worldmap/map_world_46x73.webp	3712	a48d16e166d859051e2b85b6e9db2cf83a6e7cd8b44a9c619c2e2b4105d252c5
Media.pk2	interface/worldmap/map/map_world_46x77.ddj	CONVERTED	8340	9731ddfba3b938c62619b30d7062c6f3e7441536767ed5213c785afd0484c434	DDS	128	128	android-assets/textures/worldmap/map_world_46x77.webp	3914	bc5f8a5833f9e714454a6db1212d576e2c158682daef8ee0918cd2e39f036bd7
Media.pk2	interface/worldmap/map/map_world_46x81.ddj	CONVERTED	8340	fa12e0a41a9923915cbdfd82e56120b958215fb273e3cea0b7e58f368b49fe5e	DDS	128	128	android-assets/textures/worldmap/map_world_46x81.webp	4072	77a3cd2874186f84ad94bdbd0da7a7126b62fa7fcf9a04b2e18615741a2c4f3a
Media.pk2	interface/worldmap/map/map_world_46x85.ddj	CONVERTED	8340	851b799ee16e22d0aca1f0d77c0344ca6d31b5a60a50463939ac1493741b0d41	DDS	128	128	android-assets/textures/worldmap/map_world_46x85.webp	3746	9d37c3dd90ed9a9a87a56a56c30e9aa2f30e4cb5de8778b9f08e0913c59f35cd
Media.pk2	interface/worldmap/map/map_world_46x89.ddj	CONVERTED	8340	3df34e843910b3a9fda4796f114ab4283602faf16b7ef9aa8904ee5801e87027	DDS	128	128	android-assets/textures/worldmap/map_world_46x89.webp	5322	25875284b25bd1ab1ab99a478e9804e1e6a768e346aa38db1dfbfc0abcf1501f
Media.pk2	interface/worldmap/map/map_world_46x93.ddj	CONVERTED	8340	9240f2b6e43f22762bc9fa87214177d6828ccf94b27e37c3d7820b28ffd97188	DDS	128	128	android-assets/textures/worldmap/map_world_46x93.webp	4930	2266b95a22e1f99a02ce09a7e5e044fdd3ee3322dfde99996aaa5a0830c36b47
Media.pk2	interface/worldmap/map/map_world_46x97.ddj	CONVERTED	8340	ad2b4f13dc8299565e0c11d87cdf584f373384e83313c39895b736b8197c12bc	DDS	128	128	android-assets/textures/worldmap/map_world_46x97.webp	3958	62f47e7d9b32e009df91effd559b3895cc107aebdda03bf0fce032404bdc14d7
Media.pk2	interface/worldmap/map/map_world_50x101.ddj	CONVERTED	8340	5595dbadac5c7ce094b69f51e628da040eccb89574c06bbc512bf0cc3c40f797	DDS	128	128	android-assets/textures/worldmap/map_world_50x101.webp	4266	9f0a4fd1fd46e7328ff79a400d60b5a74223f651b9767e85722fbdeaf7fc7a48
Media.pk2	interface/worldmap/map/map_world_50x105.ddj	CONVERTED	8340	9a34877a2796146449b046443454fc82294e7ed909ef9a1c86cbcd7dfff5a1fc	DDS	128	128	android-assets/textures/worldmap/map_world_50x105.webp	4338	4510ee17576e99b92341b86f018fa350be94797722e896a0bc5e5974dd3db980
Media.pk2	interface/worldmap/map/map_world_50x109.ddj	CONVERTED	8340	60ab1f26899e2220747b053bd5a5620a0fee63c15b4e361247c3f867cdffff35	DDS	128	128	android-assets/textures/worldmap/map_world_50x109.webp	3618	cce56037d2193384d75509935cac2a6f15aa85a803966d5af743ae7c09f444d1
Media.pk2	interface/worldmap/map/map_world_50x113.ddj	CONVERTED	8340	0eebfbcc3b628356beed59d10b74b0b78d469e8dc0b84f6623bf8bfff189745c	DDS	128	128	android-assets/textures/worldmap/map_world_50x113.webp	4294	118faa4982046d1017a7be5afcaeb5a3ab51d808c1880a9f6f587c8dc1f65e7f
Media.pk2	interface/worldmap/map/map_world_50x73.ddj	CONVERTED	8340	15c1239913f27bf49bd5d5fbbdd388a54047e8dc412c489b8ea7e6a3f4514058	DDS	128	128	android-assets/textures/worldmap/map_world_50x73.webp	3744	5ba7c6f0b72a16d4d1466bb76f74590e99040b4581bd1149027e0b3680dab6d8
Media.pk2	interface/worldmap/map/map_world_50x77.ddj	CONVERTED	8340	99073259caadaec5cc651f0a623a3c2556661dcae2edcc302e850f87fc585421	DDS	128	128	android-assets/textures/worldmap/map_world_50x77.webp	4050	568dcc8f622e815ce025f7d1fcac7e171870c0029560bc758b92cb4cbe5e489d
Media.pk2	interface/worldmap/map/map_world_50x81.ddj	CONVERTED	8340	64a94751cc9c186e9743509f836eaea5d5d311b726c7731c47e8d561a5767477	DDS	128	128	android-assets/textures/worldmap/map_world_50x81.webp	4508	0a6cf1ed00170010ff0999499bab6442181f6c0b7143946fbc809c878992cc5d
Media.pk2	interface/worldmap/map/map_world_50x85.ddj	CONVERTED	8340	15faca032c98d8cb6cfc8dbdc3dc9dc45b5691311534a54a1bb578b26732aeb5	DDS	128	128	android-assets/textures/worldmap/map_world_50x85.webp	3752	2fa12e494a6be502f7afa19b151a87658a6990c12ce564bacd57bf23aa3e6bb9
Media.pk2	interface/worldmap/map/map_world_50x89.ddj	CONVERTED	8340	2da36c9e4d1ccfeeb3203e9a567e24d1fee34e1030acbc6aefb6d236c90ff4d0	DDS	128	128	android-assets/textures/worldmap/map_world_50x89.webp	5204	cbb2ea1ccfc4eee1acf9a7daae1ef025c93f95431e215d2ed0421576f987bddd
Media.pk2	interface/worldmap/map/map_world_50x93.ddj	CONVERTED	8340	be99b1a99d7d0a699cd2f5205c8386320a560b63e90c77f3bea5e04fa120ebda	DDS	128	128	android-assets/textures/worldmap/map_world_50x93.webp	4744	07d5b212c36882c3fbaaf27050dfac7f813404868b2547ec3e12d10e421a1002
Media.pk2	interface/worldmap/map/map_world_50x97.ddj	CONVERTED	8340	7a0aa05cd86e0c959473eb9ab71261241d2082dc6e92509fbfa70102a92c7875	DDS	128	128	android-assets/textures/worldmap/map_world_50x97.webp	4246	50a2737656672b66dc65343b308f88cae9101f3532545113305998da986315c8
Media.pk2	interface/worldmap/map/map_world_54x101.ddj	CONVERTED	8340	a6e612eac1d39cf5003d79afe9248f11ad7a7408f97ce67d49f22a4b4b6a7d0e	DDS	128	128	android-assets/textures/worldmap/map_world_54x101.webp	4466	ddf2eb71d9f2a2f03a9a9611f16cbf8df212b2167183b11961447256f068b35d
Media.pk2	interface/worldmap/map/map_world_54x105.ddj	CONVERTED	8340	dba3c2247198092feead0a475a97898c29d28327885bfad8a1bd4ecaf00629d1	DDS	128	128	android-assets/textures/worldmap/map_world_54x105.webp	4158	301747bfdf4a76d712685b3d4c105ed8b0294d6278ff325fdb1b3ec6ecc6ab62
Media.pk2	interface/worldmap/map/map_world_54x109.ddj	CONVERTED	8340	19f5199444e98fd233b9e27022c08a59b39bbdf26aebb33a65afd6fac66fcad8	DDS	128	128	android-assets/textures/worldmap/map_world_54x109.webp	4332	6f8fad3128e2bed43fc4b3d3c31ae4bb37a411c180bc5a99120c9b88cd705cc3
Media.pk2	interface/worldmap/map/map_world_54x113.ddj	CONVERTED	8340	fd3e5cc6a58339ed492899788aa6f1a6bc1e86b6c50229aa044a5d485346c272	DDS	128	128	android-assets/textures/worldmap/map_world_54x113.webp	4582	94878a634aa5c40ea71dfdb58f5ef013678d879753fd22f7a6c86d6f5d704d1e
Media.pk2	interface/worldmap/map/map_world_54x73.ddj	CONVERTED	8340	0f12b0c868b04425276086ce81cfe4e9b3ce10cfce903007ff71fb336c470ad3	DDS	128	128	android-assets/textures/worldmap/map_world_54x73.webp	3892	e9f8e705da6b201681544e4a847873a3c43c7b821c1d6a7775549961f1ee3d9a
Media.pk2	interface/worldmap/map/map_world_54x77.ddj	CONVERTED	8340	37f234c596b36d92a384d4998970342cdc29b3939c88dec5d0f2480c1b9b0d60	DDS	128	128	android-assets/textures/worldmap/map_world_54x77.webp	4622	a0a93c80570d5032a21a744666baafd07881c0347d9e7e6bb75792b8f7cf940c
Media.pk2	interface/worldmap/map/map_world_54x81.ddj	CONVERTED	8340	af2380b2fbe46c37c65243383f8414fc6b38d8ae0f2f71b40351e0b067c564ae	DDS	128	128	android-assets/textures/worldmap/map_world_54x81.webp	3846	0c1d4b2e82205a1f2a23186002d20740a7f7c240040562f6148ab46a33675e94
Media.pk2	interface/worldmap/map/map_world_54x85.ddj	CONVERTED	8340	b68b1073bd4f0d42b92479c34c6ce6f6a14cad9465429d6fd40f95f75a9abd1f	DDS	128	128	android-assets/textures/worldmap/map_world_54x85.webp	4172	b96830172c17292267ed3cde09cc442d6766d0ac625db4b5b2c91b93af60a15e
Media.pk2	interface/worldmap/map/map_world_54x89.ddj	CONVERTED	8340	875f09a8eb861a9e3e90e6b99cce391aafe12c07870c6e071199704f09490c94	DDS	128	128	android-assets/textures/worldmap/map_world_54x89.webp	4566	df3a914a80a54731aba0c3e4fad9009666a969c7f5c9b1ecfc55e79f26b96241
Media.pk2	interface/worldmap/map/map_world_54x93.ddj	CONVERTED	8340	fc53ced26bd1b01fb0b48a3a66052065ec454e5860d55285bac4877d14db30d2	DDS	128	128	android-assets/textures/worldmap/map_world_54x93.webp	5114	200a91a15da2ff994ba80cff2bd416700c4d367fb07a9f81a9243c0d69b35dde
Media.pk2	interface/worldmap/map/map_world_54x97.ddj	CONVERTED	8340	6a6f3710f1ee0719539ecad8d93634f401b5de5aa405dc264cbbd99a9ce9b651	DDS	128	128	android-assets/textures/worldmap/map_world_54x97.webp	3746	d64b8d08663884bc2280fa2bd8ba1fb711ca9ee07f1aeca274e883f8914a6124
Media.pk2	interface/worldmap/map/map_world_58x101.ddj	CONVERTED	8340	2aaffedcafde0aff2c0e09e43962ee9c6eaf4b7d11d69b10c88acec2f4291042	DDS	128	128	android-assets/textures/worldmap/map_world_58x101.webp	4502	3eac13c39ad76fe3d31d06fc300b304db49dd682ee8940af651e98ea06d25489
Media.pk2	interface/worldmap/map/map_world_58x105.ddj	CONVERTED	8340	31d5757f24b49b9885ddec8a56d99d15ce1299389d2a713136df2180a66c8203	DDS	128	128	android-assets/textures/worldmap/map_world_58x105.webp	4034	347dce30da781ab063a18dddcb00b0ccdd670be6c464db26a70d52a525b46ec5
Media.pk2	interface/worldmap/map/map_world_58x109.ddj	CONVERTED	8340	d55631de53053e7587f6badd073c4276e3a3d74913e5b0494cf184a99c4be1d2	DDS	128	128	android-assets/textures/worldmap/map_world_58x109.webp	4272	f03ef2a4e8a6c36206cb7879a6704061acfe811da0757db98247fadca07f4cc4
Media.pk2	interface/worldmap/map/map_world_58x113.ddj	CONVERTED	8340	b7ddb4fcc40dd7f7305aa272ea624436d3537707e6e9b15307d1ff23c973c914	DDS	128	128	android-assets/textures/worldmap/map_world_58x113.webp	4382	d412ecbac6a986664c3e9d24ac64565302bcf02c8bf941eab04cc598a158ccd3
Media.pk2	interface/worldmap/map/map_world_58x73.ddj	CONVERTED	8340	117a139554f9dc95ea1bdedb43b6da46e0d9402f1f0fa955c1ad598022c4e7c3	DDS	128	128	android-assets/textures/worldmap/map_world_58x73.webp	4458	785e42297fab57ab279f9b33b83f91191f795fbf6b748f3486cda1f2e75f11bd
Media.pk2	interface/worldmap/map/map_world_58x77.ddj	CONVERTED	8340	62608a3e69c4334024518b89389d8529ad56d6366df0168c131f8517e3af3e25	DDS	128	128	android-assets/textures/worldmap/map_world_58x77.webp	4646	f3899b133d79a639178498d28238dc71489b8c7ef8f4251728885af6158328fb
Media.pk2	interface/worldmap/map/map_world_58x81.ddj	CONVERTED	8340	7249c4ef1ed284ed7516b0508d76ab356cc9d9b8ad47a1ef74cd2645212a8baf	DDS	128	128	android-assets/textures/worldmap/map_world_58x81.webp	3930	3c9e86666d9862ccb4d4badf5cc4f8a8b615560f7522c3b495decf40ddc326e5
Media.pk2	interface/worldmap/map/map_world_58x85.ddj	CONVERTED	8340	538b73096b68b53a89c3215ee6e8bb2f749a3db1a3db01db653b12ea28a3420b	DDS	128	128	android-assets/textures/worldmap/map_world_58x85.webp	3716	7def0e9a23a99494aa5721b48fc5bd1c6c5d1f5d68864efba930e12ca47e5fd0
Media.pk2	interface/worldmap/map/map_world_58x89.ddj	CONVERTED	8340	80db5765c164efb678a69c241515b9dd49691dfc59faf58982e81031f4e2f708	DDS	128	128	android-assets/textures/worldmap/map_world_58x89.webp	3708	5288067ff3a92c69119b3efdfa49fa97a9ca8427995ef3a4f8405adee313236e
Media.pk2	interface/worldmap/map/map_world_58x93.ddj	CONVERTED	8340	3c43b9ddeb0fea386fc42abf259f60fd1424da159e61ed9b0bcb0e6688f4600a	DDS	128	128	android-assets/textures/worldmap/map_world_58x93.webp	3784	6f42e2f18705aa36f74339a28206be08015e4d70d9f92e7b4fd6f5e90c9ade5a
Media.pk2	interface/worldmap/map/map_world_58x97.ddj	CONVERTED	8340	e1ccab494a90ab58a797b690767752bfb6994447053a3a4dee817c9caff12201	DDS	128	128	android-assets/textures/worldmap/map_world_58x97.webp	3046	cea353e9bd7d5a789ab8ed23c4fc0bae9b71570a2e759438c5bb46b3f092b371
Media.pk2	interface/worldmap/map/map_world_62x101.ddj	CONVERTED	8340	67c3e3be94528e423669783db4aa56e9fe202aa9a3ecde67f7556217df4d1cd0	DDS	128	128	android-assets/textures/worldmap/map_world_62x101.webp	4828	3a691dcfec018a62de123aae60ec01b22e56e6b2f06ace57d4ca6bfd8d836155
Media.pk2	interface/worldmap/map/map_world_62x105.ddj	CONVERTED	8340	6c191d1eabc2de50324698de82666f4f79054e55eab1ddddc1fd540c7e5ea42c	DDS	128	128	android-assets/textures/worldmap/map_world_62x105.webp	4810	955dad58be94e6300ba18912b9a166277104cc26fac1ff2dceee9f70051e339c
Media.pk2	interface/worldmap/map/map_world_62x109.ddj	CONVERTED	8340	c6329cd373b1102df236da24d128a79c62d2952f4acfa4b546f19b0dc2135af3	DDS	128	128	android-assets/textures/worldmap/map_world_62x109.webp	4492	69f683c7c667d801c64b3abb25192bfe8c9cda3024c436146368c3e1766eb7f5
Media.pk2	interface/worldmap/map/map_world_62x113.ddj	CONVERTED	8340	5d4cf5c8aa84609c51c15e83509cf3431597a8bc9dfa7bf6d7314c3cbd5b4773	DDS	128	128	android-assets/textures/worldmap/map_world_62x113.webp	4880	179bb4d97581419d3ded89c8ca415fbe654bbd93bbd59a8d8e4df41b2326391c
Media.pk2	interface/worldmap/map/map_world_62x73.ddj	CONVERTED	8340	87a4c63e8f803a1a18b22cc670e06962d50d43b1bd110b1fde19b1bbb62e8eb4	DDS	128	128	android-assets/textures/worldmap/map_world_62x73.webp	4912	91c929a589e9d0bf331f32cc4dcdafffb9e5f1f0c5a9da456ee6cf1e02fe003e
Media.pk2	interface/worldmap/map/map_world_62x77.ddj	CONVERTED	8340	df4270674e1f1c9bc8a53fcb9343f2a8b4c65a234109662d512548db87ca97cc	DDS	128	128	android-assets/textures/worldmap/map_world_62x77.webp	4904	3f8101d9b97925fc271691c4af11c009d1568917cc976cd78ad74f2477d2afbc
Media.pk2	interface/worldmap/map/map_world_62x81.ddj	CONVERTED	8340	26ac034bcea4bb811d2d33b547a120300b80222105213adbf6d832957f1a422f	DDS	128	128	android-assets/textures/worldmap/map_world_62x81.webp	4496	3561ef68a3eee90edb1d642df74aed891bb7952a6e9671f3a0468deee219275d
Media.pk2	interface/worldmap/map/map_world_62x85.ddj	CONVERTED	8340	0ede077e9769eccf5ba0f94101acb6467d7598fc5380bc26f429b99ca9f1f229	DDS	128	128	android-assets/textures/worldmap/map_world_62x85.webp	5072	d13d7811b0c18199d666e17e976149c71bcdc2a4117b2bb8b99c3db3b4f95208
Media.pk2	interface/worldmap/map/map_world_62x89.ddj	CONVERTED	8340	6d0d59f84dd7a2844cde9ce40921b0ddb0323f9909ac84e37d58593e64ae89fb	DDS	128	128	android-assets/textures/worldmap/map_world_62x89.webp	4846	111e2cd374d41eca65313b4dafb76eab5af4d453a85c7112bae2efd09b5f6ac0
Media.pk2	interface/worldmap/map/map_world_62x93.ddj	CONVERTED	8340	17eee2deb0dc39200a7c7684bee5647b824d70c33722010c31c3c8eb3538deca	DDS	128	128	android-assets/textures/worldmap/map_world_62x93.webp	3828	abf81f9994ea615fd04c2329214192513e117c980f257a186db655fe73ea3c05
Media.pk2	interface/worldmap/map/map_world_62x97.ddj	CONVERTED	8340	213b04213e88c125fadeaf6a2bb2d64ff1697c45b961aee50c3d172f03a7a998	DDS	128	128	android-assets/textures/worldmap/map_world_62x97.webp	4046	049a4129814285e2b755329a5489ab936bb775b2f93476a0c8baac20d0208b40
Media.pk2	interface/worldmap/map/map_world_65x101.ddj	CONVERTED	8340	8dbbd47c3e0e3ccfe871caa0d2b1eb8384a0fe03db93eb278af091dd1345daf1	DDS	128	128	android-assets/textures/worldmap/map_world_65x101.webp	4592	f74f5d6316becbf327028e30de251365517f2c42f5338bbc95bf6008354b979f
Media.pk2	interface/worldmap/map/map_world_65x105.ddj	CONVERTED	87528	d88bf109367cf503370f731f98de2f3ecd049c6fd5dcd784ca6b06e036a4797d	DDS	128	128	android-assets/textures/worldmap/map_world_65x105.webp	5608	dd19d983aa34bdf4c874dc08f9951e54dd5a891ca847d6db2c7fb25c572f2186
Media.pk2	interface/worldmap/map/map_world_65x109.ddj	CONVERTED	8340	3bf1b23e51c1655f441331e0cae885a6352d031a43a09eea44405b3236cbcdf2	DDS	128	128	android-assets/textures/worldmap/map_world_65x109.webp	5040	6ae915a8d3ee06876da265136032742a6b071abfa8acc618709172977a01292c
Media.pk2	interface/worldmap/map/map_world_65x113.ddj	CONVERTED	8340	8c9a29bcfc7dd90b6a29d0444370141194d6455b1a8c5e0971a69857b89b3383	DDS	128	128	android-assets/textures/worldmap/map_world_65x113.webp	5050	0e10e26c4d31635cd6ebab641784b2cc04d6f030ccb746f77eae41e7c87e52ea
Media.pk2	interface/worldmap/map/map_world_65x85.ddj	CONVERTED	8340	3a17465a8aade77608c71a2d297a8a9f4beeb23e21f527cd156c8cbf9479f40c	DDS	128	128	android-assets/textures/worldmap/map_world_65x85.webp	3970	29e1648b28955576bd71653ebbc1c45752eed3a406c7d58d63cdd4ae7e6700d3
Media.pk2	interface/worldmap/map/map_world_65x89.ddj	CONVERTED	8340	8985dc3d89bf4fa83235b0b93fad7dd0f37fa03994e597d37a25757d8b282c88	DDS	128	128	android-assets/textures/worldmap/map_world_65x89.webp	4960	e5b39045be43497456164e8ffe4a1177f66e53e682d7fd4617a134a6694091f0
Media.pk2	interface/worldmap/map/map_world_65x93.ddj	CONVERTED	8340	16a1cd1e734b7ada2b26f341411b5b0c3cf0bebabf164191e0d5d70cd9fb19ea	DDS	128	128	android-assets/textures/worldmap/map_world_65x93.webp	5108	7a29d1a2ba4d2611e2cec2f11a0d2e606c8afeceb256b93e8adc547eead1f548
Media.pk2	interface/worldmap/map/map_world_65x97.ddj	CONVERTED	8340	5ce16a9b3670f1f7a696a13749bd9f740a597fc579794d1b884facc6862da8a7	DDS	128	128	android-assets/textures/worldmap/map_world_65x97.webp	5206	cdf7de527e991ffa3c2c612bac1a5f8ee8953404722bf87450e55a96d5966dac
Media.pk2	interface/worldmap/map/map_world_66x101.ddj	CONVERTED	87528	e40c613812efa7e942af0f5783c5a2fc37491867fa626c203ce3abf1392eaa36	DDS	128	128	android-assets/textures/worldmap/map_world_66x101.webp	5378	182068cb21f8724eeed82b1ad4cb6016297a45400ba3e6e932b506ce15863815
Media.pk2	interface/worldmap/map/map_world_66x105.ddj	CONVERTED	87528	646b0944311c4ff27c350b20d44ee1363eb0f929f4f37ba8f4211b555cb7caaf	DDS	128	128	android-assets/textures/worldmap/map_world_66x105.webp	5440	5943c799174d406f48b93976c01d06b7aa8bed4f7fe4e958c4aba017d1e5832f
Media.pk2	interface/worldmap/map/map_world_66x109.ddj	CONVERTED	8340	bee5b9cf419862869d18b4002584282188cc069725203cf67aa34849f0978a10	DDS	128	128	android-assets/textures/worldmap/map_world_66x109.webp	5292	81139beb695584a989c3d78bb28ede502142d9d8b6ec38dba6ecca03b2e92b77
Media.pk2	interface/worldmap/map/map_world_66x113.ddj	CONVERTED	8340	8235a1f67435eef7cda4ff69e289ba67f6b66bcb53f7f771a291b724636698a9	DDS	128	128	android-assets/textures/worldmap/map_world_66x113.webp	5078	78876e5c0a1d75d7ee06496b6822269fa55b4dfebb6bdd3ecd26ff767ddb3ce2
Media.pk2	interface/worldmap/map/map_world_66x73.ddj	CONVERTED	8340	00a46828cd668aa9a83e80c9e3f4eca3c81ccb2dbd734cd789b1d187db746260	DDS	128	128	android-assets/textures/worldmap/map_world_66x73.webp	4396	4044646eb54b4ebec42f876548ecddcd15c791db1b3632c5bc452742e8740f90
Media.pk2	interface/worldmap/map/map_world_66x77.ddj	CONVERTED	8340	be9545880e734c8c2cbe7a16f94009799f28005698111249261cccc22be40c45	DDS	128	128	android-assets/textures/worldmap/map_world_66x77.webp	5480	b7ac6307cbf9a761290642b51c3b6787779c9dce76bd61a9554fb3c51fac473e
Media.pk2	interface/worldmap/map/map_world_66x81.ddj	CONVERTED	8340	9012d77ff8e277e06d12891d82eaee91db23eeb5a0a6a38b3ef1b99b89d08c88	DDS	128	128	android-assets/textures/worldmap/map_world_66x81.webp	4784	18bdc25501e89975b776e21495e34359877233bf8b85a20727fe19b216e47c5b
Media.pk2	interface/worldmap/map/map_world_66x85.ddj	CONVERTED	8340	e6ee339ccbe977b532bc112f754eb82815752c1b8954f9892db4ce7a2fe35ddd	DDS	128	128	android-assets/textures/worldmap/map_world_66x85.webp	3704	0c947a2a5f6273a6780af61b7ed9d779eaf65ad536406c74a56276ac6ccfefd9
Media.pk2	interface/worldmap/map/map_world_66x89.ddj	CONVERTED	8340	17e47253e677f7cbe905e938b7a5e0f3d63969240f1abb2b36dba04ac61c92ef	DDS	128	128	android-assets/textures/worldmap/map_world_66x89.webp	4866	f13be90b37cbdcdb394e3866e10d192cebd1580fbf2b51ea68faa62153e31e78
Media.pk2	interface/worldmap/map/map_world_66x93.ddj	CONVERTED	8340	f4820412502715119d8c11fe5bb2dd061eac649709a5f90bfc6ba3109639942c	DDS	128	128	android-assets/textures/worldmap/map_world_66x93.webp	4308	650793629eefb2697e310bfe29fe17b394ab84f51cd9d2936950dbc9835c0a0a
Media.pk2	interface/worldmap/map/map_world_66x97.ddj	CONVERTED	8340	ec528467941f03c2c0e3139f40a2b6dcb78b1548e4ef51d9d5591cce03e1f7da	DDS	128	128	android-assets/textures/worldmap/map_world_66x97.webp	5208	fdd53aba12b659c4c39a0bce02d1104ea4d6f91dedf4752f519bb6b805ae3784
Media.pk2	interface/worldmap/map/map_world_69x101.ddj	CONVERTED	8340	718489413ec1c0dc194ea7729de24a3c616ebd41629544d6ccc3e71150b095b8	DDS	128	128	android-assets/textures/worldmap/map_world_69x101.webp	5186	ac06951b5075c334cabdb7da6015569ba45c7214e64c2faf22f7376dc79d03c7
Media.pk2	interface/worldmap/map/map_world_69x105.ddj	CONVERTED	8340	34c764686bc4e2f232c748e3fc7379a0250a30a520b2cde56e04fc1ebfef1d60	DDS	128	128	android-assets/textures/worldmap/map_world_69x105.webp	4554	4f240f5aeb60e68053a0d2625290fdb1a1439f4423e34ebfdd2544b1e142fda0
Media.pk2	interface/worldmap/map/map_world_69x109.ddj	CONVERTED	8340	12de82a162c99d10156729533727db2cd64f2760b386dac39bda64bfa5593a08	DDS	128	128	android-assets/textures/worldmap/map_world_69x109.webp	4512	2824db5691bf9af3e94937e59e295ff6d160dd6e599326b897970f3690145b73
Media.pk2	interface/worldmap/map/map_world_69x113.ddj	CONVERTED	8340	2f8b6a4466023ad0c71207755f3dc3d26c675d654f75e2fef9e2a6960812f8bc	DDS	128	128	android-assets/textures/worldmap/map_world_69x113.webp	5206	bbd2118b881b9cdda6db6d0777923b242b4996bd0c91aa829cdd71ce4b28d24c
Media.pk2	interface/worldmap/map/map_world_69x85.ddj	CONVERTED	8340	a6df818dd80c1591444b934e52352983c3e1fb26b72744772be35d5485c2b9e6	DDS	128	128	android-assets/textures/worldmap/map_world_69x85.webp	3444	b6500ec5bd6b9dcd930e3fd91b4100d1238c28f56daf77da6dd982763acb9bef
Media.pk2	interface/worldmap/map/map_world_69x89.ddj	CONVERTED	8340	c7c487308eb3aaf55ef61ba4fc8715404748d3df26f5e3f924cf4a0df30ec4e7	DDS	128	128	android-assets/textures/worldmap/map_world_69x89.webp	5742	72ae7d7132bebb13bc61eb2fc989fb51954fdf09254c3689a5f61c0b2ba2f495
Media.pk2	interface/worldmap/map/map_world_69x93.ddj	CONVERTED	8340	689dcda03e926ea118a2549a16a40667f1a2fd8e2944be2cb04013857f70c7e4	DDS	128	128	android-assets/textures/worldmap/map_world_69x93.webp	4680	4a742277d4bc861e34f4ea922c6ce874add458bab65466e1d414c61e944a925f
Media.pk2	interface/worldmap/map/map_world_69x97.ddj	CONVERTED	8340	81ae23226843772715ef27e6e0f3f227f50de532c403fea5e8e9dbe0b7f083b8	DDS	128	128	android-assets/textures/worldmap/map_world_69x97.webp	4594	4b78b9167365adc314f14a2cce6d591af4b45c59e48b5686887da694ac9658ef
Media.pk2	interface/worldmap/map/map_world_70x101.ddj	CONVERTED	87528	0b70b7cf2476cd77724398525bad09164941227ed7f82d629d2ad8917959092a	DDS	128	128	android-assets/textures/worldmap/map_world_70x101.webp	5852	46afeba21b6bdac3117ffc5e2d56c3867a79106fcc9842bd60e9bfb6f9233b82
Media.pk2	interface/worldmap/map/map_world_70x105.ddj	CONVERTED	87528	0a755618b648ef6c759f6b40cec0c5596f0ad9d8fdc730faf3d708b0ca05a939	DDS	128	128	android-assets/textures/worldmap/map_world_70x105.webp	5328	a14bf5c1ada04fc8bdaf2d1e2570233a1b5d77b5553c465ff5b6762ffd946027
Media.pk2	interface/worldmap/map/map_world_70x109.ddj	CONVERTED	8340	902ab0a06ce235a5c449486f90bb2ff36bff25feba48c42338c6b29731c31cc8	DDS	128	128	android-assets/textures/worldmap/map_world_70x109.webp	5088	8d01831b82d3e59b91488cb4c78019ad84553a19215eca7868c00e4ea7963f35
Media.pk2	interface/worldmap/map/map_world_70x113.ddj	CONVERTED	8340	37ec932c9fad200ced3af0a1a8451f1270ee2750c298cd7688214003f333a8de	DDS	128	128	android-assets/textures/worldmap/map_world_70x113.webp	5258	9622f4a1d5304f99e2194e6af687b7293cd0309ba7e094c67fdca59f0c9125cd
Media.pk2	interface/worldmap/map/map_world_70x73.ddj	CONVERTED	8340	04b3a802ec9cc8f2a28bedb4f304833c4f9a8672c12210c6dfc21a9e4e356d00	DDS	128	128	android-assets/textures/worldmap/map_world_70x73.webp	4594	d32b2bb60effe4e1d6ffaf715ff3b689670dee9873c3945eb38dc878219a918e
Media.pk2	interface/worldmap/map/map_world_70x77.ddj	CONVERTED	87528	11e99f8557aa785786fd9a66c5b3aafc59278f0ed9d79caaa2ef1d7042755894	DDS	128	128	android-assets/textures/worldmap/map_world_70x77.webp	5384	2ddfa952bb1b9b806defa7161859f2c03e5d833cbf16163d3d2a0a1c85cd8cff
Media.pk2	interface/worldmap/map/map_world_70x81.ddj	CONVERTED	8340	46288ab30c6517dd61dcbd3cfe9bce72d375bccc1265a9bd047d99c0a293c64e	DDS	128	128	android-assets/textures/worldmap/map_world_70x81.webp	4694	9fc41bcaea76be2fc6169c773b49e403a44bbcd9edd27dee50a66f320590220b
Media.pk2	interface/worldmap/map/map_world_70x85.ddj	CONVERTED	8340	43a99bd4ee2d6736da08363645fa377a8721775dc9b6deeb924aeb0833bea3a5	DDS	128	128	android-assets/textures/worldmap/map_world_70x85.webp	3530	1c2dd6c7e85b55697ce0720901234bf5e7eacb03405c1da797ae4d04f55d2c69
Media.pk2	interface/worldmap/map/map_world_70x89.ddj	CONVERTED	8340	17435d27a78832e7c96212a264466e432000835a164e1c7914e802bd88646372	DDS	128	128	android-assets/textures/worldmap/map_world_70x89.webp	4518	7b8f43d4a3a1dcc96737d6fd568f9c3b5afc642410f9867126bb9863f2ca5044
Media.pk2	interface/worldmap/map/map_world_70x93.ddj	CONVERTED	8340	d09316c8aefc9921ae77883697c6f4f77f416473fffa7d9d7e346fa06e622a59	DDS	128	128	android-assets/textures/worldmap/map_world_70x93.webp	4358	7c96f90a9b801cbb850ac406359112644c6aa2cb7048591567df413954cab48f
Media.pk2	interface/worldmap/map/map_world_70x97.ddj	CONVERTED	8340	82a43436a4a147d969e6f768e8507803b5d7bd444432f316e68948715c692740	DDS	128	128	android-assets/textures/worldmap/map_world_70x97.webp	4726	15f8e2684e2ff8fc8a273ec60c2b253226b164bc4110e970e840a917b93a028d
Media.pk2	interface/worldmap/map/map_world_73x101.ddj	CONVERTED	8340	9b24471cc4489137724ee2b721c0218a17005297b55698977a3b4255925d2d41	DDS	128	128	android-assets/textures/worldmap/map_world_73x101.webp	4516	f84cff0930b73262c72648592b07ed94130b54b2521b34d283260a41f101269a
Media.pk2	interface/worldmap/map/map_world_73x105.ddj	CONVERTED	8340	458d705e13948391af0db2d0eb751a195a8ceb60152df2ec11361608548829c7	DDS	128	128	android-assets/textures/worldmap/map_world_73x105.webp	5014	3757f2248e6edbec06692fdcb1b5d0a1f211a4ee14dfff2e27c20f28ea98f37d
Media.pk2	interface/worldmap/map/map_world_73x109.ddj	CONVERTED	8340	f76decbc5835b47a14a612aa295102c1ff0c91b728322308d9ec4efbe1096159	DDS	128	128	android-assets/textures/worldmap/map_world_73x109.webp	4334	700379293964923683c3ce111a7142278b3487ebdb0326d7e6eef0702cd1daef
Media.pk2	interface/worldmap/map/map_world_73x113.ddj	CONVERTED	8340	fcfb14f9ce8688c3f879aa76faaa78168c56fc8bb18bb4ea7c23ad44dd964724	DDS	128	128	android-assets/textures/worldmap/map_world_73x113.webp	5174	020b92d714f37af0584655d91718b25e99f06cf0408e27832d00a861c7b6cb20
Media.pk2	interface/worldmap/map/map_world_73x85.ddj	CONVERTED	8340	d858d8c95ff9002c8b3e62542655a7d67dc260e90c70dcf1f45df5e48d145f74	DDS	128	128	android-assets/textures/worldmap/map_world_73x85.webp	4420	d18bea6a07940565bf3870c67ffda287e49b6fa0a332e4895ba9815f35c2d994
Media.pk2	interface/worldmap/map/map_world_73x89.ddj	CONVERTED	8340	2b2ef3c00ab75940ca5a99d9161d6cf515211746c9763eeb29fb0cff63d93d6b	DDS	128	128	android-assets/textures/worldmap/map_world_73x89.webp	4952	62850046f78e1dbbb805caced9f193bb60f9e3d657301518af444d2e264cf314
Media.pk2	interface/worldmap/map/map_world_73x93.ddj	CONVERTED	8340	b55bf5e7a2ccaf08b015953d09e832a5c470ae3dc157975b483ce2f0f38b1020	DDS	128	128	android-assets/textures/worldmap/map_world_73x93.webp	5028	724bb4f0e3b95ce7ea370317ea35e06c5c85935987fd0d16b54de0a1153b2006
Media.pk2	interface/worldmap/map/map_world_73x97.ddj	CONVERTED	8340	82216390f466cbc19a6bb18ec35f0a799223473bc9eec27fac748dcba947e3dd	DDS	128	128	android-assets/textures/worldmap/map_world_73x97.webp	4672	48cc7914c9fd1363760aa7c24a76404dd297f00a48d478bf5f9b7cc86f98a321
Media.pk2	interface/worldmap/map/map_world_74x101.ddj	CONVERTED	87528	d4161a3b2ea55063ec39264b8441f8d46616833b01f24f345689621a137c27fd	DDS	128	128	android-assets/textures/worldmap/map_world_74x101.webp	4916	fc67a20f0f790366dcb74600c44ffdfa26500f5f2ca42149c2650a582cdc3d6f
Media.pk2	interface/worldmap/map/map_world_74x105.ddj	CONVERTED	87528	0c8f95b2914182945e55fc8164ec4391571b979053c7966b3406a646512d302b	DDS	128	128	android-assets/textures/worldmap/map_world_74x105.webp	5608	dd19d983aa34bdf4c874dc08f9951e54dd5a891ca847d6db2c7fb25c572f2186
Media.pk2	interface/worldmap/map/map_world_74x109.ddj	CONVERTED	8340	5bd288c68e8b97d75926c7eb3a917929c0bf604d850f5b7b1380000e37ee4669	DDS	128	128	android-assets/textures/worldmap/map_world_74x109.webp	4706	6901a2961b2ce4d7a5f793d39358842d11449e30fcf0f3a47f68a397198cd51a
Media.pk2	interface/worldmap/map/map_world_74x113.ddj	CONVERTED	8340	b7b26ca8b38e0b9740c7785586957ebed0c6ccc199564cdf20c3e29806e4e92a	DDS	128	128	android-assets/textures/worldmap/map_world_74x113.webp	5260	9c65438ca2fb2a478cbe3f9cbc43d9d809e42d557bcf7d344a901982a216c7e0
Media.pk2	interface/worldmap/map/map_world_74x73.ddj	CONVERTED	8340	75eee5dca0d421f31a760d4fa94fe3427039bb34ff799653e8667917e77422d1	DDS	128	128	android-assets/textures/worldmap/map_world_74x73.webp	4240	7310b11f7546ca5db4e47e3b84b36538d05a18b6ed7c48c7611f4ef8fceb0c5c
Media.pk2	interface/worldmap/map/map_world_74x77.ddj	CONVERTED	87528	132168e45f5c7580af9d251727b8dc98af15fe32a405eb7741e76f7d56c985a1	DDS	128	128	android-assets/textures/worldmap/map_world_74x77.webp	4116	8c7c1045a809261f88315817da6994c3ac44572dd13b11ffa1e49811987c72ad
Media.pk2	interface/worldmap/map/map_world_74x81.ddj	CONVERTED	8340	5ee9938cc8a2c348e8276defd9d749361924520b08826dff44faaad8321c135f	DDS	128	128	android-assets/textures/worldmap/map_world_74x81.webp	3866	67ca36f742565070dd235dd55b0662626d4aed100186fd93a80287ddfc56c5b6
Media.pk2	interface/worldmap/map/map_world_74x85.ddj	CONVERTED	8340	0a7509370c0202980d2560d1877c01c6a32ab25d9d5d0c23013b2bf61a1df635	DDS	128	128	android-assets/textures/worldmap/map_world_74x85.webp	4300	8d51c4f8a60d235980337081bd1655e0559810e652fb7bb93c94a255fc81de3c
Media.pk2	interface/worldmap/map/map_world_74x89.ddj	CONVERTED	8340	aa7dd78f3205bfbff70259cea05f8ec50a0a94f6e30dbeeb3497eaad7b9ce137	DDS	128	128	android-assets/textures/worldmap/map_world_74x89.webp	4622	00e9b7ce7698adf35c1d0bbf3061dcd3b07eed9bd855f0dcbf228f869b9f47f0
Media.pk2	interface/worldmap/map/map_world_74x93.ddj	CONVERTED	8340	ec5042c261975597c2949c94e5a95bd0c38efe2301e33ec832da01fc7b9e13ac	DDS	128	128	android-assets/textures/worldmap/map_world_74x93.webp	4914	5c6e8fccca670e5046d8cd13354415bef0045a4109096add777dbfd99a6bde96
Media.pk2	interface/worldmap/map/map_world_74x97.ddj	CONVERTED	8340	83ddcb7ea039381d966ac784b4cdbaf1e3768f1d163ccd9da630bf8fa54f413e	DDS	128	128	android-assets/textures/worldmap/map_world_74x97.webp	4420	695ea56bc244ae44e8edd223dc3cd851e731e8fc5787561279a2ba91573b585e
Media.pk2	interface/worldmap/map/map_world_77x101.ddj	CONVERTED	8340	9ad0017bf32ceae610f5387a9370b29de3013ef3b721b9bee43dba1bd4545d4a	DDS	128	128	android-assets/textures/worldmap/map_world_77x101.webp	4656	7df481a9753a157a9450448017f2b7154bfa5d073dd82479c5a25548556a3b20
Media.pk2	interface/worldmap/map/map_world_77x105.ddj	CONVERTED	8340	a94726915497844126a34b5d2e4bde2080f6fe9387c5ac9a45c49770e5e4dbd8	DDS	128	128	android-assets/textures/worldmap/map_world_77x105.webp	4170	625853318f43acaa330207b572b02d151a71a80e0d8b53415ec5ef545fa12de1
Media.pk2	interface/worldmap/map/map_world_77x109.ddj	CONVERTED	8340	9d32f59484d9b133f371ed9cb097f6d7920ad37e55549298b7547360881bb5ec	DDS	128	128	android-assets/textures/worldmap/map_world_77x109.webp	4394	1cb1491efd8766a3a2f8547cc328d349f40abd1a4d6af4eede041b03cb600692
Media.pk2	interface/worldmap/map/map_world_77x113.ddj	CONVERTED	8340	65d4224ffa2ff8e78072a14826e7d8eabc82c1e3d7de553215ea29f53b3cbf8c	DDS	128	128	android-assets/textures/worldmap/map_world_77x113.webp	5358	dcaaba938203bda3935e404a231d482291a99a0475696dd0a11b0a0286077aa2
Media.pk2	interface/worldmap/map/map_world_77x85.ddj	CONVERTED	8340	eb17debbc26f63dcd8e6988e1a3774587175be0804fb55fac370419459316b5c	DDS	128	128	android-assets/textures/worldmap/map_world_77x85.webp	4880	9109cd0f759fbe17e196cd1d682bfc0c0189bdc312db03f94f273a4b21e545ab
Media.pk2	interface/worldmap/map/map_world_77x89.ddj	CONVERTED	8340	fa35183d13d6ea9cb7bf07df5b19e985099ca7b81e17834cd30efb1f0d2e26e8	DDS	128	128	android-assets/textures/worldmap/map_world_77x89.webp	5708	e5ec8e47a6a7321a900f34c5922748c35347bcafb89ed8726c3907e1f78454fd
Media.pk2	interface/worldmap/map/map_world_77x93.ddj	CONVERTED	8340	75f4c22850c695b230010b41b17e794349405e979318ddd3af74ee63c45dbda6	DDS	128	128	android-assets/textures/worldmap/map_world_77x93.webp	5024	a173b775417252b9b6c89ac7229534f92f071687f3c87f2720feebe7d649e41d
Media.pk2	interface/worldmap/map/map_world_77x97.ddj	CONVERTED	8340	c99cd204e19b071861f4bc89b665d571a44b5c032053b6053746eb1d12873f11	DDS	128	128	android-assets/textures/worldmap/map_world_77x97.webp	5408	290ea4eaac3dbf6fd304819530d481ee5f0fca955810c96edd7f8f02fe644be9
Media.pk2	interface/worldmap/map/map_world_78x101.ddj	CONVERTED	8340	8dbbd47c3e0e3ccfe871caa0d2b1eb8384a0fe03db93eb278af091dd1345daf1	DDS	128	128	android-assets/textures/worldmap/map_world_78x101.webp	4592	f74f5d6316becbf327028e30de251365517f2c42f5338bbc95bf6008354b979f
Media.pk2	interface/worldmap/map/map_world_78x105.ddj	CONVERTED	8340	d06f7f265d82d063aaf2484169ae1e28a160d74dbad5f7a76e266a1a6aef21e5	DDS	128	128	android-assets/textures/worldmap/map_world_78x105.webp	4644	ef33c54572fc18ff30282ac0ac73482f10f65a19a64bf360a58d02d8dea843e6
Media.pk2	interface/worldmap/map/map_world_78x109.ddj	CONVERTED	8340	e23f4260a31d677a6514c5c9e4031ef7decf5f76227544de87c84bb9e30b5e51	DDS	128	128	android-assets/textures/worldmap/map_world_78x109.webp	4666	5b362a71d20126b0b3de9b46f8203a4a888ee2ce81501540bd06a6e44dc10c91
Media.pk2	interface/worldmap/map/map_world_78x113.ddj	CONVERTED	8340	a68a2f5d6e56b72c55265b4345c2ad4a378d3fd55f9cd59c0bf35b6827be354a	DDS	128	128	android-assets/textures/worldmap/map_world_78x113.webp	5290	f511139016f25888486eea90609f2e8d252923ed42b3f0469fb1e5e8d5498a87
Media.pk2	interface/worldmap/map/map_world_78x73.ddj	CONVERTED	8340	75157ff119031e5a9a8e939e76ad343fd2429b965870cdf43f084a7d8f8d36ef	DDS	128	128	android-assets/textures/worldmap/map_world_78x73.webp	4562	bfb5edc0a3698843c47961702e59f4c20f5767699e5239d746585a94ccc73ecc
Media.pk2	interface/worldmap/map/map_world_78x77.ddj	CONVERTED	8340	7c4f7a99018da812367a5fd73170e6b4baaa9a8762cd99c7c9de82212d05584a	DDS	128	128	android-assets/textures/worldmap/map_world_78x77.webp	5060	b8c31fe4d59e7e772eec1626170c1e2c1e34a71b6d8195f614e33fb66b64ab0c
Media.pk2	interface/worldmap/map/map_world_78x81.ddj	CONVERTED	8340	943ed896a5f2aa17833598d7f227940e7fb447aaed33cd078557203b75fd20b5	DDS	128	128	android-assets/textures/worldmap/map_world_78x81.webp	4458	15e380e7a56ab48716cff92f71e4a1c3a2c9449301a381c8054bafefa9bb5e42
Media.pk2	interface/worldmap/map/map_world_78x85.ddj	CONVERTED	8340	96de4e8e78b4d5db2421fc3af927e0d1e94448258e71423c82a9f6cc455292b7	DDS	128	128	android-assets/textures/worldmap/map_world_78x85.webp	4236	3d03fe94fc6267d82f572bc56dd94d8a99d4c6a761b60d2f854a711f2cfaab13
Media.pk2	interface/worldmap/map/map_world_78x89.ddj	CONVERTED	8340	807f55ba1dd4189181896a0c9139a1fcd041e2cee61ed437d64e3b79f8f9ce8d	DDS	128	128	android-assets/textures/worldmap/map_world_78x89.webp	4196	c02f4df22808c432395a425c3d08f51fb75d5e2d6ee8033f030b142fe2efe12c
Media.pk2	interface/worldmap/map/map_world_78x93.ddj	CONVERTED	8340	d051bf6dcae5d24ea6d9a14d52da0c620540b8e96240e249d685543563b1698d	DDS	128	128	android-assets/textures/worldmap/map_world_78x93.webp	5382	4f7b160fe6243476078403c41407b873609ef251458d61803cbbd044605c2689
Media.pk2	interface/worldmap/map/map_world_78x97.ddj	CONVERTED	8340	00bc9203bb6793d0614abf9bba8b5f9123b2ed9aa23b86617e238b8e3e05edfc	DDS	128	128	android-assets/textures/worldmap/map_world_78x97.webp	4762	64e6d5d8d03ab196d3939aeaff2b610e10170088da46ee0d93a8650887f374ae
Media.pk2	interface/worldmap/map/map_world_81x101.ddj	CONVERTED	87528	e63333eab290d217a29553a01eb0c686ae52451ba7a8e789770d69efc537e8b6	DDS	128	128	android-assets/textures/worldmap/map_world_81x101.webp	5598	8c46873d16d1c8d9a324f74572f7c867d071cff3b56e34407504ac10d240a907
Media.pk2	interface/worldmap/map/map_world_81x105.ddj	CONVERTED	8340	a471c0668720ccda13b1528e824c11a82471f8ebfac047d5705ea285299bb9aa	DDS	128	128	android-assets/textures/worldmap/map_world_81x105.webp	3916	7366a6ad93863fc7ffc3d5e80f6768f2ae6ef15e1da4cfc64f96ad6d0f6bc7d6
Media.pk2	interface/worldmap/map/map_world_81x109.ddj	CONVERTED	8340	a7260625e5a250cfcb37790312fb46dcb101160040a65b9c298202659615d04d	DDS	128	128	android-assets/textures/worldmap/map_world_81x109.webp	4796	7c9ed1587f8479e0c678443e20cd0fd88ce72e588befea425f683561a291c764
Media.pk2	interface/worldmap/map/map_world_81x113.ddj	CONVERTED	8340	8497ed008f8f3057e46f78c491102b006bcbc9f642b86dc4308e117a3866a83a	DDS	128	128	android-assets/textures/worldmap/map_world_81x113.webp	4386	fd5ca6102f8dc939ee954ed3814f76ad17fe63291c8fa2f33b7d3197cede8d06
Media.pk2	interface/worldmap/map/map_world_81x85.ddj	CONVERTED	8340	83c2f836424c8e827b8628f3db8789e7a3c13ac089aa85ab318f8b8ac42443da	DDS	128	128	android-assets/textures/worldmap/map_world_81x85.webp	4458	c31f0f74852273be9b1a39610101a63888111e73b9316058a9487eeb0cc0fd30
Media.pk2	interface/worldmap/map/map_world_81x89.ddj	CONVERTED	87528	8998eb4c47c0ead9294c319dc598439166c0e20ab86a08012d5d5e687d087521	DDS	128	128	android-assets/textures/worldmap/map_world_81x89.webp	6256	439e7cc03f5f5f92b0e9a77d5af5d5ef15f2a8a315b640d4d4dd981257b8c017
Media.pk2	interface/worldmap/map/map_world_81x93.ddj	CONVERTED	8340	467fdbe0d098735b026011c2d3feb06e9d5f101df91d898b83dea6416ddc3d39	DDS	128	128	android-assets/textures/worldmap/map_world_81x93.webp	5542	b6f9e92ad6fc7798e126315f4c309277ee74b7ff5aa15cddf15c8b28ca3809d0
Media.pk2	interface/worldmap/map/map_world_81x97.ddj	CONVERTED	8340	7c8c308d3b315f84d5239f5f950435989b5167fbbf438fc2e3033ae652e0e7ee	DDS	128	128	android-assets/textures/worldmap/map_world_81x97.webp	5250	e7035468ff99b1f468a170306ebff7621ab493e9f04c0f74cfd646bf0837c7c7
Media.pk2	interface/worldmap/map/map_world_82x101.ddj	CONVERTED	8340	896ab609239c0aa18aba211ef17804449fc1de2cf163ac7d93bc0f6c9c2047a2	DDS	128	128	android-assets/textures/worldmap/map_world_82x101.webp	5196	98b63910edc96ea77a1a5ada540f9a8c9eb917f3e107387b8b670131ecdabee7
Media.pk2	interface/worldmap/map/map_world_82x105.ddj	CONVERTED	8340	458d705e13948391af0db2d0eb751a195a8ceb60152df2ec11361608548829c7	DDS	128	128	android-assets/textures/worldmap/map_world_82x105.webp	5014	3757f2248e6edbec06692fdcb1b5d0a1f211a4ee14dfff2e27c20f28ea98f37d
Media.pk2	interface/worldmap/map/map_world_82x109.ddj	CONVERTED	8340	c2eb13fc99b86a50a2712bdbc0ae25a905756cc8cdd661bec3eed5d6cd2ebbcf	DDS	128	128	android-assets/textures/worldmap/map_world_82x109.webp	4278	04330e6b3685cf8dc7ae69b23bb9ed9b7872b8e412d88de9570568c2b3b6110e
Media.pk2	interface/worldmap/map/map_world_82x113.ddj	CONVERTED	8340	5d62152aca91105a39a63214555c3913c54207e953dbc2b86fe58238e436ba10	DDS	128	128	android-assets/textures/worldmap/map_world_82x113.webp	4390	ac2a90e8cfb7613785cb9de34fb85d34c02736e29c86240c523692af913d8b43
Media.pk2	interface/worldmap/map/map_world_82x73.ddj	CONVERTED	8340	a97cdf22f898b7b011fbe2b04313506f0d7f6ccf60fb56445f42c8f3bc835701	DDS	128	128	android-assets/textures/worldmap/map_world_82x73.webp	4408	09f51e62e748da719f84fcf5ff39825a2862cedb348d61db24503deceef5fafd
Media.pk2	interface/worldmap/map/map_world_82x77.ddj	CONVERTED	8340	581ab61b49ee95ec11c28d3efaf50ed3d54aa39987f75583fd05afd54d5b7fc7	DDS	128	128	android-assets/textures/worldmap/map_world_82x77.webp	5226	87076de7776cc4d446d96ae95add02fcd99db91d576658e80df277c6bdfe95ec
Media.pk2	interface/worldmap/map/map_world_82x81.ddj	CONVERTED	8340	0cb563f377362a6b1f3d9383d66aeb13a474aeeddd8aa5e75d20d2ecd491ee82	DDS	128	128	android-assets/textures/worldmap/map_world_82x81.webp	5304	0f3b2d092c5215a87067d8a7fd1c5da1d2a2ebc9951ada413dca78aed8df3c18
Media.pk2	interface/worldmap/map/map_world_82x85.ddj	CONVERTED	8340	3862b13a01185bd76498b78a6cead865053230f9f0637b14060ac51b463ef09b	DDS	128	128	android-assets/textures/worldmap/map_world_82x85.webp	4266	76db8b94df8c6e3b4354b3e1f78f9a98eafb9a3762a4f8d7ff373e9680cc9dae
Media.pk2	interface/worldmap/map/map_world_82x89.ddj	CONVERTED	8340	5a5286e0ee7bfda608e022860ea92630cb24967e2c2fc29d1e61b27722c160ff	DDS	128	128	android-assets/textures/worldmap/map_world_82x89.webp	5482	60889c93edac59953ff7ba166c8fe6d5537f8b5a31db059c81c8832b2a49ac93
Media.pk2	interface/worldmap/map/map_world_82x93.ddj	CONVERTED	8340	c0985f580e91fdfd97f7f6d9699dd5ed0f8727336dc2ad65b67d25d509576a13	DDS	128	128	android-assets/textures/worldmap/map_world_82x93.webp	4988	99bd8b2b820e2b558a526cc9df8571d39483a373c79302e8906d26e2f8419c49
Media.pk2	interface/worldmap/map/map_world_82x97.ddj	CONVERTED	8340	5ce16a9b3670f1f7a696a13749bd9f740a597fc579794d1b884facc6862da8a7	DDS	128	128	android-assets/textures/worldmap/map_world_82x97.webp	5206	cdf7de527e991ffa3c2c612bac1a5f8ee8953404722bf87450e55a96d5966dac
Media.pk2	interface/worldmap/map/map_world_85x101.ddj	CONVERTED	87528	5f4355efd7d124cadeb8999efe538e55afda7a54adcab5f139d2c5d45ca8078b	DDS	128	128	android-assets/textures/worldmap/map_world_85x101.webp	5228	967dc08f7699a4367db7b9fe4662e60cb94e18aca7439e624e351067b8133e32
Media.pk2	interface/worldmap/map/map_world_85x105.ddj	CONVERTED	8340	5378ee9f3201ac06ce0969810a91be588782fc8c555bc8ae4c77f06006e8a70a	DDS	128	128	android-assets/textures/worldmap/map_world_85x105.webp	5188	9b2dc900fbfce107a599c0a1af801d18e5d521613e7abae00c9afe28cc37d398
Media.pk2	interface/worldmap/map/map_world_85x109.ddj	CONVERTED	8340	5fed2071bf98ba180d70521eef139ded710e686b1dee61d6ac2ac4779bcbb311	DDS	128	128	android-assets/textures/worldmap/map_world_85x109.webp	4650	a4ee79398b6483cfa7ca2cd5e082b952bf12827dbb01b54b042f7f988dc41d5d
Media.pk2	interface/worldmap/map/map_world_85x113.ddj	CONVERTED	8340	efa10af2075005113076bcf6ce4f6ff99c182f8448efb77e10679f179d1e28e8	DDS	128	128	android-assets/textures/worldmap/map_world_85x113.webp	4352	272a51648eb6afd8d190c28a77771eb7a2d627b6989a08507f8701dea67513fd
Media.pk2	interface/worldmap/map/map_world_85x85.ddj	CONVERTED	8340	24ee0f66b7509a781817922cca5debe7f1b99cc5565af21e2607d1260da0691b	DDS	128	128	android-assets/textures/worldmap/map_world_85x85.webp	5016	94883b4239fb456135dba83ac55e3414435b2b65822bb44eec6c0956881b1041
Media.pk2	interface/worldmap/map/map_world_85x89.ddj	CONVERTED	87528	1752bb2bea27e0173d6546e3b99d5b25bded797174e7eb732ef6f73d56223816	DDS	128	128	android-assets/textures/worldmap/map_world_85x89.webp	5922	1fd1fa6d7ace1c5ea76e75a287b2bc75334cae43c16c22b189d0a711422766ec
Media.pk2	interface/worldmap/map/map_world_85x93.ddj	CONVERTED	87528	440e582cc0fb02c8bfd1bdc2e1f89ddac4f70ee1d238a7d4407a1e0088b74b9a	DDS	128	128	android-assets/textures/worldmap/map_world_85x93.webp	5938	667103168acab3d083e282b532999b111b395ce6fac41cedb84b9bf212d8f8f1
Media.pk2	interface/worldmap/map/map_world_85x97.ddj	CONVERTED	8340	a0dd822e0adfab3d5e04d70727051c6c9360cd8e3e24fede96accb251edfef46	DDS	128	128	android-assets/textures/worldmap/map_world_85x97.webp	5738	284152be7da40169fd4b09380a3a0c197cc0442e9fe7e956840921f90a2cbd41
Media.pk2	interface/worldmap/map/map_world_86x101.ddj	CONVERTED	8340	88d99107d382a9aef1d3cdddcb0f4d0e4f82b607234e038c1575b921e62bb35a	DDS	128	128	android-assets/textures/worldmap/map_world_86x101.webp	4510	0fbf043c2e1c7106e9e0e72a1231ddc03b3f70fe6fe474a568e3df424b8debe9
Media.pk2	interface/worldmap/map/map_world_86x105.ddj	CONVERTED	8340	2d6145376be340dd92c9472ba7ca9714372263094e3e3a9c27a4af9d9daa5b65	DDS	128	128	android-assets/textures/worldmap/map_world_86x105.webp	4166	3f3062c9d7fa2472327b8a97526e9ced05132cca7eef26d6ed84d87d587f8464
Media.pk2	interface/worldmap/map/map_world_86x109.ddj	CONVERTED	8340	0089d552aa31df406b263750859c5f604a63ecc218fe29cc1d8db2a08972e76e	DDS	128	128	android-assets/textures/worldmap/map_world_86x109.webp	4626	002742a01371cf520081c3678230f1e0c9dbd18b8993cf90dc32eec8abe74c7b
Media.pk2	interface/worldmap/map/map_world_86x113.ddj	CONVERTED	8340	0efd696b2140a6eb027c168c57e7654f8076845a7501ee6ec01ddee7f1ee2c91	DDS	128	128	android-assets/textures/worldmap/map_world_86x113.webp	4232	1b2c3144642ec0489607898be421035f3b0ec379d00ea9a7d2835f7bfaec91e9
Media.pk2	interface/worldmap/map/map_world_86x73.ddj	CONVERTED	8340	d4a51f3e5a4c210d68b36a09abe0d558c631c8bbe863cdd5b5649d4eb85d0fbf	DDS	128	128	android-assets/textures/worldmap/map_world_86x73.webp	4116	6e1aac931e6850ba64c1655d9e7e9326527889ff8b7c145e5a2b9af2e716760e
Media.pk2	interface/worldmap/map/map_world_86x77.ddj	CONVERTED	8340	96331c404722dedc51d20424643f666bf77a11cbad7068a92d72ebf5b3a27cd0	DDS	128	128	android-assets/textures/worldmap/map_world_86x77.webp	4424	f23453331de58ddc9f880eb515b1d539f2fd3e4d41775d4ea37af02d6df16e23
Media.pk2	interface/worldmap/map/map_world_86x81.ddj	CONVERTED	8340	ae83b9bcd9e64358759c373cb4cd645e20c6834dd294807dcc15675a018eb59c	DDS	128	128	android-assets/textures/worldmap/map_world_86x81.webp	5410	959f3585c7be184cee92e6a0e264c5417483b7b5ba3a40a054d433c229484a64
Media.pk2	interface/worldmap/map/map_world_86x85.ddj	CONVERTED	8340	e182baadb9da69c5e76b7f12a5672ab1513a2b826b1f8eeb562e38eff8b6f0f1	DDS	128	128	android-assets/textures/worldmap/map_world_86x85.webp	4040	7c19dbbf6b7c81d2d26f6ecacb3a196e74957a18f802455d92d0d192be85f8b4
Media.pk2	interface/worldmap/map/map_world_86x89.ddj	CONVERTED	8340	7121bf2389b19a92edfbc2486deb9ef7a87c0dbf4543c8ee32be70ac8e08acec	DDS	128	128	android-assets/textures/worldmap/map_world_86x89.webp	5200	65da5ba1c8acdee382eaea7d90a0c504e9baf85ba3ce7d90454ed58608ecc4b9
Media.pk2	interface/worldmap/map/map_world_86x93.ddj	CONVERTED	8340	f542e6c65d3be88d810bcf7d5897c45e3e38855ba34b9a705ad62883e13036d4	DDS	128	128	android-assets/textures/worldmap/map_world_86x93.webp	4918	7f3014bb82e8f61c75800d3d3106ffe329b7f9f96948b3d60f66f3213bf3ac42
Media.pk2	interface/worldmap/map/map_world_86x97.ddj	CONVERTED	8340	c9669c20abc9921bbcbcf48ae97e01233c5cdb317f8d898ee425ce5f87fa9a68	DDS	128	128	android-assets/textures/worldmap/map_world_86x97.webp	4596	3cf9ec4c71727df02d9aec933ec7d7606c7cfe6a148de8537de6e749fecaeee8
Media.pk2	interface/worldmap/map/map_world_89x101.ddj	CONVERTED	8340	4195134b901e96fb0bc0ca3687444e5c46c2752f51f289ef9dfe2d508c73aa91	DDS	128	128	android-assets/textures/worldmap/map_world_89x101.webp	5484	d882f14f12287bb128a6486c710764186815bff3f77f62dfab5a3d46cfed9248
Media.pk2	interface/worldmap/map/map_world_89x105.ddj	CONVERTED	8340	b0e7b29635426e4863ecc8ac1c43b10be66296275a95fe1eb492251add080dd7	DDS	128	128	android-assets/textures/worldmap/map_world_89x105.webp	3704	e117fa0913f55d987af218bb5f03bdc8937cadabe0f5c27aa88e3651454b931b
Media.pk2	interface/worldmap/map/map_world_89x109.ddj	CONVERTED	8340	c04c74a54e7712436f5a79c7526212531b84b5094b07cb0e054632d0c381d68e	DDS	128	128	android-assets/textures/worldmap/map_world_89x109.webp	5028	97fb2b5fad72d0ab9dbd5841da3562d78ad46d674b821a2520a8ab2040c09bea
Media.pk2	interface/worldmap/map/map_world_89x113.ddj	CONVERTED	8340	272f5162accb1a65e354d5e9da3ed68253d07e52c3bfdd0611711e0f76a7e01b	DDS	128	128	android-assets/textures/worldmap/map_world_89x113.webp	3728	7735c28656e5437330e8f51de065142a3ec71b411f5877ca03ef05dcc5abe961
Media.pk2	interface/worldmap/map/map_world_89x85.ddj	CONVERTED	8340	c4bf0cc74182d73d925b4a141d08d62aed0a2c2345bbffb5a9e79a6fa60b2e88	DDS	128	128	android-assets/textures/worldmap/map_world_89x85.webp	4728	240d354d199c8bb0d437f914a5c9c3fcdf62c9b4222b7b38955070c946a44612
Media.pk2	interface/worldmap/map/map_world_89x89.ddj	CONVERTED	8340	07f4d9bbe567206fc87f3c38b13d4db1b4cf95259db747a87ba924280d8bee23	DDS	128	128	android-assets/textures/worldmap/map_world_89x89.webp	6276	ed5f477540cbe1a48ec802d6a17c283106fbd159cbb1e99ab5fbe40395477757
Media.pk2	interface/worldmap/map/map_world_89x93.ddj	CONVERTED	87528	f1cafa83fad66f6c42fbe773db1f50b8bab8567b34667705a755d2420eba4c90	DDS	128	128	android-assets/textures/worldmap/map_world_89x93.webp	7060	f77ad6c72ee73273687f414f6dd2278b2a2329c06e388f120a1525cccb462d54
Media.pk2	interface/worldmap/map/map_world_89x97.ddj	CONVERTED	8340	82c2c976b90739f1d04de689f7fefed85c74aa8a0b5af96443d21055147d2922	DDS	128	128	android-assets/textures/worldmap/map_world_89x97.webp	5200	f3c45b6f183098a8216ee90584f2b4bd21bca0001ac74d39dc78cde6b7e355fe
Media.pk2	interface/worldmap/map/map_world_90x101.ddj	CONVERTED	8340	3571fb49757624808697d086af44f2cab723e21526b4f360332bdf107f711aa1	DDS	128	128	android-assets/textures/worldmap/map_world_90x101.webp	4834	06985d74547392dbc2b749335d0995e07b3318443de80f0003c49f1d74afcd7a
Media.pk2	interface/worldmap/map/map_world_90x105.ddj	CONVERTED	8340	66141dfb102fa1f16ed143e147d5a2d778f44c6b08bcbcc1ff498e54087c149d	DDS	128	128	android-assets/textures/worldmap/map_world_90x105.webp	3910	ce1c911bc1a84eb8b0adf0943aebe4c117455b4551bdd30b1c6b957fe170051d
Media.pk2	interface/worldmap/map/map_world_90x109.ddj	CONVERTED	8340	31318ef47aae4611559ca19544fc18c43761af43a6461200abf2b7f95d315bed	DDS	128	128	android-assets/textures/worldmap/map_world_90x109.webp	4506	bd5fa3b950a5a68ffafe417ba4ed3a12802327dfc5dcb71bcd03001977be6a54
Media.pk2	interface/worldmap/map/map_world_90x113.ddj	CONVERTED	8340	f673b32f9352a11a3533e992f697e22624c53b14f3386eda17381fcd2af768cd	DDS	128	128	android-assets/textures/worldmap/map_world_90x113.webp	3774	95304e004d754e3f0fe5bd554eb5016dee16f9b9a2774ef52f754d5ef4b10ff1
Media.pk2	interface/worldmap/map/map_world_90x73.ddj	CONVERTED	8340	4edfd3b20d0b51a519800979b84025c4ff1512175cc64a78284340a7202910b7	DDS	128	128	android-assets/textures/worldmap/map_world_90x73.webp	4748	8df1615cceeb702294a8b81e3885a57a294d058b07abcaddfe8db567363172ed
Media.pk2	interface/worldmap/map/map_world_90x77.ddj	CONVERTED	8340	288b5263f73c037a78440494b2f5a1c0f77cda3aeea9f684bd20300553f661c0	DDS	128	128	android-assets/textures/worldmap/map_world_90x77.webp	4538	291eba5770e9f13bfe05558ecef15bebf3b3f0345bdd075debbbeacc3fc74de8
Media.pk2	interface/worldmap/map/map_world_90x81.ddj	CONVERTED	8340	badf74b0276bc8f584896307fa21fbef7ffeefb0a41db265dc9cd4663a5c9146	DDS	128	128	android-assets/textures/worldmap/map_world_90x81.webp	5086	386b9f58c3cef1dce3a2efc9af3abe691bdce380f3f327a6722676876d682bcd
Media.pk2	interface/worldmap/map/map_world_90x85.ddj	CONVERTED	8340	75a7d6a40faa00dd543d93a2db3d9ab305a51ee5de52fc9f4260268be3b53b3c	DDS	128	128	android-assets/textures/worldmap/map_world_90x85.webp	4286	e855970d03c88337b4a2b5207ae124d68558ca0ca0d8a91ed654b0635c12ebd6
Media.pk2	interface/worldmap/map/map_world_90x89.ddj	CONVERTED	8340	10b3abc50449a21f890510b0853468c04e129bd8c479c3816ec271ada02a5509	DDS	128	128	android-assets/textures/worldmap/map_world_90x89.webp	4670	fc091f99804fa9f6ee11939050a95385ed9e5691f5d4fdf7969f40cb0b67cbad
Media.pk2	interface/worldmap/map/map_world_90x93.ddj	CONVERTED	8340	657c0d2f9e947fae8ee311035ce53ab08f55fb91a45c4a7488650008402b0265	DDS	128	128	android-assets/textures/worldmap/map_world_90x93.webp	4808	f6e9220758e877c9aff48a4a3c3594ff6a541f3aa7c1706713bd922dd9d4c47d
Media.pk2	interface/worldmap/map/map_world_90x97.ddj	CONVERTED	8340	9c3b9adcbe24a917220da92d2987d288eac12c7afdb861ce4ac3c78b17c1825f	DDS	128	128	android-assets/textures/worldmap/map_world_90x97.webp	4744	360941e91c06396636f66b56ce1d20bb10d2d39af30caf36eca3e2fbad490773
Media.pk2	interface/worldmap/map/map_world_93x101.ddj	CONVERTED	8340	43d7a7cf2c4370ead7af6df8603c60dfc9c97b7eef56aa0a6755a14cb58d3f2a	DDS	128	128	android-assets/textures/worldmap/map_world_93x101.webp	5554	6c5c8c858b8a234acd28f3baede2710321ef47644fac248a185170b0c1848278
Media.pk2	interface/worldmap/map/map_world_93x105.ddj	CONVERTED	8340	3c28df4571dc1ccafd996377969200ab4af6f18b052dbca029736b808d68665e	DDS	128	128	android-assets/textures/worldmap/map_world_93x105.webp	4734	ab393e8a4198634e18d6c073fb91874fedbdd3618d583712ba2fe5f36a808565
Media.pk2	interface/worldmap/map/map_world_93x109.ddj	CONVERTED	87528	0aba5cd60bb15adfe16282cceac7ef94f383ea6f6db71254b1252645b1f4da0e	DDS	128	128	android-assets/textures/worldmap/map_world_93x109.webp	5408	a5f293cd2f27b6597c6dedda3b5cfe87c413e05d9c30f79325636efb292ba31f
Media.pk2	interface/worldmap/map/map_world_93x113.ddj	CONVERTED	8340	8bce0898c74e5f6b50a5398ec37a6b61afa838c6a935b841dccc86777cfa0bec	DDS	128	128	android-assets/textures/worldmap/map_world_93x113.webp	4246	6a0bec8f28980aeaf6f5589d8af62c222c81f0eb6449ef7986a4929b8a91f391
Media.pk2	interface/worldmap/map/map_world_93x85.ddj	CONVERTED	8340	f2f53a76b696466ac0a14e0b7c8bd7818c8bbc1372922a9e2e2d575c20987335	DDS	128	128	android-assets/textures/worldmap/map_world_93x85.webp	4452	93006471778fe5186ddcbef923699e28703e80e042fbd2dc482410b1ede9b7aa
Media.pk2	interface/worldmap/map/map_world_93x89.ddj	CONVERTED	8340	4928809d9a9a3893129507606f1b42ee4910cfb255689fdf47ae7f574ea56a50	DDS	128	128	android-assets/textures/worldmap/map_world_93x89.webp	5798	d369828d2adf226fee49ff496a3e85b67a4bb748151e5f4a9b5cc9000c5a5c71
Media.pk2	interface/worldmap/map/map_world_93x93.ddj	CONVERTED	8340	8940b5b54e5064d33ce8f8749ed519de9896db3b0d74b157bb3a62d517804ccc	DDS	128	128	android-assets/textures/worldmap/map_world_93x93.webp	6276	82c950720833da60cecdacb1cc072a6c6aa7bb291ed6addd2b8b9eb820f9e19a
Media.pk2	interface/worldmap/map/map_world_93x97.ddj	CONVERTED	8340	1fbfd58816ae6f8e39044d3700e81db15c602aaaa4ae521390bee061f1b89bb0	DDS	128	128	android-assets/textures/worldmap/map_world_93x97.webp	4914	021c7ee929a6a1b715fc26780d7f3685f883d1cae30e898f3fba7f154a581bba
Media.pk2	interface/worldmap/map/map_world_94x101.ddj	CONVERTED	87528	10a6d5ae28167f5f9cf6022334a57f82878dd1c8ebe4553e97b518368380da0f	DDS	128	128	android-assets/textures/worldmap/map_world_94x101.webp	5598	8c46873d16d1c8d9a324f74572f7c867d071cff3b56e34407504ac10d240a907
Media.pk2	interface/worldmap/map/map_world_94x105.ddj	CONVERTED	8340	4d0f27ed62f5ff7ff33ed3179964281192453c0bb728b42ee4df56cfba1e0001	DDS	128	128	android-assets/textures/worldmap/map_world_94x105.webp	5230	0807c720df872c7a9b867a554a6f9ba05a637e6f902fe5f12e0d21dc55331e21
Media.pk2	interface/worldmap/map/map_world_94x109.ddj	CONVERTED	8340	aa9c2e9d46f9eca93551217a66cf192e1df507192ac1199afe13bf0b944db36c	DDS	128	128	android-assets/textures/worldmap/map_world_94x109.webp	5032	c28778eb54828d626ab42bcfc58edd8b1c9659eedd9d4ff983bc921f936b693c
Media.pk2	interface/worldmap/map/map_world_94x113.ddj	CONVERTED	8340	90eef2da5374f19a77b300c510995cc80f8f999037f147acac3cba603513d2dc	DDS	128	128	android-assets/textures/worldmap/map_world_94x113.webp	4264	d8de7cf9b511a30bb6840f7a89a6bfb5a2b8574e04b8a5e6da3e7d5b9b44a0a0
Media.pk2	interface/worldmap/map/map_world_94x73.ddj	CONVERTED	8340	e2bae5dafeabe5c6e9c1b6775fcc01e67ed4bbc64bbaf572c8fd5cb4a40afcc4	DDS	128	128	android-assets/textures/worldmap/map_world_94x73.webp	4610	784207efb86f4905c1eef96304cea8b664cf9bfe111c5df5263b684a283094c9
Media.pk2	interface/worldmap/map/map_world_94x77.ddj	CONVERTED	8340	6f159eb3e479c4e037f2f2de78b158501e1b49c46a90a5e6f92ecc2db245de3f	DDS	128	128	android-assets/textures/worldmap/map_world_94x77.webp	4508	56a2b6e62f7e6937b0de72bb5e4c624facde6a29e174a9a38cf65dc95b63a62b
Media.pk2	interface/worldmap/map/map_world_94x81.ddj	CONVERTED	8340	cc4cabb1c14950864c99cff7823671a2b5301cea81f7f202651b25ead0b5e56f	DDS	128	128	android-assets/textures/worldmap/map_world_94x81.webp	4824	a8e48fbbffedb7a09cb4f39ca228097a5abf36366757e5883b9f69730c002855
Media.pk2	interface/worldmap/map/map_world_94x85.ddj	CONVERTED	8340	efb7b0c956a6d4e9fe89dbc48338fbc8cc778d2f63553755270a638c58b8b2be	DDS	128	128	android-assets/textures/worldmap/map_world_94x85.webp	3690	89399a94d0a64d0689e6122d140344e4b745d9d619132c024f2bf26b9380b646
Media.pk2	interface/worldmap/map/map_world_94x89.ddj	CONVERTED	8340	0f8e7824e874f8d28f4185061b9087521a8e1bb279666cbbb1458acd11575e98	DDS	128	128	android-assets/textures/worldmap/map_world_94x89.webp	5176	ee64601c09cff370e1b946b70089266d5f92c4f72a238ce283e3c451ee2f19c6
Media.pk2	interface/worldmap/map/map_world_94x93.ddj	CONVERTED	8340	16414ed5323ca471031db408b6f2492981f833fd40bda1bdf7cd403987842aa7	DDS	128	128	android-assets/textures/worldmap/map_world_94x93.webp	4864	9fbefe543e94aa9a1dc97c6af31ec9189c33d7b757701ce4cb9e0d4fe027cd3c
Media.pk2	interface/worldmap/map/map_world_94x97.ddj	CONVERTED	8340	767af6ba4d409e3fd36722d65e6e28943ccc3fedc9ff2bcb121407dbb76a0421	DDS	128	128	android-assets/textures/worldmap/map_world_94x97.webp	5094	a7e1355479a83b62585712336488d4d9b25dd02568302c23ef231683da931b72
Media.pk2	interface/worldmap/map/map_world_97x101.ddj	CONVERTED	8340	45799465c0aba0b43455629dc14b2787f8509703cafec3910b21e62582ca7f8d	DDS	128	128	android-assets/textures/worldmap/map_world_97x101.webp	5742	7cdbe74d46272a84ee780da9d34addc3215d6a381848f5a426f3bc5a36be034c
Media.pk2	interface/worldmap/map/map_world_97x105.ddj	CONVERTED	8340	2f635dc16e30fb4bdb010e802863e13933418d295d22aaff7f05cb4efd69109e	DDS	128	128	android-assets/textures/worldmap/map_world_97x105.webp	4242	200a525326701b97aaa3c2eb800f2b8dc62ba00995af8f55511145ace4af31a3
Media.pk2	interface/worldmap/map/map_world_97x109.ddj	CONVERTED	8340	a4404222efb1e5492701231eb873148743d1a9286afc3137b9b7b784b84bee8f	DDS	128	128	android-assets/textures/worldmap/map_world_97x109.webp	5254	a1382c96b11e09169b32046a018257b0185ca7b32f72480343da561c911690e3
Media.pk2	interface/worldmap/map/map_world_97x113.ddj	CONVERTED	8340	70b25180de71cfa5b2cc019ae450e1df50e5bb98fbb1141276a6e1a5d8798a78	DDS	128	128	android-assets/textures/worldmap/map_world_97x113.webp	4636	06cfe23dc816071847e78b42d093b2c4f708bd3fabddfe81ddd6005192a7f2a9
Media.pk2	interface/worldmap/map/map_world_97x85.ddj	CONVERTED	8340	11594b2edc4cd361f090a022a3013f7e7ece90ed966aac2e43b5d1c9a03657c0	DDS	128	128	android-assets/textures/worldmap/map_world_97x85.webp	3936	2574f21a2ad50c4c9938e644e0f99433ba6fdc3c499af9b6887d026c3daabc71
Media.pk2	interface/worldmap/map/map_world_97x89.ddj	CONVERTED	65684	0da813c78f36178ebacba527bf3b8b1010bb4cb58668d24d93e38489d8f48a47	DDS	128	128	android-assets/textures/worldmap/map_world_97x89.webp	5462	6177042e7a868ce09a13ec3a21f0b8aacd3ae68f91a366b48e7d32ebbf387bad
Media.pk2	interface/worldmap/map/map_world_97x93.ddj	CONVERTED	8340	0df3c8de08b015a24853310c8d57bc44f5dd6e2f732e142998e3d4cd0d94eadf	DDS	128	128	android-assets/textures/worldmap/map_world_97x93.webp	5738	7d58377e0b3663fbf896062e852c0ff24b0a729569b8bd16b2b87ba7d35f4f9d
Media.pk2	interface/worldmap/map/map_world_97x97.ddj	CONVERTED	8340	f0b559be8bfb3cfbf7c1778a63960cf1fae39a9cd90ee8b69adca0ea86ba9832	DDS	128	128	android-assets/textures/worldmap/map_world_97x97.webp	5832	9943b29da5b3dd375ac5c57e36f22c7c82a7620428689b57ddaa35a70e71621e
Media.pk2	interface/worldmap/map/map_world_98x101.ddj	CONVERTED	87528	5f4355efd7d124cadeb8999efe538e55afda7a54adcab5f139d2c5d45ca8078b	DDS	128	128	android-assets/textures/worldmap/map_world_98x101.webp	5228	967dc08f7699a4367db7b9fe4662e60cb94e18aca7439e624e351067b8133e32
Media.pk2	interface/worldmap/map/map_world_98x105.ddj	CONVERTED	87528	1185122f73f705f99f15b1e69e2cb2009e51620dbb37861ff25deebf45e7cb18	DDS	128	128	android-assets/textures/worldmap/map_world_98x105.webp	4034	da2d5cd0e702a1f48eacafd94eba99b6eabca9973903779538e4b9f33fe4d182
Media.pk2	interface/worldmap/map/map_world_98x109.ddj	CONVERTED	87528	0aba5cd60bb15adfe16282cceac7ef94f383ea6f6db71254b1252645b1f4da0e	DDS	128	128	android-assets/textures/worldmap/map_world_98x109.webp	5408	a5f293cd2f27b6597c6dedda3b5cfe87c413e05d9c30f79325636efb292ba31f
Media.pk2	interface/worldmap/map/map_world_98x113.ddj	CONVERTED	8340	6742887d44358526ee8f472d685e1f1e8f2b016dbbfdd17a067f11b43f85b188	DDS	128	128	android-assets/textures/worldmap/map_world_98x113.webp	4618	a69cb4a1367915c343a9b57aeb1f87fd335361586b3c34cdcba71301851591c3
Media.pk2	interface/worldmap/map/map_world_98x73.ddj	CONVERTED	8340	6d760ee8c17e4fe94f6421b05c41008cd79b183253aebdbd3465c0529c040c4f	DDS	128	128	android-assets/textures/worldmap/map_world_98x73.webp	4048	f38ff5783090a515602d27c417c1bb22250bed050cb1f582366687df517175d6
Media.pk2	interface/worldmap/map/map_world_98x77.ddj	CONVERTED	8340	0fdb6e5aafd315375cde182c60cbf4ae7420b8f4494298676e92e8fd73b97f3a	DDS	128	128	android-assets/textures/worldmap/map_world_98x77.webp	4776	fde398d3cc2488282dfc3c0aee6b168e7743320004b85008a020bc61bd6eda69
Media.pk2	interface/worldmap/map/map_world_98x81.ddj	CONVERTED	8340	18d305ac697c0ea5ddbcb5194114103955417af5b4b622ea0b13e0cd23fdc160	DDS	128	128	android-assets/textures/worldmap/map_world_98x81.webp	4768	bb31d942d26877d9249591dda576bc3d8c2b7688faa13832c77f6c2b16687aa0
Media.pk2	interface/worldmap/map/map_world_98x85.ddj	CONVERTED	8340	1f62f2dde57c13b69fe5c65815adb88765de40d7fa308ce085faa75b0aceb826	DDS	128	128	android-assets/textures/worldmap/map_world_98x85.webp	3674	76a6461def3259b8e2b5cdc84031749799c861c72f441386933b1a10dc5fa7eb
Media.pk2	interface/worldmap/map/map_world_98x89.ddj	CONVERTED	8340	1ea81c71bb8008d0284f570a8f5ff796607d872d3e6ef4893d06736b70ed01e6	DDS	128	128	android-assets/textures/worldmap/map_world_98x89.webp	5054	fa9129c95cffd1dc079ebc392037d8b7061c2aa434cbf38fabbca96f4481e42a
Media.pk2	interface/worldmap/map/map_world_98x93.ddj	CONVERTED	8340	c00564fc2c343ea5b39ee076f1be2000f5d3903baedb85f1321f312c94f4a2aa	DDS	128	128	android-assets/textures/worldmap/map_world_98x93.webp	5124	f3c8a606b8f3013f9f753389deb75ec4718a10998647f96691b91924f43f9b95
Media.pk2	interface/worldmap/map/map_world_98x97.ddj	CONVERTED	8340	3b11b5559980fe2968015f7849b37d4e438ec1b450ff8675816ee5fc677e7824	DDS	128	128	android-assets/textures/worldmap/map_world_98x97.webp	5196	f0b2f65cbd4320675706048920beaec56ff805bd6ff6c6805b822f1ac3a8b02a
Media.pk2	interface/worldmap/map/map_jangan.ddj	CONVERTED	524436	c714b9ad0d0b43f99dbd578918c1fe9572307d079d66cc245c2a365eb50c320e	DDS	1024	1024	android-assets/textures/worldmap/map_jangan.webp	230970	a4d024d5215e6ae8edac5c86765b3c65fb81a458d55a954e85e83a87d7478857
Media.pk2	interface/worldmap/map/map_donhwang.ddj	CONVERTED	131220	408e55067b9c491bd31815d669df0b04cd7c4dcfde38835cd09e941c839a3367	DDS	512	512	android-assets/textures/worldmap/map_donhwang.webp	89174	35fc32124361978699a3d92d10dffcf1e09d2502855440d509cddddb5f00edc0
Media.pk2	interface/worldmap/map/map_khotan.ddj	CONVERTED	262292	89cff5d291a0d193c1069ee92899731fda790ce61240e21fdef0e009a50c1924	DDS	512	1024	android-assets/textures/worldmap/map_khotan.webp	134648	ca3a47a63c0d4005d079eb1cd0cded3411bfbb0411698a761c93d84011590bcf
Media.pk2	interface/worldmap/map/map_samarkand.ddj	CONVERTED	524436	d4f0474390293f3555f57b69518744f0dba9b50455769169fee02af511b1ea92	DDS	512	512	android-assets/textures/worldmap/map_samarkand.webp	73086	c0d7711c36adb209416b478ffc1c6e986dc82561a7d9d30a5577c87e14456ce0
Media.pk2	interface/worldmap/map/map_constantinople.ddj	CONVERTED	524436	698148578b1e440b8729b82fdf7d5601418c173183db157851dbd6948463f7e9	DDS	1024	1024	android-assets/textures/worldmap/map_constantinople.webp	262724	08120e1205b66bf36ded7ecf92e66398b39a5d25a6b2a68c8c69af8142a484c0
Media.pk2	interface/worldmap/map/map_war_star.ddj	CONVERTED	262292	77ac5b810cf09661f1bd43d007490d8c49ddc017215876a71399dcf4a7c37acf	DDS	1024	512	android-assets/textures/worldmap/map_war_star.webp	64378	2d895eff05270ac0b9b304249e5799915b0942bf73b4917e5a337d47621ae7ef
Media.pk2	interface/worldmap/map/map_war_moon.ddj	CONVERTED	524436	9b45a4f7a5a64fb613d34f1988a29ec6995ab30a57828d90b3b61487c83e1cef	DDS	1024	1024	android-assets/textures/worldmap/map_war_moon.webp	77320	7dd68f39ac47f7d412d68ae194b3033a4cff97ba9ef56f5ee1ccda8cc9037663
Media.pk2	interface/worldmap/map/map_war_sun.ddj	CONVERTED	524436	63c9403a21784d873ee132494d948064f2ab6ed1eb354a0d026116b1d9ee872e	DDS	1024	1024	android-assets/textures/worldmap/map_war_sun.webp	97978	cd29aa554bb2c66fca2269ba033d43f46a767bec8ca49b6e139d6d83a45a2ce2
Media.pk2	interface/worldmap/map/map_war_dragon.ddj	CONVERTED	524436	b1fc4aac2d428b9ffe5d4aa0df5cf037580bbe07b1dc285e27330e179ce9d2b1	DDS	1024	1024	android-assets/textures/worldmap/map_war_dragon.webp	92566	3caef1b7f7b8029e3de6043ac0838a03fc8188bb603d5c696bd4505750d88f46
Media.pk2	interface/worldmap/map/map_war_bongbird.ddj	CONVERTED	131220	b9a744497eff1e4edddc0eb1b804eb1758235e8644d2f04d4f59615ac77510f4	DDS	512	512	android-assets/textures/worldmap/map_war_bongbird.webp	71020	68af9e2edf429ed3d99a7c5f473d179d50de46c39150ec0bad69b350d72b5aba
Media.pk2	interface/worldmap/map/map_war_joobird.ddj	CONVERTED	262292	b6d8bab7e6074cc3838145b06c09fefce8427abab3897d3d693fb916ea5fe680	DDS	1024	512	android-assets/textures/worldmap/map_war_joobird.webp	82000	2fb12c7491d8407070bb84caccb9bff8027ea4ace050d340740f36ba78fdbdff
Media.pk2	interface/worldmap/map/map_fort_jangan.ddj	CONVERTED	524436	7dd1d2bc34054acf2418af8ba14648de9c040dda792ecde91e47cbe4c47bbbbf	DDS	1024	1024	android-assets/textures/worldmap/map_fort_jangan.webp	228476	08d71d873ca1339cff298a3897a17eb185fcede2984c3b14dfb1303948ad137f
Media.pk2	interface/worldmap/map/map_fort_bijuckdan.ddj	CONVERTED	524436	b1efd6e35f575133d461f33dc3e1139f9bc75f41512e500e37854f6cc66bd884	DDS	1024	1024	android-assets/textures/worldmap/map_fort_bijuckdan.webp	268952	767c2e7dd2bcda6f8dfc565e108a4fd7e92591ea81cbbf4dab097d40782af320
Media.pk2	interface/worldmap/map/map_fort_hotan.ddj	CONVERTED	524436	f41d896d6889e8c106b7f7ba1bfae8cfa65b960b38250b61cc0f68e0d369b3f6	DDS	1024	1024	android-assets/textures/worldmap/map_fort_hotan.webp	220604	6250c2956eae508c45bbd6f172572c9099009fea8cdf6d8889adbdf659010183
Media.pk2	interface/worldmap/map/map_fort_constantinople.ddj	CONVERTED	524436	1448da7158b32dfc9d03beee20c32d72e71ede693fa41aa64bf9e9623449fb1f	DDS	1024	1024	android-assets/textures/worldmap/map_fort_constantinople.webp	306422	a425b33e68bc0303892d7e8df76e61ae166cfbe1c63a039207755210fc4aea92
Media.pk2	interface/worldmap/map/map_alex.ddj	CONVERTED	524436	e41dd10e9607a7eed26b1aad82b205cb1b9138ea8b0af570a1ca0aa88d2e4439	DDS	1024	1024	android-assets/textures/worldmap/map_alex.webp	259480	8c00f75759b2234bc3fccff392bbcbfc040889588018b6fffde23546be48e500
Media.pk2	interface/worldmap/map/map_ship_in.ddj	CONVERTED	524436	fc138dac3f33afb869b839a79c7728c1b0e0d263540233886bf19caf564e718f	DDS	1024	1024	android-assets/textures/worldmap/map_ship_in.webp	236910	31a8e59236db74b046fcfdd0c4a84dd37a109b002d9990c04251fc12826afc1d
Media.pk2	interface/worldmap/map/map_ship_out.ddj	CONVERTED	524436	27f7caaf14f7e6629bcae70fc46108716f835211c2aae832ec04ae254c233e6f	DDS	1024	1024	android-assets/textures/worldmap/map_ship_out.webp	239450	8fb8e884a7f49f3c10f0c74398e524d4193868443e89974af5e640b5968961b6
Media.pk2	interface/worldmap/map/map_togui.ddj	CONVERTED	524436	4f7e8229fd53b49bce3e846f5d3b6327f6e02f7c1aab3e44d09b87892212bcb2	DDS	1024	1024	android-assets/textures/worldmap/map_togui.webp	160476	04ec360b87a98391e9775ae741f2a4d9d439bbc235b84264e830e2d82f9a9b01
Media.pk2	interface/worldmap/map/map_worship.ddj	CONVERTED	2949268	0435f912c29e2224f3747216e700d977ed9e0ab4d2a89dd675323a40885b8c9b	DDS	768	1280	android-assets/textures/worldmap/map_worship.webp	114942	a5d85e9998738e36a92a0078c64add397b200f0f48787502229894ba7f242a4d
Media.pk2	interface/worldmap/map/map_jupiter_field.ddj	CONVERTED	1228948	040c3a929df1f20700509118787e03f9215f11e95b57614013d44f9189cec9b7	DDS	640	640	android-assets/textures/worldmap/map_jupiter_field.webp	117882	ae9ea771352a0b33f53457be6a466e8c8b6b0cc889b790fcf0e5f13f407a8286
Media.pk2	interface/worldmap/map/Map_bagdad.ddj	CONVERTED	524436	dac31f453be7b9faabf03cc48ddda7c7133a830093fc08c5af723741b9aba770	DDS	1024	1024	android-assets/textures/worldmap/Map_bagdad.webp	183034	b64f88c5601d07b4c9558aa46501392032c22d5a4969cf7ae8bc537dbc04cf09
Media.pk2	interface/worldmap/map/Map_bagdad_dungeon.ddj	CONVERTED	524436	e4f9c318d6ba4d8678213aa506973b0743b3a7fdced0a9fce597f4496d87268e	DDS	1024	1024	android-assets/textures/worldmap/Map_bagdad_dungeon.webp	183006	02f8d0f8c546c5e87b74560128eb03a6265175e2f4662327e5e8d43e8a8272ef
Media.pk2	interface/worldmap/map/map_muhan.ddj	CONVERTED	147604	b8ae94e28873e87c9e4a65df993f6854e3d184017096a015c88a07fa8dbcc2c7	DDS	768	384	android-assets/textures/worldmap/map_muhan.webp	87366	f22dd385f4e310d64fa307c9e0967bd9a1b702e96fb6299ab08b1a882f403d1a
Media.pk2	interface/worldmap/map/map_petra_dungeon.ddj	CONVERTED	602260	364c4edd467173ecd2df77c6e8dec2d8ef904220d857a7f02fe561357170a6c9	DDS	585	1024	android-assets/textures/worldmap/map_petra_dungeon.webp	143328	e57eb9b9381e5e63f305090a2a6c77ea2495967824e7b0135396d47b2fcbb075
Media.pk2	interface/worldmap/map/map_garden_dungeon.ddj	CONVERTED	1379604	bea351e6a61fc5a4a8ca77863f9d8c32f11f27213b157b9cad4850453516c1d9	DDS	832	829	android-assets/textures/worldmap/map_garden_dungeon.webp	144210	323c36efc3308c9e35eebdd2b635325756df8f79c4a96b1ca9f2c53f239619ef
Media.pk2	interface/worldmap/map/map_other_skytemple_a.ddj	CONVERTED	524436	d41ca5935569aef3b513acb481a37be69ba3aceffd091b35ab4e87954606808e	DDS	1024	1024	android-assets/textures/worldmap/map_other_skytemple_a.webp	208464	c1d283a49083f82e5f0729b7501ef35e1bde3ee8796cd9a853314cc0922d2384
Media.pk2	interface/worldmap/map/map_other_skytemple_b.ddj	CONVERTED	524436	6a93c523a09f767bf721d21e9d3c32f5dae53c3f6dee0cfadc23ee8d2cc2a6bd	DDS	1024	1024	android-assets/textures/worldmap/map_other_skytemple_b.webp	135124	c7fc0d7cb9ce1d48dcfc4e4267eb28584e294da3e4ebebf7c1658b94a52204a8
Media.pk2	interface/worldmap/map/map_other_skytemple_c.ddj	CONVERTED	524436	382380ee55ea67154453d65d5897262a510156c3babc3ad93265fb9a55b07a24	DDS	1024	1024	android-assets/textures/worldmap/map_other_skytemple_c.webp	121676	743b053ea9e278aee909e18c1463934062da5034973c30b872378104e24fd995
Media.pk2	interface/worldmap/map/map_other_skytemple_d.ddj	CONVERTED	524436	6df403fb8bb8ba53d3ed355f41472bfe37b566740efaab33907a65e4ec48325a	DDS	1024	1024	android-assets/textures/worldmap/map_other_skytemple_d.webp	93244	c2429cce6565697179fbdb82fee86275ce77edc1188e5111f7214ec2bf7b7041
Media.pk2	interface/worldmap/map/map_dimensional_desert.ddj	CONVERTED	852116	35698b325a05abf64667a718048e3a91b9a473f8823fa1f061bf1840cab0b475	DDS	1664	1024	android-assets/textures/worldmap/map_dimensional_desert.webp	512852	18c3bdf7e26b2cd6911f46c4426537cdf8a9749bc249a334c3d90cd4d0de2d8d
